site_id,time_index,value,weather_year
p60_wind_g01,1,0.5052743249138751,2012
p60_wind_g01,2,0.2738202768858631,2012
p60_wind_g01,3,0.5552177799304433,2012
p60_wind_g01,4,0.2032430020196911,2012
p60_wind_g01,5,0.8313086088769895,2012
p60_wind_g01,6,0.41111286534305214,2012
p60_wind_g01,7,0.5252212047190039,2012
p60_wind_g01,8,0.5053324046426708,2012
p60_wind_g01,9,0.7356364035117129,2012
p60_wind_g01,10,0.6194498592530457,2012
p60_wind_g01,11,0.5082464858631927,2012
p60_wind_g01,12,0.5115969661668044,2012
p60_wind_g01,13,0.6275703576125026,2012
p60_wind_g01,14,0.3508780121106739,2012
p60_wind_g01,15,0.48347428706636736,2012
p60_wind_g01,16,0.8430755482461265,2012
p60_wind_g01,17,0.49843497887086335,2012
p60_wind_g01,18,0.9651063680534215,2012
p60_wind_g01,19,0.463445276096223,2012
p60_wind_g01,20,0.5699994678130893,2012
p60_wind_g01,21,0.40584976268091905,2012
p60_wind_g01,22,0.5884484033848599,2012
p60_wind_g01,23,0.3051051375360537,2012
p60_wind_g01,24,0.5610951939170198,2012
p60_wind_g01,25,0.36796612181901783,2012
p60_wind_g01,26,1.0,2012
p60_wind_g01,27,0.35621450409682626,2012
p60_wind_g01,28,0.6016946500929097,2012
p60_wind_g01,29,0.5485427919037638,2012
p60_wind_g01,30,0.796611230599053,2012
p60_wind_g01,31,0.7001388591876819,2012
p60_wind_g01,32,0.5213350929220567,2012
p60_wind_g01,33,0.4399553339558387,2012
p60_wind_g01,34,0.3425744489007941,2012
p60_wind_g01,35,0.6023145966628666,2012
p60_wind_g01,36,0.34098499332783727,2012
p60_wind_g01,37,0.6476046572408735,2012
p60_wind_g01,38,0.4083888221051189,2012
p60_wind_g01,39,0.6043684198890987,2012
p60_wind_g01,40,0.5468491509467845,2012
p60_wind_g01,41,1.0,2012
p60_wind_g01,42,0.4987227529125008,2012
p60_wind_g01,43,1.0,2012
p60_wind_g01,44,0.3678793250245401,2012
p60_wind_g01,45,0.9933757939753376,2012
p60_wind_g01,46,0.5359222913443998,2012
p60_wind_g01,47,0.4173316010628373,2012
p60_wind_g01,48,0.4500718317806944,2012
p60_wind_g01,49,0.889485309989348,2012
p60_wind_g01,50,0.6408621305358688,2012
p60_wind_g01,51,0.4405802516344315,2012
p60_wind_g01,52,0.4757785505086893,2012
p60_wind_g01,53,0.3316289725253035,2012
p60_wind_g01,54,1.0,2012
p60_wind_g01,55,0.6002991183896493,2012
p60_wind_g01,56,0.6609186417339284,2012
p60_wind_g01,57,0.3128705270668166,2012
p60_wind_g01,58,0.6020499886254977,2012
p60_wind_g01,59,0.3738088560298066,2012
p60_wind_g01,60,0.7407873988478442,2012
p60_wind_g01,61,0.6067457885522088,2012
p60_wind_g01,62,0.7587588814170354,2012
p60_wind_g01,63,0.5489491230250613,2012
p60_wind_g01,64,0.7616297329768292,2012
p60_wind_g01,65,0.39068344586613,2012
p60_wind_g01,66,0.7354795480859719,2012
p60_wind_g01,67,0.40838285603512314,2012
p60_wind_g01,68,0.4005744489682563,2012
p60_wind_g01,69,0.7183574267838542,2012
p60_wind_g01,70,0.3880200273747657,2012
p60_wind_g01,71,0.7396773058151163,2012
p60_wind_g01,72,0.7522341752537026,2012
p60_wind_g01,73,0.7973131381321795,2012
p60_wind_g01,74,0.6667034343413196,2012
p60_wind_g01,75,0.5353921495203741,2012
p60_wind_g01,76,0.340072891201513,2012
p60_wind_g01,77,1.0,2012
p60_wind_g01,78,0.46850261299481316,2012
p60_wind_g01,79,1.0,2012
p60_wind_g01,80,0.48009451740116976,2012
p60_wind_g01,81,0.9320206057643194,2012
p60_wind_g01,82,0.4395652411612091,2012
p60_wind_g01,83,0.5889213486860978,2012
p60_wind_g01,84,0.810967694337937,2012
p60_wind_g01,85,0.731397051451998,2012
p60_wind_g01,86,0.6465709695528831,2012
p60_wind_g01,87,0.663587877221319,2012
p60_wind_g01,88,0.9919690982176801,2012
p60_wind_g01,89,0.32769366528239086,2012
p60_wind_g01,90,0.6594461849286458,2012
p60_wind_g01,91,0.5894484528635532,2012
p60_wind_g01,92,1.0,2012
p60_wind_g01,93,0.5238029382202788,2012
p60_wind_g01,94,0.8828191742417443,2012
p60_wind_g01,95,0.4640781083764881,2012
p60_wind_g01,96,0.5859879709489441,2012
p60_wind_g01,97,0.5442674072370808,2012
p60_wind_g01,98,1.0,2012
p60_wind_g01,99,0.5817194107499674,2012
p60_wind_g01,100,0.6554295794216783,2012
p60_wind_g01,101,0.5550074450614267,2012
p60_wind_g01,102,0.9295733703365331,2012
p60_wind_g01,103,0.3163825179893924,2012
p60_wind_g01,104,0.7979045199363017,2012
p60_wind_g01,105,0.7550137226549064,2012
p60_wind_g01,106,0.6697115731755381,2012
p60_wind_g01,107,0.5305756251781065,2012
p60_wind_g01,108,0.7356159587490361,2012
p60_wind_g01,109,1.0,2012
p60_wind_g01,110,0.49606238682626497,2012
p60_wind_g01,111,0.6202784321401663,2012
p60_wind_g01,112,0.26535087091739656,2012
p60_wind_g01,113,0.6493286427896039,2012
p60_wind_g01,114,0.32637239058659717,2012
p60_wind_g01,115,1.0,2012
p60_wind_g01,116,0.3485131413667864,2012
p60_wind_g01,117,0.9389190175699136,2012
p60_wind_g01,118,0.4076122100243,2012
p60_wind_g01,119,0.6581258530550043,2012
p60_wind_g01,120,0.4321347187485036,2012
p60_wind_g01,121,0.4271507123650943,2012
p60_wind_g01,122,0.28933554957893054,2012
p60_wind_g01,123,0.48374736085691405,2012
p60_wind_g01,124,0.4026403936257991,2012
p60_wind_g01,125,0.3923911990745825,2012
p60_wind_g01,126,0.5783866436058552,2012
p60_wind_g01,127,0.4642528699491826,2012
p60_wind_g01,128,0.7673744018046612,2012
p60_wind_g01,129,0.35175102571551975,2012
p60_wind_g01,130,0.4472210111835381,2012
p60_wind_g01,131,0.20152580505138704,2012
p60_wind_g01,132,0.7763353089770502,2012
p60_wind_g01,133,0.3345548662158684,2012
p60_wind_g01,134,0.5554536472294426,2012
p60_wind_g01,135,0.33916002417898083,2012
p60_wind_g01,136,0.5282778482621016,2012
p60_wind_g01,137,0.4523616118586771,2012
p60_wind_g01,138,0.554761832527803,2012
p60_wind_g01,139,0.22105071487005074,2012
p60_wind_g01,140,0.449171162082268,2012
p60_wind_g01,141,0.6327900808444397,2012
p60_wind_g01,142,0.5582122593387439,2012
p60_wind_g01,143,0.4915512380730073,2012
p60_wind_g01,144,0.42307965387136676,2012
p60_wind_g01,145,0.3862142652524597,2012
p60_wind_g01,146,0.2571321091005775,2012
p60_wind_g01,147,0.6493719067102577,2012
p60_wind_g01,148,0.33852804083040194,2012
p60_wind_g01,149,0.7602757269669297,2012
p60_wind_g01,150,0.24314260256246908,2012
p60_wind_g01,151,0.6041454034419345,2012
p60_wind_g01,152,0.3988080622356182,2012
p60_wind_g01,153,0.7229331073931755,2012
p60_wind_g01,154,0.17166619654154563,2012
p60_wind_g01,155,0.6671853431883804,2012
p60_wind_g01,156,0.3768806863883141,2012
p60_wind_g01,157,0.6732166759353722,2012
p60_wind_g01,158,0.4908653153621155,2012
p60_wind_g01,159,0.6253405028233149,2012
p60_wind_g01,160,0.5562046554880425,2012
p60_wind_g01,161,0.24001332727451702,2012
p60_wind_g01,162,0.31320217325900673,2012
p60_wind_g01,163,0.27908216931604046,2012
p60_wind_g01,164,0.361550031064192,2012
p60_wind_g01,165,0.3215165481548196,2012
p60_wind_g01,166,0.3401138181416028,2012
p60_wind_g01,167,0.34690774765423366,2012
p60_wind_g01,168,0.4226532450522597,2012
p60_wind_g01,169,0.3055412493540747,2012
p60_wind_g01,170,0.6667387545377766,2012
p60_wind_g01,171,0.35580805816716304,2012
p60_wind_g01,172,0.38782906032670206,2012
p60_wind_g01,173,0.363772237378583,2012
p60_wind_g01,174,0.37432193606136965,2012
p60_wind_g01,175,0.4398717577315551,2012
p60_wind_g01,176,0.5109826517954857,2012
p60_wind_g01,177,0.4770139857433579,2012
p60_wind_g01,178,0.2318402760273294,2012
p60_wind_g01,179,0.3607737585849377,2012
p60_wind_g01,180,0.4680346561450109,2012
p60_wind_g01,181,0.41707317950055567,2012
p60_wind_g01,182,0.18492179095448602,2012
p60_wind_g01,183,0.36041290048857477,2012
p60_wind_g01,184,0.14394767856848342,2012
p60_wind_g01,185,0.3081176162565171,2012
p60_wind_g01,186,0.1881511098318875,2012
p60_wind_g01,187,0.5396040635819219,2012
p60_wind_g01,188,0.27238915926573076,2012
p60_wind_g01,189,0.37810046184720675,2012
p60_wind_g01,190,0.15467003136400878,2012
p60_wind_g01,191,0.5107428257374478,2012
p60_wind_g01,192,0.30128533949450614,2012
p60_wind_g01,193,0.3987187823101348,2012
p60_wind_g01,194,0.3127720598877323,2012
p60_wind_g01,195,0.47091032440130864,2012
p60_wind_g01,196,0.21457656685703988,2012
p60_wind_g01,197,0.2556399348428501,2012
p60_wind_g01,198,0.3328908919697024,2012
p60_wind_g01,199,0.39335047142538654,2012
p60_wind_g01,200,0.300058550275752,2012
p60_wind_g01,201,0.2666607000508514,2012
p60_wind_g01,202,0.6521180844038015,2012
p60_wind_g01,203,0.21045313623037315,2012
p60_wind_g01,204,0.31013908568909804,2012
p60_wind_g01,205,0.24689488755748853,2012
p60_wind_g01,206,0.35616888220767035,2012
p60_wind_g01,207,0.2568128933685099,2012
p60_wind_g01,208,0.35725807107639784,2012
p60_wind_g01,209,0.29571303388322767,2012
p60_wind_g01,210,0.7010259939965224,2012
p60_wind_g01,211,0.39565811705841836,2012
p60_wind_g01,212,0.30019946508755135,2012
p60_wind_g01,213,0.295265104389279,2012
p60_wind_g01,214,0.24540345420360457,2012
p60_wind_g01,215,0.43973115381424943,2012
p60_wind_g01,216,0.5389002848061781,2012
p60_wind_g01,217,0.490870058489634,2012
p60_wind_g01,218,0.3454122026601325,2012
p60_wind_g01,219,0.3425731245032166,2012
p60_wind_g01,220,0.2625952612725773,2012
p60_wind_g01,221,0.45857600516123814,2012
p60_wind_g01,222,0.2069000221934733,2012
p60_wind_g01,223,0.7010582073995635,2012
p60_wind_g01,224,0.3431578549274598,2012
p60_wind_g01,225,0.3439879346659609,2012
p60_wind_g01,226,0.24140355723615414,2012
p60_wind_g01,227,0.5502407239845354,2012
p60_wind_g01,228,0.28604793769255754,2012
p60_wind_g01,229,0.5705874005477963,2012
p60_wind_g01,230,0.2919149002160803,2012
p60_wind_g01,231,0.37654832470514554,2012
p60_wind_g01,232,0.4887719637198253,2012
p60_wind_g01,233,0.5776789682154876,2012
p60_wind_g01,234,0.514298742733555,2012
p60_wind_g01,235,0.43493300816797137,2012
p60_wind_g01,236,0.6507702183365851,2012
p60_wind_g01,237,0.4798532245456163,2012
p60_wind_g01,238,0.37693603337403014,2012
p60_wind_g01,239,0.23847527224714346,2012
p60_wind_g01,240,0.5140049508159834,2012
p60_wind_g02,1,0.5654224074901764,2012
p60_wind_g02,2,0.3705869549446215,2012
p60_wind_g02,3,0.7007377224307789,2012
p60_wind_g02,4,0.19049782795474834,2012
p60_wind_g02,5,0.7211240008282128,2012
p60_wind_g02,6,0.42102361999884375,2012
p60_wind_g02,7,0.7302275217810397,2012
p60_wind_g02,8,0.24854673523229637,2012
p60_wind_g02,9,0.7126516650196034,2012
p60_wind_g02,10,0.40000488946776797,2012
p60_wind_g02,11,0.7730847072397498,2012
p60_wind_g02,12,0.3475796751113881,2012
p60_wind_g02,13,0.45626027584974577,2012
p60_wind_g02,14,0.32098755005595087,2012
p60_wind_g02,15,0.4308592469282036,2012
p60_wind_g02,16,0.548277472825058,2012
p60_wind_g02,17,0.5391915856136631,2012
p60_wind_g02,18,0.911065858774504,2012
p60_wind_g02,19,0.43694198403710816,2012
p60_wind_g02,20,0.7787571259353331,2012
p60_wind_g02,21,0.32096566734161663,2012
p60_wind_g02,22,0.8801045028313584,2012
p60_wind_g02,23,0.29737384728348987,2012
p60_wind_g02,24,1.0,2012
p60_wind_g02,25,0.26036697550845966,2012
p60_wind_g02,26,0.41453849408663634,2012
p60_wind_g02,27,0.5697335144391306,2012
p60_wind_g02,28,0.8319625955650136,2012
p60_wind_g02,29,0.4121093026936253,2012
p60_wind_g02,30,0.7779672309461637,2012
p60_wind_g02,31,0.32182533426133886,2012
p60_wind_g02,32,0.5216332764166134,2012
p60_wind_g02,33,0.7188183150099131,2012
p60_wind_g02,34,0.40283415163795794,2012
p60_wind_g02,35,0.6342013930823192,2012
p60_wind_g02,36,0.4656949234587404,2012
p60_wind_g02,37,0.8413866055916193,2012
p60_wind_g02,38,0.2391455249599113,2012
p60_wind_g02,39,0.48507729350456164,2012
p60_wind_g02,40,0.4949983682500398,2012
p60_wind_g02,41,0.8807670062359039,2012
p60_wind_g02,42,0.4981777065549318,2012
p60_wind_g02,43,1.0,2012
p60_wind_g02,44,0.49416092431657777,2012
p60_wind_g02,45,0.7450943454018489,2012
p60_wind_g02,46,0.2827617424200727,2012
p60_wind_g02,47,0.39055675513708266,2012
p60_wind_g02,48,0.5186879435236995,2012
p60_wind_g02,49,0.8089459374241034,2012
p60_wind_g02,50,0.5297756906176193,2012
p60_wind_g02,51,0.41074809489916864,2012
p60_wind_g02,52,0.7180714998745268,2012
p60_wind_g02,53,0.5599986177355799,2012
p60_wind_g02,54,1.0,2012
p60_wind_g02,55,0.5918396370295005,2012
p60_wind_g02,56,1.0,2012
p60_wind_g02,57,0.2681235932983029,2012
p60_wind_g02,58,0.5123363971343508,2012
p60_wind_g02,59,0.2288403948379332,2012
p60_wind_g02,60,0.6097885432039967,2012
p60_wind_g02,61,0.5874728631122925,2012
p60_wind_g02,62,0.8696447866058825,2012
p60_wind_g02,63,0.6346891450706597,2012
p60_wind_g02,64,0.875337122463095,2012
p60_wind_g02,65,0.6855087937519581,2012
p60_wind_g02,66,0.6632048875172081,2012
p60_wind_g02,67,0.413324490949178,2012
p60_wind_g02,68,0.6761403368390569,2012
p60_wind_g02,69,0.5851967848404741,2012
p60_wind_g02,70,0.6823700647449864,2012
p60_wind_g02,71,0.5024345898288629,2012
p60_wind_g02,72,0.3302098715230797,2012
p60_wind_g02,73,0.7376279037652411,2012
p60_wind_g02,74,0.39959861990769696,2012
p60_wind_g02,75,1.0,2012
p60_wind_g02,76,0.2557922601379859,2012
p60_wind_g02,77,0.9290170233870847,2012
p60_wind_g02,78,0.4126928034611786,2012
p60_wind_g02,79,1.0,2012
p60_wind_g02,80,0.398548021828747,2012
p60_wind_g02,81,1.0,2012
p60_wind_g02,82,0.33642179346795004,2012
p60_wind_g02,83,1.0,2012
p60_wind_g02,84,0.6501919809047374,2012
p60_wind_g02,85,0.8252904857127658,2012
p60_wind_g02,86,0.41486906048267796,2012
p60_wind_g02,87,0.48039447889101555,2012
p60_wind_g02,88,0.6906526866581587,2012
p60_wind_g02,89,0.2923389193533034,2012
p60_wind_g02,90,0.7291385087377017,2012
p60_wind_g02,91,0.5840054272916626,2012
p60_wind_g02,92,0.44592830504955006,2012
p60_wind_g02,93,0.2284749143178968,2012
p60_wind_g02,94,0.8996398503826829,2012
p60_wind_g02,95,0.34790758499166435,2012
p60_wind_g02,96,0.5917616480741669,2012
p60_wind_g02,97,0.5101348403539366,2012
p60_wind_g02,98,0.7041376040326193,2012
p60_wind_g02,99,0.28688220367720835,2012
p60_wind_g02,100,0.810733804943561,2012
p60_wind_g02,101,0.610280054328795,2012
p60_wind_g02,102,0.9190570076319965,2012
p60_wind_g02,103,0.38560268616008764,2012
p60_wind_g02,104,0.5097597830590651,2012
p60_wind_g02,105,0.729350426852235,2012
p60_wind_g02,106,0.3202564092286508,2012
p60_wind_g02,107,0.943977255158665,2012
p60_wind_g02,108,0.28234653185194064,2012
p60_wind_g02,109,0.9152389378956356,2012
p60_wind_g02,110,0.252510341706186,2012
p60_wind_g02,111,0.7567219118920487,2012
p60_wind_g02,112,0.21300607685318995,2012
p60_wind_g02,113,1.0,2012
p60_wind_g02,114,0.20944553404021377,2012
p60_wind_g02,115,0.6165789745336885,2012
p60_wind_g02,116,0.2683213536614817,2012
p60_wind_g02,117,0.7944972799512925,2012
p60_wind_g02,118,0.2756062887184789,2012
p60_wind_g02,119,0.7767969194332409,2012
p60_wind_g02,120,0.4944504881781732,2012
p60_wind_g02,121,0.32988559137451773,2012
p60_wind_g02,122,0.445231924201512,2012
p60_wind_g02,123,0.4551648863940585,2012
p60_wind_g02,124,0.6684047480747318,2012
p60_wind_g02,125,0.27871465320037897,2012
p60_wind_g02,126,0.4294569016431294,2012
p60_wind_g02,127,0.3317922725555515,2012
p60_wind_g02,128,0.5107647872779026,2012
p60_wind_g02,129,0.2493075971290002,2012
p60_wind_g02,130,0.8838518998518387,2012
p60_wind_g02,131,0.28660828077315864,2012
p60_wind_g02,132,0.5819665721111416,2012
p60_wind_g02,133,0.3442590917504822,2012
p60_wind_g02,134,0.6729233518257267,2012
p60_wind_g02,135,0.180736278212214,2012
p60_wind_g02,136,0.3572367674577606,2012
p60_wind_g02,137,0.39091221545603094,2012
p60_wind_g02,138,0.6791541967177377,2012
p60_wind_g02,139,0.44572531174478547,2012
p60_wind_g02,140,0.49021301669616923,2012
p60_wind_g02,141,0.3837658169253263,2012
p60_wind_g02,142,0.31787124129416966,2012
p60_wind_g02,143,0.5866097146689112,2012
p60_wind_g02,144,0.2903319204699682,2012
p60_wind_g02,145,0.562623145706662,2012
p60_wind_g02,146,0.4090748284375457,2012
p60_wind_g02,147,0.37455493691266056,2012
p60_wind_g02,148,0.43014765168136937,2012
p60_wind_g02,149,0.40715674734503526,2012
p60_wind_g02,150,0.3885902632246214,2012
p60_wind_g02,151,0.3862971293023787,2012
p60_wind_g02,152,0.3091357936366791,2012
p60_wind_g02,153,0.5505068748623728,2012
p60_wind_g02,154,0.2619265641155069,2012
p60_wind_g02,155,0.42239659419580056,2012
p60_wind_g02,156,0.35757896090109154,2012
p60_wind_g02,157,0.5283969266668469,2012
p60_wind_g02,158,0.4319389480292047,2012
p60_wind_g02,159,0.259900776749796,2012
p60_wind_g02,160,0.21196593438591374,2012
p60_wind_g02,161,0.43141403143313267,2012
p60_wind_g02,162,0.5275061977544856,2012
p60_wind_g02,163,0.33995842301224416,2012
p60_wind_g02,164,0.50195457107071,2012
p60_wind_g02,165,0.19475512364733982,2012
p60_wind_g02,166,0.5989121947729604,2012
p60_wind_g02,167,0.28030010017684825,2012
p60_wind_g02,168,0.34801882146104335,2012
p60_wind_g02,169,0.2023565152190415,2012
p60_wind_g02,170,0.44626149365936274,2012
p60_wind_g02,171,0.25250551554979794,2012
p60_wind_g02,172,0.477021144852385,2012
p60_wind_g02,173,0.20078138855636457,2012
p60_wind_g02,174,0.248514593529004,2012
p60_wind_g02,175,0.18748812537608248,2012
p60_wind_g02,176,0.32220158736807136,2012
p60_wind_g02,177,0.29052458694641986,2012
p60_wind_g02,178,0.290768250675109,2012
p60_wind_g02,179,0.23242321887223177,2012
p60_wind_g02,180,0.43946926665613967,2012
p60_wind_g02,181,0.44736676299040506,2012
p60_wind_g02,182,0.3923472842978717,2012
p60_wind_g02,183,0.42110885943725596,2012
p60_wind_g02,184,0.3002206967612501,2012
p60_wind_g02,185,0.2724551075436029,2012
p60_wind_g02,186,0.2703180467579653,2012
p60_wind_g02,187,0.59523253546775,2012
p60_wind_g02,188,0.18909013885007975,2012
p60_wind_g02,189,0.5162458698395158,2012
p60_wind_g02,190,0.2909898681039904,2012
p60_wind_g02,191,0.2602332064325792,2012
p60_wind_g02,192,0.33820910349129446,2012
p60_wind_g02,193,0.48647787860198777,2012
p60_wind_g02,194,0.32226394054691804,2012
p60_wind_g02,195,0.5206126136381949,2012
p60_wind_g02,196,0.21194407046435917,2012
p60_wind_g02,197,0.4609690228618814,2012
p60_wind_g02,198,0.45611146869893016,2012
p60_wind_g02,199,0.2067104745708373,2012
p60_wind_g02,200,0.34572950802373126,2012
p60_wind_g02,201,0.26864999759156,2012
p60_wind_g02,202,0.3984893797188243,2012
p60_wind_g02,203,0.3448851097465351,2012
p60_wind_g02,204,0.4185172426146429,2012
p60_wind_g02,205,0.2464588605359312,2012
p60_wind_g02,206,0.6637190342548918,2012
p60_wind_g02,207,0.2902266937721862,2012
p60_wind_g02,208,0.671885548202323,2012
p60_wind_g02,209,0.3410535324449945,2012
p60_wind_g02,210,0.39282716141695545,2012
p60_wind_g02,211,0.1698274305571117,2012
p60_wind_g02,212,0.43949123541045343,2012
p60_wind_g02,213,0.3492771276842049,2012
p60_wind_g02,214,0.5205087347498688,2012
p60_wind_g02,215,0.3550446223713322,2012
p60_wind_g02,216,0.5458124663738386,2012
p60_wind_g02,217,0.5853112670434906,2012
p60_wind_g02,218,0.288161122371761,2012
p60_wind_g02,219,0.4939744005493538,2012
p60_wind_g02,220,0.19755175031614688,2012
p60_wind_g02,221,0.503760901150329,2012
p60_wind_g02,222,0.19579961967609077,2012
p60_wind_g02,223,0.38009522676711,2012
p60_wind_g02,224,0.2307152665034104,2012
p60_wind_g02,225,0.4118562575042028,2012
p60_wind_g02,226,0.23874176546896297,2012
p60_wind_g02,227,0.3154030234389111,2012
p60_wind_g02,228,0.3900209298040561,2012
p60_wind_g02,229,0.3120681688771928,2012
p60_wind_g02,230,0.3841755155066036,2012
p60_wind_g02,231,0.6037385998759474,2012
p60_wind_g02,232,0.49544614333076453,2012
p60_wind_g02,233,0.33422485501176374,2012
p60_wind_g02,234,0.5820327319737567,2012
p60_wind_g02,235,0.3669085330115819,2012
p60_wind_g02,236,0.30649087351846466,2012
p60_wind_g02,237,0.5268636270366402,2012
p60_wind_g02,238,0.5616754635588163,2012
p60_wind_g02,239,0.3370995043667104,2012
p60_wind_g02,240,0.5961377450082963,2012
p60_wind_g03,1,0.6039967628508482,2012
p60_wind_g03,2,0.4043711852517716,2012
p60_wind_g03,3,0.38976148510081754,2012
p60_wind_g03,4,0.2507668113621263,2012
p60_wind_g03,5,0.7993223698448593,2012
p60_wind_g03,6,0.37490597547560134,2012
p60_wind_g03,7,0.45678205167499675,2012
p60_wind_g03,8,0.3252676104519096,2012
p60_wind_g03,9,0.41926476415275954,2012
p60_wind_g03,10,0.28967003126218777,2012
p60_wind_g03,11,0.5568428958982417,2012
p60_wind_g03,12,0.2890139032284989,2012
p60_wind_g03,13,0.5479901319730713,2012
p60_wind_g03,14,0.380173784864676,2012
p60_wind_g03,15,0.37019197980922813,2012
p60_wind_g03,16,0.352339609873082,2012
p60_wind_g03,17,0.3106250291588631,2012
p60_wind_g03,18,0.9209730162427593,2012
p60_wind_g03,19,0.459377611606653,2012
p60_wind_g03,20,0.617630919839346,2012
p60_wind_g03,21,0.36762810621252884,2012
p60_wind_g03,22,0.5693861581556883,2012
p60_wind_g03,23,0.24691259515874328,2012
p60_wind_g03,24,0.374043088552065,2012
p60_wind_g03,25,0.3061212049363602,2012
p60_wind_g03,26,0.8115349328520697,2012
p60_wind_g03,27,0.34494326438334266,2012
p60_wind_g03,28,0.4207616387067537,2012
p60_wind_g03,29,0.47216176360423523,2012
p60_wind_g03,30,0.38938052887044666,2012
p60_wind_g03,31,0.7601012205001955,2012
p60_wind_g03,32,0.6752132733017463,2012
p60_wind_g03,33,0.5055529483492736,2012
p60_wind_g03,34,0.27918426124301154,2012
p60_wind_g03,35,0.7032276891754475,2012
p60_wind_g03,36,0.40386528407762573,2012
p60_wind_g03,37,0.8326836087413557,2012
p60_wind_g03,38,0.44850112416227234,2012
p60_wind_g03,39,0.9021631648035422,2012
p60_wind_g03,40,0.39137546844578186,2012
p60_wind_g03,41,0.6609280628247443,2012
p60_wind_g03,42,0.42064168538819957,2012
p60_wind_g03,43,0.9545684873787378,2012
p60_wind_g03,44,0.5399372110576423,2012
p60_wind_g03,45,0.5043671882820622,2012
p60_wind_g03,46,0.2985606828579135,2012
p60_wind_g03,47,0.8673552257129475,2012
p60_wind_g03,48,0.40601440170224484,2012
p60_wind_g03,49,0.633026029551809,2012
p60_wind_g03,50,0.7748241511701423,2012
p60_wind_g03,51,0.4613500669492666,2012
p60_wind_g03,52,0.8864877336104467,2012
p60_wind_g03,53,0.3022256021471297,2012
p60_wind_g03,54,0.6574488652342421,2012
p60_wind_g03,55,0.56911110453051,2012
p60_wind_g03,56,0.5398166084402513,2012
p60_wind_g03,57,0.33136277318393875,2012
p60_wind_g03,58,0.7123700408645101,2012
p60_wind_g03,59,0.4285920667959249,2012
p60_wind_g03,60,0.767515186387368,2012
p60_wind_g03,61,0.45693493367692317,2012
p60_wind_g03,62,0.8122229639311599,2012
p60_wind_g03,63,0.4373688667022349,2012
p60_wind_g03,64,0.45550161429679087,2012
p60_wind_g03,65,0.47107510511644013,2012
p60_wind_g03,66,0.6972421928854307,2012
p60_wind_g03,67,0.6195302750922892,2012
p60_wind_g03,68,0.6963406797870468,2012
p60_wind_g03,69,0.6460487772540122,2012
p60_wind_g03,70,0.648789013051959,2012
p60_wind_g03,71,0.7887032248929509,2012
p60_wind_g03,72,0.6419398567692396,2012
p60_wind_g03,73,1.0,2012
p60_wind_g03,74,0.593055829552998,2012
p60_wind_g03,75,0.8272436725661344,2012
p60_wind_g03,76,0.4609068991426801,2012
p60_wind_g03,77,1.0,2012
p60_wind_g03,78,0.575130346276731,2012
p60_wind_g03,79,1.0,2012
p60_wind_g03,80,0.45359140848539453,2012
p60_wind_g03,81,0.519487018721424,2012
p60_wind_g03,82,0.5557100589883802,2012
p60_wind_g03,83,0.8623244172702846,2012
p60_wind_g03,84,0.4820586033474125,2012
p60_wind_g03,85,0.781963742228557,2012
p60_wind_g03,86,0.5775816664748765,2012
p60_wind_g03,87,0.7878465118901492,2012
p60_wind_g03,88,0.3671841906992239,2012
p60_wind_g03,89,0.47912810184456994,2012
p60_wind_g03,90,0.7587243503533753,2012
p60_wind_g03,91,0.32936026657548106,2012
p60_wind_g03,92,0.9793743493655978,2012
p60_wind_g03,93,0.2655343201231759,2012
p60_wind_g03,94,0.921168888685634,2012
p60_wind_g03,95,0.40880308866957005,2012
p60_wind_g03,96,0.43948174368144055,2012
p60_wind_g03,97,0.24200299067626999,2012
p60_wind_g03,98,0.4523308939847994,2012
p60_wind_g03,99,0.4500645286150161,2012
p60_wind_g03,100,0.6248760143487233,2012
p60_wind_g03,101,0.48289855079799354,2012
p60_wind_g03,102,0.3485341767977701,2012
p60_wind_g03,103,0.531871553945246,2012
p60_wind_g03,104,0.5063923323901623,2012
p60_wind_g03,105,0.7431273404810049,2012
p60_wind_g03,106,0.6114761690721976,2012
p60_wind_g03,107,0.7718234755731646,2012
p60_wind_g03,108,0.6323604420508135,2012
p60_wind_g03,109,0.4248058158309502,2012
p60_wind_g03,110,0.4870743606276021,2012
p60_wind_g03,111,0.5828929587587162,2012
p60_wind_g03,112,0.3467024903924882,2012
p60_wind_g03,113,0.7562886993024012,2012
p60_wind_g03,114,0.34287568705550747,2012
p60_wind_g03,115,0.8577797559935393,2012
p60_wind_g03,116,0.37184778746888464,2012
p60_wind_g03,117,0.37329496886250496,2012
p60_wind_g03,118,0.2725744131415242,2012
p60_wind_g03,119,0.5922637717941888,2012
p60_wind_g03,120,0.245869323522664,2012
p60_wind_g03,121,0.76137891133335,2012
p60_wind_g03,122,0.6350507142912201,2012
p60_wind_g03,123,0.4268098537337771,2012
p60_wind_g03,124,0.6053645449281816,2012
p60_wind_g03,125,0.5774455134156563,2012
p60_wind_g03,126,0.7406663872025988,2012
p60_wind_g03,127,0.26824007594927246,2012
p60_wind_g03,128,0.7673512305355611,2012
p60_wind_g03,129,0.22765479570991215,2012
p60_wind_g03,130,0.6599236821360027,2012
p60_wind_g03,131,0.17593527474370074,2012
p60_wind_g03,132,0.7403996816991837,2012
p60_wind_g03,133,0.21866148897964546,2012
p60_wind_g03,134,0.513169737818843,2012
p60_wind_g03,135,0.30244193487053506,2012
p60_wind_g03,136,0.5245262959085027,2012
p60_wind_g03,137,0.44520718144610366,2012
p60_wind_g03,138,0.34883539488161214,2012
p60_wind_g03,139,0.2874295075700282,2012
p60_wind_g03,140,0.608679676473176,2012
p60_wind_g03,141,0.2793768905115934,2012
p60_wind_g03,142,0.5246679447403465,2012
p60_wind_g03,143,0.5115447027557467,2012
p60_wind_g03,144,0.47116029951492233,2012
p60_wind_g03,145,0.6902550390182016,2012
p60_wind_g03,146,0.4280677790939794,2012
p60_wind_g03,147,0.30640803066471245,2012
p60_wind_g03,148,0.3507409001569669,2012
p60_wind_g03,149,0.5352189951021064,2012
p60_wind_g03,150,0.27028911326397875,2012
p60_wind_g03,151,0.5260384456620407,2012
p60_wind_g03,152,0.29878548455478054,2012
p60_wind_g03,153,0.48635316173528675,2012
p60_wind_g03,154,0.29837142342858136,2012
p60_wind_g03,155,0.2797078613178533,2012
p60_wind_g03,156,0.382444611203503,2012
p60_wind_g03,157,0.6018646315167107,2012
p60_wind_g03,158,0.42236222844193155,2012
p60_wind_g03,159,0.46374753717314854,2012
p60_wind_g03,160,0.49211865992456905,2012
p60_wind_g03,161,0.3505219853645128,2012
p60_wind_g03,162,0.2821636269073847,2012
p60_wind_g03,163,0.25683718671922,2012
p60_wind_g03,164,0.6382177126095798,2012
p60_wind_g03,165,0.2270057328447444,2012
p60_wind_g03,166,0.3484043460861577,2012
p60_wind_g03,167,0.17561240586648533,2012
p60_wind_g03,168,0.4995644164872348,2012
p60_wind_g03,169,0.18885034444668505,2012
p60_wind_g03,170,0.5554794240082174,2012
p60_wind_g03,171,0.1301060674863311,2012
p60_wind_g03,172,0.6435899728473444,2012
p60_wind_g03,173,0.21543731834099655,2012
p60_wind_g03,174,0.4387091231276861,2012
p60_wind_g03,175,0.1593587731557274,2012
p60_wind_g03,176,0.2315967469932132,2012
p60_wind_g03,177,0.29267639830489406,2012
p60_wind_g03,178,0.22948967833012382,2012
p60_wind_g03,179,0.2957554952985527,2012
p60_wind_g03,180,0.2015789664968662,2012
p60_wind_g03,181,0.44309796818756714,2012
p60_wind_g03,182,0.29684890860538793,2012
p60_wind_g03,183,0.44544524306884353,2012
p60_wind_g03,184,0.2515347692057317,2012
p60_wind_g03,185,0.39748774455283425,2012
p60_wind_g03,186,0.21942011225797425,2012
p60_wind_g03,187,0.24484316736614017,2012
p60_wind_g03,188,0.15666182838298412,2012
p60_wind_g03,189,0.29964290028131696,2012
p60_wind_g03,190,0.3058517614109804,2012
p60_wind_g03,191,0.41009758853734923,2012
p60_wind_g03,192,0.24492291773749975,2012
p60_wind_g03,193,0.49601205868457493,2012
p60_wind_g03,194,0.3246705732745818,2012
p60_wind_g03,195,0.508733400060129,2012
p60_wind_g03,196,0.1688343727320028,2012
p60_wind_g03,197,0.42576156899981166,2012
p60_wind_g03,198,0.30331916206253523,2012
p60_wind_g03,199,0.3326696921617366,2012
p60_wind_g03,200,0.27302036915215605,2012
p60_wind_g03,201,0.15398011148876833,2012
p60_wind_g03,202,0.5792992452655457,2012
p60_wind_g03,203,0.18270007667277743,2012
p60_wind_g03,204,0.6481025067581818,2012
p60_wind_g03,205,0.26332039215401126,2012
p60_wind_g03,206,0.5422518433807212,2012
p60_wind_g03,207,0.264193759976477,2012
p60_wind_g03,208,0.31120220497475226,2012
p60_wind_g03,209,0.30000182403285053,2012
p60_wind_g03,210,0.5046352683753271,2012
p60_wind_g03,211,0.149459174247092,2012
p60_wind_g03,212,0.5682254734046226,2012
p60_wind_g03,213,0.26884677959090286,2012
p60_wind_g03,214,0.3293647029556322,2012
p60_wind_g03,215,0.39022623733228606,2012
p60_wind_g03,216,0.30560921576898875,2012
p60_wind_g03,217,0.31462770098124115,2012
p60_wind_g03,218,0.32494752176472813,2012
p60_wind_g03,219,0.2533158080460588,2012
p60_wind_g03,220,0.2971020738356057,2012
p60_wind_g03,221,0.4094282637230992,2012
p60_wind_g03,222,0.359314608794637,2012
p60_wind_g03,223,0.5353692832115742,2012
p60_wind_g03,224,0.34466398608926224,2012
p60_wind_g03,225,0.4785448316203774,2012
p60_wind_g03,226,0.24056915883160004,2012
p60_wind_g03,227,0.3633819896538461,2012
p60_wind_g03,228,0.32009148887688854,2012
p60_wind_g03,229,0.6935402192989414,2012
p60_wind_g03,230,0.3370982720913124,2012
p60_wind_g03,231,0.30675997582425385,2012
p60_wind_g03,232,0.49344515667530875,2012
p60_wind_g03,233,0.26287363294639365,2012
p60_wind_g03,234,0.3207623316861095,2012
p60_wind_g03,235,0.24792219150367215,2012
p60_wind_g03,236,0.5903893285071874,2012
p60_wind_g03,237,0.3572011529836919,2012
p60_wind_g03,238,0.7166844051633314,2012
p60_wind_g03,239,0.4246153822473604,2012
p60_wind_g03,240,0.7651620765756827,2012
p60_wind_g04,1,0.5023261901817369,2012
p60_wind_g04,2,0.159147353021667,2012
p60_wind_g04,3,0.7146887319545524,2012
p60_wind_g04,4,0.246732079183689,2012
p60_wind_g04,5,0.6957531311634627,2012
p60_wind_g04,6,0.22079313173625306,2012
p60_wind_g04,7,0.6305461772001651,2012
p60_wind_g04,8,0.37162413284505835,2012
p60_wind_g04,9,0.5952398976058818,2012
p60_wind_g04,10,0.49621853526501936,2012
p60_wind_g04,11,0.36191653026078363,2012
p60_wind_g04,12,0.372884419298247,2012
p60_wind_g04,13,0.44443453728942023,2012
p60_wind_g04,14,0.5307602131423557,2012
p60_wind_g04,15,0.4822150710168548,2012
p60_wind_g04,16,0.7810078128073019,2012
p60_wind_g04,17,0.26975716164149804,2012
p60_wind_g04,18,0.4304984869683387,2012
p60_wind_g04,19,0.35722922990535855,2012
p60_wind_g04,20,0.8857692459771392,2012
p60_wind_g04,21,0.3965251684144281,2012
p60_wind_g04,22,0.5106399873479726,2012
p60_wind_g04,23,0.3722898215638903,2012
p60_wind_g04,24,0.8441655671406026,2012
p60_wind_g04,25,0.4179722206538486,2012
p60_wind_g04,26,0.36441794798295607,2012
p60_wind_g04,27,0.3608860690960553,2012
p60_wind_g04,28,0.6868293965846358,2012
p60_wind_g04,29,0.29033796367173914,2012
p60_wind_g04,30,0.6495820534422896,2012
p60_wind_g04,31,0.6221729273524378,2012
p60_wind_g04,32,0.3151067491030303,2012
p60_wind_g04,33,0.7500288303307256,2012
p60_wind_g04,34,0.5930025358990839,2012
p60_wind_g04,35,0.627232775582629,2012
p60_wind_g04,36,0.48153760232391596,2012
p60_wind_g04,37,0.543592287895584,2012
p60_wind_g04,38,0.22928493734821123,2012
p60_wind_g04,39,0.8646123185033153,2012
p60_wind_g04,40,0.4715348115601824,2012
p60_wind_g04,41,0.712109954530548,2012
p60_wind_g04,42,0.5297529163984547,2012
p60_wind_g04,43,0.9788580834755892,2012
p60_wind_g04,44,0.5151131848615825,2012
p60_wind_g04,45,0.5006918842679353,2012
p60_wind_g04,46,0.5886706908677076,2012
p60_wind_g04,47,0.4426434403113431,2012
p60_wind_g04,48,0.611321389320721,2012
p60_wind_g04,49,0.5852778769493665,2012
p60_wind_g04,50,0.6769347279173403,2012
p60_wind_g04,51,0.30702993647680155,2012
p60_wind_g04,52,0.8481230627375744,2012
p60_wind_g04,53,0.5080625398968889,2012
p60_wind_g04,54,0.7011369622376514,2012
p60_wind_g04,55,0.22768538119393042,2012
p60_wind_g04,56,0.6799768685814688,2012
p60_wind_g04,57,0.3928464860379697,2012
p60_wind_g04,58,0.9665674138932449,2012
p60_wind_g04,59,0.42197643659462636,2012
p60_wind_g04,60,1.0,2012
p60_wind_g04,61,0.4541160058489755,2012
p60_wind_g04,62,0.570446974745814,2012
p60_wind_g04,63,0.4650823892344404,2012
p60_wind_g04,64,0.6183728967168667,2012
p60_wind_g04,65,0.6732529725458805,2012
p60_wind_g04,66,0.587625336302758,2012
p60_wind_g04,67,0.435206306928551,2012
p60_wind_g04,68,0.7706417023074359,2012
p60_wind_g04,69,0.5655623858143554,2012
p60_wind_g04,70,0.599403564335473,2012
p60_wind_g04,71,0.5616507662938287,2012
p60_wind_g04,72,0.5303327660202206,2012
p60_wind_g04,73,0.596890500144577,2012
p60_wind_g04,74,0.4156633059463,2012
p60_wind_g04,75,1.0,2012
p60_wind_g04,76,0.5008668391304192,2012
p60_wind_g04,77,0.5104626343978997,2012
p60_wind_g04,78,0.46865917476282365,2012
p60_wind_g04,79,0.8028403222070589,2012
p60_wind_g04,80,0.4178716332344169,2012
p60_wind_g04,81,0.7903335429697416,2012
p60_wind_g04,82,0.26169547491992556,2012
p60_wind_g04,83,0.5124800522949315,2012
p60_wind_g04,84,0.6944276852123925,2012
p60_wind_g04,85,0.8994760578716942,2012
p60_wind_g04,86,0.68555995668729,2012
p60_wind_g04,87,0.30668075019269814,2012
p60_wind_g04,88,0.8737615489971077,2012
p60_wind_g04,89,0.3807995760789837,2012
p60_wind_g04,90,0.7852462401033571,2012
p60_wind_g04,91,0.36750405087019666,2012
p60_wind_g04,92,0.749867471549989,2012
p60_wind_g04,93,0.4870425392071503,2012
p60_wind_g04,94,0.651608832121145,2012
p60_wind_g04,95,0.45981778556528435,2012
p60_wind_g04,96,1.0,2012
p60_wind_g04,97,0.28075311238857065,2012
p60_wind_g04,98,0.7227378251135894,2012
p60_wind_g04,99,0.2541599434738669,2012
p60_wind_g04,100,0.48947705043860656,2012
p60_wind_g04,101,0.36748536328602444,2012
p60_wind_g04,102,0.6233293945712234,2012
p60_wind_g04,103,0.28430810356319375,2012
p60_wind_g04,104,0.5596425395363757,2012
p60_wind_g04,105,0.561422006239729,2012
p60_wind_g04,106,0.500432983153904,2012
p60_wind_g04,107,0.5482209375752325,2012
p60_wind_g04,108,0.3043043879320779,2012
p60_wind_g04,109,0.6225932900818105,2012
p60_wind_g04,110,0.35647744930825137,2012
p60_wind_g04,111,0.38553345392072697,2012
p60_wind_g04,112,0.4150694983769697,2012
p60_wind_g04,113,0.7856120460660422,2012
p60_wind_g04,114,0.20851249694165533,2012
p60_wind_g04,115,0.6242582668548967,2012
p60_wind_g04,116,0.2817592801804698,2012
p60_wind_g04,117,0.7375572789815299,2012
p60_wind_g04,118,0.4363593492904049,2012
p60_wind_g04,119,0.3356004400212512,2012
p60_wind_g04,120,0.3098093554521498,2012
p60_wind_g04,121,0.4495964760104181,2012
p60_wind_g04,122,0.5274052106039646,2012
p60_wind_g04,123,0.3279986013176594,2012
p60_wind_g04,124,0.33754857537466865,2012
p60_wind_g04,125,0.5849597905455731,2012
p60_wind_g04,126,0.5114201393741109,2012
p60_wind_g04,127,0.415074705160481,2012
p60_wind_g04,128,0.72118043658199,2012
p60_wind_g04,129,0.4432463810213232,2012
p60_wind_g04,130,0.5236620648481869,2012
p60_wind_g04,131,0.4029251965977757,2012
p60_wind_g04,132,0.8592434645531345,2012
p60_wind_g04,133,0.2800789996039277,2012
p60_wind_g04,134,0.810023032579316,2012
p60_wind_g04,135,0.40344221213689085,2012
p60_wind_g04,136,0.5073481871911918,2012
p60_wind_g04,137,0.3232459345855444,2012
p60_wind_g04,138,0.2841477501216432,2012
p60_wind_g04,139,0.215277947530739,2012
p60_wind_g04,140,0.47963092302535454,2012
p60_wind_g04,141,0.23966771828493116,2012
p60_wind_g04,142,0.4309139247229143,2012
p60_wind_g04,143,0.5171548662662877,2012
p60_wind_g04,144,0.2606471566320539,2012
p60_wind_g04,145,0.5028384945404172,2012
p60_wind_g04,146,0.23547173415097977,2012
p60_wind_g04,147,0.5920403652862742,2012
p60_wind_g04,148,0.21506156947356303,2012
p60_wind_g04,149,0.7359330787828375,2012
p60_wind_g04,150,0.25071686308443825,2012
p60_wind_g04,151,0.45041874506896573,2012
p60_wind_g04,152,0.31574963213216634,2012
p60_wind_g04,153,0.28060900476625633,2012
p60_wind_g04,154,0.25313223827601766,2012
p60_wind_g04,155,0.5629591090594317,2012
p60_wind_g04,156,0.4090230486714469,2012
p60_wind_g04,157,0.5447044587555401,2012
p60_wind_g04,158,0.3214035292794398,2012
p60_wind_g04,159,0.3210891131489126,2012
p60_wind_g04,160,0.2526547285600169,2012
p60_wind_g04,161,0.18696929641610507,2012
p60_wind_g04,162,0.4226073900766042,2012
p60_wind_g04,163,0.3300925706464178,2012
p60_wind_g04,164,0.5824381946056978,2012
p60_wind_g04,165,0.3615930581708743,2012
p60_wind_g04,166,0.4185237998520776,2012
p60_wind_g04,167,0.24508924843176946,2012
p60_wind_g04,168,0.528887437285423,2012
p60_wind_g04,169,0.2343681417673534,2012
p60_wind_g04,170,0.3005133823690202,2012
p60_wind_g04,171,0.3034974636383781,2012
p60_wind_g04,172,0.31974598689615114,2012
p60_wind_g04,173,0.18898430200990673,2012
p60_wind_g04,174,0.27067444036882743,2012
p60_wind_g04,175,0.21553289827059743,2012
p60_wind_g04,176,0.45800658510790304,2012
p60_wind_g04,177,0.38867633786428346,2012
p60_wind_g04,178,0.18104685588468575,2012
p60_wind_g04,179,0.42628154269272694,2012
p60_wind_g04,180,0.3970757681568741,2012
p60_wind_g04,181,0.5111262511618221,2012
p60_wind_g04,182,0.3350848126661477,2012
p60_wind_g04,183,0.3957714435811427,2012
p60_wind_g04,184,0.19234491067882628,2012
p60_wind_g04,185,0.5716454079829859,2012
p60_wind_g04,186,0.15077034711386533,2012
p60_wind_g04,187,0.3800564815269171,2012
p60_wind_g04,188,0.11426608041131577,2012
p60_wind_g04,189,0.5482140459557837,2012
p60_wind_g04,190,0.2044882684080143,2012
p60_wind_g04,191,0.28964010057802037,2012
p60_wind_g04,192,0.21854371301302503,2012
p60_wind_g04,193,0.5196812522131233,2012
p60_wind_g04,194,0.28378129543084146,2012
p60_wind_g04,195,0.44198062481683664,2012
p60_wind_g04,196,0.293172021926839,2012
p60_wind_g04,197,0.3087255807103148,2012
p60_wind_g04,198,0.44677264504073577,2012
p60_wind_g04,199,0.41938807104823184,2012
p60_wind_g04,200,0.39834073910147877,2012
p60_wind_g04,201,0.1646951239305668,2012
p60_wind_g04,202,0.21743901972025556,2012
p60_wind_g04,203,0.27243180769062675,2012
p60_wind_g04,204,0.6184537657747681,2012
p60_wind_g04,205,0.14176484158826214,2012
p60_wind_g04,206,0.6157086800271577,2012
p60_wind_g04,207,0.26557281987133396,2012
p60_wind_g04,208,0.2840009689479503,2012
p60_wind_g04,209,0.3093501349647495,2012
p60_wind_g04,210,0.4294841820121035,2012
p60_wind_g04,211,0.1798245361082142,2012
p60_wind_g04,212,0.5272337796854346,2012
p60_wind_g04,213,0.21634074396189337,2012
p60_wind_g04,214,0.30558604801073147,2012
p60_wind_g04,215,0.24958355383737857,2012
p60_wind_g04,216,0.24773427955592583,2012
p60_wind_g04,217,0.4888639450802625,2012
p60_wind_g04,218,0.289687367665457,2012
p60_wind_g04,219,0.5681297938486956,2012
p60_wind_g04,220,0.2659755826217231,2012
p60_wind_g04,221,0.45835820477228806,2012
p60_wind_g04,222,0.23689385810768598,2012
p60_wind_g04,223,0.29804412867940316,2012
p60_wind_g04,224,0.17167112051484024,2012
p60_wind_g04,225,0.28085834859472397,2012
p60_wind_g04,226,0.2486063546859101,2012
p60_wind_g04,227,0.5537238315846692,2012
p60_wind_g04,228,0.14635391725498154,2012
p60_wind_g04,229,0.6534205876330831,2012
p60_wind_g04,230,0.2740872017562797,2012
p60_wind_g04,231,0.4721404997337103,2012
p60_wind_g04,232,0.4828926835694045,2012
p60_wind_g04,233,0.595866405209095,2012
p60_wind_g04,234,0.5212507272041805,2012
p60_wind_g04,235,0.30322324486264235,2012
p60_wind_g04,236,0.6075497024364894,2012
p60_wind_g04,237,0.31833750228204444,2012
p60_wind_g04,238,0.34020597315490514,2012
p60_wind_g04,239,0.21748573713362587,2012
p60_wind_g04,240,0.39355937878127667,2012
p60_wind_g05,1,0.6573767396736622,2012
p60_wind_g05,2,0.375150387451639,2012
p60_wind_g05,3,0.5777157923542648,2012
p60_wind_g05,4,0.20344322664837733,2012
p60_wind_g05,5,0.6767041101933048,2012
p60_wind_g05,6,0.32267484693022697,2012
p60_wind_g05,7,0.6805618553582278,2012
p60_wind_g05,8,0.3080037106395172,2012
p60_wind_g05,9,0.6490669981642675,2012
p60_wind_g05,10,0.24949587976365428,2012
p60_wind_g05,11,0.683351115517949,2012
p60_wind_g05,12,0.609927625327739,2012
p60_wind_g05,13,0.3385491867999391,2012
p60_wind_g05,14,0.45315916478493745,2012
p60_wind_g05,15,0.41461464229883166,2012
p60_wind_g05,16,0.8258351977883114,2012
p60_wind_g05,17,0.37196500183981723,2012
p60_wind_g05,18,0.42142657599832184,2012
p60_wind_g05,19,0.27246508194291286,2012
p60_wind_g05,20,0.5786357122610982,2012
p60_wind_g05,21,0.40464526808708917,2012
p60_wind_g05,22,0.44354110212369974,2012
p60_wind_g05,23,0.4146702649279382,2012
p60_wind_g05,24,0.9225506011540106,2012
p60_wind_g05,25,0.42605825809243425,2012
p60_wind_g05,26,0.8422949469573622,2012
p60_wind_g05,27,0.3588982165011753,2012
p60_wind_g05,28,0.5605333392333447,2012
p60_wind_g05,29,0.4057600972535358,2012
p60_wind_g05,30,0.7343543275523161,2012
p60_wind_g05,31,0.44123011634987624,2012
p60_wind_g05,32,0.6874748887623289,2012
p60_wind_g05,33,0.5722615839546132,2012
p60_wind_g05,34,0.5589124490073385,2012
p60_wind_g05,35,0.42139635325554187,2012
p60_wind_g05,36,0.4187992539402715,2012
p60_wind_g05,37,0.4508195870081514,2012
p60_wind_g05,38,0.43206851435971266,2012
p60_wind_g05,39,0.4385476528217546,2012
p60_wind_g05,40,0.47225867836922375,2012
p60_wind_g05,41,0.44664335484497314,2012
p60_wind_g05,42,0.32131169543078164,2012
p60_wind_g05,43,0.695236498781091,2012
p60_wind_g05,44,0.2926349239396945,2012
p60_wind_g05,45,0.5937315195314045,2012
p60_wind_g05,46,0.4978963053275416,2012
p60_wind_g05,47,0.4367086996717891,2012
p60_wind_g05,48,0.6311160320639844,2012
p60_wind_g05,49,0.5375380966718688,2012
p60_wind_g05,50,0.7013182644220208,2012
p60_wind_g05,51,0.7156694360275102,2012
p60_wind_g05,52,0.9211018098592662,2012
p60_wind_g05,53,0.45160105524802946,2012
p60_wind_g05,54,0.5489613125675826,2012
p60_wind_g05,55,0.2383506808497824,2012
p60_wind_g05,56,0.7197340330003873,2012
p60_wind_g05,57,0.5173568439400238,2012
p60_wind_g05,58,1.0,2012
p60_wind_g05,59,0.29462963588906926,2012
p60_wind_g05,60,0.5244039680022128,2012
p60_wind_g05,61,0.5360253539217645,2012
p60_wind_g05,62,0.49599557492319823,2012
p60_wind_g05,63,0.3105942580539478,2012
p60_wind_g05,64,0.9785439203419407,2012
p60_wind_g05,65,0.30562150466722415,2012
p60_wind_g05,66,0.8278577483225135,2012
p60_wind_g05,67,0.657197273450791,2012
p60_wind_g05,68,0.6845607658798638,2012
p60_wind_g05,69,0.8488764897005001,2012
p60_wind_g05,70,0.4267235035244059,2012
p60_wind_g05,71,0.7597093818085995,2012
p60_wind_g05,72,0.33572247147398104,2012
p60_wind_g05,73,0.5665871160025701,2012
p60_wind_g05,74,0.579180934807452,2012
p60_wind_g05,75,0.4968495055593493,2012
p60_wind_g05,76,0.497043705960172,2012
p60_wind_g05,77,0.8145096701213533,2012
p60_wind_g05,78,0.21628160316860034,2012
p60_wind_g05,79,0.6937390404524112,2012
p60_wind_g05,80,0.4636976663586176,2012
p60_wind_g05,81,0.6094820507225815,2012
p60_wind_g05,82,0.6394537502382684,2012
p60_wind_g05,83,0.9244101596858209,2012
p60_wind_g05,84,0.4078013270469511,2012
p60_wind_g05,85,0.9130721004692781,2012
p60_wind_g05,86,0.41609834498364356,2012
p60_wind_g05,87,0.6443428872462273,2012
p60_wind_g05,88,0.6159607619877193,2012
p60_wind_g05,89,0.5685797636659952,2012
p60_wind_g05,90,0.864397547536817,2012
p60_wind_g05,91,0.36352233561907465,2012
p60_wind_g05,92,0.9350788103415578,2012
p60_wind_g05,93,0.5232497583101047,2012
p60_wind_g05,94,0.49768846127455535,2012
p60_wind_g05,95,0.28514812727017763,2012
p60_wind_g05,96,0.9831670282526672,2012
p60_wind_g05,97,0.47667915921944537,2012
p60_wind_g05,98,0.5942520674988538,2012
p60_wind_g05,99,0.2506751614840345,2012
p60_wind_g05,100,0.39790777837535074,2012
p60_wind_g05,101,0.40826541830346624,2012
p60_wind_g05,102,0.5700606341223292,2012
p60_wind_g05,103,0.7006299063074881,2012
p60_wind_g05,104,0.32415297703579704,2012
p60_wind_g05,105,0.5847763936782888,2012
p60_wind_g05,106,0.37768319145877083,2012
p60_wind_g05,107,0.5851422093577051,2012
p60_wind_g05,108,0.3214815697239042,2012
p60_wind_g05,109,0.5741976733630084,2012
p60_wind_g05,110,0.24379007921225296,2012
p60_wind_g05,111,0.8628072731115495,2012
p60_wind_g05,112,0.3762631672775264,2012
p60_wind_g05,113,0.7170608080046024,2012
p60_wind_g05,114,0.3212553538622618,2012
p60_wind_g05,115,0.7452559902698621,2012
p60_wind_g05,116,0.32372563764866064,2012
p60_wind_g05,117,0.8539150889997812,2012
p60_wind_g05,118,0.21924703635036005,2012
p60_wind_g05,119,0.5002048770671542,2012
p60_wind_g05,120,0.5559139851508605,2012
p60_wind_g05,121,0.4133966792818982,2012
p60_wind_g05,122,0.3112081528712548,2012
p60_wind_g05,123,0.6908783596423328,2012
p60_wind_g05,124,0.598469880174068,2012
p60_wind_g05,125,0.3730454790370185,2012
p60_wind_g05,126,0.378625717658429,2012
p60_wind_g05,127,0.4719398113776318,2012
p60_wind_g05,128,0.8390318019470282,2012
p60_wind_g05,129,0.33565117923651566,2012
p60_wind_g05,130,0.37073921048313385,2012
p60_wind_g05,131,0.2063892464967545,2012
p60_wind_g05,132,0.7860622185863909,2012
p60_wind_g05,133,0.38124625332115075,2012
p60_wind_g05,134,0.5159295557343982,2012
p60_wind_g05,135,0.4252477756608526,2012
p60_wind_g05,136,0.4846403024693239,2012
p60_wind_g05,137,0.19694242564075534,2012
p60_wind_g05,138,0.309510099589322,2012
p60_wind_g05,139,0.47400979209688454,2012
p60_wind_g05,140,0.5080161385358647,2012
p60_wind_g05,141,0.33941740968423256,2012
p60_wind_g05,142,0.34867009184818437,2012
p60_wind_g05,143,0.5280589388829092,2012
p60_wind_g05,144,0.4415741853869469,2012
p60_wind_g05,145,0.46491655083463357,2012
p60_wind_g05,146,0.3741504800921505,2012
p60_wind_g05,147,0.6264886227188641,2012
p60_wind_g05,148,0.36227407550568913,2012
p60_wind_g05,149,0.48612385580467393,2012
p60_wind_g05,150,0.20998825219484696,2012
p60_wind_g05,151,0.7184669123722413,2012
p60_wind_g05,152,0.3284196139616868,2012
p60_wind_g05,153,0.5884738706810372,2012
p60_wind_g05,154,0.1991217649280851,2012
p60_wind_g05,155,0.35309765513261326,2012
p60_wind_g05,156,0.3837580485659256,2012
p60_wind_g05,157,0.5037133116911362,2012
p60_wind_g05,158,0.30310418127181954,2012
p60_wind_g05,159,0.4347835823826869,2012
p60_wind_g05,160,0.2986479837247389,2012
p60_wind_g05,161,0.2603587152984834,2012
p60_wind_g05,162,0.44915566840256316,2012
p60_wind_g05,163,0.41280584283581107,2012
p60_wind_g05,164,0.5264560358323884,2012
p60_wind_g05,165,0.16927241930048612,2012
p60_wind_g05,166,0.2530397240711358,2012
p60_wind_g05,167,0.14787196490296747,2012
p60_wind_g05,168,0.4816212320392587,2012
p60_wind_g05,169,0.20573729794637582,2012
p60_wind_g05,170,0.5095927592844341,2012
p60_wind_g05,171,0.31184060949990905,2012
p60_wind_g05,172,0.3031282647454255,2012
p60_wind_g05,173,0.26029884555496985,2012
p60_wind_g05,174,0.31229246797287924,2012
p60_wind_g05,175,0.20107748259643837,2012
p60_wind_g05,176,0.3440851722760523,2012
p60_wind_g05,177,0.23069453168796344,2012
p60_wind_g05,178,0.28168556012375345,2012
p60_wind_g05,179,0.35216265682700987,2012
p60_wind_g05,180,0.3220689637531727,2012
p60_wind_g05,181,0.265435851815796,2012
p60_wind_g05,182,0.323511616211267,2012
p60_wind_g05,183,0.23725258528021032,2012
p60_wind_g05,184,0.25694087457296017,2012
p60_wind_g05,185,0.3452009307254814,2012
p60_wind_g05,186,0.2710214336580256,2012
p60_wind_g05,187,0.5673434306485248,2012
p60_wind_g05,188,0.1514182074140422,2012
p60_wind_g05,189,0.4555755714878653,2012
p60_wind_g05,190,0.23608695017700324,2012
p60_wind_g05,191,0.4411329829090653,2012
p60_wind_g05,192,0.2210745131146654,2012
p60_wind_g05,193,0.37821675772999724,2012
p60_wind_g05,194,0.27435012344479115,2012
p60_wind_g05,195,0.425575087849264,2012
p60_wind_g05,196,0.4061497133803371,2012
p60_wind_g05,197,0.288361573723022,2012
p60_wind_g05,198,0.4993997769378605,2012
p60_wind_g05,199,0.23329518293998353,2012
p60_wind_g05,200,0.31793976919173617,2012
p60_wind_g05,201,0.1514111629198553,2012
p60_wind_g05,202,0.5157616979721968,2012
p60_wind_g05,203,0.1622412527778421,2012
p60_wind_g05,204,0.2930033810686837,2012
p60_wind_g05,205,0.23368985382372506,2012
p60_wind_g05,206,0.33571772532063915,2012
p60_wind_g05,207,0.151713060079934,2012
p60_wind_g05,208,0.3953203904147676,2012
p60_wind_g05,209,0.3094760074650756,2012
p60_wind_g05,210,0.4439824751303843,2012
p60_wind_g05,211,0.1544715469390052,2012
p60_wind_g05,212,0.5207081766169193,2012
p60_wind_g05,213,0.3089105937422715,2012
p60_wind_g05,214,0.3040951346198987,2012
p60_wind_g05,215,0.2811922460085646,2012
p60_wind_g05,216,0.25372445183848014,2012
p60_wind_g05,217,0.32992022523604103,2012
p60_wind_g05,218,0.31512040293936494,2012
p60_wind_g05,219,0.3372832048274886,2012
p60_wind_g05,220,0.23893571480272593,2012
p60_wind_g05,221,0.6157775991117672,2012
p60_wind_g05,222,0.32622081413475323,2012
p60_wind_g05,223,0.5459863689557037,2012
p60_wind_g05,224,0.1493486477339861,2012
p60_wind_g05,225,0.46722889416210106,2012
p60_wind_g05,226,0.32292276666640196,2012
p60_wind_g05,227,0.6052356643875427,2012
p60_wind_g05,228,0.3390348922068105,2012
p60_wind_g05,229,0.5075986937543203,2012
p60_wind_g05,230,0.44140262117509493,2012
p60_wind_g05,231,0.3212965555635052,2012
p60_wind_g05,232,0.3432902022964368,2012
p60_wind_g05,233,0.4739154560956957,2012
p60_wind_g05,234,0.4118355187192436,2012
p60_wind_g05,235,0.41149577533162,2012
p60_wind_g05,236,0.33810034772481307,2012
p60_wind_g05,237,0.3008068158917027,2012
p60_wind_g05,238,0.6695934189117558,2012
p60_wind_g05,239,0.26963525723226267,2012
p60_wind_g05,240,0.718074145727772,2012
p60_wind_g06,1,0.32979687574102046,2012
p60_wind_g06,2,0.19069719891632217,2012
p60_wind_g06,3,0.5477605697276696,2012
p60_wind_g06,4,0.1862224969430866,2012
p60_wind_g06,5,0.6958321025271546,2012
p60_wind_g06,6,0.38006675272445833,2012
p60_wind_g06,7,0.44688469311365686,2012
p60_wind_g06,8,0.24225301272709227,2012
p60_wind_g06,9,0.5212663057960746,2012
p60_wind_g06,10,0.2812560175926916,2012
p60_wind_g06,11,0.5080766865996929,2012
p60_wind_g06,12,0.4557363973078709,2012
p60_wind_g06,13,0.2832217512071542,2012
p60_wind_g06,14,0.38428108392602733,2012
p60_wind_g06,15,0.5434992453229182,2012
p60_wind_g06,16,0.48513672406557606,2012
p60_wind_g06,17,0.4092837994044179,2012
p60_wind_g06,18,0.4175489194462225,2012
p60_wind_g06,19,0.2873988046573739,2012
p60_wind_g06,20,0.6543853550454289,2012
p60_wind_g06,21,0.19028543219545851,2012
p60_wind_g06,22,0.4853665901298356,2012
p60_wind_g06,23,0.36292335247849333,2012
p60_wind_g06,24,0.7994284347331486,2012
p60_wind_g06,25,0.5038231400555733,2012
p60_wind_g06,26,0.46951372444427897,2012
p60_wind_g06,27,0.31706172788887454,2012
p60_wind_g06,28,0.5710531421333934,2012
p60_wind_g06,29,0.5987571000248295,2012
p60_wind_g06,30,0.5944374740695075,2012
p60_wind_g06,31,0.3740798719503609,2012
p60_wind_g06,32,0.6886279085699231,2012
p60_wind_g06,33,0.5479869081901765,2012
p60_wind_g06,34,0.39407644322377583,2012
p60_wind_g06,35,0.46154759855513894,2012
p60_wind_g06,36,0.5200487375246948,2012
p60_wind_g06,37,0.8619508343602722,2012
p60_wind_g06,38,0.3009596308952189,2012
p60_wind_g06,39,0.7150580270034261,2012
p60_wind_g06,40,0.45986943586854256,2012
p60_wind_g06,41,0.42632022930938135,2012
p60_wind_g06,42,0.5105976937366223,2012
p60_wind_g06,43,0.6924915110626136,2012
p60_wind_g06,44,0.4101416890197513,2012
p60_wind_g06,45,0.7636837490230222,2012
p60_wind_g06,46,0.504176599585842,2012
p60_wind_g06,47,0.84653539141442,2012
p60_wind_g06,48,0.6872061086480606,2012
p60_wind_g06,49,0.7497800149545769,2012
p60_wind_g06,50,0.8542829459544432,2012
p60_wind_g06,51,0.4319074286740302,2012
p60_wind_g06,52,0.7432718018335465,2012
p60_wind_g06,53,0.3100588963772351,2012
p60_wind_g06,54,0.5479004343427016,2012
p60_wind_g06,55,0.23974666336389533,2012
p60_wind_g06,56,1.0,2012
p60_wind_g06,57,0.4828730742776525,2012
p60_wind_g06,58,0.5151869545878665,2012
p60_wind_g06,59,0.2804285752131252,2012
p60_wind_g06,60,0.6806989338225663,2012
p60_wind_g06,61,0.4390024177349178,2012
p60_wind_g06,62,0.7345078698084824,2012
p60_wind_g06,63,0.3929897240951037,2012
p60_wind_g06,64,0.8890834892711024,2012
p60_wind_g06,65,0.40956814020917603,2012
p60_wind_g06,66,0.6825902314611004,2012
p60_wind_g06,67,0.6152986411598208,2012
p60_wind_g06,68,0.6921522106681037,2012
p60_wind_g06,69,0.4800866797472977,2012
p60_wind_g06,70,0.42034847015728055,2012
p60_wind_g06,71,0.605893353608679,2012
p60_wind_g06,72,0.5465973775625205,2012
p60_wind_g06,73,0.45562006803436816,2012
p60_wind_g06,74,0.3842496150334336,2012
p60_wind_g06,75,0.4394057583297938,2012
p60_wind_g06,76,0.21417932667802125,2012
p60_wind_g06,77,0.6813676185653453,2012
p60_wind_g06,78,0.2788200438856532,2012
p60_wind_g06,79,1.0,2012
p60_wind_g06,80,0.3926216128854914,2012
p60_wind_g06,81,0.6116466280694351,2012
p60_wind_g06,82,0.31454506649630026,2012
p60_wind_g06,83,0.8305637896709627,2012
p60_wind_g06,84,0.3975229204435572,2012
p60_wind_g06,85,0.45778516125086993,2012
p60_wind_g06,86,0.6910838426917354,2012
p60_wind_g06,87,0.5367025909756908,2012
p60_wind_g06,88,0.4308451788564678,2012
p60_wind_g06,89,0.5323857338167975,2012
p60_wind_g06,90,0.8049723980706952,2012
p60_wind_g06,91,0.24754541033257396,2012
p60_wind_g06,92,0.8387384936046373,2012
p60_wind_g06,93,0.27505736097386996,2012
p60_wind_g06,94,0.5446514713498596,2012
p60_wind_g06,95,0.3535382080995105,2012
p60_wind_g06,96,0.9851849675542519,2012
p60_wind_g06,97,0.45894781915677024,2012
p60_wind_g06,98,0.9342604423667368,2012
p60_wind_g06,99,0.5774124806652934,2012
p60_wind_g06,100,0.9681910623365968,2012
p60_wind_g06,101,0.5956403609936546,2012
p60_wind_g06,102,0.8576055016455814,2012
p60_wind_g06,103,0.5606772402120551,2012
p60_wind_g06,104,0.7713320439973328,2012
p60_wind_g06,105,0.5530991950695673,2012
p60_wind_g06,106,0.32714329259158065,2012
p60_wind_g06,107,0.7812791567327417,2012
p60_wind_g06,108,0.45396434121223334,2012
p60_wind_g06,109,0.7538483691352889,2012
p60_wind_g06,110,0.35725994936909894,2012
p60_wind_g06,111,0.8249942581648667,2012
p60_wind_g06,112,0.2858431805495004,2012
p60_wind_g06,113,0.73992379509834,2012
p60_wind_g06,114,0.4591784783790702,2012
p60_wind_g06,115,0.8527314939070242,2012
p60_wind_g06,116,0.4269596180961291,2012
p60_wind_g06,117,0.5079160109865096,2012
p60_wind_g06,118,0.5099212651583057,2012
p60_wind_g06,119,0.41146011199288174,2012
p60_wind_g06,120,0.5123779971459919,2012
p60_wind_g06,121,0.43185693511272427,2012
p60_wind_g06,122,0.6159920973828364,2012
p60_wind_g06,123,0.6436954129377898,2012
p60_wind_g06,124,0.46314299354939115,2012
p60_wind_g06,125,0.6012255669317514,2012
p60_wind_g06,126,0.5710548563314276,2012
p60_wind_g06,127,0.2736389858672115,2012
p60_wind_g06,128,0.6635209630953739,2012
p60_wind_g06,129,0.18509598239887742,2012
p60_wind_g06,130,0.8027016019719881,2012
p60_wind_g06,131,0.25541879564649494,2012
p60_wind_g06,132,0.5073445118738704,2012
p60_wind_g06,133,0.24573350633121835,2012
p60_wind_g06,134,0.8479548832949918,2012
p60_wind_g06,135,0.18764603507163627,2012
p60_wind_g06,136,0.34205655261375373,2012
p60_wind_g06,137,0.2092002431572725,2012
p60_wind_g06,138,0.4067305328628315,2012
p60_wind_g06,139,0.28756094871598326,2012
p60_wind_g06,140,0.5202132649912531,2012
p60_wind_g06,141,0.5666912400099474,2012
p60_wind_g06,142,0.5087889866793527,2012
p60_wind_g06,143,0.5216838155580891,2012
p60_wind_g06,144,0.27961949743360365,2012
p60_wind_g06,145,0.310930834552886,2012
p60_wind_g06,146,0.3775701933901506,2012
p60_wind_g06,147,0.40998750640680737,2012
p60_wind_g06,148,0.20502667990686751,2012
p60_wind_g06,149,0.7259386953020106,2012
p60_wind_g06,150,0.3418968226666165,2012
p60_wind_g06,151,0.45875697527156795,2012
p60_wind_g06,152,0.2461117105834775,2012
p60_wind_g06,153,0.5574221805026035,2012
p60_wind_g06,154,0.18941911203119582,2012
p60_wind_g06,155,0.40222272013604,2012
p60_wind_g06,156,0.287915933846985,2012
p60_wind_g06,157,0.42462869345554904,2012
p60_wind_g06,158,0.35043205358421087,2012
p60_wind_g06,159,0.49829056218210055,2012
p60_wind_g06,160,0.3977444771921767,2012
p60_wind_g06,161,0.2964305796188599,2012
p60_wind_g06,162,0.3914013504084377,2012
p60_wind_g06,163,0.38603196683995183,2012
p60_wind_g06,164,0.5648201741915431,2012
p60_wind_g06,165,0.2692434266203628,2012
p60_wind_g06,166,0.4150528396409464,2012
p60_wind_g06,167,0.17439338471988763,2012
p60_wind_g06,168,0.4273031626430742,2012
p60_wind_g06,169,0.1749361153375705,2012
p60_wind_g06,170,0.32549514356428105,2012
p60_wind_g06,171,0.2199466501728898,2012
p60_wind_g06,172,0.3304790204221104,2012
p60_wind_g06,173,0.29543932856417954,2012
p60_wind_g06,174,0.370714616272691,2012
p60_wind_g06,175,0.19554196620248582,2012
p60_wind_g06,176,0.48339328606165444,2012
p60_wind_g06,177,0.34128016676651646,2012
p60_wind_g06,178,0.2125038834389516,2012
p60_wind_g06,179,0.30578639313992656,2012
p60_wind_g06,180,0.17659003692276581,2012
p60_wind_g06,181,0.3158190786211774,2012
p60_wind_g06,182,0.3588549312010463,2012
p60_wind_g06,183,0.461120776153972,2012
p60_wind_g06,184,0.12916505732332428,2012
p60_wind_g06,185,0.44778466204901496,2012
p60_wind_g06,186,0.259155217744918,2012
p60_wind_g06,187,0.5926872135220548,2012
p60_wind_g06,188,0.2795813432673982,2012
p60_wind_g06,189,0.5951104452212107,2012
p60_wind_g06,190,0.17665358189664243,2012
p60_wind_g06,191,0.2842875157492506,2012
p60_wind_g06,192,0.30760557660499194,2012
p60_wind_g06,193,0.35313831248431204,2012
p60_wind_g06,194,0.14864849928559584,2012
p60_wind_g06,195,0.20721950640626663,2012
p60_wind_g06,196,0.21701586602187403,2012
p60_wind_g06,197,0.4533283027057725,2012
p60_wind_g06,198,0.2106433589787408,2012
p60_wind_g06,199,0.34609764764110507,2012
p60_wind_g06,200,0.2620834326025489,2012
p60_wind_g06,201,0.2888417594298705,2012
p60_wind_g06,202,0.32675953662930435,2012
p60_wind_g06,203,0.25641220445382346,2012
p60_wind_g06,204,0.4016307941812361,2012
p60_wind_g06,205,0.22402829634544077,2012
p60_wind_g06,206,0.4835630780427344,2012
p60_wind_g06,207,0.12166129858868463,2012
p60_wind_g06,208,0.31096931580207415,2012
p60_wind_g06,209,0.1946118828083414,2012
p60_wind_g06,210,0.28877355510572605,2012
p60_wind_g06,211,0.16650521674888416,2012
p60_wind_g06,212,0.5504278578559221,2012
p60_wind_g06,213,0.1594651506817475,2012
p60_wind_g06,214,0.5170973502462074,2012
p60_wind_g06,215,0.4220532718897446,2012
p60_wind_g06,216,0.20110166166559798,2012
p60_wind_g06,217,0.43808813935419677,2012
p60_wind_g06,218,0.25813365708531866,2012
p60_wind_g06,219,0.3705672519724639,2012
p60_wind_g06,220,0.189407745380702,2012
p60_wind_g06,221,0.5245518732921781,2012
p60_wind_g06,222,0.3144743241253952,2012
p60_wind_g06,223,0.3215069253473725,2012
p60_wind_g06,224,0.20991886278461988,2012
p60_wind_g06,225,0.36903946839579704,2012
p60_wind_g06,226,0.3084911692952319,2012
p60_wind_g06,227,0.5613124313911616,2012
p60_wind_g06,228,0.3034504945441028,2012
p60_wind_g06,229,0.4644008259435567,2012
p60_wind_g06,230,0.23120655964879136,2012
p60_wind_g06,231,0.642269819417187,2012
p60_wind_g06,232,0.39996305445322095,2012
p60_wind_g06,233,0.4957383001693541,2012
p60_wind_g06,234,0.24784730170509459,2012
p60_wind_g06,235,0.5210975481639598,2012
p60_wind_g06,236,0.6256221071992737,2012
p60_wind_g06,237,0.19599743040909562,2012
p60_wind_g06,238,0.6345638798326899,2012
p60_wind_g06,239,0.3819543842678092,2012
p60_wind_g06,240,0.5195945369467521,2012
p60_wind_g07,1,0.6321819278201376,2012
p60_wind_g07,2,0.3548891968144294,2012
p60_wind_g07,3,0.4545126290116167,2012
p60_wind_g07,4,0.32544072195309764,2012
p60_wind_g07,5,0.7382879786069073,2012
p60_wind_g07,6,0.2736415234231171,2012
p60_wind_g07,7,0.7276928634697627,2012
p60_wind_g07,8,0.4617194979642484,2012
p60_wind_g07,9,0.45890214201629975,2012
p60_wind_g07,10,0.535516399699675,2012
p60_wind_g07,11,0.40130594592249097,2012
p60_wind_g07,12,0.37189175489439885,2012
p60_wind_g07,13,0.30132723027591507,2012
p60_wind_g07,14,0.6335167024906746,2012
p60_wind_g07,15,0.489002064545111,2012
p60_wind_g07,16,0.45178751404522577,2012
p60_wind_g07,17,0.48030436720899544,2012
p60_wind_g07,18,0.47754873399221687,2012
p60_wind_g07,19,0.1893883462425877,2012
p60_wind_g07,20,0.5773745316424195,2012
p60_wind_g07,21,0.31670649395400746,2012
p60_wind_g07,22,0.8464320709071915,2012
p60_wind_g07,23,0.4234580939684164,2012
p60_wind_g07,24,0.913490225328263,2012
p60_wind_g07,25,0.5009389164949307,2012
p60_wind_g07,26,0.7274017411926077,2012
p60_wind_g07,27,0.5473481009793079,2012
p60_wind_g07,28,0.6292494470195406,2012
p60_wind_g07,29,0.6342069633319298,2012
p60_wind_g07,30,0.7248852229060567,2012
p60_wind_g07,31,0.6874074252274099,2012
p60_wind_g07,32,0.3934450149002553,2012
p60_wind_g07,33,0.43731452557702444,2012
p60_wind_g07,34,0.3280891824641498,2012
p60_wind_g07,35,0.5404777638257235,2012
p60_wind_g07,36,0.3646037273363039,2012
p60_wind_g07,37,0.7114063749142244,2012
p60_wind_g07,38,0.3064983003229928,2012
p60_wind_g07,39,0.904307944324446,2012
p60_wind_g07,40,0.20719456096482625,2012
p60_wind_g07,41,0.8971486469521858,2012
p60_wind_g07,42,0.2579653578658012,2012
p60_wind_g07,43,0.8666026318544394,2012
p60_wind_g07,44,0.542493258162428,2012
p60_wind_g07,45,0.41607563463692243,2012
p60_wind_g07,46,0.6391501277728812,2012
p60_wind_g07,47,0.46001038308999365,2012
p60_wind_g07,48,0.692293529254048,2012
p60_wind_g07,49,0.6196263876752137,2012
p60_wind_g07,50,0.7876503521976452,2012
p60_wind_g07,51,0.59040459772166,2012
p60_wind_g07,52,0.5425809927644955,2012
p60_wind_g07,53,0.5477533588046811,2012
p60_wind_g07,54,0.6787372262311567,2012
p60_wind_g07,55,0.31662885342603697,2012
p60_wind_g07,56,0.5281249639723629,2012
p60_wind_g07,57,0.4181397616752602,2012
p60_wind_g07,58,0.9371822913554644,2012
p60_wind_g07,59,0.42117522363548227,2012
p60_wind_g07,60,0.5678942886554038,2012
p60_wind_g07,61,0.41417734554509994,2012
p60_wind_g07,62,0.8773733629990454,2012
p60_wind_g07,63,0.3212559160469716,2012
p60_wind_g07,64,0.6436811060987288,2012
p60_wind_g07,65,0.4879804348209992,2012
p60_wind_g07,66,0.7003258400790734,2012
p60_wind_g07,67,0.4956665717532563,2012
p60_wind_g07,68,0.5159341453455906,2012
p60_wind_g07,69,0.8006932821957542,2012
p60_wind_g07,70,0.49459181305689975,2012
p60_wind_g07,71,0.4873867369109783,2012
p60_wind_g07,72,0.439215311372443,2012
p60_wind_g07,73,0.6426967125033235,2012
p60_wind_g07,74,0.29134963201720326,2012
p60_wind_g07,75,0.8347870942235137,2012
p60_wind_g07,76,0.2690087900977762,2012
p60_wind_g07,77,0.4647540419190809,2012
p60_wind_g07,78,0.3799959498742994,2012
p60_wind_g07,79,0.6419315123019362,2012
p60_wind_g07,80,0.5307743172397527,2012
p60_wind_g07,81,0.8420348961542556,2012
p60_wind_g07,82,0.5213609439335657,2012
p60_wind_g07,83,0.955024434165026,2012
p60_wind_g07,84,0.4532214021137324,2012
p60_wind_g07,85,0.3980953877250626,2012
p60_wind_g07,86,0.7983229098030289,2012
p60_wind_g07,87,0.36099947230767765,2012
p60_wind_g07,88,0.5511078300723304,2012
p60_wind_g07,89,0.4885297329120411,2012
p60_wind_g07,90,0.6522351757252184,2012
p60_wind_g07,91,0.6121918959935502,2012
p60_wind_g07,92,0.9872779300876681,2012
p60_wind_g07,93,0.45218024373233084,2012
p60_wind_g07,94,0.7254756367922774,2012
p60_wind_g07,95,0.2807800543170809,2012
p60_wind_g07,96,0.47656749246884644,2012
p60_wind_g07,97,0.23523463064184416,2012
p60_wind_g07,98,0.9530350392755569,2012
p60_wind_g07,99,0.4446436841117414,2012
p60_wind_g07,100,0.9731834937632025,2012
p60_wind_g07,101,0.5973310366307278,2012
p60_wind_g07,102,0.5151487976353252,2012
p60_wind_g07,103,0.5124475801087771,2012
p60_wind_g07,104,0.2990907768801172,2012
p60_wind_g07,105,0.608211801506404,2012
p60_wind_g07,106,0.5780057389133402,2012
p60_wind_g07,107,0.4309766054050277,2012
p60_wind_g07,108,0.5527101705754623,2012
p60_wind_g07,109,0.41836495381733785,2012
p60_wind_g07,110,0.25344074570015546,2012
p60_wind_g07,111,0.5891186090292266,2012
p60_wind_g07,112,0.33527519594578387,2012
p60_wind_g07,113,0.42980142023156964,2012
p60_wind_g07,114,0.2200285319078406,2012
p60_wind_g07,115,0.5071472735930876,2012
p60_wind_g07,116,0.22389672689919668,2012
p60_wind_g07,117,0.6651001470884415,2012
p60_wind_g07,118,0.45712660688902546,2012
p60_wind_g07,119,0.563460696552862,2012
p60_wind_g07,120,0.24161303206840307,2012
p60_wind_g07,121,0.3909910112356363,2012
p60_wind_g07,122,0.5657762153788133,2012
p60_wind_g07,123,0.5041089395087304,2012
p60_wind_g07,124,0.28111117528789653,2012
p60_wind_g07,125,0.29335525849171556,2012
p60_wind_g07,126,0.5600733568063053,2012
p60_wind_g07,127,0.36078110665261937,2012
p60_wind_g07,128,0.44191971216094655,2012
p60_wind_g07,129,0.391358953851559,2012
p60_wind_g07,130,0.3230225482150647,2012
p60_wind_g07,131,0.3887418311466867,2012
p60_wind_g07,132,0.6095870906578227,2012
p60_wind_g07,133,0.20033498405805722,2012
p60_wind_g07,134,0.3404563332311219,2012
p60_wind_g07,135,0.18831200823264088,2012
p60_wind_g07,136,0.6999559980476125,2012
p60_wind_g07,137,0.2011952154248268,2012
p60_wind_g07,138,0.6561200337132714,2012
p60_wind_g07,139,0.20653989361467484,2012
p60_wind_g07,140,0.6193771139273659,2012
p60_wind_g07,141,0.3936251525016242,2012
p60_wind_g07,142,0.3715202198069551,2012
p60_wind_g07,143,0.3091094746786398,2012
p60_wind_g07,144,0.4448112559730876,2012
p60_wind_g07,145,0.5002800556263002,2012
p60_wind_g07,146,0.33358086812119514,2012
p60_wind_g07,147,0.5792489764082318,2012
p60_wind_g07,148,0.28956710525642626,2012
p60_wind_g07,149,0.5151326850764192,2012
p60_wind_g07,150,0.3128294531584343,2012
p60_wind_g07,151,0.42561389472393035,2012
p60_wind_g07,152,0.31881431696686197,2012
p60_wind_g07,153,0.6018142084465421,2012
p60_wind_g07,154,0.21960464978163488,2012
p60_wind_g07,155,0.3945303083383606,2012
p60_wind_g07,156,0.25553223688196247,2012
p60_wind_g07,157,0.55234125525412,2012
p60_wind_g07,158,0.35669197428096927,2012
p60_wind_g07,159,0.30804987417946866,2012
p60_wind_g07,160,0.3835352452032249,2012
p60_wind_g07,161,0.42939378880133294,2012
p60_wind_g07,162,0.20944483820925527,2012
p60_wind_g07,163,0.27899227903621027,2012
p60_wind_g07,164,0.37799069475397745,2012
p60_wind_g07,165,0.1754890269271624,2012
p60_wind_g07,166,0.5478207603402019,2012
p60_wind_g07,167,0.3070021286295194,2012
p60_wind_g07,168,0.4942382546582625,2012
p60_wind_g07,169,0.2058325353671689,2012
p60_wind_g07,170,0.5654263792189272,2012
p60_wind_g07,171,0.15384454479081863,2012
p60_wind_g07,172,0.4411378668404312,2012
p60_wind_g07,173,0.19507468955284615,2012
p60_wind_g07,174,0.486774048645935,2012
p60_wind_g07,175,0.3569994182147906,2012
p60_wind_g07,176,0.3275727941524389,2012
p60_wind_g07,177,0.3572657414328333,2012
p60_wind_g07,178,0.4584198283517898,2012
p60_wind_g07,179,0.3523332212161993,2012
p60_wind_g07,180,0.2546303796333944,2012
p60_wind_g07,181,0.2127653633679726,2012
p60_wind_g07,182,0.2501960914547656,2012
p60_wind_g07,183,0.30746001182536314,2012
p60_wind_g07,184,0.16712977646189786,2012
p60_wind_g07,185,0.33889588589827085,2012
p60_wind_g07,186,0.21174413357601335,2012
p60_wind_g07,187,0.2827033572651537,2012
p60_wind_g07,188,0.16319862553445377,2012
p60_wind_g07,189,0.3521683184383827,2012
p60_wind_g07,190,0.30344012959105854,2012
p60_wind_g07,191,0.26288441630836085,2012
p60_wind_g07,192,0.2521354340324576,2012
p60_wind_g07,193,0.4534259527198574,2012
p60_wind_g07,194,0.2339264263587432,2012
p60_wind_g07,195,0.352822793757005,2012
p60_wind_g07,196,0.2928061483465675,2012
p60_wind_g07,197,0.28922641573662133,2012
p60_wind_g07,198,0.25449473283341856,2012
p60_wind_g07,199,0.2885256909040331,2012
p60_wind_g07,200,0.3125915852385289,2012
p60_wind_g07,201,0.1669159123227212,2012
p60_wind_g07,202,0.48272864863240855,2012
p60_wind_g07,203,0.17593669608369608,2012
p60_wind_g07,204,0.254328493692695,2012
p60_wind_g07,205,0.26517005675225097,2012
p60_wind_g07,206,0.5397686469386211,2012
p60_wind_g07,207,0.25423974227384843,2012
p60_wind_g07,208,0.25556295219769065,2012
p60_wind_g07,209,0.23657176096476784,2012
p60_wind_g07,210,0.32958869388131967,2012
p60_wind_g07,211,0.27650804103718873,2012
p60_wind_g07,212,0.5113680156610079,2012
p60_wind_g07,213,0.30517560362352064,2012
p60_wind_g07,214,0.28000412986476236,2012
p60_wind_g07,215,0.40358228901946785,2012
p60_wind_g07,216,0.23014594807640867,2012
p60_wind_g07,217,0.36604401715177776,2012
p60_wind_g07,218,0.18826608323218538,2012
p60_wind_g07,219,0.34488447794692473,2012
p60_wind_g07,220,0.23730590448471525,2012
p60_wind_g07,221,0.47572189736557097,2012
p60_wind_g07,222,0.25633498710484476,2012
p60_wind_g07,223,0.4265223737242266,2012
p60_wind_g07,224,0.18428056028247983,2012
p60_wind_g07,225,0.5270198085394818,2012
p60_wind_g07,226,0.171282404826673,2012
p60_wind_g07,227,0.6089650131112474,2012
p60_wind_g07,228,0.14395603398791187,2012
p60_wind_g07,229,0.6336909194067973,2012
p60_wind_g07,230,0.3416215669884297,2012
p60_wind_g07,231,0.5184986381312564,2012
p60_wind_g07,232,0.34524546430096986,2012
p60_wind_g07,233,0.4762892330302676,2012
p60_wind_g07,234,0.3014862703320045,2012
p60_wind_g07,235,0.37531722089152386,2012
p60_wind_g07,236,0.48275920089181706,2012
p60_wind_g07,237,0.43514676689465503,2012
p60_wind_g07,238,0.588298313840478,2012
p60_wind_g07,239,0.447577901504213,2012
p60_wind_g07,240,0.6067684619842807,2012
p60_wind_g08,1,0.5913156003323339,2012
p60_wind_g08,2,0.17919120842906383,2012
p60_wind_g08,3,0.5893933861124099,2012
p60_wind_g08,4,0.31487500826187165,2012
p60_wind_g08,5,0.49818036297220786,2012
p60_wind_g08,6,0.22428070441515513,2012
p60_wind_g08,7,0.6911650044322246,2012
p60_wind_g08,8,0.2001440806618771,2012
p60_wind_g08,9,0.5109360149462217,2012
p60_wind_g08,10,0.3694590625678927,2012
p60_wind_g08,11,0.563249833115435,2012
p60_wind_g08,12,0.35224159361032514,2012
p60_wind_g08,13,0.26854088336728243,2012
p60_wind_g08,14,0.3476971480310282,2012
p60_wind_g08,15,0.5350527756198428,2012
p60_wind_g08,16,0.7498330458900887,2012
p60_wind_g08,17,0.39393094266047685,2012
p60_wind_g08,18,0.8423762834719868,2012
p60_wind_g08,19,0.3356315241895619,2012
p60_wind_g08,20,0.6675350965133398,2012
p60_wind_g08,21,0.3517854192764763,2012
p60_wind_g08,22,0.7512317123495498,2012
p60_wind_g08,23,0.3930549526915364,2012
p60_wind_g08,24,0.5238711876813553,2012
p60_wind_g08,25,0.4071548300017293,2012
p60_wind_g08,26,0.7310953204684314,2012
p60_wind_g08,27,0.49677485033616026,2012
p60_wind_g08,28,0.6889360210877647,2012
p60_wind_g08,29,0.29144022556663246,2012
p60_wind_g08,30,0.29717785687464376,2012
p60_wind_g08,31,0.5237754569014961,2012
p60_wind_g08,32,0.5011754562873697,2012
p60_wind_g08,33,0.6580222050906769,2012
p60_wind_g08,34,0.5412243390040696,2012
p60_wind_g08,35,0.7975835659226821,2012
p60_wind_g08,36,0.42378682867475065,2012
p60_wind_g08,37,0.8200317067970462,2012
p60_wind_g08,38,0.32983019239796496,2012
p60_wind_g08,39,0.79359994901198,2012
p60_wind_g08,40,0.24904305253985562,2012
p60_wind_g08,41,1.0,2012
p60_wind_g08,42,0.40906133643894016,2012
p60_wind_g08,43,0.650191198401952,2012
p60_wind_g08,44,0.4039077273922527,2012
p60_wind_g08,45,0.44582521688607235,2012
p60_wind_g08,46,0.34970517947895663,2012
p60_wind_g08,47,0.6121539439600376,2012
p60_wind_g08,48,0.4672365909194785,2012
p60_wind_g08,49,0.7901496066771917,2012
p60_wind_g08,50,0.4998389037344064,2012
p60_wind_g08,51,0.29983512145634345,2012
p60_wind_g08,52,0.6626973632022283,2012
p60_wind_g08,53,0.5492406167367082,2012
p60_wind_g08,54,0.6591610528764363,2012
p60_wind_g08,55,0.3912017839579785,2012
p60_wind_g08,56,1.0,2012
p60_wind_g08,57,0.4434205525826054,2012
p60_wind_g08,58,0.999432518993379,2012
p60_wind_g08,59,0.2798389194643909,2012
p60_wind_g08,60,1.0,2012
p60_wind_g08,61,0.38282953696959904,2012
p60_wind_g08,62,0.5997430057065162,2012
p60_wind_g08,63,0.41665947593028296,2012
p60_wind_g08,64,0.7900920575078295,2012
p60_wind_g08,65,0.3269051896852187,2012
p60_wind_g08,66,0.3692739016127117,2012
p60_wind_g08,67,0.3666703709557657,2012
p60_wind_g08,68,0.4080755123774417,2012
p60_wind_g08,69,0.3853875243782456,2012
p60_wind_g08,70,0.374115026143278,2012
p60_wind_g08,71,0.6803167228010262,2012
p60_wind_g08,72,0.6261788481557655,2012
p60_wind_g08,73,0.6540131466289412,2012
p60_wind_g08,74,0.48122213931083324,2012
p60_wind_g08,75,0.8348559105053293,2012
p60_wind_g08,76,0.4069095355912592,2012
p60_wind_g08,77,0.5959153060628662,2012
p60_wind_g08,78,0.35409822977190303,2012
p60_wind_g08,79,0.8355687964950943,2012
p60_wind_g08,80,0.517610175308017,2012
p60_wind_g08,81,0.593423298449108,2012
p60_wind_g08,82,0.4895764832607141,2012
p60_wind_g08,83,0.5896387544600615,2012
p60_wind_g08,84,0.36748025367467446,2012
p60_wind_g08,85,0.8782155034220276,2012
p60_wind_g08,86,0.4055787387546394,2012
p60_wind_g08,87,0.6172150428373814,2012
p60_wind_g08,88,0.44529862226977474,2012
p60_wind_g08,89,0.6621297613352694,2012
p60_wind_g08,90,0.9680723525519607,2012
p60_wind_g08,91,0.34206693734934285,2012
p60_wind_g08,92,1.0,2012
p60_wind_g08,93,0.41848477008899937,2012
p60_wind_g08,94,0.7353213136342973,2012
p60_wind_g08,95,0.3912342987412124,2012
p60_wind_g08,96,0.6312241553975118,2012
p60_wind_g08,97,0.19589972501408356,2012
p60_wind_g08,98,0.8203168699845572,2012
p60_wind_g08,99,0.494703598921939,2012
p60_wind_g08,100,0.5165518080265202,2012
p60_wind_g08,101,0.30498403879651237,2012
p60_wind_g08,102,0.6440625636943331,2012
p60_wind_g08,103,0.6455345972584677,2012
p60_wind_g08,104,0.36980257568453145,2012
p60_wind_g08,105,0.33124398642879294,2012
p60_wind_g08,106,0.524431959362438,2012
p60_wind_g08,107,0.46350640369621293,2012
p60_wind_g08,108,0.4291842423834863,2012
p60_wind_g08,109,0.7885829299847257,2012
p60_wind_g08,110,0.5094609501638855,2012
p60_wind_g08,111,0.7132433545191825,2012
p60_wind_g08,112,0.30001998077777775,2012
p60_wind_g08,113,0.40002635671428594,2012
p60_wind_g08,114,0.44300036453519603,2012
p60_wind_g08,115,0.6354465448097362,2012
p60_wind_g08,116,0.4662169876339539,2012
p60_wind_g08,117,0.3820125709308646,2012
p60_wind_g08,118,0.4704740039704964,2012
p60_wind_g08,119,0.41870970655373496,2012
p60_wind_g08,120,0.4131583215106598,2012
p60_wind_g08,121,0.424960430169427,2012
p60_wind_g08,122,0.5208126947709113,2012
p60_wind_g08,123,0.5581722643939606,2012
p60_wind_g08,124,0.5414039674134246,2012
p60_wind_g08,125,0.5515174811790137,2012
p60_wind_g08,126,0.28673367023707125,2012
p60_wind_g08,127,0.30181182476154805,2012
p60_wind_g08,128,0.6659803338199588,2012
p60_wind_g08,129,0.3911655120315343,2012
p60_wind_g08,130,0.5882875120637445,2012
p60_wind_g08,131,0.2318936326518532,2012
p60_wind_g08,132,0.6733506536371716,2012
p60_wind_g08,133,0.3249067329951508,2012
p60_wind_g08,134,0.7817427645605682,2012
p60_wind_g08,135,0.4161970291942193,2012
p60_wind_g08,136,0.34396741187993257,2012
p60_wind_g08,137,0.20888544391030633,2012
p60_wind_g08,138,0.6311212998154825,2012
p60_wind_g08,139,0.24736707664947585,2012
p60_wind_g08,140,0.6335205098228868,2012
p60_wind_g08,141,0.3492013685325997,2012
p60_wind_g08,142,0.456354733790173,2012
p60_wind_g08,143,0.38230794448592664,2012
p60_wind_g08,144,0.4337790514043557,2012
p60_wind_g08,145,0.4379281597043678,2012
p60_wind_g08,146,0.39792884896108505,2012
p60_wind_g08,147,0.524453456082276,2012
p60_wind_g08,148,0.1646085908763695,2012
p60_wind_g08,149,0.4197385650834664,2012
p60_wind_g08,150,0.23590596510560355,2012
p60_wind_g08,151,0.3353391409539816,2012
p60_wind_g08,152,0.2089585365112259,2012
p60_wind_g08,153,0.47323490891843795,2012
p60_wind_g08,154,0.26876001422132634,2012
p60_wind_g08,155,0.5042784435689048,2012
p60_wind_g08,156,0.20553717057179427,2012
p60_wind_g08,157,0.3669460872987402,2012
p60_wind_g08,158,0.3044878909391691,2012
p60_wind_g08,159,0.3681736737395401,2012
p60_wind_g08,160,0.18877864157446078,2012
p60_wind_g08,161,0.3898694731835819,2012
p60_wind_g08,162,0.2192330643379183,2012
p60_wind_g08,163,0.3169590131467232,2012
p60_wind_g08,164,0.3447229220365962,2012
p60_wind_g08,165,0.18127290217761066,2012
p60_wind_g08,166,0.30151011570515984,2012
p60_wind_g08,167,0.1581034281554121,2012
p60_wind_g08,168,0.5707739116780778,2012
p60_wind_g08,169,0.15213588575515347,2012
p60_wind_g08,170,0.25467020334389795,2012
p60_wind_g08,171,0.26326431822826113,2012
p60_wind_g08,172,0.23773326571137315,2012
p60_wind_g08,173,0.24230749726995637,2012
p60_wind_g08,174,0.5523041146733265,2012
p60_wind_g08,175,0.2803851386827509,2012
p60_wind_g08,176,0.5287946153369069,2012
p60_wind_g08,177,0.3075133866494822,2012
p60_wind_g08,178,0.1958277966997384,2012
p60_wind_g08,179,0.41233700407041246,2012
p60_wind_g08,180,0.29909009694267724,2012
p60_wind_g08,181,0.2151749588213984,2012
p60_wind_g08,182,0.33282858564675777,2012
p60_wind_g08,183,0.2745324156003221,2012
p60_wind_g08,184,0.22265966907217039,2012
p60_wind_g08,185,0.28078971086683163,2012
p60_wind_g08,186,0.2081674585398452,2012
p60_wind_g08,187,0.5157777796590599,2012
p60_wind_g08,188,0.11344499187906731,2012
p60_wind_g08,189,0.5082627066126207,2012
p60_wind_g08,190,0.21822888440913665,2012
p60_wind_g08,191,0.44073263948908653,2012
p60_wind_g08,192,0.2423443759710832,2012
p60_wind_g08,193,0.23507864285976543,2012
p60_wind_g08,194,0.19742351263578964,2012
p60_wind_g08,195,0.3667870506570814,2012
p60_wind_g08,196,0.3795203238406772,2012
p60_wind_g08,197,0.35132638502117663,2012
p60_wind_g08,198,0.222840774087801,2012
p60_wind_g08,199,0.39110754820835786,2012
p60_wind_g08,200,0.4486733777179783,2012
p60_wind_g08,201,0.2546141946574955,2012
p60_wind_g08,202,0.4611778161635767,2012
p60_wind_g08,203,0.18551683919352122,2012
p60_wind_g08,204,0.46937327978203075,2012
p60_wind_g08,205,0.16820620968965852,2012
p60_wind_g08,206,0.39773256536138213,2012
p60_wind_g08,207,0.2171279748280825,2012
p60_wind_g08,208,0.3973975466588582,2012
p60_wind_g08,209,0.21081558230352573,2012
p60_wind_g08,210,0.25997208413023226,2012
p60_wind_g08,211,0.2456464814135523,2012
p60_wind_g08,212,0.3130013881575021,2012
p60_wind_g08,213,0.372351319664423,2012
p60_wind_g08,214,0.31073831167877786,2012
p60_wind_g08,215,0.1894216375487383,2012
p60_wind_g08,216,0.4146843267645255,2012
p60_wind_g08,217,0.39971545670236763,2012
p60_wind_g08,218,0.18725537432807215,2012
p60_wind_g08,219,0.39005400613638297,2012
p60_wind_g08,220,0.2607827303959021,2012
p60_wind_g08,221,0.498484556550223,2012
p60_wind_g08,222,0.2842347507019608,2012
p60_wind_g08,223,0.46893625839968733,2012
p60_wind_g08,224,0.13937771452476033,2012
p60_wind_g08,225,0.6197364568352413,2012
p60_wind_g08,226,0.31970605653291684,2012
p60_wind_g08,227,0.6275893311512211,2012
p60_wind_g08,228,0.17942083771633777,2012
p60_wind_g08,229,0.6377518737804271,2012
p60_wind_g08,230,0.25833229422395265,2012
p60_wind_g08,231,0.5082960418608378,2012
p60_wind_g08,232,0.4700875297520373,2012
p60_wind_g08,233,0.35696439321893253,2012
p60_wind_g08,234,0.530160622883421,2012
p60_wind_g08,235,0.3673182242439942,2012
p60_wind_g08,236,0.25321725158161823,2012
p60_wind_g08,237,0.2596745919170122,2012
p60_wind_g08,238,0.5653211581174034,2012
p60_wind_g08,239,0.26178790161376353,2012
p60_wind_g08,240,0.6201527886506437,2012
p60_wind_g09,1,0.681628080779555,2012
p60_wind_g09,2,0.26288585662657205,2012
p60_wind_g09,3,0.45185649494623975,2012
p60_wind_g09,4,0.3635646244734338,2012
p60_wind_g09,5,0.47977162129934187,2012
p60_wind_g09,6,0.29719025082333983,2012
p60_wind_g09,7,0.381265357194879,2012
p60_wind_g09,8,0.4745155401823461,2012
p60_wind_g09,9,0.4381905618968785,2012
p60_wind_g09,10,0.21142599397683928,2012
p60_wind_g09,11,0.26715891797674624,2012
p60_wind_g09,12,0.4846614011827567,2012
p60_wind_g09,13,0.39563972876662745,2012
p60_wind_g09,14,0.4610544639048761,2012
p60_wind_g09,15,0.40475626815932636,2012
p60_wind_g09,16,0.5159486499482919,2012
p60_wind_g09,17,0.4176327214713306,2012
p60_wind_g09,18,0.3509498699310699,2012
p60_wind_g09,19,0.37432972824585475,2012
p60_wind_g09,20,0.3855950149375163,2012
p60_wind_g09,21,0.24598961756785406,2012
p60_wind_g09,22,0.3491214932784724,2012
p60_wind_g09,23,0.2724760963006144,2012
p60_wind_g09,24,0.36814131373618536,2012
p60_wind_g09,25,0.3294955399426521,2012
p60_wind_g09,26,0.42426433903240013,2012
p60_wind_g09,27,0.5423391262939156,2012
p60_wind_g09,28,0.657197731776624,2012
p60_wind_g09,29,0.30043810234706375,2012
p60_wind_g09,30,0.5251558164525645,2012
p60_wind_g09,31,0.34287181268867606,2012
p60_wind_g09,32,0.5871872755205182,2012
p60_wind_g09,33,0.7195539333865463,2012
p60_wind_g09,34,0.48872180998427506,2012
p60_wind_g09,35,0.4447620838894569,2012
p60_wind_g09,36,0.3143019085909533,2012
p60_wind_g09,37,0.4215860176179706,2012
p60_wind_g09,38,0.2712531989503105,2012
p60_wind_g09,39,0.47726304536592823,2012
p60_wind_g09,40,0.2897331546985813,2012
p60_wind_g09,41,0.675689129407717,2012
p60_wind_g09,42,0.20386068204116636,2012
p60_wind_g09,43,0.5559542338530482,2012
p60_wind_g09,44,0.44395297541745476,2012
p60_wind_g09,45,0.8868087498844432,2012
p60_wind_g09,46,0.3224345014628147,2012
p60_wind_g09,47,0.3648823011844588,2012
p60_wind_g09,48,0.5425004356162922,2012
p60_wind_g09,49,0.6860140635898376,2012
p60_wind_g09,50,0.6452373197233074,2012
p60_wind_g09,51,0.6219190078632402,2012
p60_wind_g09,52,0.8672324444332693,2012
p60_wind_g09,53,0.3319446639563334,2012
p60_wind_g09,54,0.9759445551797117,2012
p60_wind_g09,55,0.5568447156514751,2012
p60_wind_g09,56,0.870027558913226,2012
p60_wind_g09,57,0.22696091320297357,2012
p60_wind_g09,58,0.9387291560873083,2012
p60_wind_g09,59,0.35789649469554113,2012
p60_wind_g09,60,0.7730328731452291,2012
p60_wind_g09,61,0.45405349748543644,2012
p60_wind_g09,62,0.42839883585239313,2012
p60_wind_g09,63,0.5741111138889329,2012
p60_wind_g09,64,0.6130466277976179,2012
p60_wind_g09,65,0.7000163920475022,2012
p60_wind_g09,66,0.49030297334376777,2012
p60_wind_g09,67,0.6997141469153738,2012
p60_wind_g09,68,0.3523415590974492,2012
p60_wind_g09,69,0.803896532428408,2012
p60_wind_g09,70,0.2952393207091808,2012
p60_wind_g09,71,0.8682462951560085,2012
p60_wind_g09,72,0.5534834959464874,2012
p60_wind_g09,73,0.8458121389407843,2012
p60_wind_g09,74,0.3500236284125154,2012
p60_wind_g09,75,0.6121502288783072,2012
p60_wind_g09,76,0.3816464679219754,2012
p60_wind_g09,77,0.553675393204904,2012
p60_wind_g09,78,0.3557090818842948,2012
p60_wind_g09,79,0.4429588588791892,2012
p60_wind_g09,80,0.5242462903654882,2012
p60_wind_g09,81,0.6803852973951829,2012
p60_wind_g09,82,0.33510613285915847,2012
p60_wind_g09,83,0.47824243041523407,2012
p60_wind_g09,84,0.40752858882415816,2012
p60_wind_g09,85,0.8704869848795068,2012
p60_wind_g09,86,0.6664661831297186,2012
p60_wind_g09,87,0.47783383909925503,2012
p60_wind_g09,88,0.5514006073751313,2012
p60_wind_g09,89,0.4849017332731783,2012
p60_wind_g09,90,0.8253162099282195,2012
p60_wind_g09,91,0.25935753391223854,2012
p60_wind_g09,92,0.40799928612603664,2012
p60_wind_g09,93,0.27373530677146624,2012
p60_wind_g09,94,0.5129081157838161,2012
p60_wind_g09,95,0.3499711964309024,2012
p60_wind_g09,96,0.42803542576808684,2012
p60_wind_g09,97,0.383594820948264,2012
p60_wind_g09,98,0.7292810237926073,2012
p60_wind_g09,99,0.35773928377647735,2012
p60_wind_g09,100,0.7567379986684829,2012
p60_wind_g09,101,0.5671596815293214,2012
p60_wind_g09,102,0.38377517051832866,2012
p60_wind_g09,103,0.2781751381211283,2012
p60_wind_g09,104,0.5674393512978556,2012
p60_wind_g09,105,0.725889091364588,2012
p60_wind_g09,106,0.49684248364512107,2012
p60_wind_g09,107,0.4765971001966967,2012
p60_wind_g09,108,0.4510902145906914,2012
p60_wind_g09,109,0.6847902566998056,2012
p60_wind_g09,110,0.30620511679794515,2012
p60_wind_g09,111,0.8667107237283344,2012
p60_wind_g09,112,0.4659165187648735,2012
p60_wind_g09,113,0.4095564335975899,2012
p60_wind_g09,114,0.2632262757456464,2012
p60_wind_g09,115,0.8951616081096835,2012
p60_wind_g09,116,0.24241831765799485,2012
p60_wind_g09,117,0.7874580479918535,2012
p60_wind_g09,118,0.36958071918737867,2012
p60_wind_g09,119,0.41405246277247304,2012
p60_wind_g09,120,0.4965013181506139,2012
p60_wind_g09,121,0.41268584265223657,2012
p60_wind_g09,122,0.40465444906835696,2012
p60_wind_g09,123,0.6642705459576742,2012
p60_wind_g09,124,0.5011838075126454,2012
p60_wind_g09,125,0.5072825908500769,2012
p60_wind_g09,126,0.34646163019424375,2012
p60_wind_g09,127,0.20539506220202683,2012
p60_wind_g09,128,0.6528767625871478,2012
p60_wind_g09,129,0.2117083812499314,2012
p60_wind_g09,130,0.5672539009747695,2012
p60_wind_g09,131,0.34423057684056585,2012
p60_wind_g09,132,0.7817166857751814,2012
p60_wind_g09,133,0.24438306230765708,2012
p60_wind_g09,134,0.7109722706595224,2012
p60_wind_g09,135,0.35578573244012146,2012
p60_wind_g09,136,0.45169925978694886,2012
p60_wind_g09,137,0.33500320248417415,2012
p60_wind_g09,138,0.3063283342736696,2012
p60_wind_g09,139,0.3195001583881713,2012
p60_wind_g09,140,0.6054132779258292,2012
p60_wind_g09,141,0.4299098630872694,2012
p60_wind_g09,142,0.2827760579714057,2012
p60_wind_g09,143,0.25591417105174546,2012
p60_wind_g09,144,0.18431262385207572,2012
p60_wind_g09,145,0.4463002923592646,2012
p60_wind_g09,146,0.3773311883200486,2012
p60_wind_g09,147,0.5675497615487801,2012
p60_wind_g09,148,0.17903460743816177,2012
p60_wind_g09,149,0.290653549612205,2012
p60_wind_g09,150,0.22397515602037713,2012
p60_wind_g09,151,0.6953929808523288,2012
p60_wind_g09,152,0.3113038358304893,2012
p60_wind_g09,153,0.34619723129352364,2012
p60_wind_g09,154,0.20823532860507019,2012
p60_wind_g09,155,0.35298134030759953,2012
p60_wind_g09,156,0.31033846138387655,2012
p60_wind_g09,157,0.4650314349700523,2012
p60_wind_g09,158,0.326947724738424,2012
p60_wind_g09,159,0.3590004114533966,2012
p60_wind_g09,160,0.3150503414548311,2012
p60_wind_g09,161,0.3334799699381603,2012
p60_wind_g09,162,0.3759425745175106,2012
p60_wind_g09,163,0.34087787560188526,2012
p60_wind_g09,164,0.3730441024799868,2012
p60_wind_g09,165,0.32893195992913615,2012
p60_wind_g09,166,0.5867896999733384,2012
p60_wind_g09,167,0.2795249655635771,2012
p60_wind_g09,168,0.5353599627984714,2012
p60_wind_g09,169,0.13899924903628796,2012
p60_wind_g09,170,0.4606621783198404,2012
p60_wind_g09,171,0.3034211591707842,2012
p60_wind_g09,172,0.2633291116528727,2012
p60_wind_g09,173,0.20108282708745054,2012
p60_wind_g09,174,0.30220441730485426,2012
p60_wind_g09,175,0.35016895682024224,2012
p60_wind_g09,176,0.3534798757748745,2012
p60_wind_g09,177,0.3118664787043019,2012
p60_wind_g09,178,0.3949037114203124,2012
p60_wind_g09,179,0.32902477365493993,2012
p60_wind_g09,180,0.34830986585775453,2012
p60_wind_g09,181,0.3535060101499042,2012
p60_wind_g09,182,0.25803024527343316,2012
p60_wind_g09,183,0.4400010880027884,2012
p60_wind_g09,184,0.2653201306573568,2012
p60_wind_g09,185,0.5180649994595595,2012
p60_wind_g09,186,0.2626126288687669,2012
p60_wind_g09,187,0.5132923824462898,2012
p60_wind_g09,188,0.273133021417805,2012
p60_wind_g09,189,0.43997934901686836,2012
p60_wind_g09,190,0.21445100282186058,2012
p60_wind_g09,191,0.4984825285782627,2012
p60_wind_g09,192,0.2825476127572713,2012
p60_wind_g09,193,0.48518937552474345,2012
p60_wind_g09,194,0.2471298624481374,2012
p60_wind_g09,195,0.33984253985795454,2012
p60_wind_g09,196,0.3859386601205858,2012
p60_wind_g09,197,0.2250621453084248,2012
p60_wind_g09,198,0.3361681574534243,2012
p60_wind_g09,199,0.3024889399520662,2012
p60_wind_g09,200,0.44541552427672854,2012
p60_wind_g09,201,0.29952220591387435,2012
p60_wind_g09,202,0.27094307143326507,2012
p60_wind_g09,203,0.19742348380778071,2012
p60_wind_g09,204,0.34088882645559904,2012
p60_wind_g09,205,0.18405884445546034,2012
p60_wind_g09,206,0.5749185723590345,2012
p60_wind_g09,207,0.15295188180878572,2012
p60_wind_g09,208,0.2454466085143591,2012
p60_wind_g09,209,0.15530744838901553,2012
p60_wind_g09,210,0.23969015904050278,2012
p60_wind_g09,211,0.29255282524589427,2012
p60_wind_g09,212,0.42083419331960215,2012
p60_wind_g09,213,0.35606427301849414,2012
p60_wind_g09,214,0.38286292506610275,2012
p60_wind_g09,215,0.22803097208498735,2012
p60_wind_g09,216,0.23104671985167854,2012
p60_wind_g09,217,0.3954455347698434,2012
p60_wind_g09,218,0.1662494760004955,2012
p60_wind_g09,219,0.4800600425415715,2012
p60_wind_g09,220,0.34977510838804987,2012
p60_wind_g09,221,0.515582027792115,2012
p60_wind_g09,222,0.351610389996463,2012
p60_wind_g09,223,0.3393815858029078,2012
p60_wind_g09,224,0.19545246303925018,2012
p60_wind_g09,225,0.6205237871153879,2012
p60_wind_g09,226,0.20747930146678736,2012
p60_wind_g09,227,0.4690773173545377,2012
p60_wind_g09,228,0.14819714578588433,2012
p60_wind_g09,229,0.43971139721052277,2012
p60_wind_g09,230,0.2949400659749301,2012
p60_wind_g09,231,0.26005830697349736,2012
p60_wind_g09,232,0.32978143758731077,2012
p60_wind_g09,233,0.3852212969585253,2012
p60_wind_g09,234,0.4819620479622852,2012
p60_wind_g09,235,0.23832597604060904,2012
p60_wind_g09,236,0.3064719138389874,2012
p60_wind_g09,237,0.29864583392244615,2012
p60_wind_g09,238,0.6364321676792238,2012
p60_wind_g09,239,0.32208091546471457,2012
p60_wind_g09,240,0.5742746597761149,2012
p60_wind_g10,1,0.43696518805621215,2012
p60_wind_g10,2,0.17954212541394599,2012
p60_wind_g10,3,0.6927157321811708,2012
p60_wind_g10,4,0.3263999387489482,2012
p60_wind_g10,5,0.38980536280505496,2012
p60_wind_g10,6,0.16320405578779137,2012
p60_wind_g10,7,0.6558673813733151,2012
p60_wind_g10,8,0.179459334239046,2012
p60_wind_g10,9,0.40244723984218816,2012
p60_wind_g10,10,0.3584939264028568,2012
p60_wind_g10,11,0.5020810080901629,2012
p60_wind_g10,12,0.4726572218520581,2012
p60_wind_g10,13,0.3762231924663126,2012
p60_wind_g10,14,0.46397174746162456,2012
p60_wind_g10,15,0.2792482044067377,2012
p60_wind_g10,16,0.609138214128417,2012
p60_wind_g10,17,0.22712577710823437,2012
p60_wind_g10,18,0.3357393783868038,2012
p60_wind_g10,19,0.22832823655068887,2012
p60_wind_g10,20,0.459390602168887,2012
p60_wind_g10,21,0.18440136229894,2012
p60_wind_g10,22,0.5360793795327164,2012
p60_wind_g10,23,0.20911200466517885,2012
p60_wind_g10,24,0.38601821548797743,2012
p60_wind_g10,25,0.4128772909010769,2012
p60_wind_g10,26,0.4036863977173506,2012
p60_wind_g10,27,0.3433620262429609,2012
p60_wind_g10,28,0.6332604242297324,2012
p60_wind_g10,29,0.315356297261382,2012
p60_wind_g10,30,0.36196728898999125,2012
p60_wind_g10,31,0.4297344167317532,2012
p60_wind_g10,32,0.25422018610610614,2012
p60_wind_g10,33,0.3977315720501168,2012
p60_wind_g10,34,0.34002795677741854,2012
p60_wind_g10,35,0.7686998746670595,2012
p60_wind_g10,36,0.35209141552148565,2012
p60_wind_g10,37,0.7758288255850107,2012
p60_wind_g10,38,0.2992568332818916,2012
p60_wind_g10,39,0.4891729023603612,2012
p60_wind_g10,40,0.25814588081698164,2012
p60_wind_g10,41,0.5674055705572728,2012
p60_wind_g10,42,0.44157837175086884,2012
p60_wind_g10,43,0.6746078217715352,2012
p60_wind_g10,44,0.2851537146049799,2012
p60_wind_g10,45,0.44650303333497937,2012
p60_wind_g10,46,0.552884311065957,2012
p60_wind_g10,47,0.638861904629715,2012
p60_wind_g10,48,0.5211629554225183,2012
p60_wind_g10,49,0.4719536810945089,2012
p60_wind_g10,50,0.6734378532700692,2012
p60_wind_g10,51,0.3947620267435963,2012
p60_wind_g10,52,0.30833831969656106,2012
p60_wind_g10,53,0.24371786100622325,2012
p60_wind_g10,54,0.44238037852926976,2012
p60_wind_g10,55,0.49529269416865324,2012
p60_wind_g10,56,0.5196909201965316,2012
p60_wind_g10,57,0.3251501348975162,2012
p60_wind_g10,58,0.4144132425382052,2012
p60_wind_g10,59,0.3168691222529432,2012
p60_wind_g10,60,0.3830379593922434,2012
p60_wind_g10,61,0.3438494460397597,2012
p60_wind_g10,62,0.39125762733045255,2012
p60_wind_g10,63,0.3084761606344825,2012
p60_wind_g10,64,0.6695474920283068,2012
p60_wind_g10,65,0.27201501658590743,2012
p60_wind_g10,66,0.6816664422399685,2012
p60_wind_g10,67,0.6349329593129504,2012
p60_wind_g10,68,0.6175074798641167,2012
p60_wind_g10,69,0.3424000192981368,2012
p60_wind_g10,70,0.422053598590715,2012
p60_wind_g10,71,0.544805420821609,2012
p60_wind_g10,72,0.4746842642444975,2012
p60_wind_g10,73,0.6295289900027226,2012
p60_wind_g10,74,0.5004732808168305,2012
p60_wind_g10,75,0.5784324218840539,2012
p60_wind_g10,76,0.27310515854051076,2012
p60_wind_g10,77,0.6283528257718083,2012
p60_wind_g10,78,0.43847327100998773,2012
p60_wind_g10,79,0.837271716307482,2012
p60_wind_g10,80,0.22337027199780982,2012
p60_wind_g10,81,0.7323885415866768,2012
p60_wind_g10,82,0.31444164360258997,2012
p60_wind_g10,83,0.4439400489456693,2012
p60_wind_g10,84,0.4397388789976178,2012
p60_wind_g10,85,0.7228540494254143,2012
p60_wind_g10,86,0.5106016167882967,2012
p60_wind_g10,87,0.5040074413548356,2012
p60_wind_g10,88,0.5923522160248587,2012
p60_wind_g10,89,0.5625092352211719,2012
p60_wind_g10,90,0.8317251173916382,2012
p60_wind_g10,91,0.42527381820305893,2012
p60_wind_g10,92,0.3499331636346548,2012
p60_wind_g10,93,0.36563984599758204,2012
p60_wind_g10,94,0.5954407363307971,2012
p60_wind_g10,95,0.28979935321245315,2012
p60_wind_g10,96,0.5028052608216428,2012
p60_wind_g10,97,0.44437315008900513,2012
p60_wind_g10,98,0.4233058204115379,2012
p60_wind_g10,99,0.47017888556354953,2012
p60_wind_g10,100,0.705137274828422,2012
p60_wind_g10,101,0.4450845320857051,2012
p60_wind_g10,102,0.37059281204223515,2012
p60_wind_g10,103,0.24376596173882498,2012
p60_wind_g10,104,0.5758304510484202,2012
p60_wind_g10,105,0.5083959192762231,2012
p60_wind_g10,106,0.3085656365687492,2012
p60_wind_g10,107,0.5419426812222564,2012
p60_wind_g10,108,0.47403471438397865,2012
p60_wind_g10,109,0.5494905772919884,2012
p60_wind_g10,110,0.40277590909804245,2012
p60_wind_g10,111,0.7464887971323821,2012
p60_wind_g10,112,0.19714948817807562,2012
p60_wind_g10,113,0.47203097432184293,2012
p60_wind_g10,114,0.22200031627620087,2012
p60_wind_g10,115,0.6825674244977495,2012
p60_wind_g10,116,0.33213459143705715,2012
p60_wind_g10,117,0.6121760705476809,2012
p60_wind_g10,118,0.41309779314054207,2012
p60_wind_g10,119,0.6535168528547673,2012
p60_wind_g10,120,0.3145031479605343,2012
p60_wind_g10,121,0.4195992965036917,2012
p60_wind_g10,122,0.20358230982431655,2012
p60_wind_g10,123,0.49381998587355524,2012
p60_wind_g10,124,0.30582693021156765,2012
p60_wind_g10,125,0.2561288125418684,2012
p60_wind_g10,126,0.6433796937631728,2012
p60_wind_g10,127,0.21473650505960518,2012
p60_wind_g10,128,0.560079203600188,2012
p60_wind_g10,129,0.2551357726813607,2012
p60_wind_g10,130,0.3204282553593943,2012
p60_wind_g10,131,0.31601125342291236,2012
p60_wind_g10,132,0.586641859883415,2012
p60_wind_g10,133,0.24538431939555475,2012
p60_wind_g10,134,0.6052481505497084,2012
p60_wind_g10,135,0.35220315485261394,2012
p60_wind_g10,136,0.5681574786090754,2012
p60_wind_g10,137,0.23852122458035616,2012
p60_wind_g10,138,0.5981205974644564,2012
p60_wind_g10,139,0.2237294905249695,2012
p60_wind_g10,140,0.26397283778318686,2012
p60_wind_g10,141,0.29799464681060767,2012
p60_wind_g10,142,0.4457265084706847,2012
p60_wind_g10,143,0.267865624796661,2012
p60_wind_g10,144,0.30323869023501837,2012
p60_wind_g10,145,0.3890396568295815,2012
p60_wind_g10,146,0.15500327486118098,2012
p60_wind_g10,147,0.5424700462209384,2012
p60_wind_g10,148,0.14671556890231718,2012
p60_wind_g10,149,0.4674136318685915,2012
p60_wind_g10,150,0.17634804326478645,2012
p60_wind_g10,151,0.5072890899232344,2012
p60_wind_g10,152,0.2820644449202743,2012
p60_wind_g10,153,0.4299530713164798,2012
p60_wind_g10,154,0.26696756351498757,2012
p60_wind_g10,155,0.45890476027115346,2012
p60_wind_g10,156,0.2530396153101162,2012
p60_wind_g10,157,0.37556515490356696,2012
p60_wind_g10,158,0.2374530609047719,2012
p60_wind_g10,159,0.34345147005268706,2012
p60_wind_g10,160,0.4176739437451548,2012
p60_wind_g10,161,0.15598399825245363,2012
p60_wind_g10,162,0.21124956202507578,2012
p60_wind_g10,163,0.2554837173615049,2012
p60_wind_g10,164,0.22891555457537036,2012
p60_wind_g10,165,0.19507155319953853,2012
p60_wind_g10,166,0.29418127354451107,2012
p60_wind_g10,167,0.23086472547946038,2012
p60_wind_g10,168,0.22959981773073987,2012
p60_wind_g10,169,0.25174803713524113,2012
p60_wind_g10,170,0.5334641753434881,2012
p60_wind_g10,171,0.1910116135237652,2012
p60_wind_g10,172,0.27799151396871646,2012
p60_wind_g10,173,0.2974538587215063,2012
p60_wind_g10,174,0.36197799590325935,2012
p60_wind_g10,175,0.2432580343241113,2012
p60_wind_g10,176,0.2804855949704977,2012
p60_wind_g10,177,0.325195761445415,2012
p60_wind_g10,178,0.29848775364451935,2012
p60_wind_g10,179,0.16571031888437107,2012
p60_wind_g10,180,0.286789208933611,2012
p60_wind_g10,181,0.21656853378228513,2012
p60_wind_g10,182,0.22435590216890225,2012
p60_wind_g10,183,0.3839464785771531,2012
p60_wind_g10,184,0.20354887753163042,2012
p60_wind_g10,185,0.494499641228868,2012
p60_wind_g10,186,0.1710013352258169,2012
p60_wind_g10,187,0.2380747710859223,2012
p60_wind_g10,188,0.1782248985080438,2012
p60_wind_g10,189,0.47583799248471353,2012
p60_wind_g10,190,0.23951031676180787,2012
p60_wind_g10,191,0.2808867990971916,2012
p60_wind_g10,192,0.2459064578544788,2012
p60_wind_g10,193,0.2634408987517191,2012
p60_wind_g10,194,0.25205833193431765,2012
p60_wind_g10,195,0.1884726535986754,2012
p60_wind_g10,196,0.18252069493339093,2012
p60_wind_g10,197,0.29980160293648084,2012
p60_wind_g10,198,0.269196400142025,2012
p60_wind_g10,199,0.2363060410975102,2012
p60_wind_g10,200,0.3268139400318861,2012
p60_wind_g10,201,0.2740757095463671,2012
p60_wind_g10,202,0.27283348995083123,2012
p60_wind_g10,203,0.15103615194483302,2012
p60_wind_g10,204,0.45451016124103766,2012
p60_wind_g10,205,0.11022765663127586,2012
p60_wind_g10,206,0.535073441216819,2012
p60_wind_g10,207,0.20369840049114496,2012
p60_wind_g10,208,0.35109143736146825,2012
p60_wind_g10,209,0.26457074373280454,2012
p60_wind_g10,210,0.3522923158852776,2012
p60_wind_g10,211,0.15568598265252231,2012
p60_wind_g10,212,0.4283885070150009,2012
p60_wind_g10,213,0.24031198359550768,2012
p60_wind_g10,214,0.18581117588272533,2012
p60_wind_g10,215,0.18483332800711796,2012
p60_wind_g10,216,0.37457401527073947,2012
p60_wind_g10,217,0.37755177215104724,2012
p60_wind_g10,218,0.2977235821691928,2012
p60_wind_g10,219,0.2881203203093909,2012
p60_wind_g10,220,0.17242638684951497,2012
p60_wind_g10,221,0.5454280538542563,2012
p60_wind_g10,222,0.26026837033304817,2012
p60_wind_g10,223,0.4482461078118342,2012
p60_wind_g10,224,0.11360804595512765,2012
p60_wind_g10,225,0.5148477272890418,2012
p60_wind_g10,226,0.20058952713703004,2012
p60_wind_g10,227,0.3934014020557659,2012
p60_wind_g10,228,0.13410491611007988,2012
p60_wind_g10,229,0.4461996562580988,2012
p60_wind_g10,230,0.26761823190830397,2012
p60_wind_g10,231,0.25668855211062974,2012
p60_wind_g10,232,0.17562898454052486,2012
p60_wind_g10,233,0.42584928621591883,2012
p60_wind_g10,234,0.43311339910958885,2012
p60_wind_g10,235,0.4522886986003503,2012
p60_wind_g10,236,0.22704077538822354,2012
p60_wind_g10,237,0.20205255116589224,2012
p60_wind_g10,238,0.5705170750668561,2012
p60_wind_g10,239,0.2777896474784204,2012
p60_wind_g10,240,0.6511514108893305,2012
p61_wind_g01,1,0.518180503367009,2012
p61_wind_g01,2,0.2808144445752225,2012
p61_wind_g01,3,0.569399659742675,2012
p61_wind_g01,4,0.2084344204711707,2012
p61_wind_g01,5,0.8525426528938149,2012
p61_wind_g01,6,0.4216138857647826,2012
p61_wind_g01,7,0.5386368846006778,2012
p61_wind_g01,8,0.5182400666213025,2012
p61_wind_g01,9,0.7544267006477531,2012
p61_wind_g01,10,0.6352724135212667,2012
p61_wind_g01,11,0.5212285819668224,2012
p61_wind_g01,12,0.5246646432995306,2012
p61_wind_g01,13,0.643600333069151,2012
p61_wind_g01,14,0.35984045887729543,2012
p61_wind_g01,15,0.4958236290350966,2012
p61_wind_g01,16,0.864610154179236,2012
p61_wind_g01,17,0.5111664604985671,2012
p61_wind_g01,18,0.9897579966800621,2012
p61_wind_g01,19,0.4752830187671559,2012
p61_wind_g01,20,0.5845589150025761,2012
p61_wind_g01,21,0.4162163481257956,2012
p61_wind_g01,22,0.6034790901426746,2012
p61_wind_g01,23,0.3128984117196954,2012
p61_wind_g01,24,0.5754272000072227,2012
p61_wind_g01,25,0.37736504869643905,2012
p61_wind_g01,26,1.0,2012
p61_wind_g01,27,0.36531326041746826,2012
p61_wind_g01,28,0.617063684586635,2012
p61_wind_g01,29,0.562554173073185,2012
p61_wind_g01,30,0.816959002478486,2012
p61_wind_g01,31,0.718022445614105,2012
p61_wind_g01,32,0.5346515101856494,2012
p61_wind_g01,33,0.45119307506292944,2012
p61_wind_g01,34,0.3513247984693206,2012
p61_wind_g01,35,0.6176994663982986,2012
p61_wind_g01,36,0.34969474356990604,2012
p61_wind_g01,37,0.6641463670830587,2012
p61_wind_g01,38,0.41882026252563154,2012
p61_wind_g01,39,0.6198057502538602,2012
p61_wind_g01,40,0.5608172715914799,2012
p61_wind_g01,41,1.0,2012
p61_wind_g01,42,0.5114615851277021,2012
p61_wind_g01,43,1.0,2012
p61_wind_g01,44,0.3772760348589345,2012
p61_wind_g01,45,1.0,2012
p61_wind_g01,46,0.5496113081577562,2012
p61_wind_g01,47,0.4279914661140986,2012
p61_wind_g01,48,0.46156797771821184,2012
p61_wind_g01,49,0.9122053564593927,2012
p61_wind_g01,50,0.6572316166006147,2012
p61_wind_g01,51,0.45183395495982775,2012
p61_wind_g01,52,0.4879313209430176,2012
p61_wind_g01,53,0.340099742735863,2012
p61_wind_g01,54,1.0,2012
p61_wind_g01,55,0.615632506937576,2012
p61_wind_g01,56,0.6778004295324178,2012
p61_wind_g01,57,0.3208621519247365,2012
p61_wind_g01,58,0.617428099500679,2012
p61_wind_g01,59,0.38335702336268046,2012
p61_wind_g01,60,0.75970926741299,2012
p61_wind_g01,61,0.6222438438394571,2012
p61_wind_g01,62,0.7781397940096904,2012
p61_wind_g01,63,0.5629708830752289,2012
p61_wind_g01,64,0.7810839754829909,2012
p61_wind_g01,65,0.4006626393901489,2012
p61_wind_g01,66,0.7542658386774161,2012
p61_wind_g01,67,0.41881414406482503,2012
p61_wind_g01,68,0.4108062875304696,2012
p61_wind_g01,69,0.7367063685092957,2012
p61_wind_g01,70,0.3979311894302338,2012
p61_wind_g01,71,0.7585708193697787,2012
p61_wind_g01,72,0.7714484278402063,2012
p61_wind_g01,73,0.8176788387751246,2012
p61_wind_g01,74,0.683732982597889,2012
p61_wind_g01,75,0.5490676249668945,2012
p61_wind_g01,76,0.34875934369772493,2012
p61_wind_g01,77,1.0,2012
p61_wind_g01,78,0.48046953478546867,2012
p61_wind_g01,79,1.0,2012
p61_wind_g01,80,0.4923575302051686,2012
p61_wind_g01,81,0.9558271276216148,2012
p61_wind_g01,82,0.45079301816172934,2012
p61_wind_g01,83,0.6039641158449054,2012
p61_wind_g01,84,0.8316821721310369,2012
p61_wind_g01,85,0.7500790631844255,2012
p61_wind_g01,86,0.6630862759997082,2012
p61_wind_g01,87,0.6805378450713864,2012
p61_wind_g01,88,1.0,2012
p61_wind_g01,89,0.33606391627984056,2012
p61_wind_g01,90,0.6762903618900977,2012
p61_wind_g01,91,0.6045046837988524,2012
p61_wind_g01,92,1.0,2012
p61_wind_g01,93,0.5371823914432367,2012
p61_wind_g01,94,0.9053689481819783,2012
p61_wind_g01,95,0.47593201542771363,2012
p61_wind_g01,96,0.6009558110934954,2012
p61_wind_g01,97,0.558169582625121,2012
p61_wind_g01,98,1.0,2012
p61_wind_g01,99,0.596578219429927,2012
p61_wind_g01,100,0.6721711605754814,2012
p61_wind_g01,101,0.5691839523082607,2012
p61_wind_g01,102,0.9533173826706041,2012
p61_wind_g01,103,0.32446384932820316,2012
p61_wind_g01,104,0.8182853261936064,2012
p61_wind_g01,105,0.7742989729806777,2012
p61_wind_g01,106,0.6868179580626108,2012
p61_wind_g01,107,0.5441280725592375,2012
p61_wind_g01,108,0.7544057336662685,2012
p61_wind_g01,109,1.0,2012
p61_wind_g01,110,0.508733265540236,2012
p61_wind_g01,111,0.6361221505740995,2012
p61_wind_g01,112,0.2721287053013981,2012
p61_wind_g01,113,0.665914388245802,2012
p61_wind_g01,114,0.33470889237857826,2012
p61_wind_g01,115,1.0,2012
p61_wind_g01,116,0.3574151824441927,2012
p61_wind_g01,117,0.9629017449643127,2012
p61_wind_g01,118,0.4180238135094892,2012
p61_wind_g01,119,0.6749363048934124,2012
p61_wind_g01,120,0.443172698556628,2012
p61_wind_g01,121,0.43806138612851353,2012
p61_wind_g01,122,0.29672602253901564,2012
p61_wind_g01,123,0.49610367792589655,2012
p61_wind_g01,124,0.41292500243401514,2012
p61_wind_g01,125,0.40241401359134815,2012
p61_wind_g01,126,0.5931603237024221,2012
p61_wind_g01,127,0.47611124092016954,2012
p61_wind_g01,128,0.7869753798906662,2012
p61_wind_g01,129,0.3607357717932691,2012
p61_wind_g01,130,0.4586443388566978,2012
p61_wind_g01,131,0.20667336128897743,2012
p61_wind_g01,132,0.796165174741226,2012
p61_wind_g01,133,0.3431003722763284,2012
p61_wind_g01,134,0.5696415517797266,2012
p61_wind_g01,135,0.34782315939165814,2012
p61_wind_g01,136,0.5417716037258696,2012
p61_wind_g01,137,0.4639162454510144,2012
p61_wind_g01,138,0.5689320661148981,2012
p61_wind_g01,139,0.226696994193252,2012
p61_wind_g01,140,0.46064430229144726,2012
p61_wind_g01,141,0.6489533832409021,2012
p61_wind_g01,142,0.5724706268799422,2012
p61_wind_g01,143,0.5041068889038912,2012
p61_wind_g01,144,0.43388634093919815,2012
p61_wind_g01,145,0.3960793028819571,2012
p61_wind_g01,146,0.26370001236114476,2012
p61_wind_g01,147,0.6659587572530454,2012
p61_wind_g01,148,0.3471750333469754,2012
p61_wind_g01,149,0.7796953842144929,2012
p61_wind_g01,150,0.24935317306546376,2012
p61_wind_g01,151,0.6195770373168424,2012
p61_wind_g01,152,0.4089947821340392,2012
p61_wind_g01,153,0.7413989253333317,2012
p61_wind_g01,154,0.17605105137721058,2012
p61_wind_g01,155,0.6842272008010196,2012
p61_wind_g01,156,0.3865073172187967,2012
p61_wind_g01,157,0.6904125913595895,2012
p61_wind_g01,158,0.5034034457284213,2012
p61_wind_g01,159,0.641313521291621,2012
p61_wind_g01,160,0.5704117429774299,2012
p61_wind_g01,161,0.2461439669690302,2012
p61_wind_g01,162,0.32120226932697754,2012
p61_wind_g01,163,0.28621074106940336,2012
p61_wind_g01,164,0.37078507228946295,2012
p61_wind_g01,165,0.32972901758284573,2012
p61_wind_g01,166,0.3488013160311116,2012
p61_wind_g01,167,0.35576878229865866,2012
p61_wind_g01,168,0.43344904039644305,2012
p61_wind_g01,169,0.3133456631042278,2012
p61_wind_g01,170,0.6837692049750743,2012
p61_wind_g01,171,0.36489643267451843,2012
p61_wind_g01,172,0.39773534452735054,2012
p61_wind_g01,173,0.37306404022786505,2012
p61_wind_g01,174,0.38388320895318756,2012
p61_wind_g01,175,0.45110736405836543,2012
p61_wind_g01,176,0.5240346375492685,2012
p61_wind_g01,177,0.48919831279321113,2012
p61_wind_g01,178,0.2377621521795415,2012
p61_wind_g01,179,0.36998897154929866,2012
p61_wind_g01,180,0.47998962495425784,2012
p61_wind_g01,181,0.42772644371216517,2012
p61_wind_g01,182,0.18964523229368038,2012
p61_wind_g01,183,0.3696188960857388,2012
p61_wind_g01,184,0.14762452169293047,2012
p61_wind_g01,185,0.31598783792400176,2012
p61_wind_g01,186,0.19295703738433032,2012
p61_wind_g01,187,0.5533871235856369,2012
p61_wind_g01,188,0.2793467720412896,2012
p61_wind_g01,189,0.38775824929691377,2012
p61_wind_g01,190,0.1586207546200855,2012
p61_wind_g01,191,0.523788685634938,2012
p61_wind_g01,192,0.3089810449065948,2012
p61_wind_g01,193,0.40890322173912813,2012
p61_wind_g01,194,0.320761169606999,2012
p61_wind_g01,195,0.4829387461565253,2012
p61_wind_g01,196,0.22005747757655808,2012
p61_wind_g01,197,0.2621697236251947,2012
p61_wind_g01,198,0.3413938952796692,2012
p61_wind_g01,199,0.40339778855298003,2012
p61_wind_g01,200,0.30772291991675366,2012
p61_wind_g01,201,0.273471991287311,2012
p61_wind_g01,202,0.6687750803262955,2012
p61_wind_g01,203,0.2158287225174339,2012
p61_wind_g01,204,0.3180609415757544,2012
p61_wind_g01,205,0.25320130235211824,2012
p61_wind_g01,206,0.36526647321233685,2012
p61_wind_g01,207,0.2633726429291957,2012
p61_wind_g01,208,0.3663834831382918,2012
p61_wind_g01,209,0.3032664063742307,2012
p61_wind_g01,210,0.7189322404307676,2012
p61_wind_g01,211,0.4057643781791616,2012
p61_wind_g01,212,0.3078674341034235,2012
p61_wind_g01,213,0.30280703545589477,2012
p61_wind_g01,214,0.2516717734448545,2012
p61_wind_g01,215,0.45096316870734054,2012
p61_wind_g01,216,0.5526653682493924,2012
p61_wind_g01,217,0.5034083100092365,2012
p61_wind_g01,218,0.3542350367279067,2012
p61_wind_g01,219,0.3513234402427701,2012
p61_wind_g01,220,0.2693027093573556,2012
p61_wind_g01,221,0.4702893724651181,2012
p61_wind_g01,222,0.21218485159548478,2012
p61_wind_g01,223,0.718965276657981,2012
p61_wind_g01,224,0.35192310638575103,2012
p61_wind_g01,225,0.35277438877933903,2012
p61_wind_g01,226,0.24756970745453738,2012
p61_wind_g01,227,0.564295475286487,2012
p61_wind_g01,228,0.2933544354660994,2012
p61_wind_g01,229,0.5851618652523602,2012
p61_wind_g01,230,0.29937125730677494,2012
p61_wind_g01,231,0.3861664660498529,2012
p61_wind_g01,232,0.5012566237858835,2012
p61_wind_g01,233,0.5924345722206628,2012
p61_wind_g01,234,0.5274354311118395,2012
p61_wind_g01,235,0.44604246444111767,2012
p61_wind_g01,236,0.6673927858325063,2012
p61_wind_g01,237,0.49211007402704027,2012
p61_wind_g01,238,0.3865640779277899,2012
p61_wind_g01,239,0.24456662553489653,2012
p61_wind_g01,240,0.5271341348926851,2012
p61_wind_g02,1,0.5964021078168321,2012
p61_wind_g02,2,0.39089154962829037,2012
p61_wind_g02,3,0.7391313983108173,2012
p61_wind_g02,4,0.2009352735613225,2012
p61_wind_g02,5,0.7606346483513308,2012
p61_wind_g02,6,0.4440916579917219,2012
p61_wind_g02,7,0.7702369545438299,2012
p61_wind_g02,8,0.26216470168121003,2012
p61_wind_g02,9,0.7516981101677526,2012
p61_wind_g02,10,0.4219213035340496,2012
p61_wind_g02,11,0.8154423008549692,2012
p61_wind_g02,12,0.36662369252552685,2012
p61_wind_g02,13,0.4812589430930987,2012
p61_wind_g02,14,0.338574575220838,2012
p61_wind_g02,15,0.45446618251473897,2012
p61_wind_g02,16,0.5783177959162004,2012
p61_wind_g02,17,0.5687340896242702,2012
p61_wind_g02,18,0.9609834901042666,2012
p61_wind_g02,19,0.4608821950126331,2012
p61_wind_g02,20,0.821425513443735,2012
p61_wind_g02,21,0.33855149354458886,2012
p61_wind_g02,22,0.9283257501548997,2012
p61_wind_g02,23,0.31366706904440367,2012
p61_wind_g02,24,1.0,2012
p61_wind_g02,25,0.274632577241532,2012
p61_wind_g02,26,0.43725120966094844,2012
p61_wind_g02,27,0.6009494218909118,2012
p61_wind_g02,28,0.8775461301971085,2012
p61_wind_g02,29,0.4346889219838237,2012
p61_wind_g02,30,0.8205923398194606,2012
p61_wind_g02,31,0.33945826192898765,2012
p61_wind_g02,32,0.5502137542500446,2012
p61_wind_g02,33,0.758202633164488,2012
p61_wind_g02,34,0.42490558201243134,2012
p61_wind_g02,35,0.6689495191632249,2012
p61_wind_g02,36,0.4912105184922594,2012
p61_wind_g02,37,0.8874864851768537,2012
p61_wind_g02,38,0.25224839566255064,2012
p61_wind_g02,39,0.5116548556757207,2012
p61_wind_g02,40,0.5221195097319261,2012
p61_wind_g02,41,0.9290245523630764,2012
p61_wind_g02,42,0.5254730451443573,2012
p61_wind_g02,43,1.0,2012
p61_wind_g02,44,0.5212361819393255,2012
p61_wind_g02,45,0.7859183368635528,2012
p61_wind_g02,46,0.29825436161587116,2012
p61_wind_g02,47,0.41195550247078844,2012
p61_wind_g02,48,0.5471070454916256,2012
p61_wind_g02,49,0.8532683809457634,2012
p61_wind_g02,50,0.5588022943005767,2012
p61_wind_g02,51,0.4332531331168875,2012
p61_wind_g02,52,0.7574148997549279,2012
p61_wind_g02,53,0.5906811466395855,2012
p61_wind_g02,54,1.0,2012
p61_wind_g02,55,0.6242667470161687,2012
p61_wind_g02,56,1.0,2012
p61_wind_g02,57,0.2828141829545536,2012
p61_wind_g02,58,0.5404074955545818,2012
p61_wind_g02,59,0.24137864369542286,2012
p61_wind_g02,60,0.6431990803189696,2012
p61_wind_g02,61,0.6196607159603025,2012
p61_wind_g02,62,0.9172929422551735,2012
p61_wind_g02,63,0.6694639952612439,2012
p61_wind_g02,64,0.9232971632741325,2012
p61_wind_g02,65,0.7230680710646314,2012
p61_wind_g02,66,0.6995421256568436,2012
p61_wind_g02,67,0.43597069084796003,2012
p61_wind_g02,68,0.7131863129739912,2012
p61_wind_g02,69,0.617259930528232,2012
p61_wind_g02,70,0.7197573699483933,2012
p61_wind_g02,71,0.5299631646084446,2012
p61_wind_g02,72,0.34830219105123045,2012
p61_wind_g02,73,0.7780428061612406,2012
p61_wind_g02,74,0.4214927743163207,2012
p61_wind_g02,75,1.0,2012
p61_wind_g02,76,0.2698072115441883,2012
p61_wind_g02,77,0.9799182055857999,2012
p61_wind_g02,78,0.43530439297165785,2012
p61_wind_g02,79,1.0,2012
p61_wind_g02,80,0.4203846135847088,2012
p61_wind_g02,81,1.0,2012
p61_wind_g02,82,0.3548544664694604,2012
p61_wind_g02,83,1.0,2012
p61_wind_g02,84,0.6858162371358162,2012
p61_wind_g02,85,0.8705084530078909,2012
p61_wind_g02,86,0.4375998879106269,2012
p61_wind_g02,87,0.5067154679382744,2012
p61_wind_g02,88,0.728493799742877,2012
p61_wind_g02,89,0.30835627557302675,2012
p61_wind_g02,90,0.7690882740778933,2012
p61_wind_g02,91,0.6160032980639677,2012
p61_wind_g02,92,0.4703608798371855,2012
p61_wind_g02,93,0.24099313836413744,2012
p61_wind_g02,94,0.9489314465372928,2012
p61_wind_g02,95,0.3669695687079704,2012
p61_wind_g02,96,0.6241844850174731,2012
p61_wind_g02,97,0.5380853146736617,2012
p61_wind_g02,98,0.742717560668029,2012
p61_wind_g02,99,0.30260058445101057,2012
p61_wind_g02,100,0.855154206379946,2012
p61_wind_g02,101,0.6437175215179066,2012
p61_wind_g02,102,0.9694124769278378,2012
p61_wind_g02,103,0.4067299982441963,2012
p61_wind_g02,104,0.5376897078525484,2012
p61_wind_g02,105,0.7693118032633622,2012
p61_wind_g02,106,0.337803374920432,2012
p61_wind_g02,107,0.9956981139230087,2012
p61_wind_g02,108,0.29781640150898225,2012
p61_wind_g02,109,0.9653852137553982,2012
p61_wind_g02,110,0.2663454756022105,2012
p61_wind_g02,111,0.7981829819707704,2012
p61_wind_g02,112,0.2246767576420179,2012
p61_wind_g02,113,1.0,2012
p61_wind_g02,114,0.22092113138720243,2012
p61_wind_g02,115,0.650361561862618,2012
p61_wind_g02,116,0.28302277868029785,2012
p61_wind_g02,117,0.8380280762500965,2012
p61_wind_g02,118,0.29070685799117546,2012
p61_wind_g02,119,0.8193579065110821,2012
p61_wind_g02,120,0.5215416111107122,2012
p61_wind_g02,121,0.34796014347482823,2012
p61_wind_g02,122,0.46962634402800746,2012
p61_wind_g02,123,0.48010353684885015,2012
p61_wind_g02,124,0.7050268884744804,2012
p61_wind_g02,125,0.29398553089891727,2012
p61_wind_g02,126,0.4529870022190416,2012
p61_wind_g02,127,0.34997129241452246,2012
p61_wind_g02,128,0.5387497766197911,2012
p61_wind_g02,129,0.26296725147927325,2012
p61_wind_g02,130,0.9322784684275297,2012
p61_wind_g02,131,0.3023116532109493,2012
p61_wind_g02,132,0.6138527332630543,2012
p61_wind_g02,133,0.3631211731888482,2012
p61_wind_g02,134,0.7097930681762094,2012
p61_wind_g02,135,0.19063888494126685,2012
p61_wind_g02,136,0.37680990049051355,2012
p61_wind_g02,137,0.41233043859050644,2012
p61_wind_g02,138,0.7163653033367687,2012
p61_wind_g02,139,0.47014676445507375,2012
p61_wind_g02,140,0.5170719670177253,2012
p61_wind_g02,141,0.40479248627282194,2012
p61_wind_g02,142,0.3352875227632173,2012
p61_wind_g02,143,0.6187502752982911,2012
p61_wind_g02,144,0.3062393124874633,2012
p61_wind_g02,145,0.593449473457275,2012
p61_wind_g02,146,0.4314881877743766,2012
p61_wind_g02,147,0.3950769387783636,2012
p61_wind_g02,148,0.453715598704295,2012
p61_wind_g02,149,0.42946501431788997,2012
p61_wind_g02,150,0.4098812657478354,2012
p61_wind_g02,151,0.40746249018002134,2012
p61_wind_g02,152,0.32607345673640975,2012
p61_wind_g02,153,0.580669347705822,2012
p61_wind_g02,154,0.27627761627827424,2012
p61_wind_g02,155,0.44553985794665096,2012
p61_wind_g02,156,0.37717084283765107,2012
p61_wind_g02,157,0.5573479873691047,2012
p61_wind_g02,158,0.4556050408336152,2012
p61_wind_g02,159,0.27414083528251987,2012
p61_wind_g02,160,0.22357962538886408,2012
p61_wind_g02,161,0.455051363865426,2012
p61_wind_g02,162,0.5564084550941393,2012
p61_wind_g02,163,0.35858486923886423,2012
p61_wind_g02,164,0.5294568454471208,2012
p61_wind_g02,165,0.2054258280406393,2012
p61_wind_g02,166,0.6317268127828921,2012
p61_wind_g02,167,0.2956578450945914,2012
p61_wind_g02,168,0.3670868998641554,2012
p61_wind_g02,169,0.2134437026343036,2012
p61_wind_g02,170,0.47071232397268575,2012
p61_wind_g02,171,0.2663403850189503,2012
p61_wind_g02,172,0.503157307694962,2012
p61_wind_g02,173,0.21178227420618573,2012
p61_wind_g02,174,0.26213079892224883,2012
p61_wind_g02,175,0.1977606682785468,2012
p61_wind_g02,176,0.3398551300809308,2012
p61_wind_g02,177,0.30644253523056514,2012
p61_wind_g02,178,0.3066995493839903,2012
p61_wind_g02,179,0.2451577719678191,2012
p61_wind_g02,180,0.46354794836989704,2012
p61_wind_g02,181,0.4718781514142704,2012
p61_wind_g02,182,0.4138441353786037,2012
p61_wind_g02,183,0.4441815677301134,2012
p61_wind_g02,184,0.31666989844536436,2012
p61_wind_g02,185,0.28738302244820324,2012
p61_wind_g02,186,0.2851288713211821,2012
p61_wind_g02,187,0.6278455435997046,2012
p61_wind_g02,188,0.1994504566562024,2012
p61_wind_g02,189,0.5445311696978873,2012
p61_wind_g02,190,0.30693330931278495,2012
p61_wind_g02,191,0.27449147890910136,2012
p61_wind_g02,192,0.3567397038621141,2012
p61_wind_g02,193,0.5131321793424456,2012
p61_wind_g02,194,0.339920899613232,2012
p61_wind_g02,195,0.5491371689850195,2012
p61_wind_g02,196,0.2235565635350579,2012
p61_wind_g02,197,0.4862256840747297,2012
p61_wind_g02,198,0.48110198274411187,2012
p61_wind_g02,199,0.21803621701003592,2012
p61_wind_g02,200,0.36467215410703746,2012
p61_wind_g02,201,0.2833694291314003,2012
p61_wind_g02,202,0.4203227584521541,2012
p61_wind_g02,203,0.3637814909396683,2012
p61_wind_g02,204,0.44144795527474423,2012
p61_wind_g02,205,0.2599624315672665,2012
p61_wind_g02,206,0.7000844426821679,2012
p61_wind_g02,207,0.30612832038045723,2012
p61_wind_g02,208,0.7086984029130385,2012
p61_wind_g02,209,0.3597399801176168,2012
p61_wind_g02,210,0.41435030514040183,2012
p61_wind_g02,211,0.17913233753676067,2012
p61_wind_g02,212,0.4635711208002876,2012
p61_wind_g02,213,0.36841414914510223,2012
p61_wind_g02,214,0.5490275985344418,2012
p61_wind_g02,215,0.37449764697373206,2012
p61_wind_g02,216,0.5757177308607403,2012
p61_wind_g02,217,0.6173806852529866,2012
p61_wind_g02,218,0.3039495755681884,2012
p61_wind_g02,219,0.5210394384667347,2012
p61_wind_g02,220,0.2083756829065915,2012
p61_wind_g02,221,0.531362145011883,2012
p61_wind_g02,222,0.2065275523884919,2012
p61_wind_g02,223,0.40092078313850643,2012
p61_wind_g02,224,0.24335624026457917,2012
p61_wind_g02,225,0.43442201235600336,2012
p61_wind_g02,226,0.25182251404154893,2012
p61_wind_g02,227,0.3326840703497172,2012
p61_wind_g02,228,0.41139031907196066,2012
p61_wind_g02,229,0.3291664978879185,2012
p61_wind_g02,230,0.40522463238908213,2012
p61_wind_g02,231,0.6368176583851675,2012
p61_wind_g02,232,0.5225918185729526,2012
p61_wind_g02,233,0.3525371569524404,2012
p61_wind_g02,234,0.6139225180487188,2012
p61_wind_g02,235,0.38701158561334703,2012
p61_wind_g02,236,0.32328362047839476,2012
p61_wind_g02,237,0.5557306776918509,2012
p61_wind_g02,238,0.5924498674582407,2012
p61_wind_g02,239,0.3555693093960173,2012
p61_wind_g02,240,0.6288003499017648,2012
p61_wind_g03,1,0.6454750701046805,2012
p61_wind_g03,2,0.43214059280174416,2012
p61_wind_g03,3,0.41652759980384274,2012
p61_wind_g03,4,0.26798773619233207,2012
p61_wind_g03,5,0.8542142846538029,2012
p61_wind_g03,6,0.4006519168423679,2012
p61_wind_g03,7,0.4881506739139376,2012
p61_wind_g03,8,0.3476047332907215,2012
p61_wind_g03,9,0.4480569593727331,2012
p61_wind_g03,10,0.30956255933172516,2012
p61_wind_g03,11,0.5950830027146495,2012
p61_wind_g03,12,0.30886137297677857,2012
p61_wind_g03,13,0.585622292381951,2012
p61_wind_g03,14,0.40628148283318877,2012
p61_wind_g03,15,0.3956141966584655,2012
p61_wind_g03,16,0.37653584981157323,2012
p61_wind_g03,17,0.331956601102012,2012
p61_wind_g03,18,0.9842190534564375,2012
p61_wind_g03,19,0.49092447889418134,2012
p61_wind_g03,20,0.6600455264038678,2012
p61_wind_g03,21,0.39287425401082965,2012
p61_wind_g03,22,0.6084876492010846,2012
p61_wind_g03,23,0.26386883915994586,2012
p61_wind_g03,24,0.3997297728314742,2012
p61_wind_g03,25,0.3271434854786141,2012
p61_wind_g03,26,0.8672655217598262,2012
p61_wind_g03,27,0.3686315746280871,2012
p61_wind_g03,28,0.44965662888605445,2012
p61_wind_g03,29,0.5045865577568556,2012
p61_wind_g03,30,0.4161204821425744,2012
p61_wind_g03,31,0.8122996988812883,2012
p61_wind_g03,32,0.7215822364062584,2012
p61_wind_g03,33,0.5402708174082675,2012
p61_wind_g03,34,0.2983566993759812,2012
p61_wind_g03,35,0.7515204880032861,2012
p61_wind_g03,36,0.43159994984480754,2012
p61_wind_g03,37,0.8898665419835539,2012
p61_wind_g03,38,0.47930106975119563,2012
p61_wind_g03,39,0.9641174719196743,2012
p61_wind_g03,40,0.4182524203274187,2012
p61_wind_g03,41,0.7063160167818661,2012
p61_wind_g03,42,0.44952843800579617,2012
p61_wind_g03,43,1.0,2012
p61_wind_g03,44,0.5770163527277387,2012
p61_wind_g03,45,0.5390036275662259,2012
p61_wind_g03,46,0.3190637591973352,2012
p61_wind_g03,47,0.9269191650634351,2012
p61_wind_g03,48,0.43389665395770155,2012
p61_wind_g03,49,0.6764978654429351,2012
p61_wind_g03,50,0.8280336982846543,2012
p61_wind_g03,51,0.4930323887851922,2012
p61_wind_g03,52,0.9473655608655038,2012
p61_wind_g03,53,0.3229803597167969,2012
p61_wind_g03,54,0.702597892038883,2012
p61_wind_g03,55,0.6081937068012006,2012
p61_wind_g03,56,0.5768874679593041,2012
p61_wind_g03,57,0.3541184695120653,2012
p61_wind_g03,58,0.7612906729783941,2012
p61_wind_g03,59,0.45802479645031596,2012
p61_wind_g03,60,0.8202228045088564,2012
p61_wind_g03,61,0.4883140547910891,2012
p61_wind_g03,62,0.868000802039995,2012
p61_wind_g03,63,0.4674043260823634,2012
p61_wind_g03,64,0.4867823049800363,2012
p61_wind_g03,65,0.503425275103156,2012
p61_wind_g03,66,0.7451239493543462,2012
p61_wind_g03,67,0.6620753161982047,2012
p61_wind_g03,68,0.7441605265908979,2012
p61_wind_g03,69,0.6904149251078906,2012
p61_wind_g03,70,0.693343341289187,2012
p61_wind_g03,71,0.8428658905002775,2012
p61_wind_g03,72,0.6860238324711604,2012
p61_wind_g03,73,1.0,2012
p61_wind_g03,74,0.6337827894141225,2012
p61_wind_g03,75,0.8840530287330979,2012
p61_wind_g03,76,0.4925587872882663,2012
p61_wind_g03,77,1.0,2012
p61_wind_g03,78,0.6146263083101569,2012
p61_wind_g03,79,1.0,2012
p61_wind_g03,80,0.4847409194861708,2012
p61_wind_g03,81,0.5551617830615526,2012
p61_wind_g03,82,0.5938723704252336,2012
p61_wind_g03,83,0.9215428755997565,2012
p61_wind_g03,84,0.5151630437911353,2012
p61_wind_g03,85,0.8356635869237877,2012
p61_wind_g03,86,0.6172459681727012,2012
p61_wind_g03,87,0.841950344392161,2012
p61_wind_g03,88,0.39239985345987544,2012
p61_wind_g03,89,0.5120312957763595,2012
p61_wind_g03,90,0.8108282748452571,2012
p61_wind_g03,91,0.3519784446427623,2012
p61_wind_g03,92,1.0,2012
p61_wind_g03,93,0.2837693750008233,2012
p61_wind_g03,94,0.9844283770597616,2012
p61_wind_g03,95,0.4368768485985439,2012
p61_wind_g03,96,0.4696623007937479,2012
p61_wind_g03,97,0.25862207710355173,2012
p61_wind_g03,98,0.48339384159489324,2012
p61_wind_g03,99,0.4809718379751405,2012
p61_wind_g03,100,0.6677881637390122,2012
p61_wind_g03,101,0.5160606730052208,2012
p61_wind_g03,102,0.37246908599404566,2012
p61_wind_g03,103,0.5683968022429127,2012
p61_wind_g03,104,0.5411678445215921,2012
p61_wind_g03,105,0.7941601705440462,2012
p61_wind_g03,106,0.6534681100545635,2012
p61_wind_g03,107,0.8248269571058131,2012
p61_wind_g03,108,0.6757865700100953,2012
p61_wind_g03,109,0.45397853203738164,2012
p61_wind_g03,110,0.5205232484829243,2012
p61_wind_g03,111,0.6229220031618231,2012
p61_wind_g03,112,0.37051161207435335,2012
p61_wind_g03,113,0.8082253601782023,2012
p61_wind_g03,114,0.3664220104338485,2012
p61_wind_g03,115,0.9166861185165505,2012
p61_wind_g03,116,0.39738371370049735,2012
p61_wind_g03,117,0.3989302774719524,2012
p61_wind_g03,118,0.29129293276479756,2012
p61_wind_g03,119,0.6329363386235898,2012
p61_wind_g03,120,0.2627539228659279,2012
p61_wind_g03,121,0.8136651326564792,2012
p61_wind_g03,122,0.6786615914833576,2012
p61_wind_g03,123,0.4561201933597273,2012
p61_wind_g03,124,0.646936781965664,2012
p61_wind_g03,125,0.6171004650659785,2012
p61_wind_g03,126,0.7915302160681217,2012
p61_wind_g03,127,0.2866609433650184,2012
p61_wind_g03,128,0.8200475893066429,2012
p61_wind_g03,129,0.24328854765204957,2012
p61_wind_g03,130,0.7052426621956308,2012
p61_wind_g03,131,0.18801728880642957,2012
p61_wind_g03,132,0.7912451950810859,2012
p61_wind_g03,133,0.23367764300946084,2012
p61_wind_g03,134,0.5484106751347186,2012
p61_wind_g03,135,0.32321154867076896,2012
p61_wind_g03,136,0.5605471228442591,2012
p61_wind_g03,137,0.4757809219020509,2012
p61_wind_g03,138,0.3727909896460901,2012
p61_wind_g03,139,0.3071681720167306,2012
p61_wind_g03,140,0.6504795737453939,2012
p61_wind_g03,141,0.29856255708630275,2012
p61_wind_g03,142,0.5606984991351402,2012
p61_wind_g03,143,0.5466740439376842,2012
p61_wind_g03,144,0.5035163200618629,2012
p61_wind_g03,145,0.737656966235108,2012
p61_wind_g03,146,0.45746450430641283,2012
p61_wind_g03,147,0.3274500084080453,2012
p61_wind_g03,148,0.37482735180371013,2012
p61_wind_g03,149,0.5719741224344934,2012
p61_wind_g03,150,0.2888506943466537,2012
p61_wind_g03,151,0.5621631165518525,2012
p61_wind_g03,152,0.31930399871511017,2012
p61_wind_g03,153,0.5197525226542303,2012
p61_wind_g03,154,0.31886150274344377,2012
p61_wind_g03,155,0.29891625667132177,2012
p61_wind_g03,156,0.4087082537703897,2012
p61_wind_g03,157,0.6431965187828506,2012
p61_wind_g03,158,0.4513671360196463,2012
p61_wind_g03,159,0.49559450063084165,2012
p61_wind_g03,160,0.5259139552591835,2012
p61_wind_g03,161,0.37459340346210096,2012
p61_wind_g03,162,0.301540667203891,2012
p61_wind_g03,163,0.2744749828138001,2012
p61_wind_g03,164,0.6820460772741688,2012
p61_wind_g03,165,0.2425949116523812,2012
p61_wind_g03,166,0.3723303394099014,2012
p61_wind_g03,167,0.18767224753473205,2012
p61_wind_g03,168,0.5338710347252796,2012
p61_wind_g03,169,0.20181927589422993,2012
p61_wind_g03,170,0.5936258970347363,2012
p61_wind_g03,171,0.13904084954925836,2012
p61_wind_g03,172,0.6877872670733068,2012
p61_wind_g03,173,0.2302320587000541,2012
p61_wind_g03,174,0.4688366220206613,2012
p61_wind_g03,175,0.170302428094122,2012
p61_wind_g03,176,0.24750120480095272,2012
p61_wind_g03,177,0.3127753828053014,2012
p61_wind_g03,178,0.2452494372805383,2012
p61_wind_g03,179,0.3160659308182743,2012
p61_wind_g03,180,0.21542201139797224,2012
p61_wind_g03,181,0.47352686251025283,2012
p61_wind_g03,182,0.31723443216512204,2012
p61_wind_g03,183,0.4760353319454127,2012
p61_wind_g03,184,0.2688084320526856,2012
p61_wind_g03,185,0.4247844451516529,2012
p61_wind_g03,186,0.23448836327135608,2012
p61_wind_g03,187,0.26165729742385724,2012
p61_wind_g03,188,0.16742027586529487,2012
p61_wind_g03,189,0.32022029580515204,2012
p61_wind_g03,190,0.326855538441261,2012
p61_wind_g03,191,0.43826024573623956,2012
p61_wind_g03,192,0.26174252449742835,2012
p61_wind_g03,193,0.5300747256343401,2012
p61_wind_g03,194,0.3469666957421893,2012
p61_wind_g03,195,0.5436696804772339,2012
p61_wind_g03,196,0.180428746109324,2012
p61_wind_g03,197,0.4549999197030403,2012
p61_wind_g03,198,0.3241490177402744,2012
p61_wind_g03,199,0.3555151386180941,2012
p61_wind_g03,200,0.29176951394027856,2012
p61_wind_g03,201,0.16455439726004434,2012
p61_wind_g03,202,0.6190814983584667,2012
p61_wind_g03,203,0.19524665039904016,2012
p61_wind_g03,204,0.6926096905060078,2012
p61_wind_g03,205,0.2814034098185626,2012
p61_wind_g03,206,0.579489937940272,2012
p61_wind_g03,207,0.2823367544838095,2012
p61_wind_g03,208,0.3325734133485965,2012
p61_wind_g03,209,0.32060386794979373,2012
p61_wind_g03,210,0.5392901175404058,2012
p61_wind_g03,211,0.1597229934140431,2012
p61_wind_g03,212,0.6072472566739336,2012
p61_wind_g03,213,0.28730931120355746,2012
p61_wind_g03,214,0.35198318568272347,2012
p61_wind_g03,215,0.4170242679942028,2012
p61_wind_g03,216,0.3265963364473145,2012
p61_wind_g03,217,0.33623414865534806,2012
p61_wind_g03,218,0.3472626631332211,2012
p61_wind_g03,219,0.2707117802840456,2012
p61_wind_g03,220,0.3175049830269372,2012
p61_wind_g03,221,0.4375449563373996,2012
p61_wind_g03,222,0.3839898432677974,2012
p61_wind_g03,223,0.5721347312886482,2012
p61_wind_g03,224,0.3683331174383508,2012
p61_wind_g03,225,0.5114079705997913,2012
p61_wind_g03,226,0.2570897796354522,2012
p61_wind_g03,227,0.3883365436256745,2012
p61_wind_g03,228,0.34207315159691015,2012
p61_wind_g03,229,0.7411677499055508,2012
p61_wind_g03,230,0.36024784269255783,2012
p61_wind_g03,231,0.327826122719413,2012
p61_wind_g03,232,0.5273315466037728,2012
p61_wind_g03,233,0.28092597028809924,2012
p61_wind_g03,234,0.3427900632360841,2012
p61_wind_g03,235,0.26494776757745014,2012
p61_wind_g03,236,0.6309331715761809,2012
p61_wind_g03,237,0.3817312499745254,2012
p61_wind_g03,238,0.7659013178849903,2012
p61_wind_g03,239,0.45377502079646415,2012
p61_wind_g03,240,0.8177080994407487,2012
p61_wind_g04,1,0.5414603920463396,2012
p61_wind_g04,2,0.17154587963863244,2012
p61_wind_g04,3,0.7703672405677457,2012
p61_wind_g04,4,0.26595397758750167,2012
p61_wind_g04,5,0.7499564437023324,2012
p61_wind_g04,6,0.23799423165214292,2012
p61_wind_g04,7,0.6796694796793317,2012
p61_wind_g04,8,0.40057586603510936,2012
p61_wind_g04,9,0.6416126306348852,2012
p61_wind_g04,10,0.5348769144369138,2012
p61_wind_g04,11,0.39011198339500697,2012
p61_wind_g04,12,0.4019343363087523,2012
p61_wind_g04,13,0.47905863461469206,2012
p61_wind_g04,14,0.572109594737008,2012
p61_wind_g04,15,0.5197824969249086,2012
p61_wind_g04,16,0.8418529727882598,2012
p61_wind_g04,17,0.2907728510967528,2012
p61_wind_g04,18,0.4640368829761794,2012
p61_wind_g04,19,0.3850595144262494,2012
p61_wind_g04,20,0.9547759455182985,2012
p61_wind_g04,21,0.42741684057572166,2012
p61_wind_g04,22,0.5504218835254024,2012
p61_wind_g04,23,0.4012934158697082,2012
p61_wind_g04,24,0.9099310923258914,2012
p61_wind_g04,25,0.4505347459144689,2012
p61_wind_g04,26,0.39280827645515803,2012
p61_wind_g04,27,0.3890012431685408,2012
p61_wind_g04,28,0.7403374970536997,2012
p61_wind_g04,29,0.31295702017599347,2012
p61_wind_g04,30,0.700188364050615,2012
p61_wind_g04,31,0.6706439038008132,2012
p61_wind_g04,32,0.33965544150514315,2012
p61_wind_g04,33,0.8084605430786022,2012
p61_wind_g04,34,0.6392009651263159,2012
p61_wind_g04,35,0.676097944342524,2012
p61_wind_g04,36,0.5190522493860632,2012
p61_wind_g04,37,0.5859413645361045,2012
p61_wind_g04,38,0.2471475994949955,2012
p61_wind_g04,39,0.9319707673922523,2012
p61_wind_g04,40,0.508270181649302,2012
p61_wind_g04,41,0.7675875610242672,2012
p61_wind_g04,42,0.5710238235777094,2012
p61_wind_g04,43,1.0,2012
p61_wind_g04,44,0.5552435697658584,2012
p61_wind_g04,45,0.539698763968595,2012
p61_wind_g04,46,0.6345316435682972,2012
p61_wind_g04,47,0.47712800051498133,2012
p61_wind_g04,48,0.6589469663291011,2012
p61_wind_g04,49,0.6308745092395046,2012
p61_wind_g04,50,0.72967197476862,2012
p61_wind_g04,51,0.33094939707313686,2012
p61_wind_g04,52,0.9141969003990933,2012
p61_wind_g04,53,0.547643637567656,2012
p61_wind_g04,54,0.7557597072810974,2012
p61_wind_g04,55,0.24542342838999365,2012
p61_wind_g04,56,0.7329511163082303,2012
p61_wind_g04,57,0.4234515669334087,2012
p61_wind_g04,58,1.0,2012
p61_wind_g04,59,0.45485091412450657,2012
p61_wind_g04,60,1.0,2012
p61_wind_g04,61,0.4894943472339058,2012
p61_wind_g04,62,0.6148881914275044,2012
p61_wind_g04,63,0.501315077196395,2012
p61_wind_g04,64,0.6665478281473021,2012
p61_wind_g04,65,0.7257033887266934,2012
p61_wind_g04,66,0.6334048496570336,2012
p61_wind_g04,67,0.46911147014914345,2012
p61_wind_g04,68,0.8306792805441374,2012
p61_wind_g04,69,0.6096230639276702,2012
p61_wind_g04,70,0.6461006717998086,2012
p61_wind_g04,71,0.6054067059504877,2012
p61_wind_g04,72,0.5716488469383583,2012
p61_wind_g04,73,0.6433918249416586,2012
p61_wind_g04,74,0.44804595300025013,2012
p61_wind_g04,75,1.0,2012
p61_wind_g04,76,0.539887348856826,2012
p61_wind_g04,77,0.5502307137242772,2012
p61_wind_g04,78,0.5051705156193117,2012
p61_wind_g04,79,0.8653863646957589,2012
p61_wind_g04,80,0.450426322136006,2012
p61_wind_g04,81,0.8519052328705901,2012
p61_wind_g04,82,0.28208311096745925,2012
p61_wind_g04,83,0.5524053004904041,2012
p61_wind_g04,84,0.7485277376178595,2012
p61_wind_g04,85,0.9695505996916076,2012
p61_wind_g04,86,0.7389691602280855,2012
p61_wind_g04,87,0.330573007097891,2012
p61_wind_g04,88,0.9418327774305878,2012
p61_wind_g04,89,0.41046613094214657,2012
p61_wind_g04,90,0.846421598813018,2012
p61_wind_g04,91,0.39613480513688193,2012
p61_wind_g04,92,0.8082866134878592,2012
p61_wind_g04,93,0.5249860536376553,2012
p61_wind_g04,94,0.7023730408592185,2012
p61_wind_g04,95,0.49564032954758436,2012
p61_wind_g04,96,1.0,2012
p61_wind_g04,97,0.3026254518944101,2012
p61_wind_g04,98,0.7790434060209801,2012
p61_wind_g04,99,0.27396051674320776,2012
p61_wind_g04,100,0.5276102277929956,2012
p61_wind_g04,101,0.39611466167860704,2012
p61_wind_g04,102,0.6718904667033881,2012
p61_wind_g04,103,0.30645739805361055,2012
p61_wind_g04,104,0.6032420263684514,2012
p61_wind_g04,105,0.6051601241257724,2012
p61_wind_g04,106,0.5394196929158716,2012
p61_wind_g04,107,0.5909306135921429,2012
p61_wind_g04,108,0.32801151206452633,2012
p61_wind_g04,109,0.6710970152903125,2012
p61_wind_g04,110,0.38424916564332967,2012
p61_wind_g04,111,0.41556880606080293,2012
p61_wind_g04,112,0.4474058842847939,2012
p61_wind_g04,113,0.846815903238787,2012
p61_wind_g04,114,0.22475686226860533,2012
p61_wind_g04,115,0.6728917036699432,2012
p61_wind_g04,116,0.3037100061496223,2012
p61_wind_g04,117,0.7950173836038424,2012
p61_wind_g04,118,0.4703543413780347,2012
p61_wind_g04,119,0.3617457129979391,2012
p61_wind_g04,120,0.333945349339748,2012
p61_wind_g04,121,0.4846227191044526,2012
p61_wind_g04,122,0.5684932175198526,2012
p61_wind_g04,123,0.35355164578589365,2012
p61_wind_g04,124,0.36384561969768553,2012
p61_wind_g04,125,0.6305316420104631,2012
p61_wind_g04,126,0.5512628140406435,2012
p61_wind_g04,127,0.44741149670775016,2012
p61_wind_g04,128,0.7773646876475997,2012
p61_wind_g04,129,0.47777791389713725,2012
p61_wind_g04,130,0.5644584584170538,2012
p61_wind_g04,131,0.43431546907050367,2012
p61_wind_g04,132,0.9261836477446529,2012
p61_wind_g04,133,0.30189882170910326,2012
p61_wind_g04,134,0.8731286509833016,2012
p61_wind_g04,135,0.4348727631992491,2012
p61_wind_g04,136,0.5468736325317923,2012
p61_wind_g04,137,0.3484287180104067,2012
p61_wind_g04,138,0.3062845521239636,2012
p61_wind_g04,139,0.23204938175083673,2012
p61_wind_g04,140,0.5169970284147414,2012
p61_wind_g04,141,0.2583392609022849,2012
p61_wind_g04,142,0.4644846858060139,2012
p61_wind_g04,143,0.55744431031141,2012
p61_wind_g04,144,0.2809531224416072,2012
p61_wind_g04,145,0.5420126079656364,2012
p61_wind_g04,146,0.25381638461473244,2012
p61_wind_g04,147,0.6381638356924736,2012
p61_wind_g04,148,0.23181614655434746,2012
p61_wind_g04,149,0.7932666485365996,2012
p61_wind_g04,150,0.27024919988586327,2012
p61_wind_g04,151,0.48550904781975945,2012
p61_wind_g04,152,0.3403484089509974,2012
p61_wind_g04,153,0.3024701174300714,2012
p61_wind_g04,154,0.272852747189854,2012
p61_wind_g04,155,0.6068169764094858,2012
p61_wind_g04,156,0.44088838013702814,2012
p61_wind_g04,157,0.587140180129686,2012
p61_wind_g04,158,0.3464427783583437,2012
p61_wind_g04,159,0.34610386733871445,2012
p61_wind_g04,160,0.2723380366231241,2012
p61_wind_g04,161,0.2015353181196189,2012
p61_wind_g04,162,0.4555310226404315,2012
p61_wind_g04,163,0.3558087477961877,2012
p61_wind_g04,164,0.6278135987292769,2012
p61_wind_g04,165,0.3897633109028261,2012
p61_wind_g04,166,0.45112929641722016,2012
p61_wind_g04,167,0.2641831605359792,2012
p61_wind_g04,168,0.5700909184873327,2012
p61_wind_g04,169,0.25262681581187646,2012
p61_wind_g04,170,0.323925164590427,2012
p61_wind_g04,171,0.327141723562636,2012
p61_wind_g04,172,0.34465610355175197,2012
p61_wind_g04,173,0.20370730464972733,2012
p61_wind_g04,174,0.2917615912998783,2012
p61_wind_g04,175,0.2323241946717125,2012
p61_wind_g04,176,0.49368802578780346,2012
p61_wind_g04,177,0.41895653938129446,2012
p61_wind_g04,178,0.19515148419916722,2012
p61_wind_g04,179,0.4594914136271013,2012
p61_wind_g04,180,0.42801033531725124,2012
p61_wind_g04,181,0.5509460301863393,2012
p61_wind_g04,182,0.3611899152010073,2012
p61_wind_g04,183,0.4266043960890463,2012
p61_wind_g04,184,0.20732972474836717,2012
p61_wind_g04,185,0.6161799897512306,2012
p61_wind_g04,186,0.16251625508059023,2012
p61_wind_g04,187,0.40966514489890665,2012
p61_wind_g04,188,0.12316808859742195,2012
p61_wind_g04,189,0.5909231850744955,2012
p61_wind_g04,190,0.22041912236553357,2012
p61_wind_g04,191,0.3122047893910867,2012
p61_wind_g04,192,0.23556956981375704,2012
p61_wind_g04,193,0.5601675167696261,2012
p61_wind_g04,194,0.30588954843029414,2012
p61_wind_g04,195,0.47641354774599465,2012
p61_wind_g04,196,0.3160118684476581,2012
p61_wind_g04,197,0.33277714209100473,2012
p61_wind_g04,198,0.4815788948846491,2012
p61_wind_g04,199,0.4520608994868008,2012
p61_wind_g04,200,0.4293738550320904,2012
p61_wind_g04,201,0.1775258549415912,2012
p61_wind_g04,202,0.23437881433437915,2012
p61_wind_g04,203,0.29365586800220717,2012
p61_wind_g04,204,0.666634997386437,2012
p61_wind_g04,205,0.15280916704143294,2012
p61_wind_g04,206,0.6636760531104792,2012
p61_wind_g04,207,0.28626252418246395,2012
p61_wind_g04,208,0.3061263358226714,2012
p61_wind_g04,209,0.3334503528414497,2012
p61_wind_g04,210,0.46294355762306777,2012
p61_wind_g04,211,0.19383393843247163,2012
p61_wind_g04,212,0.5683084311117966,2012
p61_wind_g04,213,0.2331949763535591,2012
p61_wind_g04,214,0.32939302109635044,2012
p61_wind_g04,215,0.26902759909893104,2012
p61_wind_g04,216,0.26703425533743147,2012
p61_wind_g04,217,0.5269493578758316,2012
p61_wind_g04,218,0.3122557388661381,2012
p61_wind_g04,219,0.6123904883383182,2012
p61_wind_g04,220,0.28669666454979864,2012
p61_wind_g04,221,0.49406703871814706,2012
p61_wind_g04,222,0.25534930049725496,2012
p61_wind_g04,223,0.32126354133252316,2012
p61_wind_g04,224,0.18504532320596354,2012
p61_wind_g04,225,0.30273888662776655,2012
p61_wind_g04,226,0.26797427031376453,2012
p61_wind_g04,227,0.596862215817902,2012
p61_wind_g04,228,0.1577557590332485,2012
p61_wind_g04,229,0.7043259429156118,2012
p61_wind_g04,230,0.2954402271244249,2012
p61_wind_g04,231,0.5089230565387789,2012
p61_wind_g04,232,0.5205128995308853,2012
p61_wind_g04,233,0.6422879469116117,2012
p61_wind_g04,234,0.561859263209638,2012
p61_wind_g04,235,0.3268461415111355,2012
p61_wind_g04,236,0.6548814425739626,2012
p61_wind_g04,237,0.3431378895978478,2012
p61_wind_g04,238,0.3667100445913773,2012
p61_wind_g04,239,0.23442917131248084,2012
p61_wind_g04,240,0.42421999826711704,2012
p61_wind_g05,1,0.696001783906291,2012
p61_wind_g05,2,0.3971928471778543,2012
p61_wind_g05,3,0.6116602517287311,2012
p61_wind_g05,4,0.21539680388024474,2012
p61_wind_g05,5,0.7164647597739298,2012
p61_wind_g05,6,0.3416340365140018,2012
p61_wind_g05,7,0.7205491718843661,2012
p61_wind_g05,8,0.3261008781072481,2012
p61_wind_g05,9,0.687203792487839,2012
p61_wind_g05,10,0.2641553418500581,2012
p61_wind_g05,11,0.7235023187327143,2012
p61_wind_g05,12,0.6457647337698194,2012
p61_wind_g05,13,0.358441094325538,2012
p61_wind_g05,14,0.47978513392544647,2012
p61_wind_g05,15,0.4389758767809613,2012
p61_wind_g05,16,0.8743582426701098,2012
p61_wind_g05,17,0.3938202999998724,2012
p61_wind_g05,18,0.4461880547005058,2012
p61_wind_g05,19,0.28847413003779404,2012
p61_wind_g05,20,0.6126342227525992,2012
p61_wind_g05,21,0.4284207387344787,2012
p61_wind_g05,22,0.4696019492066396,2012
p61_wind_g05,23,0.4390347675915837,2012
p61_wind_g05,24,0.9767562881305553,2012
p61_wind_g05,25,0.4510918774332502,2012
p61_wind_g05,26,0.8917851062825893,2012
p61_wind_g05,27,0.3799857583181419,2012
p61_wind_g05,28,0.5934682207329534,2012
p61_wind_g05,29,0.4296010711706139,2012
p61_wind_g05,30,0.7775022922920048,2012
p61_wind_g05,31,0.46715517839153337,2012
p61_wind_g05,32,0.7278683897560643,2012
p61_wind_g05,33,0.6058855740639286,2012
p61_wind_g05,34,0.5917520929469646,2012
p61_wind_g05,35,0.4461560561802968,2012
p61_wind_g05,36,0.4434063608422668,2012
p61_wind_g05,37,0.4773080911462344,2012
p61_wind_g05,38,0.457455274297332,2012
p61_wind_g05,39,0.46431510315284596,2012
p61_wind_g05,40,0.5000068648205871,2012
p61_wind_g05,41,0.4728864789105751,2012
p61_wind_g05,42,0.3401907912360818,2012
p61_wind_g05,43,0.7360860434894851,2012
p61_wind_g05,44,0.3098290779141624,2012
p61_wind_g05,45,0.6286170042468979,2012
p61_wind_g05,46,0.5271508646325843,2012
p61_wind_g05,47,0.46236809986591576,2012
p61_wind_g05,48,0.6681980935109622,2012
p61_wind_g05,49,0.5691218621257257,2012
p61_wind_g05,50,0.7425251513555294,2012
p61_wind_g05,51,0.757719545126633,2012
p61_wind_g05,52,0.9752223711773168,2012
p61_wind_g05,53,0.47813547559140246,2012
p61_wind_g05,54,0.5812162642570065,2012
p61_wind_g05,55,0.25235529195797324,2012
p61_wind_g05,56,0.7620229628979812,2012
p61_wind_g05,57,0.5477548330613863,2012
p61_wind_g05,58,1.0,2012
p61_wind_g05,59,0.3119409918158214,2012
p61_wind_g05,60,0.5552160202660436,2012
p61_wind_g05,61,0.567520236164353,2012
p61_wind_g05,62,0.5251384542865709,2012
p61_wind_g05,63,0.32884363657879456,2012
p61_wind_g05,64,1.0,2012
p61_wind_g05,65,0.3235787024562336,2012
p61_wind_g05,66,0.8764996308496551,2012
p61_wind_g05,67,0.6958117729069192,2012
p61_wind_g05,68,0.7247830437097094,2012
p61_wind_g05,69,0.8987533563188677,2012
p61_wind_g05,70,0.45179621024493083,2012
p61_wind_g05,71,0.8043471164672175,2012
p61_wind_g05,72,0.3554482915828691,2012
p61_wind_g05,73,0.5998776952039286,2012
p61_wind_g05,74,0.6132114805744633,2012
p61_wind_g05,75,0.5260425587524338,2012
p61_wind_g05,76,0.5262481696559699,2012
p61_wind_g05,77,0.8623672685693284,2012
p61_wind_g05,78,0.22898951627979158,2012
p61_wind_g05,79,0.7345006000060363,2012
p61_wind_g05,80,0.4909428391685949,2012
p61_wind_g05,81,0.6452929788364049,2012
p61_wind_g05,82,0.6770257054004404,2012
p61_wind_g05,83,0.9787251074959327,2012
p61_wind_g05,84,0.43176223613407916,2012
p61_wind_g05,85,0.966720865537712,2012
p61_wind_g05,86,0.44054675638940055,2012
p61_wind_g05,87,0.6822021101527456,2012
p61_wind_g05,88,0.6521523553944927,2012
p61_wind_g05,89,0.6019874235297727,2012
p61_wind_g05,90,0.9151863745414959,2012
p61_wind_g05,91,0.38488157370195186,2012
p61_wind_g05,92,0.9900206089034695,2012
p61_wind_g05,93,0.5539939934491106,2012
p61_wind_g05,94,0.5269308084259645,2012
p61_wind_g05,95,0.3019023845536487,2012
p61_wind_g05,96,1.0,2012
p61_wind_g05,97,0.5046870768995925,2012
p61_wind_g05,98,0.6291681377021727,2012
p61_wind_g05,99,0.2654039138356142,2012
p61_wind_g05,100,0.4212873788581495,2012
p61_wind_g05,101,0.4322535956893171,2012
p61_wind_g05,102,0.6035553044983848,2012
p61_wind_g05,103,0.7417963478448988,2012
p61_wind_g05,104,0.3431990161188979,2012
p61_wind_g05,105,0.6191357080696588,2012
p61_wind_g05,106,0.39987446945144417,2012
p61_wind_g05,107,0.6195230177356215,2012
p61_wind_g05,108,0.34037064671912154,2012
p61_wind_g05,109,0.6079354209792821,2012
p61_wind_g05,110,0.25811428940217224,2012
p61_wind_g05,111,0.9135026614283179,2012
p61_wind_g05,112,0.3983710098617014,2012
p61_wind_g05,113,0.7591926690138793,2012
p61_wind_g05,114,0.34013113924380506,2012
p61_wind_g05,115,0.7890444966948003,2012
p61_wind_g05,116,0.34274656783798063,2012
p61_wind_g05,117,0.9040880052181115,2012
p61_wind_g05,118,0.23212918743028627,2012
p61_wind_g05,119,0.5295950795736906,2012
p61_wind_g05,120,0.5885774503605489,2012
p61_wind_g05,121,0.4376863507278515,2012
p61_wind_g05,122,0.3294936016021822,2012
p61_wind_g05,123,0.7314718360920751,2012
p61_wind_g05,124,0.6336337735681281,2012
p61_wind_g05,125,0.39496426207114294,2012
p61_wind_g05,126,0.4008723750309239,2012
p61_wind_g05,127,0.4996692623750138,2012
p61_wind_g05,128,0.8883302308492651,2012
p61_wind_g05,129,0.3553728104752181,2012
p61_wind_g05,130,0.3925224856425039,2012
p61_wind_g05,131,0.21851592104114664,2012
p61_wind_g05,132,0.8322483492024059,2012
p61_wind_g05,133,0.4036468837501551,2012
p61_wind_g05,134,0.5462436826398533,2012
p61_wind_g05,135,0.4502337740289746,2012
p61_wind_g05,136,0.5131159877043764,2012
p61_wind_g05,137,0.2085140396674878,2012
p61_wind_g05,138,0.32769577694233826,2012
p61_wind_g05,139,0.5018608675631845,2012
p61_wind_g05,140,0.5378653020940064,2012
p61_wind_g05,141,0.3593603307995826,2012
p61_wind_g05,142,0.3691566666042618,2012
p61_wind_g05,143,0.5590857438196227,2012
p61_wind_g05,144,0.4675194636622702,2012
p61_wind_g05,145,0.4922333408223406,2012
p61_wind_g05,146,0.396134188932218,2012
p61_wind_g05,147,0.6632987945782569,2012
p61_wind_g05,148,0.3835599704062121,2012
p61_wind_g05,149,0.5146867091881276,2012
p61_wind_g05,150,0.2223263911034198,2012
p61_wind_g05,151,0.7606813909128637,2012
p61_wind_g05,152,0.34771634496928266,2012
p61_wind_g05,153,0.6230504352489972,2012
p61_wind_g05,154,0.21082142893178024,2012
p61_wind_g05,155,0.3738443772553114,2012
p61_wind_g05,156,0.40630626286362737,2012
p61_wind_g05,157,0.5333096569379919,2012
p61_wind_g05,158,0.3209134703782924,2012
p61_wind_g05,159,0.4603298697513103,2012
p61_wind_g05,160,0.3161954430204235,2012
p61_wind_g05,161,0.2756564377274008,2012
p61_wind_g05,162,0.47554640679102106,2012
p61_wind_g05,163,0.4370607989009377,2012
p61_wind_g05,164,0.5573886600695267,2012
p61_wind_g05,165,0.17921824532118025,2012
p61_wind_g05,166,0.2679074094408854,2012
p61_wind_g05,167,0.15656037877653747,2012
p61_wind_g05,168,0.5099195277777486,2012
p61_wind_g05,169,0.2178256663870134,2012
p61_wind_g05,170,0.5395345592905613,2012
p61_wind_g05,171,0.33016321906081825,2012
p61_wind_g05,172,0.32093896890840573,2012
p61_wind_g05,173,0.2755930502575184,2012
p61_wind_g05,174,0.33064162707905226,2012
p61_wind_g05,175,0.21289205739159867,2012
p61_wind_g05,176,0.3643023539876411,2012
p61_wind_g05,177,0.24424929557434102,2012
p61_wind_g05,178,0.2982363696715235,2012
p61_wind_g05,179,0.372854441881309,2012
p61_wind_g05,180,0.3409925538654403,2012
p61_wind_g05,181,0.2810318881501516,2012
p61_wind_g05,182,0.3425199712865205,2012
p61_wind_g05,183,0.25119267632344205,2012
p61_wind_g05,184,0.2720377772264943,2012
p61_wind_g05,185,0.3654836703080158,2012
p61_wind_g05,186,0.2869456582787939,2012
p61_wind_g05,187,0.600678448122324,2012
p61_wind_g05,188,0.16031498548059822,2012
p61_wind_g05,189,0.4823435198164895,2012
p61_wind_g05,190,0.24995855278019244,2012
p61_wind_g05,191,0.4670523377462818,2012
p61_wind_g05,192,0.23406404002126058,2012
p61_wind_g05,193,0.40043938611824037,2012
p61_wind_g05,194,0.2904699296590219,2012
p61_wind_g05,195,0.45058031788013325,2012
p61_wind_g05,196,0.43001357971088716,2012
p61_wind_g05,197,0.3053046413246706,2012
p61_wind_g05,198,0.5287426747160289,2012
p61_wind_g05,199,0.24700275154788623,2012
p61_wind_g05,200,0.3366207429883432,2012
p61_wind_g05,201,0.1603075270777907,2012
p61_wind_g05,202,0.5460659621716897,2012
p61_wind_g05,203,0.17177395326251724,2012
p61_wind_g05,204,0.3102191842315791,2012
p61_wind_g05,205,0.24742061184406333,2012
p61_wind_g05,206,0.35544326656297826,2012
p61_wind_g05,207,0.16062716260684107,2012
p61_wind_g05,208,0.4185479654783614,2012
p61_wind_g05,209,0.3276596816900108,2012
p61_wind_g05,210,0.4700692556710774,2012
p61_wind_g05,211,0.1635477280283507,2012
p61_wind_g05,212,0.5513030777448544,2012
p61_wind_g05,213,0.3270610463322826,2012
p61_wind_g05,214,0.32196264850767586,2012
p61_wind_g05,215,0.29771407022970264,2012
p61_wind_g05,216,0.2686323692984527,2012
p61_wind_g05,217,0.3493051266539205,2012
p61_wind_g05,218,0.33363572112384937,2012
p61_wind_g05,219,0.35710072789934505,2012
p61_wind_g05,220,0.2529747003585452,2012
p61_wind_g05,221,0.6519584305402738,2012
p61_wind_g05,222,0.3453883517355119,2012
p61_wind_g05,223,0.578066523878428,2012
p61_wind_g05,224,0.1581238260703419,2012
p61_wind_g05,225,0.4946815489559599,2012
p61_wind_g05,226,0.34189652310385144,2012
p61_wind_g05,227,0.6407970904272569,2012
p61_wind_g05,228,0.3589553379992695,2012
p61_wind_g05,229,0.5374233297893862,2012
p61_wind_g05,230,0.46733781896707954,2012
p61_wind_g05,231,0.34017476180577716,2012
p61_wind_g05,232,0.3634606744900687,2012
p61_wind_g05,233,0.5017609887248389,2012
p61_wind_g05,234,0.4360334621009872,2012
p61_wind_g05,235,0.43567375663898106,2012
p61_wind_g05,236,0.35796588311388233,2012
p61_wind_g05,237,0.31848112024123154,2012
p61_wind_g05,238,0.7089362703734349,2012
p61_wind_g05,239,0.28547803521440196,2012
p61_wind_g05,240,0.7602655467420686,2012
p61_wind_g06,1,0.34361915301908713,2012
p61_wind_g06,2,0.19868960197850857,2012
p61_wind_g06,3,0.5707180294057084,2012
p61_wind_g06,4,0.19402735859430056,2012
p61_wind_g06,5,0.7249954602408982,2012
p61_wind_g06,6,0.3959959152689125,2012
p61_wind_g06,7,0.46561429485916067,2012
p61_wind_g06,8,0.25240619657953833,2012
p61_wind_g06,9,0.5431133514912097,2012
p61_wind_g06,10,0.2930438753537936,2012
p61_wind_g06,11,0.5293709357490303,2012
p61_wind_g06,12,0.4748369871334799,2012
p61_wind_g06,13,0.29509199578593864,2012
p61_wind_g06,14,0.4003868753553938,2012
p61_wind_g06,15,0.5662781065610477,2012
p61_wind_g06,16,0.5054695252867529,2012
p61_wind_g06,17,0.4264374918039509,2012
p61_wind_g06,18,0.43504901531212453,2012
p61_wind_g06,19,0.29944411575510127,2012
p61_wind_g06,20,0.6818116179650536,2012
p61_wind_g06,21,0.19826057750231638,2012
p61_wind_g06,22,0.5057090253794424,2012
p61_wind_g06,23,0.3781340096363935,2012
p61_wind_g06,24,0.8329336687170193,2012
p61_wind_g06,25,0.5249391167467017,2012
p61_wind_g06,26,0.4891917425290313,2012
p61_wind_g06,27,0.3303502561907145,2012
p61_wind_g06,28,0.5949868281434372,2012
p61_wind_g06,29,0.6238519000897438,2012
p61_wind_g06,30,0.6193512321898678,2012
p61_wind_g06,31,0.3897581154225699,2012
p61_wind_g06,32,0.7174893278064811,2012
p61_wind_g06,33,0.5709538540496122,2012
p61_wind_g06,34,0.41059277272130185,2012
p61_wind_g06,35,0.4808917444628906,2012
p61_wind_g06,36,0.5418447531237619,2012
p61_wind_g06,37,0.898076475046888,2012
p61_wind_g06,38,0.31357329637762027,2012
p61_wind_g06,39,0.7450271717897159,2012
p61_wind_g06,40,0.479143247483649,2012
p61_wind_g06,41,0.44418794380947446,2012
p61_wind_g06,42,0.5319976020423368,2012
p61_wind_g06,43,0.7215148596225657,2012
p61_wind_g06,44,0.42733133684824487,2012
p61_wind_g06,45,0.7956908700972645,2012
p61_wind_g06,46,0.5253073902912724,2012
p61_wind_g06,47,0.8820149479733951,2012
p61_wind_g06,48,0.7160079381365055,2012
p61_wind_g06,49,0.7812044098672608,2012
p61_wind_g06,50,0.8900872140402893,2012
p61_wind_g06,51,0.4500093110044052,2012
p61_wind_g06,52,0.7744234278604079,2012
p61_wind_g06,53,0.3230539256012928,2012
p61_wind_g06,54,0.5708637559546536,2012
p61_wind_g06,55,0.2497948023890489,2012
p61_wind_g06,56,1.0,2012
p61_wind_g06,57,0.5031110025714894,2012
p61_wind_g06,58,0.536779205637413,2012
p61_wind_g06,59,0.292181753634175,2012
p61_wind_g06,60,0.709228037941698,2012
p61_wind_g06,61,0.45740166160294865,2012
p61_wind_g06,62,0.7652921864173136,2012
p61_wind_g06,63,0.409460507578629,2012
p61_wind_g06,64,0.926346299855477,2012
p61_wind_g06,65,0.4267337497544856,2012
p61_wind_g06,66,0.7111986026755204,2012
p61_wind_g06,67,0.6410867218013345,2012
p61_wind_g06,68,0.72116133864418,2012
p61_wind_g06,69,0.5002078261046226,2012
p61_wind_g06,70,0.4379658993547834,2012
p61_wind_g06,71,0.6312872446687429,2012
p61_wind_g06,72,0.569506086127929,2012
p61_wind_g06,73,0.4747157823272108,2012
p61_wind_g06,74,0.4003540875547355,2012
p61_wind_g06,75,0.45782190680168827,2012
p61_wind_g06,76,0.22315590061893992,2012
p61_wind_g06,77,0.7099247482559913,2012
p61_wind_g06,78,0.2905058063678199,2012
p61_wind_g06,79,1.0,2012
p61_wind_g06,80,0.409076968281055,2012
p61_wind_g06,81,0.6372816474139155,2012
p61_wind_g06,82,0.3277281177783686,2012
p61_wind_g06,83,0.8653739526604054,2012
p61_wind_g06,84,0.4141836969242674,2012
p61_wind_g06,85,0.476971617818648,2012
p61_wind_g06,86,0.7200481937778814,2012
p61_wind_g06,87,0.559196594327464,2012
p61_wind_g06,88,0.4489025407180423,2012
p61_wind_g06,89,0.5546988112683905,2012
p61_wind_g06,90,0.8387099877986852,2012
p61_wind_g06,91,0.2579204064353768,2012
p61_wind_g06,92,0.8738912705869611,2012
p61_wind_g06,93,0.28658542382228713,2012
p61_wind_g06,94,0.5674786240934668,2012
p61_wind_g06,95,0.3683555199062471,2012
p61_wind_g06,96,1.0,2012
p61_wind_g06,97,0.4781830044455794,2012
p61_wind_g06,98,0.9734166862071513,2012
p61_wind_g06,99,0.6016126960058394,2012
p61_wind_g06,100,1.0,2012
p61_wind_g06,101,0.6206045338929977,2012
p61_wind_g06,102,0.8935490229791472,2012
p61_wind_g06,103,0.5841760567496561,2012
p61_wind_g06,104,0.803659716482506,2012
p61_wind_g06,105,0.5762804044711096,2012
p61_wind_g06,106,0.3408543542555226,2012
p61_wind_g06,107,0.8140237274982158,2012
p61_wind_g06,108,0.4729906615328594,2012
p61_wind_g06,109,0.785443274818958,2012
p61_wind_g06,110,0.3722332448845044,2012
p61_wind_g06,111,0.8595709938102414,2012
p61_wind_g06,112,0.2978232931285604,2012
p61_wind_g06,113,0.770935101186394,2012
p61_wind_g06,114,0.4784233309387418,2012
p61_wind_g06,115,0.8884707383314578,2012
p61_wind_g06,116,0.44485413033067334,2012
p61_wind_g06,117,0.5292035259820675,2012
p61_wind_g06,118,0.5312928233368479,2012
p61_wind_g06,119,0.42870501688790585,2012
p61_wind_g06,120,0.5338525206138668,2012
p61_wind_g06,121,0.44995670118289044,2012
p61_wind_g06,122,0.6418092418054221,2012
p61_wind_g06,123,0.6706736444939692,2012
p61_wind_g06,124,0.4825540048327745,2012
p61_wind_g06,125,0.6264238241139066,2012
p61_wind_g06,126,0.594988614186059,2012
p61_wind_g06,127,0.28510760250661144,2012
p61_wind_g06,128,0.6913301129276971,2012
p61_wind_g06,129,0.19285363015107296,2012
p61_wind_g06,130,0.8363440192601308,2012
p61_wind_g06,131,0.26612377703093987,2012
p61_wind_g06,132,0.5286080744921314,2012
p61_wind_g06,133,0.25603256284407905,2012
p61_wind_g06,134,0.8834939328686389,2012
p61_wind_g06,135,0.19551055932178935,2012
p61_wind_g06,136,0.3563926511725517,2012
p61_wind_g06,137,0.21796813630684103,2012
p61_wind_g06,138,0.4237772140663873,2012
p61_wind_g06,139,0.29961305551222067,2012
p61_wind_g06,140,0.5420161761810001,2012
p61_wind_g06,141,0.590442112218391,2012
p61_wind_g06,142,0.5301130893838037,2012
p61_wind_g06,143,0.5435483597079439,2012
p61_wind_g06,144,0.29133876620228655,2012
p61_wind_g06,145,0.3239624080019492,2012
p61_wind_g06,146,0.3933947214219751,2012
p61_wind_g06,147,0.4271706922128128,2012
p61_wind_g06,148,0.2136196528169552,2012
p61_wind_g06,149,0.7563638650699069,2012
p61_wind_g06,150,0.35622622670590454,2012
p61_wind_g06,151,0.4779841620094746,2012
p61_wind_g06,152,0.25642661819871965,2012
p61_wind_g06,153,0.5807845726494045,2012
p61_wind_g06,154,0.19735794857225622,2012
p61_wind_g06,155,0.4190804722077254,2012
p61_wind_g06,156,0.29998291859771875,2012
p61_wind_g06,157,0.44242551317368,2012
p61_wind_g06,158,0.36511918183816966,2012
p61_wind_g06,159,0.5191746603108326,2012
p61_wind_g06,160,0.41441453944554735,2012
p61_wind_g06,161,0.30885442583020917,2012
p61_wind_g06,162,0.4078055627897688,2012
p61_wind_g06,163,0.4022111403747834,2012
p61_wind_g06,164,0.5884926272503529,2012
p61_wind_g06,165,0.2805278188380923,2012
p61_wind_g06,166,0.4324483210919932,2012
p61_wind_g06,167,0.18170247069483106,2012
p61_wind_g06,168,0.44521207334023144,2012
p61_wind_g06,169,0.18226794795942514,2012
p61_wind_g06,170,0.33913712885265174,2012
p61_wind_g06,171,0.22916494121412748,2012
p61_wind_g06,172,0.3443298873977132,2012
p61_wind_g06,173,0.3078216299704145,2012
p61_wind_g06,174,0.3862518168772748,2012
p61_wind_g06,175,0.20373742066298095,2012
p61_wind_g06,176,0.5036530172046105,2012
p61_wind_g06,177,0.35558372584042336,2012
p61_wind_g06,178,0.22141023706331317,2012
p61_wind_g06,179,0.31860235540258625,2012
p61_wind_g06,180,0.18399118785667354,2012
p61_wind_g06,181,0.3290555256451129,2012
p61_wind_g06,182,0.3738950747758371,2012
p61_wind_g06,183,0.4804470333004546,2012
p61_wind_g06,184,0.13457855686891232,2012
p61_wind_g06,185,0.4665519828303289,2012
p61_wind_g06,186,0.27001679813339,2012
p61_wind_g06,187,0.6175276156212539,2012
p61_wind_g06,188,0.29129901293826244,2012
p61_wind_g06,189,0.6200524085628548,2012
p61_wind_g06,190,0.18405739609485966,2012
p61_wind_g06,191,0.2962024281041651,2012
p61_wind_g06,192,0.32049778355073816,2012
p61_wind_g06,193,0.36793886407140397,2012
p61_wind_g06,194,0.1548785788443466,2012
p61_wind_g06,195,0.21590438393439926,2012
p61_wind_g06,196,0.22611132354297453,2012
p61_wind_g06,197,0.4723279657071742,2012
p61_wind_g06,198,0.2194717352574593,2012
p61_wind_g06,199,0.3606031144992526,2012
p61_wind_g06,200,0.27306773882825325,2012
p61_wind_g06,201,0.3009475469069461,2012
p61_wind_g06,202,0.3404545145104458,2012
p61_wind_g06,203,0.26715882107800343,2012
p61_wind_g06,204,0.4184637377563067,2012
p61_wind_g06,205,0.23341765524479927,2012
p61_wind_g06,206,0.5038299254199994,2012
p61_wind_g06,207,0.12676030445198758,2012
p61_wind_g06,208,0.32400250205749,2012
p61_wind_g06,209,0.20276835609129595,2012
p61_wind_g06,210,0.3008764840381967,2012
p61_wind_g06,211,0.173483697879054,2012
p61_wind_g06,212,0.573497107544119,2012
p61_wind_g06,213,0.16614857217856804,2012
p61_wind_g06,214,0.5387696688174402,2012
p61_wind_g06,215,0.43974215186190174,2012
p61_wind_g06,216,0.2095301312269793,2012
p61_wind_g06,217,0.4564490644562924,2012
p61_wind_g06,218,0.2689524223480815,2012
p61_wind_g06,219,0.3860982763201803,2012
p61_wind_g06,220,0.1973461055285446,2012
p61_wind_g06,221,0.546536622004799,2012
p61_wind_g06,222,0.32765441048954624,2012
p61_wind_g06,223,0.3349817584821163,2012
p61_wind_g06,224,0.21871687435093912,2012
p61_wind_g06,225,0.38450646106289155,2012
p61_wind_g06,226,0.3214204927469863,2012
p61_wind_g06,227,0.584837869735238,2012
p61_wind_g06,228,0.31616855582449155,2012
p61_wind_g06,229,0.4838645548522433,2012
p61_wind_g06,230,0.2408967702330876,2012
p61_wind_g06,231,0.6691883022298911,2012
p61_wind_g06,232,0.4167261005773334,2012
p61_wind_g06,233,0.5165154292034058,2012
p61_wind_g06,234,0.2582349505240563,2012
p61_wind_g06,235,0.5429375209758887,2012
p61_wind_g06,236,0.6518428596474787,2012
p61_wind_g06,237,0.2042119740514996,2012
p61_wind_g06,238,0.6611593952631664,2012
p61_wind_g06,239,0.3979626602560533,2012
p61_wind_g06,240,0.5413715163244659,2012
p61_wind_g07,1,0.6473195429161593,2012
p61_wind_g07,2,0.36338702920523697,2012
p61_wind_g07,3,0.46539594745443097,2012
p61_wind_g07,4,0.33323340973600285,2012
p61_wind_g07,5,0.7559663062501977,2012
p61_wind_g07,6,0.28019387785398703,2012
p61_wind_g07,7,0.7451174907654377,2012
p61_wind_g07,8,0.4727753850988451,2012
p61_wind_g07,9,0.4698905674787863,2012
p61_wind_g07,10,0.548339355844931,2012
p61_wind_g07,11,0.41091522875356856,2012
p61_wind_g07,12,0.3807967140449824,2012
p61_wind_g07,13,0.30854251978220554,2012
p61_wind_g07,14,0.6486862788059489,2012
p61_wind_g07,15,0.5007112335493061,2012
p61_wind_g07,16,0.46260557952898146,2012
p61_wind_g07,17,0.49180526959134996,2012
p61_wind_g07,18,0.488983652655098,2012
p61_wind_g07,19,0.1939232558357453,2012
p61_wind_g07,20,0.5911997820041088,2012
p61_wind_g07,21,0.3242900403872587,2012
p61_wind_g07,22,0.8666999120625102,2012
p61_wind_g07,23,0.43359781064442465,2012
p61_wind_g07,24,0.9353637759890336,2012
p61_wind_g07,25,0.5129339137746945,2012
p61_wind_g07,26,0.7448193975566829,2012
p61_wind_g07,27,0.5604543675642023,2012
p61_wind_g07,28,0.6443168437754258,2012
p61_wind_g07,29,0.6493930679636125,2012
p61_wind_g07,30,0.7422426211647868,2012
p61_wind_g07,31,0.7038674165041622,2012
p61_wind_g07,32,0.4028660675038076,2012
p61_wind_g07,33,0.4477860349207205,2012
p61_wind_g07,34,0.3359452877128968,2012
p61_wind_g07,35,0.5534195199827899,2012
p61_wind_g07,36,0.3733341744498793,2012
p61_wind_g07,37,0.7284410217562195,2012
p61_wind_g07,38,0.31383741125562037,2012
p61_wind_g07,39,0.9259616249930158,2012
p61_wind_g07,40,0.21215584090000197,2012
p61_wind_g07,41,0.9186308980318825,2012
p61_wind_g07,42,0.26414234604536685,2012
p61_wind_g07,43,0.8873534576925741,2012
p61_wind_g07,44,0.5554832753914336,2012
p61_wind_g07,45,0.42603857810429513,2012
p61_wind_g07,46,0.6544545966243724,2012
p61_wind_g07,47,0.4710253454180073,2012
p61_wind_g07,48,0.708870518437288,2012
p61_wind_g07,49,0.6344633599884025,2012
p61_wind_g07,50,0.8065106633472012,2012
p61_wind_g07,51,0.6045418534038168,2012
p61_wind_g07,52,0.5555731108011615,2012
p61_wind_g07,53,0.5608693293002778,2012
p61_wind_g07,54,0.6949896093346356,2012
p61_wind_g07,55,0.3242105407545328,2012
p61_wind_g07,56,0.540770931968918,2012
p61_wind_g07,57,0.4281521307260616,2012
p61_wind_g07,58,0.9596231492431055,2012
p61_wind_g07,59,0.43126027691335567,2012
p61_wind_g07,60,0.5814925343163276,2012
p61_wind_g07,61,0.4240948344236139,2012
p61_wind_g07,62,0.8983820943153263,2012
p61_wind_g07,63,0.32894839852777824,2012
p61_wind_g07,64,0.6590940693612223,2012
p61_wind_g07,65,0.4996651408710134,2012
p61_wind_g07,66,0.7170951631843224,2012
p61_wind_g07,67,0.5075353225811038,2012
p61_wind_g07,68,0.528288203826931,2012
p61_wind_g07,69,0.8198659066926982,2012
p61_wind_g07,70,0.506434828755743,2012
p61_wind_g07,71,0.4990572268468492,2012
p61_wind_g07,72,0.4497323350886398,2012
p61_wind_g07,73,0.6580861044318473,2012
p61_wind_g07,74,0.29832600763592987,2012
p61_wind_g07,75,0.8547760960652071,2012
p61_wind_g07,76,0.2754502135911494,2012
p61_wind_g07,77,0.4758825912990831,2012
p61_wind_g07,78,0.389094964215122,2012
p61_wind_g07,79,0.6573025814888405,2012
p61_wind_g07,80,0.5434837240792267,2012
p61_wind_g07,81,0.8621974468291118,2012
p61_wind_g07,82,0.5338449472687739,2012
p61_wind_g07,83,0.9778925226938067,2012
p61_wind_g07,84,0.4640738020900078,2012
p61_wind_g07,85,0.4076277936444518,2012
p61_wind_g07,86,0.8174387756624094,2012
p61_wind_g07,87,0.3696436154272123,2012
p61_wind_g07,88,0.5643041234823695,2012
p61_wind_g07,89,0.5002275919212104,2012
p61_wind_g07,90,0.6678529664397665,2012
p61_wind_g07,91,0.6268508491819285,2012
p61_wind_g07,92,1.0,2012
p61_wind_g07,93,0.4630077131401447,2012
p61_wind_g07,94,0.7428471725291029,2012
p61_wind_g07,95,0.2875033410828825,2012
p61_wind_g07,96,0.4879789152742167,2012
p61_wind_g07,97,0.24086733088082377,2012
p61_wind_g07,98,0.9758554916844399,2012
p61_wind_g07,99,0.4552906903749062,2012
p61_wind_g07,100,0.9964864015150678,2012
p61_wind_g07,101,0.6116341460989191,2012
p61_wind_g07,102,0.5274840509423456,2012
p61_wind_g07,103,0.524718152681648,2012
p61_wind_g07,104,0.30625251444321544,2012
p61_wind_g07,105,0.62277545121371,2012
p61_wind_g07,106,0.591846103551937,2012
p61_wind_g07,107,0.44129635306138193,2012
p61_wind_g07,108,0.5659448320765869,2012
p61_wind_g07,109,0.4283827151006904,2012
p61_wind_g07,110,0.2595093919066146,2012
p61_wind_g07,111,0.6032250716738301,2012
p61_wind_g07,112,0.34330337050143883,2012
p61_wind_g07,113,0.4400930280439335,2012
p61_wind_g07,114,0.2252971216596047,2012
p61_wind_g07,115,0.5192909301685303,2012
p61_wind_g07,116,0.2292579406952725,2012
p61_wind_g07,117,0.6810259899255634,2012
p61_wind_g07,118,0.4680725171099916,2012
p61_wind_g07,119,0.576952779718802,2012
p61_wind_g07,120,0.24739846331957108,2012
p61_wind_g07,121,0.400353302648328,2012
p61_wind_g07,122,0.5793237437120261,2012
p61_wind_g07,123,0.516179843084003,2012
p61_wind_g07,124,0.28784239075520923,2012
p61_wind_g07,125,0.3003796588961273,2012
p61_wind_g07,126,0.5734843300210961,2012
p61_wind_g07,127,0.36942002100003796,2012
p61_wind_g07,128,0.4525014928345953,2012
p61_wind_g07,129,0.400730055661151,2012
p61_wind_g07,130,0.3307573327557689,2012
p61_wind_g07,131,0.39805026587513953,2012
p61_wind_g07,132,0.624183671704833,2012
p61_wind_g07,133,0.20513201121983546,2012
p61_wind_g07,134,0.34860857027343406,2012
p61_wind_g07,135,0.19282114488008334,2012
p61_wind_g07,136,0.7167164652743997,2012
p61_wind_g07,137,0.2060128408523109,2012
p61_wind_g07,138,0.6718308474680837,2012
p61_wind_g07,139,0.2114854975206469,2012
p61_wind_g07,140,0.6342081173732361,2012
p61_wind_g07,141,0.4030505185054081,2012
p61_wind_g07,142,0.3804162825388008,2012
p61_wind_g07,143,0.31651111025900713,2012
p61_wind_g07,144,0.45546227474946477,2012
p61_wind_g07,145,0.5122592764629355,2012
p61_wind_g07,146,0.3415684719466119,2012
p61_wind_g07,147,0.5931191104056831,2012
p61_wind_g07,148,0.29650079821875985,2012
p61_wind_g07,149,0.5274675525677367,2012
p61_wind_g07,150,0.32032016373432826,2012
p61_wind_g07,151,0.4358052321132564,2012
p61_wind_g07,152,0.32644833528495365,2012
p61_wind_g07,153,0.6162246675974287,2012
p61_wind_g07,154,0.22486308966325838,2012
p61_wind_g07,155,0.4039773483256221,2012
p61_wind_g07,156,0.26165096390708104,2012
p61_wind_g07,157,0.5655670830668842,2012
p61_wind_g07,158,0.3652329742319227,2012
p61_wind_g07,159,0.31542613759431504,2012
p61_wind_g07,160,0.3927190080761436,2012
p61_wind_g07,161,0.4396756358669554,2012
p61_wind_g07,162,0.21446000110009056,2012
p61_wind_g07,163,0.2856727574696488,2012
p61_wind_g07,164,0.38704169320120213,2012
p61_wind_g07,165,0.1796911169052147,2012
p61_wind_g07,166,0.5609383447675748,2012
p61_wind_g07,167,0.3143533037459571,2012
p61_wind_g07,168,0.506072804390717,2012
p61_wind_g07,169,0.21076120155883038,2012
p61_wind_g07,170,0.578965530714869,2012
p61_wind_g07,171,0.15752835699926993,2012
p61_wind_g07,172,0.451700926204587,2012
p61_wind_g07,173,0.19974575880597903,2012
p61_wind_g07,174,0.4984298677430459,2012
p61_wind_g07,175,0.36554777991989884,2012
p61_wind_g07,176,0.3354165344676774,2012
p61_wind_g07,177,0.3658204802553321,2012
p61_wind_g07,178,0.46939670479921025,2012
p61_wind_g07,179,0.360769850695158,2012
p61_wind_g07,180,0.26072751165982727,2012
p61_wind_g07,181,0.2178600363326606,2012
p61_wind_g07,182,0.2561870443186521,2012
p61_wind_g07,183,0.31482215096856686,2012
p61_wind_g07,184,0.17113170393851526,2012
p61_wind_g07,185,0.3470107579827081,2012
p61_wind_g07,186,0.21681435316290773,2012
p61_wind_g07,187,0.28947269757734717,2012
p61_wind_g07,188,0.16710642148499416,2012
p61_wind_g07,189,0.3606009993154137,2012
p61_wind_g07,190,0.31070601253439895,2012
p61_wind_g07,191,0.26917919148888536,2012
p61_wind_g07,192,0.25817282451214496,2012
p61_wind_g07,193,0.46428325066649057,2012
p61_wind_g07,194,0.2395278016071891,2012
p61_wind_g07,195,0.36127114606503896,2012
p61_wind_g07,196,0.2998174002921942,2012
p61_wind_g07,197,0.29615195087825325,2012
p61_wind_g07,198,0.26058861679318474,2012
p61_wind_g07,199,0.29543444716867223,2012
p61_wind_g07,200,0.32007660005999405,2012
p61_wind_g07,201,0.17091271881615444,2012
p61_wind_g07,202,0.49428760050567244,2012
p61_wind_g07,203,0.18014950551303882,2012
p61_wind_g07,204,0.26041839705128383,2012
p61_wind_g07,205,0.27151956166129965,2012
p61_wind_g07,206,0.5526934232706994,2012
p61_wind_g07,207,0.26032752047706886,2012
p61_wind_g07,208,0.2616824147019594,2012
p61_wind_g07,209,0.2422364788291665,2012
p61_wind_g07,210,0.33748070497562516,2012
p61_wind_g07,211,0.28312903431772873,2012
p61_wind_g07,212,0.5236127380310138,2012
p61_wind_g07,213,0.3124830425442727,2012
p61_wind_g07,214,0.2867088370964363,2012
p61_wind_g07,215,0.4132460789538208,2012
p61_wind_g07,216,0.23565679965975367,2012
p61_wind_g07,217,0.3748089520478947,2012
p61_wind_g07,218,0.19277412020412368,2012
p61_wind_g07,219,0.35314274704638293,2012
p61_wind_g07,220,0.24298820143757113,2012
p61_wind_g07,221,0.48711307237100077,2012
p61_wind_g07,222,0.26247293600796623,2012
p61_wind_g07,223,0.43673546467028074,2012
p61_wind_g07,224,0.18869316378864817,2012
p61_wind_g07,225,0.5396393135562711,2012
p61_wind_g07,226,0.17538376711320272,2012
p61_wind_g07,227,0.6235466984928717,2012
p61_wind_g07,228,0.14740306551058271,2012
p61_wind_g07,229,0.6488646673513184,2012
p61_wind_g07,230,0.349801705587776,2012
p61_wind_g07,231,0.5309141034687527,2012
p61_wind_g07,232,0.3535123772294304,2012
p61_wind_g07,233,0.48769399290509097,2012
p61_wind_g07,234,0.30870536805717624,2012
p61_wind_g07,235,0.38430420292746226,2012
p61_wind_g07,236,0.4943188843398427,2012
p61_wind_g07,237,0.4455663691921185,2012
p61_wind_g07,238,0.6023851344923481,2012
p61_wind_g07,239,0.45829516769025863,2012
p61_wind_g07,240,0.6212975508837286,2012
p61_wind_g08,1,0.578600800742411,2012
p61_wind_g08,2,0.17533813859263278,2012
p61_wind_g08,3,0.5767199190504323,2012
p61_wind_g08,4,0.3081043892833179,2012
p61_wind_g08,5,0.4874682094770749,2012
p61_wind_g08,6,0.2194580949542806,2012
p61_wind_g08,7,0.6763031869696298,2012
p61_wind_g08,8,0.19584047041838804,2012
p61_wind_g08,9,0.4999495822702296,2012
p61_wind_g08,10,0.3615147466482867,2012
p61_wind_g08,11,0.5511385193887293,2012
p61_wind_g08,12,0.34466749736210645,2012
p61_wind_g08,13,0.2627665667218281,2012
p61_wind_g08,14,0.34022076899973325,2012
p61_wind_g08,15,0.5235477708335413,2012
p61_wind_g08,16,0.7337097153048047,2012
p61_wind_g08,17,0.3854604186536989,2012
p61_wind_g08,18,0.8242630363030796,2012
p61_wind_g08,19,0.3284145869673202,2012
p61_wind_g08,20,0.6531813825801428,2012
p61_wind_g08,21,0.34422113194456166,2012
p61_wind_g08,22,0.7350783068538199,2012
p61_wind_g08,23,0.38460326471223955,2012
p61_wind_g08,24,0.5126066156684409,2012
p61_wind_g08,25,0.3983999585546856,2012
p61_wind_g08,26,0.7153748989614357,2012
p61_wind_g08,27,0.48609291896180074,2012
p61_wind_g08,28,0.6741221324748369,2012
p61_wind_g08,29,0.28517351442551087,2012
p61_wind_g08,30,0.2907877719680385,2012
p61_wind_g08,31,0.5125129433454866,2012
p61_wind_g08,32,0.4903989006164207,2012
p61_wind_g08,33,0.6438730426827431,2012
p61_wind_g08,34,0.5295866298014753,2012
p61_wind_g08,35,0.7804334768818664,2012
p61_wind_g08,36,0.41467432666665205,2012
p61_wind_g08,37,0.8023989252444425,2012
p61_wind_g08,38,0.3227379986647219,2012
p61_wind_g08,39,0.7765355179355985,2012
p61_wind_g08,40,0.24368798918531667,2012
p61_wind_g08,41,0.987174754503464,2012
p61_wind_g08,42,0.4002654702215024,2012
p61_wind_g08,43,0.6362104226906968,2012
p61_wind_g08,44,0.3952226769661734,2012
p61_wind_g08,45,0.43623883309769534,2012
p61_wind_g08,46,0.3421856226295619,2012
p61_wind_g08,47,0.5989910666213402,2012
p61_wind_g08,48,0.45718980776124446,2012
p61_wind_g08,49,0.773159366796305,2012
p61_wind_g08,50,0.4890910873658583,2012
p61_wind_g08,51,0.2933878985567701,2012
p61_wind_g08,52,0.6484476729232115,2012
p61_wind_g08,53,0.5374305370355673,2012
p61_wind_g08,54,0.6449874023248594,2012
p61_wind_g08,55,0.3827899438518652,2012
p61_wind_g08,56,1.0,2012
p61_wind_g08,57,0.43388587523438055,2012
p61_wind_g08,58,0.9779421605866152,2012
p61_wind_g08,59,0.2738216661119501,2012
p61_wind_g08,60,0.9791695510861934,2012
p61_wind_g08,61,0.3745977216125618,2012
p61_wind_g08,62,0.5868469953209784,2012
p61_wind_g08,63,0.4077002302572137,2012
p61_wind_g08,64,0.7731030550814504,2012
p61_wind_g08,65,0.3198758910003587,2012
p61_wind_g08,66,0.361333567127784,2012
p61_wind_g08,67,0.35878601904682744,2012
p61_wind_g08,68,0.3993008439017273,2012
p61_wind_g08,69,0.3771007057416801,2012
p61_wind_g08,70,0.3660705950842681,2012
p61_wind_g08,71,0.6656881711727137,2012
p61_wind_g08,72,0.612714399463266,2012
p61_wind_g08,73,0.639950189243937,2012
p61_wind_g08,74,0.47087463104936955,2012
p61_wind_g08,75,0.8169043706126359,2012
p61_wind_g08,76,0.3981599386021663,2012
p61_wind_g08,77,0.5831016010212634,2012
p61_wind_g08,78,0.3464842110919193,2012
p61_wind_g08,79,0.8176019277281327,2012
p61_wind_g08,80,0.5064802310937135,2012
p61_wind_g08,81,0.5806631779524887,2012
p61_wind_g08,82,0.47904933521134646,2012
p61_wind_g08,83,0.5769600113502944,2012
p61_wind_g08,84,0.3595784872134117,2012
p61_wind_g08,85,0.8593316212506482,2012
p61_wind_g08,86,0.39685775730530737,2012
p61_wind_g08,87,0.6039433389128572,2012
p61_wind_g08,88,0.4357235616140998,2012
p61_wind_g08,89,0.6478922759498512,2012
p61_wind_g08,90,0.9472563180277144,2012
p61_wind_g08,91,0.33471162226499335,2012
p61_wind_g08,92,0.9816394521097778,2012
p61_wind_g08,93,0.4094862759174841,2012
p61_wind_g08,94,0.7195100224527282,2012
p61_wind_g08,95,0.38282175948399894,2012
p61_wind_g08,96,0.6176512196797885,2012
p61_wind_g08,97,0.19168737928555016,2012
p61_wind_g08,98,0.8026779566932041,2012
p61_wind_g08,99,0.484066204756842,2012
p61_wind_g08,100,0.5054446214189316,2012
p61_wind_g08,101,0.2984261009892848,2012
p61_wind_g08,102,0.6302135693228962,2012
p61_wind_g08,103,0.6316539503959633,2012
p61_wind_g08,104,0.3618508733532832,2012
p61_wind_g08,105,0.3241213925035825,2012
p61_wind_g08,106,0.5131553293224115,2012
p61_wind_g08,107,0.4535398291151753,2012
p61_wind_g08,108,0.4199556821594842,2012
p61_wind_g08,109,0.7716263776645185,2012
p61_wind_g08,110,0.4985062351579143,2012
p61_wind_g08,111,0.6979067959936526,2012
p61_wind_g08,112,0.293568782929424,2012
p61_wind_g08,113,0.3914247656968149,2012
p61_wind_g08,114,0.4334747223059667,2012
p61_wind_g08,115,0.621782816907371,2012
p61_wind_g08,116,0.4561921285572584,2012
p61_wind_g08,117,0.37379832243566635,2012
p61_wind_g08,118,0.46035760814161686,2012
p61_wind_g08,119,0.4097063756722327,2012
p61_wind_g08,120,0.404274359623024,2012
p61_wind_g08,121,0.41582269272394967,2012
p61_wind_g08,122,0.509613888187459,2012
p61_wind_g08,123,0.5461701313969047,2012
p61_wind_g08,124,0.5297623957400543,2012
p61_wind_g08,125,0.5396584430619928,2012
p61_wind_g08,126,0.28056816208761876,2012
p61_wind_g08,127,0.2953220976791656,2012
p61_wind_g08,128,0.6516600512659528,2012
p61_wind_g08,129,0.3827544518647212,2012
p61_wind_g08,130,0.5756378241256267,2012
p61_wind_g08,131,0.2269073257394525,2012
p61_wind_g08,132,0.6588718903339061,2012
p61_wind_g08,133,0.31792040624657847,2012
p61_wind_g08,134,0.7649332933126026,2012
p61_wind_g08,135,0.40724772731016345,2012
p61_wind_g08,136,0.33657123172662734,2012
p61_wind_g08,137,0.20439387197295356,2012
p61_wind_g08,138,0.6175505757561554,2012
p61_wind_g08,139,0.24204805106825414,2012
p61_wind_g08,140,0.6198981966047397,2012
p61_wind_g08,141,0.3416926449086612,2012
p61_wind_g08,142,0.4465419384254075,2012
p61_wind_g08,143,0.37408734470293104,2012
p61_wind_g08,144,0.42445169102047026,2012
p61_wind_g08,145,0.4285115828674041,2012
p61_wind_g08,146,0.38937235973139916,2012
p61_wind_g08,147,0.5131763638077262,2012
p61_wind_g08,148,0.1610690846590528,2012
p61_wind_g08,149,0.4107131111089753,2012
p61_wind_g08,150,0.23083338277106122,2012
p61_wind_g08,151,0.32812849072001105,2012
p61_wind_g08,152,0.20446539289578503,2012
p61_wind_g08,153,0.46305914656332403,2012
p61_wind_g08,154,0.2629809857013813,2012
p61_wind_g08,155,0.49343516572557844,2012
p61_wind_g08,156,0.20111759508514826,2012
p61_wind_g08,157,0.3590558067824007,2012
p61_wind_g08,158,0.297940621581361,2012
p61_wind_g08,159,0.36025699697124086,2012
p61_wind_g08,160,0.18471941737484873,2012
p61_wind_g08,161,0.3814862811707684,2012
p61_wind_g08,162,0.21451899206420416,2012
p61_wind_g08,163,0.3101435827266306,2012
p61_wind_g08,164,0.3373104964802867,2012
p61_wind_g08,165,0.17737507059498944,2012
p61_wind_g08,166,0.29502687614007655,2012
p61_wind_g08,167,0.1547037995943763,2012
p61_wind_g08,168,0.5585008109953555,2012
p61_wind_g08,169,0.14886457463681835,2012
p61_wind_g08,170,0.2491941418376183,2012
p61_wind_g08,171,0.2576034612450043,2012
p61_wind_g08,172,0.23262139173463528,2012
p61_wind_g08,173,0.2370972656014671,2012
p61_wind_g08,174,0.5404281619218444,2012
p61_wind_g08,175,0.2743561402184109,2012
p61_wind_g08,176,0.5174241770219693,2012
p61_wind_g08,177,0.3009010613865108,2012
p61_wind_g08,178,0.19161699761415038,2012
p61_wind_g08,179,0.4034707026108908,2012
p61_wind_g08,180,0.29265889397793315,2012
p61_wind_g08,181,0.21054814620788653,2012
p61_wind_g08,182,0.3256719187806754,2012
p61_wind_g08,183,0.26862926566933143,2012
p61_wind_g08,184,0.21787191602215775,2012
p61_wind_g08,185,0.27475201306454533,2012
p61_wind_g08,186,0.20369132512650362,2012
p61_wind_g08,187,0.5046872366434274,2012
p61_wind_g08,188,0.11100563405490019,2012
p61_wind_g08,189,0.49733375691134585,2012
p61_wind_g08,190,0.21353640457529643,2012
p61_wind_g08,191,0.4312557591553156,2012
p61_wind_g08,192,0.23713335131608435,2012
p61_wind_g08,193,0.230023850072034,2012
p61_wind_g08,194,0.1931784015714242,2012
p61_wind_g08,195,0.3589001898357829,2012
p61_wind_g08,196,0.37135966503981893,2012
p61_wind_g08,197,0.34377196810120064,2012
p61_wind_g08,198,0.21804912681619643,2012
p61_wind_g08,199,0.38269773441217103,2012
p61_wind_g08,200,0.43902575117842546,2012
p61_wind_g08,201,0.249139337481395,2012
p61_wind_g08,202,0.4512613121773085,2012
p61_wind_g08,203,0.18152775209760177,2012
p61_wind_g08,204,0.45928055234182935,2012
p61_wind_g08,205,0.16458934545542803,2012
p61_wind_g08,206,0.38918029673171356,2012
p61_wind_g08,207,0.21245916736933582,2012
p61_wind_g08,208,0.3888524817891768,2012
p61_wind_g08,209,0.2062825074482104,2012
p61_wind_g08,210,0.254382018610512,2012
p61_wind_g08,211,0.24036445303583384,2012
p61_wind_g08,212,0.3062710568089742,2012
p61_wind_g08,213,0.36434481281103437,2012
p61_wind_g08,214,0.30405664226960605,2012
p61_wind_g08,215,0.18534858728915848,2012
p61_wind_g08,216,0.40576755185628754,2012
p61_wind_g08,217,0.39112055083127495,2012
p61_wind_g08,218,0.18322890427489028,2012
p61_wind_g08,219,0.3816668461925504,2012
p61_wind_g08,220,0.2551752339056468,2012
p61_wind_g08,221,0.48776586211421374,2012
p61_wind_g08,222,0.27812297572150035,2012
p61_wind_g08,223,0.4588529280382877,2012
p61_wind_g08,224,0.13638073675774756,2012
p61_wind_g08,225,0.6064105360531745,2012
p61_wind_g08,226,0.31283155764566284,2012
p61_wind_g08,227,0.6140945534624932,2012
p61_wind_g08,228,0.17556283026221825,2012
p61_wind_g08,229,0.6240385754019326,2012
p61_wind_g08,230,0.25277748838623,2012
p61_wind_g08,231,0.49736637536636463,2012
p61_wind_g08,232,0.4599794441084998,2012
p61_wind_g08,233,0.34928874468544846,2012
p61_wind_g08,234,0.5187608119082957,2012
p61_wind_g08,235,0.3594199418304001,2012
p61_wind_g08,236,0.24777243225880338,2012
p61_wind_g08,237,0.25409092324166493,2012
p61_wind_g08,238,0.5531653055991101,2012
p61_wind_g08,239,0.25615879136838066,2012
p61_wind_g08,240,0.6068179156684442,2012
p61_wind_g09,1,0.6403148805004161,2012
p61_wind_g09,2,0.24695245195676213,2012
p61_wind_g09,3,0.4244696568749647,2012
p61_wind_g09,4,0.34152912070119634,2012
p61_wind_g09,5,0.45069285879249454,2012
p61_wind_g09,6,0.27917767079695605,2012
p61_wind_g09,7,0.35815701922371557,2012
p61_wind_g09,8,0.4457553466106598,2012
p61_wind_g09,9,0.4116320104601914,2012
p61_wind_g09,10,0.19861155061735855,2012
p61_wind_g09,11,0.25096652479935766,2012
p61_wind_g09,12,0.4552862711092836,2012
p61_wind_g09,13,0.3716601659906537,2012
p61_wind_g09,14,0.43311014068229264,2012
p61_wind_g09,15,0.38022415564486106,2012
p61_wind_g09,16,0.48467721247363965,2012
p61_wind_g09,17,0.39232017236752265,2012
p61_wind_g09,18,0.32967894129236397,2012
p61_wind_g09,19,0.35164175591969987,2012
p61_wind_g09,20,0.36222425817448456,2012
p61_wind_g09,21,0.23108028706382483,2012
p61_wind_g09,22,0.32796138180379536,2012
p61_wind_g09,23,0.25596143111124736,2012
p61_wind_g09,24,0.34582841869228664,2012
p61_wind_g09,25,0.30952494950399884,2012
p61_wind_g09,26,0.3985498502899526,2012
p61_wind_g09,27,0.5094681727994983,2012
p61_wind_g09,28,0.6173652449975703,2012
p61_wind_g09,29,0.2822286713630095,2012
p61_wind_g09,30,0.49332633636710993,2012
p61_wind_g09,31,0.32209049180841176,2012
p61_wind_g09,32,0.5515980939727197,2012
p61_wind_g09,33,0.6759420626319808,2012
p61_wind_g09,34,0.45910058018756217,2012
p61_wind_g09,35,0.4178052351820534,2012
p61_wind_g09,36,0.29525219795860475,2012
p61_wind_g09,37,0.39603386084529707,2012
p61_wind_g09,38,0.25481265307113404,2012
p61_wind_g09,39,0.44833632662440526,2012
p61_wind_g09,40,0.2721725462302803,2012
p61_wind_g09,41,0.6347358865516823,2012
p61_wind_g09,42,0.19150476915598058,2012
p61_wind_g09,43,0.5222580742362992,2012
p61_wind_g09,44,0.4170451664449066,2012
p61_wind_g09,45,0.8330596328419523,2012
p61_wind_g09,46,0.3028918776897404,2012
p61_wind_g09,47,0.3427669335635908,2012
p61_wind_g09,48,0.5096197052295635,2012
p61_wind_g09,49,0.6444350306794275,2012
p61_wind_g09,50,0.6061297486461048,2012
p61_wind_g09,51,0.5842247501679402,2012
p61_wind_g09,52,0.8146698392887405,2012
p61_wind_g09,53,0.3118256331089898,2012
p61_wind_g09,54,0.9167929532924147,2012
p61_wind_g09,55,0.5230945842957079,2012
p61_wind_g09,56,0.8172955430188032,2012
p61_wind_g09,57,0.2132049047181601,2012
p61_wind_g09,58,0.8818331643773594,2012
p61_wind_g09,59,0.3362045339599321,2012
p61_wind_g09,60,0.7261796656393378,2012
p61_wind_g09,61,0.42653349998532475,2012
p61_wind_g09,62,0.40243375694208966,2012
p61_wind_g09,63,0.5393144731703653,2012
p61_wind_g09,64,0.5758901214434663,2012
p61_wind_g09,65,0.6575886837138551,2012
p61_wind_g09,66,0.46058590988000575,2012
p61_wind_g09,67,0.6573047575360497,2012
p61_wind_g09,68,0.3309862807453465,2012
p61_wind_g09,69,0.7551726911072917,2012
p61_wind_g09,70,0.27734498576220257,2012
p61_wind_g09,71,0.8156222409322196,2012
p61_wind_g09,72,0.5199370867476705,2012
p61_wind_g09,73,0.7945478097854712,2012
p61_wind_g09,74,0.32880883889489604,2012
p61_wind_g09,75,0.57504805289746,2012
p61_wind_g09,76,0.35851503098490806,2012
p61_wind_g09,77,0.5201173531914339,2012
p61_wind_g09,78,0.3341496993480182,2012
p61_wind_g09,79,0.4161113029050198,2012
p61_wind_g09,80,0.49247193628562824,2012
p61_wind_g09,81,0.639147421710658,2012
p61_wind_g09,82,0.31479548666960466,2012
p61_wind_g09,83,0.4492563515448764,2012
p61_wind_g09,84,0.3828284470836475,2012
p61_wind_g09,85,0.817727123364439,2012
p61_wind_g09,86,0.626071939290143,2012
p61_wind_g09,87,0.4488725247820978,2012
p61_wind_g09,88,0.5179804412040505,2012
p61_wind_g09,89,0.4555120367696166,2012
p61_wind_g09,90,0.7752941306802675,2012
p61_wind_g09,91,0.24363797944469726,2012
p61_wind_g09,92,0.38327061561382236,2012
p61_wind_g09,93,0.2571443213484662,2012
p61_wind_g09,94,0.48182096384615186,2012
p61_wind_g09,95,0.32875958479432765,2012
p61_wind_g09,96,0.40209237299493905,2012
p61_wind_g09,97,0.36034529512803704,2012
p61_wind_g09,98,0.6850795980513703,2012
p61_wind_g09,99,0.3360568515306247,2012
p61_wind_g09,100,0.7108724168660564,2012
p61_wind_g09,101,0.5327843642940396,2012
p61_wind_g09,102,0.3605147137841349,2012
p61_wind_g09,103,0.2613150563288232,2012
p61_wind_g09,104,0.5330470833918411,2012
p61_wind_g09,105,0.6818932492659319,2012
p61_wind_g09,106,0.46672906312620616,2012
p61_wind_g09,107,0.44771074412057316,2012
p61_wind_g09,108,0.42374982045958165,2012
p61_wind_g09,109,0.6432853982264185,2012
p61_wind_g09,110,0.2876461494175185,2012
p61_wind_g09,111,0.8141797398631813,2012
p61_wind_g09,112,0.43767750837803837,2012
p61_wind_g09,113,0.3847333850115104,2012
p61_wind_g09,114,0.24727223841171692,2012
p61_wind_g09,115,0.8409062277331352,2012
p61_wind_g09,116,0.22772544218654606,2012
p61_wind_g09,117,0.739730536515359,2012
p61_wind_g09,118,0.3471805823655004,2012
p61_wind_g09,119,0.38895691168979685,2012
p61_wind_g09,120,0.46640857553332943,2012
p61_wind_g09,121,0.3876731218582836,2012
p61_wind_g09,122,0.380128507767514,2012
p61_wind_g09,123,0.6240093787925883,2012
p61_wind_g09,124,0.47080726112278554,2012
p61_wind_g09,125,0.47653639968679423,2012
p61_wind_g09,126,0.3254627319374673,2012
p61_wind_g09,127,0.19294615116040145,2012
p61_wind_g09,128,0.613306167990295,2012
p61_wind_g09,129,0.19887682251287384,2012
p61_wind_g09,130,0.5328728731372844,2012
p61_wind_g09,131,0.32336690181861927,2012
p61_wind_g09,132,0.7343371559235946,2012
p61_wind_g09,133,0.22957110446343393,2012
p61_wind_g09,134,0.6678805309866519,2012
p61_wind_g09,135,0.33422170414488384,2012
p61_wind_g09,136,0.42432195167462045,2012
p61_wind_g09,137,0.31469879486271407,2012
p61_wind_g09,138,0.2877618987322384,2012
p61_wind_g09,139,0.3001353839533928,2012
p61_wind_g09,140,0.5687194257975619,2012
p61_wind_g09,141,0.4038532014318562,2012
p61_wind_g09,142,0.26563711630140097,2012
p61_wind_g09,143,0.24040331740434437,2012
p61_wind_g09,144,0.17314151080980508,2012
p61_wind_g09,145,0.41925021346317587,2012
p61_wind_g09,146,0.3544612987215988,2012
p61_wind_g09,147,0.5331508017224386,2012
p61_wind_g09,148,0.16818339282046194,2012
p61_wind_g09,149,0.2730371563831604,2012
p61_wind_g09,150,0.21040011306199619,2012
p61_wind_g09,151,0.6532454955876323,2012
p61_wind_g09,152,0.29243583716673044,2012
p61_wind_g09,153,0.32521435814640304,2012
p61_wind_g09,154,0.19561427017388766,2012
p61_wind_g09,155,0.33158728507699803,2012
p61_wind_g09,156,0.29152897367203107,2012
p61_wind_g09,157,0.436846069151436,2012
p61_wind_g09,158,0.30713155634131295,2012
p61_wind_g09,159,0.3372415427728323,2012
p61_wind_g09,160,0.2959552686115162,2012
p61_wind_g09,161,0.3132678848207456,2012
p61_wind_g09,162,0.3531568482359081,2012
p61_wind_g09,163,0.32021740643611657,2012
p61_wind_g09,164,0.3504340514077342,2012
p61_wind_g09,165,0.3089955278454982,2012
p61_wind_g09,166,0.5512246153174812,2012
p61_wind_g09,167,0.26258307127990804,2012
p61_wind_g09,168,0.502912013560185,2012
p61_wind_g09,169,0.130574561180825,2012
p61_wind_g09,170,0.43274163136674787,2012
p61_wind_g09,171,0.2850309263279488,2012
p61_wind_g09,172,0.24736884147650184,2012
p61_wind_g09,173,0.18889527885930474,2012
p61_wind_g09,174,0.28388793069080925,2012
p61_wind_g09,175,0.3289453590070377,2012
p61_wind_g09,176,0.33205560451270594,2012
p61_wind_g09,177,0.2929643784851833,2012
p61_wind_g09,178,0.3709687583558436,2012
p61_wind_g09,179,0.3090827161691935,2012
p61_wind_g09,180,0.3271989467903883,2012
p61_wind_g09,181,0.3320801548939123,2012
p61_wind_g09,182,0.24239113722954927,2012
p61_wind_g09,183,0.4133328013164348,2012
p61_wind_g09,184,0.24923918563027012,2012
p61_wind_g09,185,0.4866652909032352,2012
p61_wind_g09,186,0.2466957844220439,2012
p61_wind_g09,187,0.4821819402627642,2012
p61_wind_g09,188,0.2565785402647178,2012
p61_wind_g09,189,0.41331237992159486,2012
p61_wind_g09,190,0.20145321490867896,2012
p61_wind_g09,191,0.4682697056041083,2012
p61_wind_g09,192,0.26542251705862613,2012
p61_wind_g09,193,0.4557822451415005,2012
p61_wind_g09,194,0.23215142216645268,2012
p61_wind_g09,195,0.3192448219698273,2012
p61_wind_g09,196,0.3625470751630101,2012
p61_wind_g09,197,0.21142122037213731,2012
p61_wind_g09,198,0.31579314238588346,2012
p61_wind_g09,199,0.28415520853628895,2012
p61_wind_g09,200,0.4184190708136657,2012
p61_wind_g09,201,0.2813682870394973,2012
p61_wind_g09,202,0.25452132225655005,2012
p61_wind_g09,203,0.18545772688499051,2012
p61_wind_g09,204,0.3202276935630482,2012
p61_wind_g09,205,0.17290311287902824,2012
p61_wind_g09,206,0.5400729919115546,2012
p61_wind_g09,207,0.1436815305653176,2012
p61_wind_g09,208,0.230570189567839,2012
p61_wind_g09,209,0.14589432721478315,2012
p61_wind_g09,210,0.22516263615140183,2012
p61_wind_g09,211,0.27482131769446116,2012
p61_wind_g09,212,0.39532760431135766,2012
p61_wind_g09,213,0.33448336249227945,2012
p61_wind_g09,214,0.35965775915711745,2012
p61_wind_g09,215,0.21421010776727956,2012
p61_wind_g09,216,0.21704307229045444,2012
p61_wind_g09,217,0.3714777420128996,2012
p61_wind_g09,218,0.15617316299053952,2012
p61_wind_g09,219,0.45096379894073607,2012
p61_wind_g09,220,0.3285753815678657,2012
p61_wind_g09,221,0.4843328111369859,2012
p61_wind_g09,222,0.330299427505691,2012
p61_wind_g09,223,0.3188118061522631,2012
p61_wind_g09,224,0.18360616888224202,2012
p61_wind_g09,225,0.5829140931811989,2012
p61_wind_g09,226,0.19490406553244893,2012
p61_wind_g09,227,0.4406467322528999,2012
p61_wind_g09,228,0.13921497715567344,2012
p61_wind_g09,229,0.4130606685650676,2012
p61_wind_g09,230,0.2770638687354777,2012
p61_wind_g09,231,0.24429627893620978,2012
p61_wind_g09,232,0.3097935190088901,2012
p61_wind_g09,233,0.3618731910899466,2012
p61_wind_g09,234,0.4527505245877819,2012
p61_wind_g09,235,0.22388113572736026,2012
p61_wind_g09,236,0.2878967759985969,2012
p61_wind_g09,237,0.28054503159743355,2012
p61_wind_g09,238,0.597858273280173,2012
p61_wind_g09,239,0.3025597223949333,2012
p61_wind_g09,240,0.5394681066079542,2012
p61_wind_g10,1,0.33969216472932146,2012
p61_wind_g10,2,0.13957416954258806,2012
p61_wind_g10,3,0.5385099615221705,2012
p61_wind_g10,4,0.2537398968882731,2012
p61_wind_g10,5,0.30303061006615845,2012
p61_wind_g10,6,0.1268731251790886,2012
p61_wind_g10,7,0.5098644391905021,2012
p61_wind_g10,8,0.13950980854955938,2012
p61_wind_g10,9,0.31285827298843516,2012
p61_wind_g10,10,0.27868942705439215,2012
p61_wind_g10,11,0.3903125218425571,2012
p61_wind_g10,12,0.3674387783157184,2012
p61_wind_g10,13,0.29247197297057304,2012
p61_wind_g10,14,0.3606867814106288,2012
p61_wind_g10,15,0.2170846320130609,2012
p61_wind_g10,16,0.4735376735549385,2012
p61_wind_g10,17,0.17656520244766133,2012
p61_wind_g10,18,0.2610002795335237,2012
p61_wind_g10,19,0.17749998183551963,2012
p61_wind_g10,20,0.3571254469978074,2012
p61_wind_g10,21,0.14335168944923984,2012
p61_wind_g10,22,0.4167425000382272,2012
p61_wind_g10,23,0.16256148424909453,2012
p61_wind_g10,24,0.30008652137110803,2012
p61_wind_g10,25,0.32096648554008467,2012
p61_wind_g10,26,0.313821581353863,2012
p61_wind_g10,27,0.26692604621243415,2012
p61_wind_g10,28,0.4922900272694802,2012
p61_wind_g10,29,0.24515468555806685,2012
p61_wind_g10,30,0.28138958278387266,2012
p61_wind_g10,31,0.3340710387655017,2012
p61_wind_g10,32,0.197628112482876,2012
p61_wind_g10,33,0.30919236219229407,2012
p61_wind_g10,34,0.26433417549809635,2012
p61_wind_g10,35,0.5975792387818782,2012
p61_wind_g10,36,0.27371218209199427,2012
p61_wind_g10,37,0.603121210627142,2012
p61_wind_g10,38,0.23263913072748088,2012
p61_wind_g10,39,0.3802778955204547,2012
p61_wind_g10,40,0.2006799064720855,2012
p61_wind_g10,41,0.44109515313902037,2012
p61_wind_g10,42,0.3432784054605404,2012
p61_wind_g10,43,0.5244330614534574,2012
p61_wind_g10,44,0.22167551384507977,2012
p61_wind_g10,45,0.34710678584367205,2012
p61_wind_g10,46,0.4298064779629862,2012
p61_wind_g10,47,0.496644559517743,2012
p61_wind_g10,48,0.40514662802253243,2012
p61_wind_g10,49,0.36689185309274974,2012
p61_wind_g10,50,0.5235235401831336,2012
p61_wind_g10,51,0.3068838687447475,2012
p61_wind_g10,52,0.2396989832362856,2012
p61_wind_g10,53,0.18946371484804345,2012
p61_wind_g10,54,0.34390187713775683,2012
p61_wind_g10,55,0.3850353576338532,2012
p61_wind_g10,56,0.4040022832414353,2012
p61_wind_g10,57,0.2527683124522943,2012
p61_wind_g10,58,0.32216051827037284,2012
p61_wind_g10,59,0.2463307398760917,2012
p61_wind_g10,60,0.297769701468106,2012
p61_wind_g10,61,0.2673049612620358,2012
p61_wind_g10,62,0.304159585311501,2012
p61_wind_g10,63,0.2398061393390387,2012
p61_wind_g10,64,0.5204992140630783,2012
p61_wind_g10,65,0.21146162749024863,2012
p61_wind_g10,66,0.5299203591432138,2012
p61_wind_g10,67,0.49359023854153,2012
p61_wind_g10,68,0.48004385316069015,2012
p61_wind_g10,69,0.26617819208010474,2012
p61_wind_g10,70,0.32810005111582674,2012
p61_wind_g10,71,0.42352603322568105,2012
p61_wind_g10,72,0.3690145798603423,2012
p61_wind_g10,73,0.4893892493476587,2012
p61_wind_g10,74,0.3890626914837543,2012
p61_wind_g10,75,0.4496673119739269,2012
p61_wind_g10,76,0.21230909243835755,2012
p61_wind_g10,77,0.48847491158209494,2012
p61_wind_g10,78,0.3408645326367931,2012
p61_wind_g10,79,0.6508862709276857,2012
p61_wind_g10,80,0.17364571207295432,2012
p61_wind_g10,81,0.5693511884121177,2012
p61_wind_g10,82,0.24444364337478727,2012
p61_wind_g10,83,0.34511434859885387,2012
p61_wind_g10,84,0.3418484030428756,2012
p61_wind_g10,85,0.5619391739762277,2012
p61_wind_g10,86,0.3969363538836309,2012
p61_wind_g10,87,0.39181011090404333,2012
p61_wind_g10,88,0.46048841428029236,2012
p61_wind_g10,89,0.4372887932846815,2012
p61_wind_g10,90,0.6465744029709051,2012
p61_wind_g10,91,0.3306034161456291,2012
p61_wind_g10,92,0.27203437965942523,2012
p61_wind_g10,93,0.2842445901714174,2012
p61_wind_g10,94,0.4628893976474152,2012
p61_wind_g10,95,0.22528698468590952,2012
p61_wind_g10,96,0.3908755483373265,2012
p61_wind_g10,97,0.34545103689565143,2012
p61_wind_g10,98,0.32907351525590817,2012
p61_wind_g10,99,0.3655121456186936,2012
p61_wind_g10,100,0.5481663387953631,2012
p61_wind_g10,101,0.34600405781588406,2012
p61_wind_g10,102,0.288094974145993,2012
p61_wind_g10,103,0.18950110785423513,2012
p61_wind_g10,104,0.4476445670736964,2012
p61_wind_g10,105,0.3952216677184758,2012
p61_wind_g10,106,0.23987569699404876,2012
p61_wind_g10,107,0.42130056941725674,2012
p61_wind_g10,108,0.36850962659575665,2012
p61_wind_g10,109,0.42716822483961353,2012
p61_wind_g10,110,0.31311377702869464,2012
p61_wind_g10,111,0.5803125795262792,2012
p61_wind_g10,112,0.15326194910948623,2012
p61_wind_g10,113,0.36695194003887194,2012
p61_wind_g10,114,0.1725807228303861,2012
p61_wind_g10,115,0.5306207733224069,2012
p61_wind_g10,116,0.2581979558797916,2012
p61_wind_g10,117,0.47589927134671467,2012
p61_wind_g10,118,0.3211379016736782,2012
p61_wind_g10,119,0.5080371629164461,2012
p61_wind_g10,120,0.2444914562190629,2012
p61_wind_g10,121,0.3261921023555393,2012
p61_wind_g10,122,0.1582627573433177,2012
p61_wind_g10,123,0.38389048961587213,2012
p61_wind_g10,124,0.23774665533018682,2012
p61_wind_g10,125,0.19911185870190043,2012
p61_wind_g10,126,0.5001566415153081,2012
p61_wind_g10,127,0.1669339120001533,2012
p61_wind_g10,128,0.4353997121307235,2012
p61_wind_g10,129,0.19833987990565136,2012
p61_wind_g10,130,0.24909757270977415,2012
p61_wind_g10,131,0.24566384162448657,2012
p61_wind_g10,132,0.456049243169909,2012
p61_wind_g10,133,0.1907592021618533,2012
p61_wind_g10,134,0.47051357883502637,2012
p61_wind_g10,135,0.27379904707875724,2012
p61_wind_g10,136,0.4416796785904194,2012
p61_wind_g10,137,0.1854239040689135,2012
p61_wind_g10,138,0.4649726936502758,2012
p61_wind_g10,139,0.17392496479705474,2012
p61_wind_g10,140,0.20520972184351097,2012
p61_wind_g10,141,0.23165792017240264,2012
p61_wind_g10,142,0.3465031235398354,2012
p61_wind_g10,143,0.20823593373311144,2012
p61_wind_g10,144,0.23573458465612687,2012
p61_wind_g10,145,0.30243535825328116,2012
p61_wind_g10,146,0.12049792390087406,2012
p61_wind_g10,147,0.42171053744881015,2012
p61_wind_g10,148,0.1140551480121816,2012
p61_wind_g10,149,0.3633624663322393,2012
p61_wind_g10,150,0.13709112350315916,2012
p61_wind_g10,151,0.39436123016148145,2012
p61_wind_g10,152,0.2192739479187449,2012
p61_wind_g10,153,0.33424101855163557,2012
p61_wind_g10,154,0.20753779029017888,2012
p61_wind_g10,155,0.35674775859042773,2012
p61_wind_g10,156,0.19671034909973334,2012
p61_wind_g10,157,0.2919604214550928,2012
p61_wind_g10,158,0.18459352480493016,2012
p61_wind_g10,159,0.2669955788941626,2012
p61_wind_g10,160,0.3246953532682165,2012
p61_wind_g10,161,0.12126032800282105,2012
p61_wind_g10,162,0.16422319897297563,2012
p61_wind_g10,163,0.19861036845905308,2012
p61_wind_g10,164,0.17795655672212807,2012
p61_wind_g10,165,0.15164658420097726,2012
p61_wind_g10,166,0.22869344369901676,2012
p61_wind_g10,167,0.17947182178656743,2012
p61_wind_g10,168,0.1784884957388858,2012
p61_wind_g10,169,0.19570628974184232,2012
p61_wind_g10,170,0.4147094676673879,2012
p61_wind_g10,171,0.1484904295808145,2012
p61_wind_g10,172,0.2161076940167298,2012
p61_wind_g10,173,0.23123751717081836,2012
p61_wind_g10,174,0.28139790622620864,2012
p61_wind_g10,175,0.18910625039706108,2012
p61_wind_g10,176,0.2180465664890979,2012
p61_wind_g10,177,0.25280378205318815,2012
p61_wind_g10,178,0.23204125626514588,2012
p61_wind_g10,179,0.12882146788447787,2012
p61_wind_g10,180,0.22294693002211344,2012
p61_wind_g10,181,0.16835811195855685,2012
p61_wind_g10,182,0.17441193065418795,2012
p61_wind_g10,183,0.2984759747755814,2012
p61_wind_g10,184,0.15823676742882375,2012
p61_wind_g10,185,0.3844188465770824,2012
p61_wind_g10,186,0.13293464862237392,2012
p61_wind_g10,187,0.18507683579409315,2012
p61_wind_g10,188,0.13855017112958848,2012
p61_wind_g10,189,0.36991147612151065,2012
p61_wind_g10,190,0.18619281398077345,2012
p61_wind_g10,191,0.21835845837893297,2012
p61_wind_g10,192,0.19116510713609008,2012
p61_wind_g10,193,0.20479619800673327,2012
p61_wind_g10,194,0.19594750967167568,2012
p61_wind_g10,195,0.14651666870308572,2012
p61_wind_g10,196,0.1418896783188315,2012
p61_wind_g10,197,0.23306262895641178,2012
p61_wind_g10,198,0.20927046456117587,2012
p61_wind_g10,199,0.18370184360934252,2012
p61_wind_g10,200,0.254061737153461,2012
p61_wind_g10,201,0.21306358863432714,2012
p61_wind_g10,202,0.21209790011951926,2012
p61_wind_g10,203,0.11741392405824089,2012
p61_wind_g10,204,0.353331443290122,2012
p61_wind_g10,205,0.08568982682735274,2012
p61_wind_g10,206,0.41596049411772945,2012
p61_wind_g10,207,0.15835300501292093,2012
p61_wind_g10,208,0.27293480953430976,2012
p61_wind_g10,209,0.2056745276721713,2012
p61_wind_g10,210,0.2738683599325563,2012
p61_wind_g10,211,0.12102865379391187,2012
p61_wind_g10,212,0.3330247426354882,2012
p61_wind_g10,213,0.18681602138853645,2012
p61_wind_g10,214,0.14444766377678567,2012
p61_wind_g10,215,0.14368749507062709,2012
p61_wind_g10,216,0.29118991987595816,2012
p61_wind_g10,217,0.29350479691503994,2012
p61_wind_g10,218,0.23144719735662553,2012
p61_wind_g10,219,0.22398172207670689,2012
p61_wind_g10,220,0.1340424688426949,2012
p61_wind_g10,221,0.424010061629941,2012
p61_wind_g10,222,0.2023299076118449,2012
p61_wind_g10,223,0.34846183370220096,2012
p61_wind_g10,224,0.08831770611484276,2012
p61_wind_g10,225,0.4002372357550088,2012
p61_wind_g10,226,0.15593619939912284,2012
p61_wind_g10,227,0.3058261333501975,2012
p61_wind_g10,228,0.10425175849115209,2012
p61_wind_g10,229,0.3468709436786858,2012
p61_wind_g10,230,0.2080436130904569,2012
p61_wind_g10,231,0.19954699438546142,2012
p61_wind_g10,232,0.13653213477525047,2012
p61_wind_g10,233,0.33105077895704765,2012
p61_wind_g10,234,0.33669782430788125,2012
p61_wind_g10,235,0.35160450147895117,2012
p61_wind_g10,236,0.17649912299999493,2012
p61_wind_g10,237,0.15707353896986978,2012
p61_wind_g10,238,0.4435140041855469,2012
p61_wind_g10,239,0.21595076511953315,2012
p61_wind_g10,240,0.506198293084835,2012
p62_wind_g01,1,0.4957490562990659,2012
p62_wind_g01,2,0.2686583053371131,2012
p62_wind_g01,3,0.5447509934091671,2012
p62_wind_g01,4,0.1994115304944998,2012
p62_wind_g01,5,0.8156370470918022,2012
p62_wind_g01,6,0.4033626981956042,2012
p62_wind_g01,7,0.5153199039592732,2012
p62_wind_g01,8,0.495806041127546,2012
p62_wind_g01,9,0.7217684232863658,2012
p62_wind_g01,10,0.6077721902881785,2012
p62_wind_g01,11,0.49866518702873297,2012
p62_wind_g01,12,0.5019525051582406,2012
p62_wind_g01,13,0.6157396036315441,2012
p62_wind_g01,14,0.34426337298972876,2012
p62_wind_g01,15,0.4743599857342237,2012
p62_wind_g01,16,0.8271821599149647,2012
p62_wind_g01,17,0.4890386434018665,2012
p62_wind_g01,18,0.9469124940640027,2012
p62_wind_g01,19,0.4547085552192353,2012
p62_wind_g01,20,0.5592540216791632,2012
p62_wind_g01,21,0.39819881384742895,2012
p62_wind_g01,22,0.5773551638675902,2012
p62_wind_g01,23,0.29935339388415816,2012
p62_wind_g01,24,0.5505176082828218,2012
p62_wind_g01,25,0.36102934316502,2012
p62_wind_g01,26,0.9856022201577253,2012
p62_wind_g01,27,0.3494992631500561,2012
p62_wind_g01,28,0.590351696604811,2012
p62_wind_g01,29,0.5382018401039839,2012
p62_wind_g01,30,0.781593772598742,2012
p62_wind_g01,31,0.6869400672194468,2012
p62_wind_g01,32,0.5115070518885934,2012
p62_wind_g01,33,0.4316614378922266,2012
p62_wind_g01,34,0.3361163458754593,2012
p62_wind_g01,35,0.590959956141973,2012
p62_wind_g01,36,0.33455685420634085,2012
p62_wind_g01,37,0.6353962231046798,2012
p62_wind_g01,38,0.40069000774224817,2012
p62_wind_g01,39,0.5929750613551327,2012
p62_wind_g01,40,0.5365401271201014,2012
p62_wind_g01,41,1.0,2012
p62_wind_g01,42,0.48932099242008237,2012
p62_wind_g01,43,1.0,2012
p62_wind_g01,44,0.36094418263571854,2012
p62_wind_g01,45,0.9746489938857481,2012
p62_wind_g01,46,0.5258192571508664,2012
p62_wind_g01,47,0.40946420031523456,2012
p62_wind_g01,48,0.4415872227628088,2012
p62_wind_g01,49,0.8727170197976398,2012
p62_wind_g01,50,0.628780804338553,2012
p62_wind_g01,51,0.4322745748242878,2012
p62_wind_g01,52,0.4668093267201418,2012
p62_wind_g01,53,0.32537721009052095,2012
p62_wind_g01,54,1.0,2012
p62_wind_g01,55,0.5889824730151407,2012
p62_wind_g01,56,0.6484592166560293,2012
p62_wind_g01,57,0.30697239279594046,2012
p62_wind_g01,58,0.5907003364099846,2012
p62_wind_g01,59,0.3667619320348355,2012
p62_wind_g01,60,0.7268223137196927,2012
p62_wind_g01,61,0.5953076126309426,2012
p62_wind_g01,62,0.7444550036955595,2012
p62_wind_g01,63,0.5386005112020305,2012
p62_wind_g01,64,0.7472717348876402,2012
p62_wind_g01,65,0.3833184075458701,2012
p62_wind_g01,66,0.7216145248485227,2012
p62_wind_g01,67,0.4006841541426798,2012
p62_wind_g01,68,0.39302294864751036,2012
p62_wind_g01,69,0.7048151842550543,2012
p62_wind_g01,70,0.38070519896091304,2012
p62_wind_g01,71,0.7257331478027963,2012
p62_wind_g01,72,0.7380532991885033,2012
p62_wind_g01,73,0.7822824479974295,2012
p62_wind_g01,74,0.6541349562188674,2012
p62_wind_g01,75,0.5252991093895285,2012
p62_wind_g01,76,0.3336619467351356,2012
p62_wind_g01,77,1.0,2012
p62_wind_g01,78,0.45967055283367947,2012
p62_wind_g01,79,1.0,2012
p62_wind_g01,80,0.4710439303967286,2012
p62_wind_g01,81,0.9144504538949255,2012
p62_wind_g01,82,0.4312786990011506,2012
p62_wind_g01,83,0.5778191933565411,2012
p62_wind_g01,84,0.7956795929133931,2012
p62_wind_g01,85,0.7176089901244267,2012
p62_wind_g01,86,0.6343820221636038,2012
p62_wind_g01,87,0.6510781325768796,2012
p62_wind_g01,88,0.9732688167028337,2012
p62_wind_g01,89,0.3215160899905567,2012
p62_wind_g01,90,0.6470145181315508,2012
p62_wind_g01,91,0.5783363607360419,2012
p62_wind_g01,92,1.0,2012
p62_wind_g01,93,0.51392837416317,2012
p62_wind_g01,94,0.8661765518912221,2012
p62_wind_g01,95,0.4553294575494507,2012
p62_wind_g01,96,0.5749411147104303,2012
p62_wind_g01,97,0.5340070536101622,2012
p62_wind_g01,98,1.0,2012
p62_wind_g01,99,0.5707530240316507,2012
p62_wind_g01,100,0.6430736323761856,2012
p62_wind_g01,101,0.5445446237052651,2012
p62_wind_g01,102,0.912049352960154,2012
p62_wind_g01,103,0.310418176798313,2012
p62_wind_g01,104,0.7828626812625098,2012
p62_wind_g01,105,0.7407804474585448,2012
p62_wind_g01,106,0.6570863865899527,2012
p62_wind_g01,107,0.5205733846107609,2012
p62_wind_g01,108,0.7217483639417612,2012
p62_wind_g01,109,1.0,2012
p62_wind_g01,110,0.4867107786972967,2012
p62_wind_g01,111,0.6085851431864582,2012
p62_wind_g01,112,0.26034856187845506,2012
p62_wind_g01,113,0.6370877086338566,2012
p62_wind_g01,114,0.3202197235391974,2012
p62_wind_g01,115,1.0,2012
p62_wind_g01,116,0.34194308402639917,2012
p62_wind_g01,117,0.9212188190660007,2012
p62_wind_g01,118,0.3999280361019079,2012
p62_wind_g01,119,0.6457190767285644,2012
p62_wind_g01,120,0.4239882544005158,2012
p62_wind_g01,121,0.41909820489803046,2012
p62_wind_g01,122,0.28388108911327653,2012
p62_wind_g01,123,0.4746279116257414,2012
p62_wind_g01,124,0.395049946782667,2012
p62_wind_g01,125,0.38499396674161257,2012
p62_wind_g01,126,0.5674830851388726,2012
p62_wind_g01,127,0.4555009245733399,2012
p62_wind_g01,128,0.7529081070714708,2012
p62_wind_g01,129,0.34511992882365594,2012
p62_wind_g01,130,0.4387901449161182,2012
p62_wind_g01,131,0.19772670556962074,2012
p62_wind_g01,132,0.7617000861118715,2012
p62_wind_g01,133,0.32824794577687544,2012
p62_wind_g01,134,0.5449824142139164,2012
p62_wind_g01,135,0.332766288787299,2012
p62_wind_g01,136,0.5183189246441092,2012
p62_wind_g01,137,0.4438338366452495,2012
p62_wind_g01,138,0.5443036413799115,2012
p62_wind_g01,139,0.2168835380854561,2012
p62_wind_g01,140,0.4407035321990578,2012
p62_wind_g01,141,0.6208609263245509,2012
p62_wind_g01,142,0.5476890218574264,2012
p62_wind_g01,143,0.4822846726654231,2012
p62_wind_g01,144,0.41510389268604997,2012
p62_wind_g01,145,0.3789334784837517,2012
p62_wind_g01,146,0.252284737508734,2012
p62_wind_g01,147,0.6371301569570315,2012
p62_wind_g01,148,0.33214621938498357,2012
p62_wind_g01,149,0.7459432541623523,2012
p62_wind_g01,150,0.23855895663605858,2012
p62_wind_g01,151,0.5927562491421042,2012
p62_wind_g01,152,0.39128986126787,2012
p62_wind_g01,153,0.7093046056092537,2012
p62_wind_g01,154,0.16843000076924003,2012
p62_wind_g01,155,0.6546077802757662,2012
p62_wind_g01,156,0.3697758532381353,2012
p62_wind_g01,157,0.6605254122830059,2012
p62_wind_g01,158,0.4816116807482567,2012
p62_wind_g01,159,0.613551785345681,2012
p62_wind_g01,160,0.5457192647070366,2012
p62_wind_g01,161,0.23548867343659727,2012
p62_wind_g01,162,0.3072977869010762,2012
p62_wind_g01,163,0.2738210022682352,2012
p62_wind_g01,164,0.35473420648381965,2012
p62_wind_g01,165,0.31545542188286246,2012
p62_wind_g01,166,0.3337021021337504,2012
p62_wind_g01,167,0.3403679546783522,2012
p62_wind_g01,168,0.4146855223884775,2012
p62_wind_g01,169,0.2997812842628383,2012
p62_wind_g01,170,0.6541696105703722,2012
p62_wind_g01,171,0.34910047940797406,2012
p62_wind_g01,172,0.38051783196204975,2012
p62_wind_g01,173,0.3569145204814663,2012
p62_wind_g01,174,0.3672653396471194,2012
p62_wind_g01,175,0.43157943721996866,2012
p62_wind_g01,176,0.5013497716433245,2012
p62_wind_g01,177,0.46802147192821264,2012
p62_wind_g01,178,0.22746969791559132,2012
p62_wind_g01,179,0.3539725680429849,2012
p62_wind_g01,180,0.4592114177554866,2012
p62_wind_g01,181,0.4092106504329002,2012
p62_wind_g01,182,0.18143570499143358,2012
p62_wind_g01,183,0.3536185127270725,2012
p62_wind_g01,184,0.14123402335737265,2012
p62_wind_g01,185,0.3023090823273525,2012
p62_wind_g01,186,0.1846041457908615,2012
p62_wind_g01,187,0.5294316218055929,2012
p62_wind_g01,188,0.2672541666847989,2012
p62_wind_g01,189,0.3709726338834725,2012
p62_wind_g01,190,0.15175424181611463,2012
p62_wind_g01,191,0.5011144667087852,2012
p62_wind_g01,192,0.2956056054433483,2012
p62_wind_g01,193,0.3912022644187478,2012
p62_wind_g01,194,0.3068757818883591,2012
p62_wind_g01,195,0.4620328748412623,2012
p62_wind_g01,196,0.21053143862277773,2012
p62_wind_g01,197,0.25082069323886497,2012
p62_wind_g01,198,0.32661534023654176,2012
p62_wind_g01,199,0.3859351551994389,2012
p62_wind_g01,200,0.29440194325928837,2012
p62_wind_g01,201,0.2616336985355253,2012
p62_wind_g01,202,0.6398245645943796,2012
p62_wind_g01,203,0.20648574158041738,2012
p62_wind_g01,204,0.30429244367014424,2012
p62_wind_g01,205,0.2422405047645195,2012
p62_wind_g01,206,0.3494545013100408,2012
p62_wind_g01,207,0.2519715395286955,2012
p62_wind_g01,208,0.3505231571414946,2012
p62_wind_g01,209,0.2901383471403024,2012
p62_wind_g01,210,0.6878104780489851,2012
p62_wind_g01,211,0.3881992978412467,2012
p62_wind_g01,212,0.2945402015905028,2012
p62_wind_g01,213,0.28969886186870974,2012
p62_wind_g01,214,0.24077718743121357,2012
p62_wind_g01,215,0.4314414839223652,2012
p62_wind_g01,216,0.5287411104403503,2012
p62_wind_g01,217,0.481616334459865,2012
p62_wind_g01,218,0.3389006032161444,2012
p62_wind_g01,219,0.3361150464449978,2012
p62_wind_g01,220,0.25764490009793495,2012
p62_wind_g01,221,0.4499310782095047,2012
p62_wind_g01,222,0.20299960970340916,2012
p62_wind_g01,223,0.6878420841753413,2012
p62_wind_g01,224,0.33668875371986745,2012
p62_wind_g01,225,0.3375031850628513,2012
p62_wind_g01,226,0.2368526952313674,2012
p62_wind_g01,227,0.5398677633167771,2012
p62_wind_g01,228,0.28065545422588184,2012
p62_wind_g01,229,0.5598308708955725,2012
p62_wind_g01,230,0.2864118146640936,2012
p62_wind_g01,231,0.3694497571302262,2012
p62_wind_g01,232,0.47955779229599,2012
p62_wind_g01,233,0.5667887506167283,2012
p62_wind_g01,234,0.5046033487045178,2012
p62_wind_g01,235,0.4267337913703376,2012
p62_wind_g01,236,0.6385021080635556,2012
p62_wind_g01,237,0.47080718631626745,2012
p62_wind_g01,238,0.3698301568403268,2012
p62_wind_g01,239,0.2339796133265542,2012
p62_wind_g01,240,0.5043150952574241,2012
p62_wind_g02,1,0.5430643601282424,2012
p62_wind_g02,2,0.35593313051069925,2012
p62_wind_g02,3,0.6730290094776701,2012
p62_wind_g02,4,0.1829651242568819,2012
p62_wind_g02,5,0.6926091695255207,2012
p62_wind_g02,6,0.4043754187395215,2012
p62_wind_g02,7,0.7013527172089344,2012
p62_wind_g02,8,0.2387186498851937,2012
p62_wind_g02,9,0.6844718485355067,2012
p62_wind_g02,10,0.3841878151083991,2012
p62_wind_g02,11,0.7425152351596157,2012
p62_wind_g02,12,0.3338356091967011,2012
p62_wind_g02,13,0.43821873960766666,2012
p62_wind_g02,14,0.30829499533637733,2012
p62_wind_g02,15,0.4138221233166578,2012
p62_wind_g02,16,0.5265973739423178,2012
p62_wind_g02,17,0.5178707627233606,2012
p62_wind_g02,18,0.8750403080526302,2012
p62_wind_g02,19,0.41966433560275823,2012
p62_wind_g02,20,0.7479633539262035,2012
p62_wind_g02,21,0.30827397791276556,2012
p62_wind_g02,22,0.8453032323173373,2012
p62_wind_g02,23,0.28561503038184405,2012
p62_wind_g02,24,0.9677910949135369,2012
p62_wind_g02,25,0.25007149182619554,2012
p62_wind_g02,26,0.3981467289896813,2012
p62_wind_g02,27,0.5472049964130167,2012
p62_wind_g02,28,0.7990649620991465,2012
p62_wind_g02,29,0.3958135931747596,2012
p62_wind_g02,30,0.7472046931246872,2012
p62_wind_g02,31,0.3090996517090247,2012
p62_wind_g02,32,0.5010067477449742,2012
p62_wind_g02,33,0.6903946556028593,2012
p62_wind_g02,34,0.38690520202079515,2012
p62_wind_g02,35,0.6091236731410816,2012
p62_wind_g02,36,0.44728032046994115,2012
p62_wind_g02,37,0.8081163260124693,2012
p62_wind_g02,38,0.22968918417359194,2012
p62_wind_g02,39,0.46589626891355773,2012
p62_wind_g02,40,0.47542504251196027,2012
p62_wind_g02,41,0.8459395388780716,2012
p62_wind_g02,42,0.47847866277763285,2012
p62_wind_g02,43,1.0,2012
p62_wind_g02,44,0.4746207129561374,2012
p62_wind_g02,45,0.71563167387889,2012
p62_wind_g02,46,0.271580720328583,2012
p62_wind_g02,47,0.3751132808191148,2012
p62_wind_g02,48,0.49817787980188205,2012
p62_wind_g02,49,0.7769584333164131,2012
p62_wind_g02,50,0.5088271929544174,2012
p62_wind_g02,51,0.39450621053462076,2012
p62_wind_g02,52,0.6896773711828221,2012
p62_wind_g02,53,0.537855038966698,2012
p62_wind_g02,54,1.0,2012
p62_wind_g02,55,0.568436994226376,2012
p62_wind_g02,56,1.0,2012
p62_wind_g02,57,0.25752139586430833,2012
p62_wind_g02,58,0.49207748754635144,2012
p62_wind_g02,59,0.21979154159417658,2012
p62_wind_g02,60,0.5856761611174122,2012
p62_wind_g02,61,0.5642428921678819,2012
p62_wind_g02,62,0.8352571163094396,2012
p62_wind_g02,63,0.6095921383415062,2012
p62_wind_g02,64,0.8407243646692171,2012
p62_wind_g02,65,0.6584022661812502,2012
p62_wind_g02,66,0.6369803055244376,2012
p62_wind_g02,67,0.3969807302101778,2012
p62_wind_g02,68,0.6494042586891576,2012
p62_wind_g02,69,0.5620568150441019,2012
p62_wind_g02,70,0.6553876494324143,2012
p62_wind_g02,71,0.4825672195109247,2012
p62_wind_g02,72,0.3171526459000938,2012
p62_wind_g02,73,0.708460471789787,2012
p62_wind_g02,74,0.38379761034156135,2012
p62_wind_g02,75,1.0,2012
p62_wind_g02,76,0.24567767077749872,2012
p62_wind_g02,77,0.8922816440781347,2012
p62_wind_g02,78,0.39637402103677566,2012
p62_wind_g02,79,1.0,2012
p62_wind_g02,80,0.38278855522464533,2012
p62_wind_g02,81,1.0,2012
p62_wind_g02,82,0.3231189347692101,2012
p62_wind_g02,83,1.0,2012
p62_wind_g02,84,0.6244819579009705,2012
p62_wind_g02,85,0.7926566821660961,2012
p62_wind_g02,86,0.3984642240623352,2012
p62_wind_g02,87,0.4613986231039534,2012
p62_wind_g02,88,0.6633427582322706,2012
p62_wind_g02,89,0.2807791945916856,2012
p62_wind_g02,90,0.7003067661399331,2012
p62_wind_g02,91,0.5609125663967921,2012
p62_wind_g02,92,0.4282953176895683,2012
p62_wind_g02,93,0.21944051297889067,2012
p62_wind_g02,94,0.8640661091989493,2012
p62_wind_g02,95,0.3341505527980741,2012
p62_wind_g02,96,0.5683620891261106,2012
p62_wind_g02,97,0.4899629851700685,2012
p62_wind_g02,98,0.6762944522725726,2012
p62_wind_g02,99,0.27553824947209943,2012
p62_wind_g02,100,0.778675604616288,2012
p62_wind_g02,101,0.5861482368097594,2012
p62_wind_g02,102,0.8827154692834117,2012
p62_wind_g02,103,0.37035510664104293,2012
p62_wind_g02,104,0.4896027584667178,2012
p62_wind_g02,105,0.700510304545458,2012
p62_wind_g02,106,0.30759276542776115,2012
p62_wind_g02,107,0.9066503153348441,2012
p62_wind_g02,108,0.27118192810083597,2012
p62_wind_g02,109,0.8790483744339068,2012
p62_wind_g02,110,0.2425255266290738,2012
p62_wind_g02,111,0.7267994607797986,2012
p62_wind_g02,112,0.2045833474183893,2012
p62_wind_g02,113,1.0,2012
p62_wind_g02,114,0.20116359631050326,2012
p62_wind_g02,115,0.5921980838360796,2012
p62_wind_g02,116,0.2577113363471505,2012
p62_wind_g02,117,0.7630811075839332,2012
p62_wind_g02,118,0.26470820902657777,2012
p62_wind_g02,119,0.7460806583066522,2012
p62_wind_g02,120,0.4748988268248672,2012
p62_wind_g02,121,0.3168411885028484,2012
p62_wind_g02,122,0.4276264732740736,2012
p62_wind_g02,123,0.4371666642637047,2012
p62_wind_g02,124,0.6419745521425765,2012
p62_wind_g02,125,0.2676936619305427,2012
p62_wind_g02,126,0.4124752298528877,2012
p62_wind_g02,127,0.318672475310428,2012
p62_wind_g02,128,0.4905680226051728,2012
p62_wind_g02,129,0.2394494256266673,2012
p62_wind_g02,130,0.8489024490058072,2012
p62_wind_g02,131,0.2752751580830041,2012
p62_wind_g02,132,0.5589543320407845,2012
p62_wind_g02,133,0.33064632901562835,2012
p62_wind_g02,134,0.6463144803488172,2012
p62_wind_g02,135,0.17358956769144543,2012
p62_wind_g02,136,0.3431108388414924,2012
p62_wind_g02,137,0.3754546854541336,2012
p62_wind_g02,138,0.6522989439100655,2012
p62_wind_g02,139,0.42810035118717654,2012
p62_wind_g02,140,0.4708289142984943,2012
p62_wind_g02,141,0.368590871261616,2012
p62_wind_g02,142,0.3053019122868554,2012
p62_wind_g02,143,0.5634138745150774,2012
p62_wind_g02,144,0.2788515568647081,2012
p62_wind_g02,145,0.5403757873211557,2012
p62_wind_g02,146,0.3928991087143395,2012
p62_wind_g02,147,0.35974420973205284,2012
p62_wind_g02,148,0.4131386661132058,2012
p62_wind_g02,149,0.39105687277289175,2012
p62_wind_g02,150,0.3732245483281643,2012
p62_wind_g02,151,0.3710220899719437,2012
p62_wind_g02,152,0.2969118834699814,2012
p62_wind_g02,153,0.528738620512713,2012
p62_wind_g02,154,0.25156941086465195,2012
p62_wind_g02,155,0.40569410251268956,2012
p62_wind_g02,156,0.34343950120237665,2012
p62_wind_g02,157,0.5075029483670518,2012
p62_wind_g02,158,0.41485913065803226,2012
p62_wind_g02,159,0.2496237275932744,2012
p62_wind_g02,160,0.2035843344752325,2012
p62_wind_g02,161,0.4143549704203227,2012
p62_wind_g02,162,0.506647440837758,2012
p62_wind_g02,163,0.3265157181917279,2012
p62_wind_g02,164,0.48210618175173314,2012
p62_wind_g02,165,0.18705407710089186,2012
p62_wind_g02,166,0.5752298874590144,2012
p62_wind_g02,167,0.26921641684153996,2012
p62_wind_g02,168,0.3342573907324502,2012
p62_wind_g02,169,0.1943548929074216,2012
p62_wind_g02,170,0.4286153312878852,2012
p62_wind_g02,171,0.2425208913095391,2012
p62_wind_g02,172,0.45815867812313915,2012
p62_wind_g02,173,0.1928420502222784,2012
p62_wind_g02,174,0.23868777913564315,2012
p62_wind_g02,175,0.1800744319471897,2012
p62_wind_g02,176,0.3094610269392016,2012
p62_wind_g02,177,0.2790366048843238,2012
p62_wind_g02,178,0.27927063361249954,2012
p62_wind_g02,179,0.22323269287481848,2012
p62_wind_g02,180,0.42209168390057294,2012
p62_wind_g02,181,0.42967689583516977,2012
p62_wind_g02,182,0.3768330085131605,2012
p62_wind_g02,183,0.4044572876227949,2012
p62_wind_g02,184,0.28834930916093215,2012
p62_wind_g02,185,0.26168163249598286,2012
p62_wind_g02,186,0.2596290758007875,2012
p62_wind_g02,187,0.5716957299873568,2012
p62_wind_g02,188,0.18161309827991418,2012
p62_wind_g02,189,0.49583237108995454,2012
p62_wind_g02,190,0.27948348780012006,2012
p62_wind_g02,191,0.24994301227420815,2012
p62_wind_g02,192,0.32483557061759605,2012
p62_wind_g02,193,0.4672414717913763,2012
p62_wind_g02,194,0.3095209145360208,2012
p62_wind_g02,195,0.5000264442208727,2012
p62_wind_g02,196,0.20356333510129254,2012
p62_wind_g02,197,0.442741292391703,2012
p62_wind_g02,198,0.43807581661934913,2012
p62_wind_g02,199,0.19853668711664466,2012
p62_wind_g02,200,0.33205860179077135,2012
p62_wind_g02,201,0.2580269849723796,2012
p62_wind_g02,202,0.38273223195291106,2012
p62_wind_g02,203,0.33124759288128286,2012
p62_wind_g02,204,0.40196814903750744,2012
p62_wind_g02,205,0.2367133343529662,2012
p62_wind_g02,206,0.6374741217676807,2012
p62_wind_g02,207,0.2787504910623232,2012
p62_wind_g02,208,0.6453177137664947,2012
p62_wind_g02,209,0.3275675245854766,2012
p62_wind_g02,210,0.3772939102340035,2012
p62_wind_g02,211,0.1631120798998822,2012
p62_wind_g02,212,0.4221127839619539,2012
p62_wind_g02,213,0.33546594075606856,2012
p62_wind_g02,214,0.4999266729325892,2012
p62_wind_g02,215,0.34100537600008524,2012
p62_wind_g02,216,0.5242298392754737,2012
p62_wind_g02,217,0.5621667703686586,2012
p62_wind_g02,218,0.27676659690459016,2012
p62_wind_g02,219,0.474441564749497,2012
p62_wind_g02,220,0.18974011899151091,2012
p62_wind_g02,221,0.4838410855614761,2012
p62_wind_g02,222,0.18805727145611376,2012
p62_wind_g02,223,0.3650654243229052,2012
p62_wind_g02,224,0.2215922767045067,2012
p62_wind_g02,225,0.39557055394947094,2012
p62_wind_g02,226,0.22930139022221524,2012
p62_wind_g02,227,0.30293129320196105,2012
p62_wind_g02,228,0.37459864319993696,2012
p62_wind_g02,229,0.29972830613478907,2012
p62_wind_g02,230,0.368984369458609,2012
p62_wind_g02,231,0.5798654458738421,2012
p62_wind_g02,232,0.4758551115797472,2012
p62_wind_g02,233,0.321008868098443,2012
p62_wind_g02,234,0.5590178757967116,2012
p62_wind_g02,235,0.35240016148279146,2012
p62_wind_g02,236,0.2943715493188036,2012
p62_wind_g02,237,0.506030278781389,2012
p62_wind_g02,238,0.5394655786127508,2012
p62_wind_g02,239,0.3237698474863429,2012
p62_wind_g02,240,0.5725651455489027,2012
p62_wind_g03,1,0.5855806002464357,2012
p62_wind_g03,2,0.3920417060920056,2012
p62_wind_g03,3,0.37787746298673464,2012
p62_wind_g03,4,0.2431208061881294,2012
p62_wind_g03,5,0.7749506320445982,2012
p62_wind_g03,6,0.36347490526069437,2012
p62_wind_g03,7,0.44285453905271266,2012
p62_wind_g03,8,0.3153500387487806,2012
p62_wind_g03,9,0.4064811723426084,2012
p62_wind_g03,10,0.28083784750648266,2012
p62_wind_g03,11,0.5398644782200225,2012
p62_wind_g03,12,0.2802017251438519,2012
p62_wind_g03,13,0.531281639483151,2012
p62_wind_g03,14,0.368582096513638,2012
p62_wind_g03,15,0.3589046416737758,2012
p62_wind_g03,16,0.34159659940267606,2012
p62_wind_g03,17,0.3011539170638424,2012
p62_wind_g03,18,0.8928920895481385,2012
p62_wind_g03,19,0.44537095906725205,2012
p62_wind_g03,20,0.5987990449869255,2012
p62_wind_g03,21,0.3564189418620337,2012
p62_wind_g03,22,0.552025290154006,2012
p62_wind_g03,23,0.2393841069594716,2012
p62_wind_g03,24,0.3626383281899096,2012
p62_wind_g03,25,0.29678741668862607,2012
p62_wind_g03,26,0.7867908279134553,2012
p62_wind_g03,27,0.3344257721766018,2012
p62_wind_g03,28,0.40793240644473217,2012
p62_wind_g03,29,0.45776531589302616,2012
p62_wind_g03,30,0.3775081223018686,2012
p62_wind_g03,31,0.7369253551090083,2012
p62_wind_g03,32,0.6546256837671758,2012
p62_wind_g03,33,0.4901383867579236,2012
p62_wind_g03,34,0.2706717938460402,2012
p62_wind_g03,35,0.6817859261258359,2012
p62_wind_g03,36,0.39155123009702936,2012
p62_wind_g03,37,0.8072946701248144,2012
p62_wind_g03,38,0.4348261011508098,2012
p62_wind_g03,39,0.8746557598626382,2012
p62_wind_g03,40,0.37944223517437187,2012
p62_wind_g03,41,0.6407760364838256,2012
p62_wind_g03,42,0.40781611056269973,2012
p62_wind_g03,43,0.9254632180100076,2012
p62_wind_g03,44,0.5234742561436504,2012
p62_wind_g03,45,0.4889887811066804,2012
p62_wind_g03,46,0.28945741869993397,2012
p62_wind_g03,47,0.8409091321989314,2012
p62_wind_g03,48,0.39363482005318184,2012
p62_wind_g03,49,0.6137247501243718,2012
p62_wind_g03,50,0.7511993762782626,2012
p62_wind_g03,51,0.4472832732625057,2012
p62_wind_g03,52,0.859458280386343,2012
p62_wind_g03,53,0.29301059277176905,2012
p62_wind_g03,54,0.637402921363463,2012
p62_wind_g03,55,0.5517586230510705,2012
p62_wind_g03,56,0.5233573307602265,2012
p62_wind_g03,57,0.32125935692852514,2012
p62_wind_g03,58,0.6906495229512171,2012
p62_wind_g03,59,0.41552408087523857,2012
p62_wind_g03,60,0.7441132654778082,2012
p62_wind_g03,61,0.44300275960613483,2012
p62_wind_g03,62,0.7874578805817183,2012
p62_wind_g03,63,0.42403327177407957,2012
p62_wind_g03,64,0.44161314284891723,2012
p62_wind_g03,65,0.45671179016460584,2012
p62_wind_g03,66,0.6759829306035794,2012
p62_wind_g03,67,0.600640487950709,2012
p62_wind_g03,68,0.6751089050892871,2012
p62_wind_g03,69,0.626350427752709,2012
p62_wind_g03,70,0.6290071123942038,2012
p62_wind_g03,71,0.764655270119657,2012
p62_wind_g03,72,0.6223667903032609,2012
p62_wind_g03,73,1.0,2012
p62_wind_g03,74,0.5749732614627451,2012
p62_wind_g03,75,0.8020206003172995,2012
p62_wind_g03,76,0.4468536178634173,2012
p62_wind_g03,77,1.0,2012
p62_wind_g03,78,0.5575943351137376,2012
p62_wind_g03,79,1.0,2012
p62_wind_g03,80,0.43976118016562066,2012
p62_wind_g03,81,0.5036476003733861,2012
p62_wind_g03,82,0.5387661820726608,2012
p62_wind_g03,83,0.836031715615315,2012
p62_wind_g03,84,0.46736039605537405,2012
p62_wind_g03,85,0.758121277643706,2012
p62_wind_g03,86,0.5599709133361953,2012
p62_wind_g03,87,0.7638246787236838,2012
p62_wind_g03,88,0.35598856155417774,2012
p62_wind_g03,89,0.46451924700524017,2012
p62_wind_g03,90,0.7355904664198193,2012
p62_wind_g03,91,0.319317907745514,2012
p62_wind_g03,92,0.9495127368904304,2012
p62_wind_g03,93,0.25743804624025096,2012
p62_wind_g03,94,0.8930819897425185,2012
p62_wind_g03,95,0.3963384785637308,2012
p62_wind_g03,96,0.426081726080176,2012
p62_wind_g03,97,0.23462419876683574,2012
p62_wind_g03,98,0.4385390993809591,2012
p62_wind_g03,99,0.4363418366218817,2012
p62_wind_g03,100,0.6058232329504808,2012
p62_wind_g03,101,0.4681747330891773,2012
p62_wind_g03,102,0.3379071958801789,2012
p62_wind_g03,103,0.5156545249401815,2012
p62_wind_g03,104,0.49095217756067716,2012
p62_wind_g03,105,0.7204690171590596,2012
p62_wind_g03,106,0.5928319556409781,2012
p62_wind_g03,107,0.7482901927771303,2012
p62_wind_g03,108,0.6130794567183114,2012
p62_wind_g03,109,0.41185327459096543,2012
p62_wind_g03,110,0.47222322039396936,2012
p62_wind_g03,111,0.565120261668751,2012
p62_wind_g03,112,0.33613135850713477,2012
p62_wind_g03,113,0.7332290795844192,2012
p62_wind_g03,114,0.3324212363129077,2012
p62_wind_g03,115,0.8316256233280116,2012
p62_wind_g03,116,0.36050996293188614,2012
p62_wind_g03,117,0.3619130190428854,2012
p62_wind_g03,118,0.2642634833105042,2012
p62_wind_g03,119,0.5742053539401217,2012
p62_wind_g03,120,0.23837264519601467,2012
p62_wind_g03,121,0.7381640885112811,2012
p62_wind_g03,122,0.6156877012160599,2012
p62_wind_g03,123,0.4137962083784165,2012
p62_wind_g03,124,0.5869066779659101,2012
p62_wind_g03,125,0.5598389116516709,2012
p62_wind_g03,126,0.7180830995737639,2012
p62_wind_g03,127,0.2600613022214377,2012
p62_wind_g03,128,0.7439543087217125,2012
p62_wind_g03,129,0.2207134874226302,2012
p62_wind_g03,130,0.6398022798633213,2012
p62_wind_g03,131,0.17057092045107336,2012
p62_wind_g03,132,0.7178245260541947,2012
p62_wind_g03,133,0.21199439110089985,2012
p62_wind_g03,134,0.497522936516914,2012
p62_wind_g03,135,0.29322032940251974,2012
p62_wind_g03,136,0.5085332274851765,2012
p62_wind_g03,137,0.43163259239124757,2012
p62_wind_g03,138,0.3381992296743813,2012
p62_wind_g03,139,0.2786656384993872,2012
p62_wind_g03,140,0.5901207294963371,2012
p62_wind_g03,141,0.2708585497521295,2012
p62_wind_g03,142,0.5086705573734754,2012
p62_wind_g03,143,0.49594744958354375,2012
p62_wind_g03,144,0.45679438694337887,2012
p62_wind_g03,145,0.669208818543319,2012
p62_wind_g03,146,0.4150157789668675,2012
p62_wind_g03,147,0.2970654969574372,2012
p62_wind_g03,148,0.34004663514332506,2012
p62_wind_g03,149,0.5188999009462909,2012
p62_wind_g03,150,0.2620478633662519,2012
p62_wind_g03,151,0.5099992710383899,2012
p62_wind_g03,152,0.28967536608092076,2012
p62_wind_g03,153,0.47152401121565224,2012
p62_wind_g03,154,0.28927392988501466,2012
p62_wind_g03,155,0.271179429093401,2012
p62_wind_g03,156,0.3707836842245875,2012
p62_wind_g03,157,0.5835134786602943,2012
p62_wind_g03,158,0.4094841934004268,2012
p62_wind_g03,159,0.4496076434232783,2012
p62_wind_g03,160,0.47711371648901213,2012
p62_wind_g03,161,0.33983439517209907,2012
p62_wind_g03,162,0.27356031716504364,2012
p62_wind_g03,163,0.24900609277236546,2012
p62_wind_g03,164,0.6187581361758289,2012
p62_wind_g03,165,0.22008421480800783,2012
p62_wind_g03,166,0.3377813237717299,2012
p62_wind_g03,167,0.1702578960069881,2012
p62_wind_g03,168,0.48433244821975047,2012
p62_wind_g03,169,0.18309220323610326,2012
p62_wind_g03,170,0.5385425792680959,2012
p62_wind_g03,171,0.12613906858497997,2012
p62_wind_g03,172,0.6239665935189804,2012
p62_wind_g03,173,0.20886852703340783,2012
p62_wind_g03,174,0.425332663112529,2012
p62_wind_g03,175,0.154499844665741,2012
p62_wind_g03,176,0.2245352466448525,2012
p62_wind_g03,177,0.2837525489183242,2012
p62_wind_g03,178,0.22249242355641646,2012
p62_wind_g03,179,0.28673776270863194,2012
p62_wind_g03,180,0.19543272325027378,2012
p62_wind_g03,181,0.42958769009714937,2012
p62_wind_g03,182,0.2877978372982902,2012
p62_wind_g03,183,0.43186339539635255,2012
p62_wind_g03,184,0.24386534861398584,2012
p62_wind_g03,185,0.3853681449337981,2012
p62_wind_g03,186,0.21272988357703151,2012
p62_wind_g03,187,0.2373777770526035,2012
p62_wind_g03,188,0.15188513108449533,2012
p62_wind_g03,189,0.2905066387742314,2012
p62_wind_g03,190,0.2965261886307476,2012
p62_wind_g03,191,0.3975935084847773,2012
p62_wind_g03,192,0.23745509579535667,2012
p62_wind_g03,193,0.4808884035785951,2012
p62_wind_g03,194,0.31477120553282284,2012
p62_wind_g03,195,0.49322186490953984,2012
p62_wind_g03,196,0.1636865284840124,2012
p62_wind_g03,197,0.41277988636892876,2012
p62_wind_g03,198,0.29407080949982917,2012
p62_wind_g03,199,0.3225264272947305,2012
p62_wind_g03,200,0.26469584189990575,2012
p62_wind_g03,201,0.14928518107616448,2012
p62_wind_g03,202,0.561636122292719,2012
p62_wind_g03,203,0.17712946019469644,2012
p62_wind_g03,204,0.628341538019789,2012
p62_wind_g03,205,0.2552916220392889,2012
p62_wind_g03,206,0.5257183141725392,2012
p62_wind_g03,207,0.2561383604411662,2012
p62_wind_g03,208,0.30171349450117974,2012
p62_wind_g03,209,0.2908546187615308,2012
p62_wind_g03,210,0.48924868730416937,2012
p62_wind_g03,211,0.14490208946626618,2012
p62_wind_g03,212,0.5508999952600105,2012
p62_wind_g03,213,0.26064950716637936,2012
p62_wind_g03,214,0.31932220885822127,2012
p62_wind_g03,215,0.37832804469082304,2012
p62_wind_g03,216,0.29629103832637466,2012
p62_wind_g03,217,0.3050345454256147,2012
p62_wind_g03,218,0.3150397097253483,2012
p62_wind_g03,219,0.24559208269159633,2012
p62_wind_g03,220,0.28804328339434665,2012
p62_wind_g03,221,0.3969445917180079,2012
p62_wind_g03,222,0.34835892712761957,2012
p62_wind_g03,223,0.5190456066963296,2012
p62_wind_g03,224,0.33415500921702646,2012
p62_wind_g03,225,0.4639537609811489,2012
p62_wind_g03,226,0.23323408517037988,2012
p62_wind_g03,227,0.35230229151540965,2012
p62_wind_g03,228,0.31033173970270134,2012
p62_wind_g03,229,0.6723938320384798,2012
p62_wind_g03,230,0.3268199776130469,2012
p62_wind_g03,231,0.2974067111334956,2012
p62_wind_g03,232,0.478399767692096,2012
p62_wind_g03,233,0.25485848474277834,2012
p62_wind_g03,234,0.3109821281800178,2012
p62_wind_g03,235,0.24036292020820427,2012
p62_wind_g03,236,0.572388063364011,2012
p62_wind_g03,237,0.3463099116386522,2012
p62_wind_g03,238,0.6948323401303373,2012
p62_wind_g03,239,0.41166864742233744,2012
p62_wind_g03,240,0.741831903158135,2012
p62_wind_g04,1,0.48642637175942827,2012
p62_wind_g04,2,0.15410996085519432,2012
p62_wind_g04,3,0.6920671340991108,2012
p62_wind_g04,4,0.23892242216270027,2012
p62_wind_g04,5,0.6737308901008386,2012
p62_wind_g04,6,0.21380450408331464,2012
p62_wind_g04,7,0.6105878912889003,2012
p62_wind_g04,8,0.3598613453395003,2012
p62_wind_g04,9,0.5763991394000972,2012
p62_wind_g04,10,0.4805120386444802,2012
p62_wind_g04,11,0.35046101146114367,2012
p62_wind_g04,12,0.3610817407295562,2012
p62_wind_g04,13,0.43036712734420524,2012
p62_wind_g04,14,0.5139603902788571,2012
p62_wind_g04,15,0.46695181733921015,2012
p62_wind_g04,16,0.7562870583398755,2012
p62_wind_g04,17,0.2612187060083856,2012
p62_wind_g04,18,0.4168721861549195,2012
p62_wind_g04,19,0.34592207530810093,2012
p62_wind_g04,20,0.8577325430331689,2012
p62_wind_g04,21,0.3839742039198558,2012
p62_wind_g04,22,0.4944770174756167,2012
p62_wind_g04,23,0.36050596342741137,2012
p62_wind_g04,24,0.8174457195629863,2012
p62_wind_g04,25,0.40474240595603056,2012
p62_wind_g04,26,0.3528832533641805,2012
p62_wind_g04,27,0.34946316684265694,2012
p62_wind_g04,28,0.6650896129415641,2012
p62_wind_g04,29,0.28114807671439507,2012
p62_wind_g04,30,0.6290212367817326,2012
p62_wind_g04,31,0.6024796747099647,2012
p62_wind_g04,32,0.3051328711880255,2012
p62_wind_g04,33,0.7262886343249378,2012
p62_wind_g04,34,0.5742325955116381,2012
p62_wind_g04,35,0.6073793667116396,2012
p62_wind_g04,36,0.4662957921413848,2012
p62_wind_g04,37,0.5263862993522033,2012
p62_wind_g04,38,0.22202752385462446,2012
p62_wind_g04,39,0.8372452826238594,2012
p62_wind_g04,40,0.4566096134913898,2012
p62_wind_g04,41,0.6895699811127619,2012
p62_wind_g04,42,0.5129849768721948,2012
p62_wind_g04,43,0.9478748974648418,2012
p62_wind_g04,44,0.49880862765091216,2012
p62_wind_g04,45,0.4848437955140849,2012
p62_wind_g04,46,0.5700378636763854,2012
p62_wind_g04,47,0.42863272284461085,2012
p62_wind_g04,48,0.5919716136612908,2012
p62_wind_g04,49,0.5667524403864781,2012
p62_wind_g04,50,0.6555081340665467,2012
p62_wind_g04,51,0.2973117088876171,2012
p62_wind_g04,52,0.8212779510136149,2012
p62_wind_g04,53,0.49198115236538303,2012
p62_wind_g04,54,0.6789443101190858,2012
p62_wind_g04,55,0.22047859745628004,2012
p62_wind_g04,56,0.6584539837446184,2012
p62_wind_g04,57,0.3804119605883094,2012
p62_wind_g04,58,0.9359732568012905,2012
p62_wind_g04,59,0.40861987894048535,2012
p62_wind_g04,60,1.0,2012
p62_wind_g04,61,0.43974215440187003,2012
p62_wind_g04,62,0.5523909715047083,2012
p62_wind_g04,63,0.45036142567575016,2012
p62_wind_g04,64,0.5987999240802657,2012
p62_wind_g04,65,0.6519429150075979,2012
p62_wind_g04,66,0.5690255970692102,2012
p62_wind_g04,67,0.4214309924184635,2012
p62_wind_g04,68,0.7462490598873502,2012
p62_wind_g04,69,0.5476609914282045,2012
p62_wind_g04,70,0.5804310161767346,2012
p62_wind_g04,71,0.5438731839671109,2012
p62_wind_g04,72,0.5135464728745825,2012
p62_wind_g04,73,0.5779974964434039,2012
p62_wind_g04,74,0.40250657388944344,2012
p62_wind_g04,75,1.0,2012
p62_wind_g04,76,0.4850132126391385,2012
p62_wind_g04,77,0.49430527816814884,2012
p62_wind_g04,78,0.4538249974367679,2012
p62_wind_g04,79,0.7774285169006668,2012
p62_wind_g04,80,0.404645002367615,2012
p62_wind_g04,81,0.765317606966619,2012
p62_wind_g04,82,0.2534121908417825,2012
p62_wind_g04,83,0.49625883999143483,2012
p62_wind_g04,84,0.6724473976659548,2012
p62_wind_g04,85,0.8710055017372434,2012
p62_wind_g04,86,0.6638603538356249,2012
p62_wind_g04,87,0.2969735751797506,2012
p62_wind_g04,88,0.8461049182161745,2012
p62_wind_g04,89,0.3687463639763907,2012
p62_wind_g04,90,0.7603913293332719,2012
p62_wind_g04,91,0.35587167375646317,2012
p62_wind_g04,92,0.7261323829333135,2012
p62_wind_g04,93,0.4716264846818385,2012
p62_wind_g04,94,0.630983863095838,2012
p62_wind_g04,95,0.44526345923165045,2012
p62_wind_g04,96,1.0,2012
p62_wind_g04,97,0.27186660876656904,2012
p62_wind_g04,98,0.6998614543193793,2012
p62_wind_g04,99,0.24611517688505602,2012
p62_wind_g04,100,0.4739839378436902,2012
p62_wind_g04,101,0.355853577678768,2012
p62_wind_g04,102,0.6035995369912625,2012
p62_wind_g04,103,0.2753090760169489,2012
p62_wind_g04,104,0.54192852236198,2012
p62_wind_g04,105,0.5436516647127019,2012
p62_wind_g04,106,0.48459308923596484,2012
p62_wind_g04,107,0.5308684412628257,2012
p62_wind_g04,108,0.2946724304355331,2012
p62_wind_g04,109,0.602886731959354,2012
p62_wind_g04,110,0.34519409035458365,2012
p62_wind_g04,111,0.373330403327551,2012
p62_wind_g04,112,0.401931561741723,2012
p62_wind_g04,113,0.7607455566673722,2012
p62_wind_g04,114,0.2019125805826157,2012
p62_wind_g04,115,0.6044990082583522,2012
p62_wind_g04,116,0.2728409289552449,2012
p62_wind_g04,117,0.7142118372325826,2012
p62_wind_g04,118,0.42254753824769564,2012
p62_wind_g04,119,0.3249778880558555,2012
p62_wind_g04,120,0.3000031526430956,2012
p62_wind_g04,121,0.4353656784298874,2012
p62_wind_g04,122,0.510711581548811,2012
p62_wind_g04,123,0.3176166656239716,2012
p62_wind_g04,124,0.3268643602927824,2012
p62_wind_g04,125,0.5664444221737561,2012
p62_wind_g04,126,0.4952324758349707,2012
p62_wind_g04,127,0.40193660371815476,2012
p62_wind_g04,128,0.6983533608381862,2012
p62_wind_g04,129,0.4292165790473614,2012
p62_wind_g04,130,0.507086915257191,2012
p62_wind_g04,131,0.39017165599229814,2012
p62_wind_g04,132,0.8320463656680306,2012
p62_wind_g04,133,0.27121383325456183,2012
p62_wind_g04,134,0.784383877409566,2012
p62_wind_g04,135,0.3906723067601668,2012
p62_wind_g04,136,0.4912894106215112,2012
p62_wind_g04,137,0.31301443209549873,2012
p62_wind_g04,138,0.27515379814313473,2012
p62_wind_g04,139,0.2084638885726989,2012
p62_wind_g04,140,0.4644494637765975,2012
p62_wind_g04,141,0.2320816650850358,2012
p62_wind_g04,142,0.4172744743166754,2012
p62_wind_g04,143,0.5007856849841563,2012
p62_wind_g04,144,0.25239705432056314,2012
p62_wind_g04,145,0.48692246046692583,2012
p62_wind_g04,146,0.2280184938267351,2012
p62_wind_g04,147,0.5733008798867107,2012
p62_wind_g04,148,0.20825435939556722,2012
p62_wind_g04,149,0.7126390468324345,2012
p62_wind_g04,150,0.24278107817740172,2012
p62_wind_g04,151,0.43616192071742305,2012
p62_wind_g04,152,0.30575540544055013,2012
p62_wind_g04,153,0.2717270624931807,2012
p62_wind_g04,154,0.24512000100054307,2012
p62_wind_g04,155,0.5451401145730179,2012
p62_wind_g04,156,0.3960764965474929,2012
p62_wind_g04,157,0.5274632673597628,2012
p62_wind_g04,158,0.3112303432984672,2012
p62_wind_g04,159,0.3109258791861348,2012
p62_wind_g04,160,0.24465760560254468,2012
p62_wind_g04,161,0.18105127358220238,2012
p62_wind_g04,162,0.4092308612443872,2012
p62_wind_g04,163,0.3196443558441351,2012
p62_wind_g04,164,0.5640026407415893,2012
p62_wind_g04,165,0.35014777803207814,2012
p62_wind_g04,166,0.4052765263610117,2012
p62_wind_g04,167,0.23733159091063688,2012
p62_wind_g04,168,0.5121468922311506,2012
p62_wind_g04,169,0.22694983276633035,2012
p62_wind_g04,170,0.2910014192133414,2012
p62_wind_g04,171,0.29389104721454884,2012
p62_wind_g04,172,0.30962526607315094,2012
p62_wind_g04,173,0.18300249945739175,2012
p62_wind_g04,174,0.2621069506827584,2012
p62_wind_g04,175,0.20871076951538245,2012
p62_wind_g04,176,0.44350958757567677,2012
p62_wind_g04,177,0.37637380752069505,2012
p62_wind_g04,178,0.1753162923768286,2012
p62_wind_g04,179,0.41278871819328405,2012
p62_wind_g04,180,0.38450737587115863,2012
p62_wind_g04,181,0.4949478898834502,2012
p62_wind_g04,182,0.32447858153267345,2012
p62_wind_g04,183,0.3832443362698586,2012
p62_wind_g04,184,0.18625673687060407,2012
p62_wind_g04,185,0.5535514714801179,2012
p62_wind_g04,186,0.14599810710441727,2012
p62_wind_g04,187,0.3680267901339336,2012
p62_wind_g04,188,0.11064928724806952,2012
p62_wind_g04,189,0.5308617677795203,2012
p62_wind_g04,190,0.19801572845145055,2012
p62_wind_g04,191,0.2804723026470712,2012
p62_wind_g04,192,0.21162628481166634,2012
p62_wind_g04,193,0.5032321048081728,2012
p62_wind_g04,194,0.2747989426147053,2012
p62_wind_g04,195,0.42799088703664295,2012
p62_wind_g04,196,0.28389243028649197,2012
p62_wind_g04,197,0.2989536819489943,2012
p62_wind_g04,198,0.43263122842530466,2012
p62_wind_g04,199,0.40611344131862,2012
p62_wind_g04,200,0.38573230747733767,2012
p62_wind_g04,201,0.15948213162254432,2012
p62_wind_g04,202,0.21055655768851073,2012
p62_wind_g04,203,0.26380869314990346,2012
p62_wind_g04,204,0.5988782334401824,2012
p62_wind_g04,205,0.1372776472432784,2012
p62_wind_g04,206,0.5962200361841414,2012
p62_wind_g04,207,0.2571668086053735,2012
p62_wind_g04,208,0.27501166294262647,2012
p62_wind_g04,209,0.29955846757612165,2012
p62_wind_g04,210,0.4158899863625085,2012
p62_wind_g04,211,0.17413266192788915,2012
p62_wind_g04,212,0.5105455768265054,2012
p62_wind_g04,213,0.20949304496953786,2012
p62_wind_g04,214,0.2959135229249826,2012
p62_wind_g04,215,0.24168364086295632,2012
p62_wind_g04,216,0.23989290050998044,2012
p62_wind_g04,217,0.4733902387278673,2012
p62_wind_g04,218,0.280518073618792,2012
p62_wind_g04,219,0.5501471348931078,2012
p62_wind_g04,220,0.25755682295696597,2012
p62_wind_g04,221,0.44385007764155243,2012
p62_wind_g04,222,0.22939560417848184,2012
p62_wind_g04,223,0.28861032327474523,2012
p62_wind_g04,224,0.16623732132640315,2012
p62_wind_g04,225,0.2719685139965519,2012
p62_wind_g04,226,0.24073737238835574,2012
p62_wind_g04,227,0.5361971555912953,2012
p62_wind_g04,228,0.1417214677525857,2012
p62_wind_g04,229,0.632738272237572,2012
p62_wind_g04,230,0.26541169005694576,2012
p62_wind_g04,231,0.45719613019393357,2012
p62_wind_g04,232,0.4676079818431476,2012
p62_wind_g04,233,0.5770058165478692,2012
p62_wind_g04,234,0.5047519021836409,2012
p62_wind_g04,235,0.29362550811514176,2012
p62_wind_g04,236,0.5883193096358017,2012
p62_wind_g04,237,0.3082613633463769,2012
p62_wind_g04,238,0.32943764511413387,2012
p62_wind_g04,239,0.2106017963846565,2012
p62_wind_g04,240,0.38110228858107237,2012
p62_wind_g05,1,0.6077847878997751,2012
p62_wind_g05,2,0.34684935579102316,2012
p62_wind_g05,3,0.5341333958617023,2012
p62_wind_g05,4,0.18809563967765672,2012
p62_wind_g05,5,0.6256541177421617,2012
p62_wind_g05,6,0.29833252618496603,2012
p62_wind_g05,7,0.6292208378363319,2012
p62_wind_g05,8,0.2847681681531861,2012
p62_wind_g05,9,0.6001019263441676,2012
p62_wind_g05,10,0.23067411913493943,2012
p62_wind_g05,11,0.6317996785410015,2012
p62_wind_g05,12,0.5639151950798568,2012
p62_wind_g05,13,0.3130093191234438,2012
p62_wind_g05,14,0.41897321616578537,2012
p62_wind_g05,15,0.3833364602386658,2012
p62_wind_g05,16,0.7635348807399361,2012
p62_wind_g05,17,0.3439042730072588,2012
p62_wind_g05,18,0.3896345073536082,2012
p62_wind_g05,19,0.25191054390055856,2012
p62_wind_g05,20,0.5349839177796775,2012
p62_wind_g05,21,0.3741191672845747,2012
p62_wind_g05,22,0.4100807321124721,2012
p62_wind_g05,23,0.3833878867431246,2012
p62_wind_g05,24,0.8529541549151124,2012
p62_wind_g05,25,0.3939167792219235,2012
p62_wind_g05,26,0.7787529201895237,2012
p62_wind_g05,27,0.3318232350327164,2012
p62_wind_g05,28,0.5182471726423037,2012
p62_wind_g05,29,0.37514989467053245,2012
p62_wind_g05,30,0.6789552508904335,2012
p62_wind_g05,31,0.40794408517379277,2012
p62_wind_g05,32,0.6356123577786734,2012
p62_wind_g05,33,0.5290906483848308,2012
p62_wind_g05,34,0.5167485610201293,2012
p62_wind_g05,35,0.38960656458928195,2012
p62_wind_g05,36,0.38720538827557505,2012
p62_wind_g05,37,0.4168101341809484,2012
p62_wind_g05,38,0.3994736267800596,2012
p62_wind_g05,39,0.40546398445210063,2012
p62_wind_g05,40,0.43663187840956513,2012
p62_wind_g05,41,0.41294895348146465,2012
p62_wind_g05,42,0.2970722096952513,2012
p62_wind_g05,43,0.642788438425147,2012
p62_wind_g05,44,0.27055878987602694,2012
p62_wind_g05,45,0.5489409099673135,2012
p62_wind_g05,46,0.460335424219309,2012
p62_wind_g05,47,0.403763760390683,2012
p62_wind_g05,48,0.5835051661222092,2012
p62_wind_g05,49,0.4969866719591359,2012
p62_wind_g05,50,0.6484114007495573,2012
p62_wind_g05,51,0.6616799319645279,2012
p62_wind_g05,52,0.851614659224674,2012
p62_wind_g05,53,0.4175326491099988,2012
p62_wind_g05,54,0.5075481299957504,2012
p62_wind_g05,55,0.2203697047114368,2012
p62_wind_g05,56,0.6654378991391569,2012
p62_wind_g05,57,0.4783278760649197,2012
p62_wind_g05,58,0.9250272998532201,2012
p62_wind_g05,59,0.2724030224232171,2012
p62_wind_g05,60,0.4848433709781823,2012
p62_wind_g05,61,0.49558804925767636,2012
p62_wind_g05,62,0.45857808332794747,2012
p62_wind_g05,63,0.2871632868359762,2012
p62_wind_g05,64,0.9047233849054142,2012
p62_wind_g05,65,0.2825656738082805,2012
p62_wind_g05,66,0.765404851752383,2012
p62_wind_g05,67,0.607618860458751,2012
p62_wind_g05,68,0.6329180738906974,2012
p62_wind_g05,69,0.7848379568492893,2012
p62_wind_g05,70,0.3945318390945513,2012
p62_wind_g05,71,0.7023975410465966,2012
p62_wind_g05,72,0.31039584883897137,2012
p62_wind_g05,73,0.5238442575520964,2012
p62_wind_g05,74,0.5354880091928577,2012
p62_wind_g05,75,0.4593675941506636,2012
p62_wind_g05,76,0.45954714423557025,2012
p62_wind_g05,77,0.7530637414137527,2012
p62_wind_g05,78,0.19996549980412665,2012
p62_wind_g05,79,0.6414039471011351,2012
p62_wind_g05,80,0.4287167019893335,2012
p62_wind_g05,81,0.5635032342504797,2012
p62_wind_g05,82,0.591213893806491,2012
p62_wind_g05,83,0.8546734299055915,2012
p62_wind_g05,84,0.37703713579449055,2012
p62_wind_g05,85,0.8441907043994495,2012
p62_wind_g05,86,0.38470823363308554,2012
p62_wind_g05,87,0.5957341984051453,2012
p62_wind_g05,88,0.5694931969529939,2012
p62_wind_g05,89,0.5256865815413435,2012
p62_wind_g05,90,0.799188119055681,2012
p62_wind_g05,91,0.33609851446942257,2012
p62_wind_g05,92,0.8645372464732308,2012
p62_wind_g05,93,0.4837762339005029,2012
p62_wind_g05,94,0.46014325974795406,2012
p62_wind_g05,95,0.26363679088943376,2012
p62_wind_g05,96,0.9089977294195714,2012
p62_wind_g05,97,0.4407188818792965,2012
p62_wind_g05,98,0.5494221882311976,2012
p62_wind_g05,99,0.23176443682803455,2012
p62_wind_g05,100,0.3678899481651719,2012
p62_wind_g05,101,0.37746621639452393,2012
p62_wind_g05,102,0.5270557363682344,2012
p62_wind_g05,103,0.6477749717958222,2012
p62_wind_g05,104,0.2996991473908641,2012
p62_wind_g05,105,0.5406613513234321,2012
p62_wind_g05,106,0.3491910871808964,2012
p62_wind_g05,107,0.5409995701737595,2012
p62_wind_g05,108,0.2972292688136897,2012
p62_wind_g05,109,0.5308806808265333,2012
p62_wind_g05,110,0.22539875940795331,2012
p62_wind_g05,111,0.7977178136038279,2012
p62_wind_g05,112,0.34787818843696056,2012
p62_wind_g05,113,0.6629663400026439,2012
p62_wind_g05,114,0.29702011848756754,2012
p62_wind_g05,115,0.6890345012847018,2012
p62_wind_g05,116,0.29930404612990247,2012
p62_wind_g05,117,0.7894964484289362,2012
p62_wind_g05,118,0.20270722318530607,2012
p62_wind_g05,119,0.4624698392365006,2012
p62_wind_g05,120,0.5139762987707238,2012
p62_wind_g05,121,0.3822103793336977,2012
p62_wind_g05,122,0.2877308699413884,2012
p62_wind_g05,123,0.6387590736602744,2012
p62_wind_g05,124,0.5533218126436442,2012
p62_wind_g05,125,0.344903239907818,2012
p62_wind_g05,126,0.3500625099918611,2012
p62_wind_g05,127,0.4363370664772945,2012
p62_wind_g05,128,0.7757359441112758,2012
p62_wind_g05,129,0.3103299348283109,2012
p62_wind_g05,130,0.34277095432594823,2012
p62_wind_g05,131,0.19081941425109739,2012
p62_wind_g05,132,0.7267623418448398,2012
p62_wind_g05,133,0.3524853546345569,2012
p62_wind_g05,134,0.47700826128853036,2012
p62_wind_g05,135,0.3931674389075401,2012
p62_wind_g05,136,0.44807944313671055,2012
p62_wind_g05,137,0.1820852536643676,2012
p62_wind_g05,138,0.28616091637973,2012
p62_wind_g05,139,0.4382508895812763,2012
p62_wind_g05,140,0.4696918256690395,2012
p62_wind_g05,141,0.3138120439990486,2012
p62_wind_g05,142,0.3223667115543886,2012
p62_wind_g05,143,0.4882226139106394,2012
p62_wind_g05,144,0.40826219793029633,2012
p62_wind_g05,145,0.4298436348392811,2012
p62_wind_g05,146,0.34592488060696386,2012
p62_wind_g05,147,0.5792268446702734,2012
p62_wind_g05,148,0.334944422055635,2012
p62_wind_g05,149,0.44945107844846705,2012
p62_wind_g05,150,0.1941469139675478,2012
p62_wind_g05,151,0.6642663690320778,2012
p62_wind_g05,152,0.3036439127933251,2012
p62_wind_g05,153,0.5440798937516221,2012
p62_wind_g05,154,0.1841001854174578,2012
p62_wind_g05,155,0.3264602631654105,2012
p62_wind_g05,156,0.35480766214554516,2012
p62_wind_g05,157,0.46571360048496774,2012
p62_wind_g05,158,0.2802382551857253,2012
p62_wind_g05,159,0.40198387234076505,2012
p62_wind_g05,160,0.2761182294568922,2012
p62_wind_g05,161,0.2407174714367014,2012
p62_wind_g05,162,0.4152717402041826,2012
p62_wind_g05,163,0.3816641150952539,2012
p62_wind_g05,164,0.4867406325264665,2012
p62_wind_g05,165,0.15650264947448625,2012
p62_wind_g05,166,0.23395061878998005,2012
p62_wind_g05,167,0.13671662746918745,2012
p62_wind_g05,168,0.44528812885640523,2012
p62_wind_g05,169,0.19021664815442932,2012
p62_wind_g05,170,0.47114950746615236,2012
p62_wind_g05,171,0.2883156145706146,2012
p62_wind_g05,172,0.2802605218222125,2012
p62_wind_g05,173,0.24066211821659653,2012
p62_wind_g05,174,0.28873338521806896,2012
p62_wind_g05,175,0.18590836537959338,2012
p62_wind_g05,176,0.3181276744824819,2012
p62_wind_g05,177,0.2132911290430078,2012
p62_wind_g05,178,0.26043543691435567,2012
p62_wind_g05,179,0.3255958003504653,2012
p62_wind_g05,180,0.2977723503283624,2012
p62_wind_g05,181,0.24541159301886284,2012
p62_wind_g05,182,0.2991061702908564,2012
p62_wind_g05,183,0.21935444855379216,2012
p62_wind_g05,184,0.23755746975871603,2012
p62_wind_g05,185,0.3191592610470907,2012
p62_wind_g05,186,0.25057580323561257,2012
p62_wind_g05,187,0.5245435164533245,2012
p62_wind_g05,188,0.13999534440934672,2012
p62_wind_g05,189,0.4212073311667933,2012
p62_wind_g05,190,0.21827674798847715,2012
p62_wind_g05,191,0.4078542793985678,2012
p62_wind_g05,192,0.20439683663000519,2012
p62_wind_g05,193,0.3496844016586018,2012
p62_wind_g05,194,0.2536533794471435,2012
p62_wind_g05,195,0.39347005893804105,2012
p62_wind_g05,196,0.37551011848238774,2012
p62_wind_g05,197,0.26660781762782865,2012
p62_wind_g05,198,0.4617254751880193,2012
p62_wind_g05,199,0.2156955893383249,2012
p62_wind_g05,200,0.29395465875326127,2012
p62_wind_g05,201,0.13998883134591317,2012
p62_wind_g05,202,0.4768530665756059,2012
p62_wind_g05,203,0.1500019082773234,2012
p62_wind_g05,204,0.27089945090717943,2012
p62_wind_g05,205,0.21606048658048185,2012
p62_wind_g05,206,0.31039146073147056,2012
p62_wind_g05,207,0.14026795363657568,2012
p62_wind_g05,208,0.3654977505896719,2012
p62_wind_g05,209,0.28612939613684085,2012
p62_wind_g05,210,0.41048880830845313,2012
p62_wind_g05,211,0.14281834255267453,2012
p62_wind_g05,212,0.4814263870058752,2012
p62_wind_g05,213,0.2856066367526851,2012
p62_wind_g05,214,0.28115445184151183,2012
p62_wind_g05,215,0.259979338003681,2012
p62_wind_g05,216,0.23458369126688436,2012
p62_wind_g05,217,0.3050313192074251,2012
p62_wind_g05,218,0.2913479831344071,2012
p62_wind_g05,219,0.31183884177282634,2012
p62_wind_g05,220,0.22091060419196978,2012
p62_wind_g05,221,0.5693238517313073,2012
p62_wind_g05,222,0.30161098858747276,2012
p62_wind_g05,223,0.5047976136433505,2012
p62_wind_g05,224,0.13808191058171654,2012
p62_wind_g05,225,0.43198153691889224,2012
p62_wind_g05,226,0.2985617430634672,2012
p62_wind_g05,227,0.5595771917512222,2012
p62_wind_g05,228,0.3134583833203967,2012
p62_wind_g05,229,0.46930587257289447,2012
p62_wind_g05,230,0.4081035763791848,2012
p62_wind_g05,231,0.29705821196690757,2012
p62_wind_g05,232,0.3173926763736545,2012
p62_wind_g05,233,0.4381636702091665,2012
p62_wind_g05,234,0.3807669914189967,2012
p62_wind_g05,235,0.3804528779885616,2012
p62_wind_g05,236,0.312594340092984,2012
p62_wind_g05,237,0.27811420112963603,2012
p62_wind_g05,238,0.619079851067435,2012
p62_wind_g05,239,0.24929419880077625,2012
p62_wind_g05,240,0.663903232374974,2012
p62_wind_g06,1,0.29002573666522374,2012
p62_wind_g06,2,0.1677004837339091,2012
p62_wind_g06,3,0.481704571622994,2012
p62_wind_g06,4,0.16376539874188487,2012
p62_wind_g06,5,0.6119197390130044,2012
p62_wind_g06,6,0.3342334268424971,2012
p62_wind_g06,7,0.3929936026030704,2012
p62_wind_g06,8,0.21303903597533627,2012
p62_wind_g06,9,0.4584053259982485,2012
p62_wind_g06,10,0.2473385580459626,2012
p62_wind_g06,11,0.44680628032757846,2012
p62_wind_g06,12,0.4007778547246264,2012
p62_wind_g06,13,0.24906723827782087,2012
p62_wind_g06,14,0.33793953991145803,2012
p62_wind_g06,15,0.47795713239428517,2012
p62_wind_g06,16,0.4266327128306735,2012
p62_wind_g06,17,0.35992710713433723,2012
p62_wind_g06,18,0.3671955129473543,2012
p62_wind_g06,19,0.25274056902502084,2012
p62_wind_g06,20,0.5754711721678643,2012
p62_wind_g06,21,0.1673383731278448,2012
p62_wind_g06,22,0.42683485869537097,2012
p62_wind_g06,23,0.31915739777426794,2012
p62_wind_g06,24,0.7030230961820172,2012
p62_wind_g06,25,0.44306568100526456,2012
p62_wind_g06,26,0.41289373497072157,2012
p62_wind_g06,27,0.2788263563525383,2012
p62_wind_g06,28,0.502188226768663,2012
p62_wind_g06,29,0.526551285933346,2012
p62_wind_g06,30,0.5227525759031325,2012
p62_wind_g06,31,0.3289685209729886,2012
p62_wind_g06,32,0.6055843192039765,2012
p62_wind_g06,33,0.4819036152894227,2012
p62_wind_g06,34,0.3465536490956243,2012
p62_wind_g06,35,0.405888266758888,2012
p62_wind_g06,36,0.4573345877322971,2012
p62_wind_g06,37,0.7580057426039724,2012
p62_wind_g06,38,0.26466605682893973,2012
p62_wind_g06,39,0.6288271548178749,2012
p62_wind_g06,40,0.40441247846243844,2012
p62_wind_g06,41,0.3749090657178761,2012
p62_wind_g06,42,0.4490232720755549,2012
p62_wind_g06,43,0.608981998932162,2012
p62_wind_g06,44,0.36068154141181624,2012
p62_wind_g06,45,0.6715889633338724,2012
p62_wind_g06,46,0.44337651584994653,2012
p62_wind_g06,47,0.7444492915722702,2012
p62_wind_g06,48,0.6043339781605624,2012
p62_wind_g06,49,0.6593619199255997,2012
p62_wind_g06,50,0.7512625465728686,2012
p62_wind_g06,51,0.3798224888908118,2012
p62_wind_g06,52,0.6536385506530437,2012
p62_wind_g06,53,0.2726680161216243,2012
p62_wind_g06,54,0.4818275695680683,2012
p62_wind_g06,55,0.210834934378654,2012
p62_wind_g06,56,0.9633059599184562,2012
p62_wind_g06,57,0.424642042980271,2012
p62_wind_g06,58,0.45305910096611157,2012
p62_wind_g06,59,0.2466108992858772,2012
p62_wind_g06,60,0.598611521972544,2012
p62_wind_g06,61,0.3860618731311632,2012
p62_wind_g06,62,0.6459314860062301,2012
p62_wind_g06,63,0.345597980503758,2012
p62_wind_g06,64,0.781866393832143,2012
p62_wind_g06,65,0.36017715847632964,2012
p62_wind_g06,66,0.6002747426735786,2012
p62_wind_g06,67,0.5410980357849767,2012
p62_wind_g06,68,0.6086836157329657,2012
p62_wind_g06,69,0.422191667656095,2012
p62_wind_g06,70,0.3696574579111503,2012
p62_wind_g06,71,0.5328269584909936,2012
p62_wind_g06,72,0.4806816520946553,2012
p62_wind_g06,73,0.40067555392760534,2012
p62_wind_g06,74,0.33791186594172734,2012
p62_wind_g06,75,0.3864165737416315,2012
p62_wind_g06,76,0.1883508352184444,2012
p62_wind_g06,77,0.5991995681287894,2012
p62_wind_g06,78,0.24519634530579185,2012
p62_wind_g06,79,0.9616430310589208,2012
p62_wind_g06,80,0.3452742608672313,2012
p62_wind_g06,81,0.5378864292939501,2012
p62_wind_g06,82,0.2766131862833001,2012
p62_wind_g06,83,0.7304037505071472,2012
p62_wind_g06,84,0.34958450586866396,2012
p62_wind_g06,85,0.40257955242259985,2012
p62_wind_g06,86,0.6077440852759851,2012
p62_wind_g06,87,0.4719801058397297,2012
p62_wind_g06,88,0.37888833878654293,2012
p62_wind_g06,89,0.4681838307089436,2012
p62_wind_g06,90,0.7078984972827831,2012
p62_wind_g06,91,0.2176932083679833,2012
p62_wind_g06,92,0.7375926437465297,2012
p62_wind_g06,93,0.24188741498049512,2012
p62_wind_g06,94,0.4789704082220736,2012
p62_wind_g06,95,0.31090403453027704,2012
p62_wind_g06,96,0.8663787227347807,2012
p62_wind_g06,97,0.4036020021195254,2012
p62_wind_g06,98,0.8215953302340168,2012
p62_wind_g06,99,0.5077806746603348,2012
p62_wind_g06,100,0.8514341606660978,2012
p62_wind_g06,101,0.5238104032870847,2012
p62_wind_g06,102,0.7541844258652919,2012
p62_wind_g06,103,0.4930635842397103,2012
p62_wind_g06,104,0.6783149287608441,2012
p62_wind_g06,105,0.48639939701842727,2012
p62_wind_g06,106,0.28769215662147873,2012
p62_wind_g06,107,0.6870624910059288,2012
p62_wind_g06,108,0.39921949589119415,2012
p62_wind_g06,109,0.6629396597559871,2012
p62_wind_g06,110,0.31417696048193877,2012
p62_wind_g06,111,0.7255058645756743,2012
p62_wind_g06,112,0.2513725420331142,2012
p62_wind_g06,113,0.6506942895300217,2012
p62_wind_g06,114,0.40380484549308937,2012
p62_wind_g06,115,0.7498981885208329,2012
p62_wind_g06,116,0.3754713488003805,2012
p62_wind_g06,117,0.44666498104154706,2012
p62_wind_g06,118,0.44842841593482624,2012
p62_wind_g06,119,0.3618409720254609,2012
p62_wind_g06,120,0.45058888365580374,2012
p62_wind_g06,121,0.3797780844910379,2012
p62_wind_g06,122,0.541707866158516,2012
p62_wind_g06,123,0.5660703604478914,2012
p62_wind_g06,124,0.4072912685533724,2012
p62_wind_g06,125,0.5287220734264209,2012
p62_wind_g06,126,0.5021897342467025,2012
p62_wind_g06,127,0.2406400857441222,2012
p62_wind_g06,128,0.583505091375306,2012
p62_wind_g06,129,0.1627747337763231,2012
p62_wind_g06,130,0.7059015429154495,2012
p62_wind_g06,131,0.22461711985316135,2012
p62_wind_g06,132,0.44616240062511864,2012
p62_wind_g06,133,0.2160998070006141,2012
p62_wind_g06,134,0.7456976029076281,2012
p62_wind_g06,135,0.1650172683767199,2012
p62_wind_g06,136,0.30080698439021497,2012
p62_wind_g06,137,0.18397219347789376,2012
p62_wind_g06,138,0.35768174623465493,2012
p62_wind_g06,139,0.25288315967248653,2012
p62_wind_g06,140,0.45747927436579844,2012
p62_wind_g06,141,0.4983523387731459,2012
p62_wind_g06,142,0.4474326821237321,2012
p62_wind_g06,143,0.4587724870758697,2012
p62_wind_g06,144,0.24589939048671722,2012
p62_wind_g06,145,0.2734348048037532,2012
p62_wind_g06,146,0.3320379346673995,2012
p62_wind_g06,147,0.3605459521167401,2012
p62_wind_g06,148,0.1803019320374302,2012
p62_wind_g06,149,0.6383956925173799,2012
p62_wind_g06,150,0.3006665167296833,2012
p62_wind_g06,151,0.4034341726388201,2012
p62_wind_g06,152,0.21643240253119614,2012
p62_wind_g06,153,0.49020106139742503,2012
p62_wind_g06,154,0.16657652496520323,2012
p62_wind_g06,155,0.35371754340860023,2012
p62_wind_g06,156,0.2531953361413893,2012
p62_wind_g06,157,0.3734215169622942,2012
p62_wind_g06,158,0.30817245998315124,2012
p62_wind_g06,159,0.43820029236322156,2012
p62_wind_g06,160,0.3497793444616226,2012
p62_wind_g06,161,0.26068317667014745,2012
p62_wind_g06,162,0.3442011532974969,2012
p62_wind_g06,163,0.33947927889711255,2012
p62_wind_g06,164,0.4967069100797644,2012
p62_wind_g06,165,0.23677459943301474,2012
p62_wind_g06,166,0.3650004424735246,2012
p62_wind_g06,167,0.15336279265618336,2012
p62_wind_g06,168,0.37577346433765235,2012
p62_wind_g06,169,0.1538400738519211,2012
p62_wind_g06,170,0.2862427625521668,2012
p62_wind_g06,171,0.1934226608427096,2012
p62_wind_g06,172,0.29062561958770705,2012
p62_wind_g06,173,0.25981146338690947,2012
p62_wind_g06,174,0.3260090910063158,2012
p62_wind_g06,175,0.17196100681492393,2012
p62_wind_g06,176,0.42509952095224407,2012
p62_wind_g06,177,0.30012422511065684,2012
p62_wind_g06,178,0.18687743842364418,2012
p62_wind_g06,179,0.2689107461474296,2012
p62_wind_g06,180,0.1552945443500269,2012
p62_wind_g06,181,0.2777335616786331,2012
p62_wind_g06,182,0.3155795989385306,2012
p62_wind_g06,183,0.40551291607963874,2012
p62_wind_g06,184,0.11358867732579772,2012
p62_wind_g06,185,0.3937850417362234,2012
p62_wind_g06,186,0.2279029562309393,2012
p62_wind_g06,187,0.5212133842310147,2012
p62_wind_g06,188,0.24586583743944923,2012
p62_wind_g06,189,0.523344391558113,2012
p62_wind_g06,190,0.15535042625557416,2012
p62_wind_g06,191,0.2500044792560402,2012
p62_wind_g06,192,0.2705105491273677,2012
p62_wind_g06,193,0.31055236345963233,2012
p62_wind_g06,194,0.13072255585386255,2012
p62_wind_g06,195,0.18223031938020984,2012
p62_wind_g06,196,0.19084530825107193,2012
p62_wind_g06,197,0.3986601590691904,2012
p62_wind_g06,198,0.18524127987622352,2012
p62_wind_g06,199,0.3043607523257308,2012
p62_wind_g06,200,0.2304780493675564,2012
p62_wind_g06,201,0.25400951379573045,2012
p62_wind_g06,202,0.28735467887731037,2012
p62_wind_g06,203,0.22549073067954592,2012
p62_wind_g06,204,0.35319699948074296,2012
p62_wind_g06,205,0.1970120897460036,2012
p62_wind_g06,206,0.4252488372375543,2012
p62_wind_g06,207,0.10698981810409623,2012
p62_wind_g06,208,0.2734686454901409,2012
p62_wind_g06,209,0.17114308481083967,2012
p62_wind_g06,210,0.2539495344241573,2012
p62_wind_g06,211,0.14642588119639796,2012
p62_wind_g06,212,0.4840502039233507,2012
p62_wind_g06,213,0.14023479663046495,2012
p62_wind_g06,214,0.454739116602668,2012
p62_wind_g06,215,0.37115667277549697,2012
p62_wind_g06,216,0.17685024285968748,2012
p62_wind_g06,217,0.3852578501691812,2012
p62_wind_g06,218,0.22700458846386207,2012
p62_wind_g06,219,0.3258794977843197,2012
p62_wind_g06,220,0.16656652905127745,2012
p62_wind_g06,221,0.4612946776068096,2012
p62_wind_g06,222,0.2765509749352118,2012
p62_wind_g06,223,0.28273549486280014,2012
p62_wind_g06,224,0.1846041527295853,2012
p62_wind_g06,225,0.3245359539551302,2012
p62_wind_g06,226,0.2712893456875082,2012
p62_wind_g06,227,0.4936221759159646,2012
p62_wind_g06,228,0.26685654017744626,2012
p62_wind_g06,229,0.40839741537753366,2012
p62_wind_g06,230,0.20332470595212568,2012
p62_wind_g06,231,0.5648166832865508,2012
p62_wind_g06,232,0.35173037720878647,2012
p62_wind_g06,233,0.43595581485340207,2012
p62_wind_g06,234,0.2179586938050768,2012
p62_wind_g06,235,0.45825691932683293,2012
p62_wind_g06,236,0.5501765658235144,2012
p62_wind_g06,237,0.17236154530319747,2012
p62_wind_g06,238,0.5580400247761576,2012
p62_wind_g06,239,0.33589342355314744,2012
p62_wind_g06,240,0.4569351604881316,2012
p62_wind_g07,1,0.5320875535341613,2012
p62_wind_g07,2,0.29869902349125343,2012
p62_wind_g07,3,0.38254891856063483,2012
p62_wind_g07,4,0.27391317268671056,2012
p62_wind_g07,5,0.6213936638384826,2012
p62_wind_g07,6,0.2303154239881915,2012
p62_wind_g07,7,0.6124760902024011,2012
p62_wind_g07,8,0.38861471244194634,2012
p62_wind_g07,9,0.3862434329608198,2012
p62_wind_g07,10,0.45072723286498473,2012
p62_wind_g07,11,0.3377665345811058,2012
p62_wind_g07,12,0.3130095393957311,2012
p62_wind_g07,13,0.2536176086582987,2012
p62_wind_g07,14,0.533210991199351,2012
p62_wind_g07,15,0.4115775866832268,2012
p62_wind_g07,16,0.38025527539913845,2012
p62_wind_g07,17,0.4042570096573821,2012
p62_wind_g07,18,0.4019376802488224,2012
p62_wind_g07,19,0.15940218691093241,2012
p62_wind_g07,20,0.48595789992584654,2012
p62_wind_g07,21,0.2665618489561029,2012
p62_wind_g07,22,0.7124151292885391,2012
p62_wind_g07,23,0.3564112976478483,2012
p62_wind_g07,24,0.7688558590219197,2012
p62_wind_g07,25,0.4216244577995522,2012
p62_wind_g07,26,0.6122310617803378,2012
p62_wind_g07,27,0.46068560198466946,2012
p62_wind_g07,28,0.5296193771021714,2012
p62_wind_g07,29,0.5337919619391985,2012
p62_wind_g07,30,0.6101129878532138,2012
p62_wind_g07,31,0.5785691097366077,2012
p62_wind_g07,32,0.33115023732226956,2012
p62_wind_g07,33,0.3680738183098362,2012
p62_wind_g07,34,0.27614229821520636,2012
p62_wind_g07,35,0.4549030562851891,2012
p62_wind_g07,36,0.30687543688057733,2012
p62_wind_g07,37,0.5987682673909208,2012
p62_wind_g07,38,0.25796993492613557,2012
p62_wind_g07,39,0.7611274232344065,2012
p62_wind_g07,40,0.17438911521799316,2012
p62_wind_g07,41,0.7551016688491701,2012
p62_wind_g07,42,0.21712129075988157,2012
p62_wind_g07,43,0.7293920531067194,2012
p62_wind_g07,44,0.45659943418462845,2012
p62_wind_g07,45,0.3501977148927942,2012
p62_wind_g07,46,0.5379524672595138,2012
p62_wind_g07,47,0.38717620445535017,2012
p62_wind_g07,48,0.5826815891091388,2012
p62_wind_g07,49,0.5215199521127659,2012
p62_wind_g07,50,0.6629404139822288,2012
p62_wind_g07,51,0.4969248948325154,2012
p62_wind_g07,52,0.45667327762703014,2012
p62_wind_g07,53,0.4610266946913164,2012
p62_wind_g07,54,0.5712716771945575,2012
p62_wind_g07,55,0.2664965013769252,2012
p62_wind_g07,56,0.4445060949611985,2012
p62_wind_g07,57,0.3519350254005462,2012
p62_wind_g07,58,0.7887967223965684,2012
p62_wind_g07,59,0.3544898778206871,2012
p62_wind_g07,60,0.477978678951808,2012
p62_wind_g07,61,0.34859998494462685,2012
p62_wind_g07,62,0.7384574371873256,2012
p62_wind_g07,63,0.2703909537832315,2012
p62_wind_g07,64,0.5417660485506298,2012
p62_wind_g07,65,0.4107177132249727,2012
p62_wind_g07,66,0.5894421313328794,2012
p62_wind_g07,67,0.41718689182125934,2012
p62_wind_g07,68,0.4342454681174911,2012
p62_wind_g07,69,0.6739182360429468,2012
p62_wind_g07,70,0.416282301385788,2012
p62_wind_g07,71,0.410218016453237,2012
p62_wind_g07,72,0.3696736496545318,2012
p62_wind_g07,73,0.5409375155653545,2012
p62_wind_g07,74,0.24521977946705498,2012
p62_wind_g07,75,0.702613920361315,2012
p62_wind_g07,76,0.2264161987291642,2012
p62_wind_g07,77,0.39116879220595707,2012
p62_wind_g07,78,0.3198305842412997,2012
p62_wind_g07,79,0.54029347073395,2012
p62_wind_g07,80,0.4467359718944952,2012
p62_wind_g07,81,0.7087141662369387,2012
p62_wind_g07,82,0.43881303301792257,2012
p62_wind_g07,83,0.8038138902395059,2012
p62_wind_g07,84,0.38146213367970383,2012
p62_wind_g07,85,0.33506430919064073,2012
p62_wind_g07,86,0.6719231684968701,2012
p62_wind_g07,87,0.30384184930696895,2012
p62_wind_g07,88,0.46385004716575146,2012
p62_wind_g07,89,0.41118004007197906,2012
p62_wind_g07,90,0.5489657386715008,2012
p62_wind_g07,91,0.5152625753726452,2012
p62_wind_g07,92,0.8309606386408385,2012
p62_wind_g07,93,0.3805858235676578,2012
p62_wind_g07,94,0.6106099205658824,2012
p62_wind_g07,95,0.23632369988480634,2012
p62_wind_g07,96,0.4011118002629826,2012
p62_wind_g07,97,0.1979895558804107,2012
p62_wind_g07,98,0.8021394794201379,2012
p62_wind_g07,99,0.37424253946839336,2012
p62_wind_g07,100,0.8190977969297708,2012
p62_wind_g07,101,0.5027546596069338,2012
p62_wind_g07,102,0.43358446576446646,2012
p62_wind_g07,103,0.4313109363229961,2012
p62_wind_g07,104,0.25173525650048467,2012
p62_wind_g07,105,0.5119126556022354,2012
p62_wind_g07,106,0.48648916714146473,2012
p62_wind_g07,107,0.36273939116092846,2012
p62_wind_g07,108,0.4651986865379335,2012
p62_wind_g07,109,0.3521245625111156,2012
p62_wind_g07,110,0.21331306766465524,2012
p62_wind_g07,111,0.4958425187836003,2012
p62_wind_g07,112,0.28219053870555144,2012
p62_wind_g07,113,0.3617502749328657,2012
p62_wind_g07,114,0.185191063044537,2012
p62_wind_g07,115,0.42684983580302566,2012
p62_wind_g07,116,0.18844680054503912,2012
p62_wind_g07,117,0.559793778572211,2012
p62_wind_g07,118,0.38474902114594406,2012
p62_wind_g07,119,0.4742470645677267,2012
p62_wind_g07,120,0.20335805482219338,2012
p62_wind_g07,121,0.32908477997714514,2012
p62_wind_g07,122,0.476195963599863,2012
p62_wind_g07,123,0.42429256600675097,2012
p62_wind_g07,124,0.23660239394348126,2012
p62_wind_g07,125,0.24690785189868295,2012
p62_wind_g07,126,0.47139604773314364,2012
p62_wind_g07,127,0.30365805783482663,2012
p62_wind_g07,128,0.3719498583470082,2012
p62_wind_g07,129,0.32939446565104974,2012
p62_wind_g07,130,0.27187787225867205,2012
p62_wind_g07,131,0.3271917161638319,2012
p62_wind_g07,132,0.5130701930258434,2012
p62_wind_g07,133,0.16861562607826472,2012
p62_wind_g07,134,0.2865513382497366,2012
p62_wind_g07,135,0.15849626721711385,2012
p62_wind_g07,136,0.5891308469809323,2012
p62_wind_g07,137,0.16933965563886297,2012
p62_wind_g07,138,0.5522355008898204,2012
p62_wind_g07,139,0.17383810239495678,2012
p62_wind_g07,140,0.5213101462755286,2012
p62_wind_g07,141,0.331301853449517,2012
p62_wind_g07,142,0.31269683005205895,2012
p62_wind_g07,143,0.2601676778757611,2012
p62_wind_g07,144,0.37438357940930456,2012
p62_wind_g07,145,0.4210699154245149,2012
p62_wind_g07,146,0.2807644765114313,2012
p62_wind_g07,147,0.4875355608582225,2012
p62_wind_g07,148,0.2437194830151753,2012
p62_wind_g07,149,0.43357090433274537,2012
p62_wind_g07,150,0.26329866622169296,2012
p62_wind_g07,151,0.3582257670267245,2012
p62_wind_g07,152,0.26833593698493985,2012
p62_wind_g07,153,0.5065280036691016,2012
p62_wind_g07,154,0.1848342948523532,2012
p62_wind_g07,155,0.3320636945170036,2012
p62_wind_g07,156,0.21507340970733793,2012
p62_wind_g07,157,0.464888182168612,2012
p62_wind_g07,158,0.3002163643223103,2012
p62_wind_g07,159,0.2592758456159057,2012
p62_wind_g07,160,0.3228094972882076,2012
p62_wind_g07,161,0.36140718443800424,2012
p62_wind_g07,162,0.17628310247240658,2012
p62_wind_g07,163,0.2348189859194018,2012
p62_wind_g07,164,0.31814282436676,2012
p62_wind_g07,165,0.14770356902124335,2012
p62_wind_g07,166,0.4610834244340716,2012
p62_wind_g07,167,0.2583939912922285,2012
p62_wind_g07,168,0.4159847224530731,2012
p62_wind_g07,169,0.17324274130849637,2012
p62_wind_g07,170,0.47590151755789306,2012
p62_wind_g07,171,0.12948609230982802,2012
p62_wind_g07,172,0.3712918038447709,2012
p62_wind_g07,173,0.16418820240325058,2012
p62_wind_g07,174,0.409702336099719,2012
p62_wind_g07,175,0.30047513016707267,2012
p62_wind_g07,176,0.27570767048960954,2012
p62_wind_g07,177,0.3006992860046594,2012
p62_wind_g07,178,0.3858374847891122,2012
p62_wind_g07,179,0.29654773959162545,2012
p62_wind_g07,180,0.2143143449572868,2012
p62_wind_g07,181,0.17907788357955207,2012
p62_wind_g07,182,0.2105821447079571,2012
p62_wind_g07,183,0.25877937711039156,2012
p62_wind_g07,184,0.14066785203265622,2012
p62_wind_g07,185,0.28523795903527754,2012
p62_wind_g07,186,0.1782183467315541,2012
p62_wind_g07,187,0.23794248320541442,2012
p62_wind_g07,188,0.13735912650997348,2012
p62_wind_g07,189,0.29640894613398583,2012
p62_wind_g07,190,0.25539596925037583,2012
p62_wind_g07,191,0.22126150682303009,2012
p62_wind_g07,192,0.21221442807800991,2012
p62_wind_g07,193,0.38163429746167443,2012
p62_wind_g07,194,0.19688848167077883,2012
p62_wind_g07,195,0.2969597973301518,2012
p62_wind_g07,196,0.24644568323979693,2012
p62_wind_g07,197,0.24343273541115443,2012
p62_wind_g07,198,0.21420017533179186,2012
p62_wind_g07,199,0.24284295746043358,2012
p62_wind_g07,200,0.2630984603094437,2012
p62_wind_g07,201,0.14048784934419664,2012
p62_wind_g07,202,0.4062974507312199,2012
p62_wind_g07,203,0.14808035800525318,2012
p62_wind_g07,204,0.21406025709971865,2012
p62_wind_g07,205,0.22318525816505555,2012
p62_wind_g07,206,0.45430621500734825,2012
p62_wind_g07,207,0.21398555783476245,2012
p62_wind_g07,208,0.2150992618180716,2012
p62_wind_g07,209,0.19911497622378252,2012
p62_wind_g07,210,0.27740438959483443,2012
p62_wind_g07,211,0.23272808129032796,2012
p62_wind_g07,212,0.4304023010384085,2012
p62_wind_g07,213,0.25685666290756237,2012
p62_wind_g07,214,0.23567062879024794,2012
p62_wind_g07,215,0.3396824606400035,2012
p62_wind_g07,216,0.19370657255266704,2012
p62_wind_g07,217,0.30808768330928843,2012
p62_wind_g07,218,0.15845761359532703,2012
p62_wind_g07,219,0.29027836774052124,2012
p62_wind_g07,220,0.19973288162772018,2012
p62_wind_g07,221,0.4004000895829039,2012
p62_wind_g07,222,0.21574905920536336,2012
p62_wind_g07,223,0.35899040509597707,2012
p62_wind_g07,224,0.15510312485950473,2012
p62_wind_g07,225,0.44357592055304307,2012
p62_wind_g07,226,0.14416298811629705,2012
p62_wind_g07,227,0.512546610010734,2012
p62_wind_g07,228,0.12116324521523068,2012
p62_wind_g07,229,0.5333576240729031,2012
p62_wind_g07,230,0.28753207868526154,2012
p62_wind_g07,231,0.4364039206646655,2012
p62_wind_g07,232,0.2905821985486011,2012
p62_wind_g07,233,0.4008775980857205,2012
p62_wind_g07,234,0.2537514676483055,2012
p62_wind_g07,235,0.3158926458907388,2012
p62_wind_g07,236,0.40632316560260145,2012
p62_wind_g07,237,0.36624928432176157,2012
p62_wind_g07,238,0.49515210224217504,2012
p62_wind_g07,239,0.37671217753489283,2012
p62_wind_g07,240,0.5106978423317994,2012
p62_wind_g08,1,0.4692688422252765,2012
p62_wind_g08,2,0.1422063799250265,2012
p62_wind_g08,3,0.46774337047891,2012
p62_wind_g08,4,0.24988522286521372,2012
p62_wind_g08,5,0.3953565947185321,2012
p62_wind_g08,6,0.17798946355417883,2012
p62_wind_g08,7,0.5485094613337614,2012
p62_wind_g08,8,0.1588346070316009,2012
p62_wind_g08,9,0.40547949698985697,2012
p62_wind_g08,10,0.29320320053019006,2012
p62_wind_g08,11,0.4469958122550945,2012
p62_wind_g08,12,0.27953939440157377,2012
p62_wind_g08,13,0.21311440008870478,2012
p62_wind_g08,14,0.27593291638145406,2012
p62_wind_g08,15,0.42461859014615744,2012
p62_wind_g08,16,0.5950684966020399,2012
p62_wind_g08,17,0.31262411692689684,2012
p62_wind_g08,18,0.6685109323020766,2012
p62_wind_g08,19,0.2663576213484321,2012
p62_wind_g08,20,0.5297567351673067,2012
p62_wind_g08,21,0.27917737384710534,2012
p62_wind_g08,22,0.5961784801534998,2012
p62_wind_g08,23,0.31192893012936507,2012
p62_wind_g08,24,0.415744867174558,2012
p62_wind_g08,25,0.3231186114047347,2012
p62_wind_g08,26,0.5801982129335312,2012
p62_wind_g08,27,0.3942411780322813,2012
p62_wind_g08,28,0.5467405372045717,2012
p62_wind_g08,29,0.23128734833422698,2012
p62_wind_g08,30,0.23584074012621203,2012
p62_wind_g08,31,0.41566889510109223,2012
p62_wind_g08,32,0.3977335047333748,2012
p62_wind_g08,33,0.5222072919569147,2012
p62_wind_g08,34,0.4295163510075457,2012
p62_wind_g08,35,0.6329633724327405,2012
p62_wind_g08,36,0.33631778754146185,2012
p62_wind_g08,37,0.6507782467102029,2012
p62_wind_g08,38,0.26175367676845257,2012
p62_wind_g08,39,0.6298019687855112,2012
p62_wind_g08,40,0.19764089576521235,2012
p62_wind_g08,41,0.8006389785936331,2012
p62_wind_g08,42,0.3246316174339721,2012
p62_wind_g08,43,0.5159925946950619,2012
p62_wind_g08,44,0.32054170648073244,2012
p62_wind_g08,45,0.3538074815637838,2012
p62_wind_g08,46,0.2775264927934271,2012
p62_wind_g08,47,0.4858061792794132,2012
p62_wind_g08,48,0.3707995763055119,2012
p62_wind_g08,49,0.6270637725467904,2012
p62_wind_g08,50,0.3966728148602346,2012
p62_wind_g08,51,0.23794954881152258,2012
p62_wind_g08,52,0.5259175036154518,2012
p62_wind_g08,53,0.4358780796148028,2012
p62_wind_g08,54,0.5231110830654088,2012
p62_wind_g08,55,0.3104582529722665,2012
p62_wind_g08,56,0.8253133163375471,2012
p62_wind_g08,57,0.35189913679325147,2012
p62_wind_g08,58,0.7931509684620595,2012
p62_wind_g08,59,0.22208053647294645,2012
p62_wind_g08,60,0.7941464322048616,2012
p62_wind_g08,61,0.30381402669301255,2012
p62_wind_g08,62,0.4759568422724306,2012
p62_wind_g08,63,0.3306615109800999,2012
p62_wind_g08,64,0.6270181014498964,2012
p62_wind_g08,65,0.2594323907483564,2012
p62_wind_g08,66,0.2930562565513498,2012
p62_wind_g08,67,0.2909900911797676,2012
p62_wind_g08,68,0.3238492661553703,2012
p62_wind_g08,69,0.3058440488825299,2012
p62_wind_g08,70,0.29689817937944785,2012
p62_wind_g08,71,0.5399002506883038,2012
p62_wind_g08,72,0.49693636179201855,2012
p62_wind_g08,73,0.5190256978611479,2012
p62_wind_g08,74,0.38189852599973284,2012
p62_wind_g08,75,0.6625427543727571,2012
p62_wind_g08,76,0.3229239454362723,2012
p62_wind_g08,77,0.4729191747744783,2012
p62_wind_g08,78,0.2810128233141334,2012
p62_wind_g08,79,0.6631085016367693,2012
p62_wind_g08,80,0.4107761194771468,2012
p62_wind_g08,81,0.4709415142374188,2012
p62_wind_g08,82,0.38852854440396395,2012
p62_wind_g08,83,0.4679380951240175,2012
p62_wind_g08,84,0.29163281517627127,2012
p62_wind_g08,85,0.6969529846388666,2012
p62_wind_g08,86,0.3218678233072321,2012
p62_wind_g08,87,0.48982267403995045,2012
p62_wind_g08,88,0.35338957538005866,2012
p62_wind_g08,89,0.5254670540233845,2012
p62_wind_g08,90,0.7682634989116444,2012
p62_wind_g08,91,0.2714647737405463,2012
p62_wind_g08,92,0.7961496226468058,2012
p62_wind_g08,93,0.3321100668377502,2012
p62_wind_g08,94,0.5835519666973137,2012
p62_wind_g08,95,0.31048405674723,2012
p62_wind_g08,96,0.5009403242896668,2012
p62_wind_g08,97,0.15546628077788296,2012
p62_wind_g08,98,0.6510045525928371,2012
p62_wind_g08,99,0.39259743017147264,2012
p62_wind_g08,100,0.4099361978032421,2012
p62_wind_g08,101,0.24203573642026613,2012
p62_wind_g08,102,0.5111289020881873,2012
p62_wind_g08,103,0.5122971098709178,2012
p62_wind_g08,104,0.29347581299372677,2012
p62_wind_g08,105,0.2628756655805502,2012
p62_wind_g08,106,0.4161898963220835,2012
p62_wind_g08,107,0.36783929479330163,2012
p62_wind_g08,108,0.34060118219684676,2012
p62_wind_g08,109,0.6258204558522846,2012
p62_wind_g08,110,0.404308883628354,2012
p62_wind_g08,111,0.5660308691534233,2012
p62_wind_g08,112,0.2380962534134226,2012
p62_wind_g08,113,0.31746144557898565,2012
p62_wind_g08,114,0.35156567500328034,2012
p62_wind_g08,115,0.5042912181097947,2012
p62_wind_g08,116,0.36999041779006214,2012
p62_wind_g08,117,0.3031656813645301,2012
p62_wind_g08,118,0.3733687915831104,2012
p62_wind_g08,119,0.33228857671356166,2012
p62_wind_g08,120,0.3278829902036734,2012
p62_wind_g08,121,0.3372491592393016,2012
p62_wind_g08,122,0.41331764315707625,2012
p62_wind_g08,123,0.4429662470044798,2012
p62_wind_g08,124,0.42965890435070353,2012
p62_wind_g08,125,0.4376850022465481,2012
p62_wind_g08,126,0.22755221980196588,2012
p62_wind_g08,127,0.23951826316800992,2012
p62_wind_g08,128,0.5285228734382268,2012
p62_wind_g08,129,0.3104294675234839,2012
p62_wind_g08,130,0.4668657473717698,2012
p62_wind_g08,131,0.18403109346817328,2012
p62_wind_g08,132,0.5343719689897557,2012
p62_wind_g08,133,0.2578464128768806,2012
p62_wind_g08,134,0.6203920915280224,2012
p62_wind_g08,135,0.3302945126389408,2012
p62_wind_g08,136,0.2729729928407142,2012
p62_wind_g08,137,0.16577176446285335,2012
p62_wind_g08,138,0.500858697963779,2012
p62_wind_g08,139,0.19631083908273353,2012
p62_wind_g08,140,0.5027627141977448,2012
p62_wind_g08,141,0.2771266677602901,2012
p62_wind_g08,142,0.3621637201003652,2012
p62_wind_g08,143,0.3034000902083523,2012
p62_wind_g08,144,0.34424762871078585,2012
p62_wind_g08,145,0.3475403665433742,2012
p62_wind_g08,146,0.31579686065284823,2012
p62_wind_g08,147,0.4162069561473685,2012
p62_wind_g08,148,0.13063359535495794,2012
p62_wind_g08,149,0.33310508020305074,2012
p62_wind_g08,150,0.18721528580833158,2012
p62_wind_g08,151,0.2661255856261042,2012
p62_wind_g08,152,0.16582977084758174,2012
p62_wind_g08,153,0.3755598494000975,2012
p62_wind_g08,154,0.2132883026241955,2012
p62_wind_g08,155,0.40019603954258215,2012
p62_wind_g08,156,0.16311457031452675,2012
p62_wind_g08,157,0.2912089000340875,2012
p62_wind_g08,158,0.24164199282470195,2012
p62_wind_g08,159,0.2921831142565465,2012
p62_wind_g08,160,0.14981497954513473,2012
p62_wind_g08,161,0.309400929380205,2012
p62_wind_g08,162,0.17398364971520086,2012
p62_wind_g08,163,0.2515390918971765,2012
p62_wind_g08,164,0.2735725666999321,2012
p62_wind_g08,165,0.14385841483616219,2012
p62_wind_g08,166,0.23927882646195883,2012
p62_wind_g08,167,0.1254710896188755,2012
p62_wind_g08,168,0.452966930950287,2012
p62_wind_g08,169,0.1207352400801085,2012
p62_wind_g08,170,0.20210661008317704,2012
p62_wind_g08,171,0.20892691101802383,2012
p62_wind_g08,172,0.18866543398501612,2012
p62_wind_g08,173,0.19229555019767863,2012
p62_wind_g08,174,0.4383092756276738,2012
p62_wind_g08,175,0.22251401676681482,2012
p62_wind_g08,176,0.4196521058714604,2012
p62_wind_g08,177,0.24404303022053292,2012
p62_wind_g08,178,0.1554091983725194,2012
p62_wind_g08,179,0.32723119159719716,2012
p62_wind_g08,180,0.23735829637245098,2012
p62_wind_g08,181,0.17076313181191027,2012
p62_wind_g08,182,0.2641332056149878,2012
p62_wind_g08,183,0.2178692879904847,2012
p62_wind_g08,184,0.17670300776275175,2012
p62_wind_g08,185,0.22283508578700204,2012
p62_wind_g08,186,0.1652019703235788,2012
p62_wind_g08,187,0.4093219278674523,2012
p62_wind_g08,188,0.09003009554529894,2012
p62_wind_g08,189,0.4033579559618255,2012
p62_wind_g08,190,0.1731867311960541,2012
p62_wind_g08,191,0.34976600540843966,2012
p62_wind_g08,192,0.19232481718365163,2012
p62_wind_g08,193,0.1865587217801993,2012
p62_wind_g08,194,0.15667556064912824,2012
p62_wind_g08,195,0.2910826883449985,2012
p62_wind_g08,196,0.3011878307786598,2012
p62_wind_g08,197,0.27881308365519236,2012
p62_wind_g08,198,0.17684673294260225,2012
p62_wind_g08,199,0.31038346735677474,2012
p62_wind_g08,200,0.35606778576564946,2012
p62_wind_g08,201,0.20206216151559675,2012
p62_wind_g08,202,0.36599132464868467,2012
p62_wind_g08,203,0.1472264088630643,2012
p62_wind_g08,204,0.37249525541183354,2012
p62_wind_g08,205,0.13348867040173695,2012
p62_wind_g08,206,0.3156410897286097,2012
p62_wind_g08,207,0.1723130478969738,2012
p62_wind_g08,208,0.3153752184433454,2012
p62_wind_g08,209,0.16730352484362393,2012
p62_wind_g08,210,0.20631418968503637,2012
p62_wind_g08,211,0.1949453724286382,2012
p62_wind_g08,212,0.24839831547319946,2012
p62_wind_g08,213,0.29549849958596297,2012
p62_wind_g08,214,0.24660233498758177,2012
p62_wind_g08,215,0.15032526200045157,2012
p62_wind_g08,216,0.32909402999073256,2012
p62_wind_g08,217,0.3172147149184742,2012
p62_wind_g08,218,0.14860611264442938,2012
p62_wind_g08,219,0.3095473749755262,2012
p62_wind_g08,220,0.20695751963325915,2012
p62_wind_g08,221,0.3955980031442311,2012
p62_wind_g08,222,0.22556907395498277,2012
p62_wind_g08,223,0.3721484346650027,2012
p62_wind_g08,224,0.11061033852359015,2012
p62_wind_g08,225,0.4918236715223124,2012
p62_wind_g08,226,0.25371914916043353,2012
p62_wind_g08,227,0.4980557229620669,2012
p62_wind_g08,228,0.14238861403100897,2012
p62_wind_g08,229,0.5061207302289009,2012
p62_wind_g08,230,0.20501285024738236,2012
p62_wind_g08,231,0.4033844108588844,2012
p62_wind_g08,232,0.3730620851323686,2012
p62_wind_g08,233,0.28328741441516314,2012
p62_wind_g08,234,0.42073617126642615,2012
p62_wind_g08,235,0.29150422840585793,2012
p62_wind_g08,236,0.20095354564362733,2012
p62_wind_g08,237,0.2060780994712988,2012
p62_wind_g08,238,0.4486396185152366,2012
p62_wind_g08,239,0.20775522484073022,2012
p62_wind_g08,240,0.49215407300146435,2012
p62_wind_g09,1,0.5159159742776976,2012
p62_wind_g09,2,0.1989750960526935,2012
p62_wind_g09,3,0.34200466559019027,2012
p62_wind_g09,4,0.275177626534401,2012
p62_wind_g09,5,0.3631332839902344,2012
p62_wind_g09,6,0.22493967329515516,2012
p62_wind_g09,7,0.28857509507321094,2012
p62_wind_g09,8,0.35915502034937,2012
p62_wind_g09,9,0.33166108767375285,2012
p62_wind_g09,10,0.16002575414064926,2012
p62_wind_g09,11,0.2022093240309514,2012
p62_wind_g09,12,0.36683429869853446,2012
p62_wind_g09,13,0.2994548814599262,2012
p62_wind_g09,14,0.34896649602306173,2012
p62_wind_g09,15,0.30635507884828234,2012
p62_wind_g09,16,0.39051523539186905,2012
p62_wind_g09,17,0.31610110918803364,2012
p62_wind_g09,18,0.26562967279905236,2012
p62_wind_g09,19,0.283325602179121,2012
p62_wind_g09,20,0.2918521601700994,2012
p62_wind_g09,21,0.1861865389474199,2012
p62_wind_g09,22,0.2642457968281671,2012
p62_wind_g09,23,0.20623383140193502,2012
p62_wind_g09,24,0.27864166677355656,2012
p62_wind_g09,25,0.24939115230589579,2012
p62_wind_g09,26,0.3211204995733936,2012
p62_wind_g09,27,0.4104898648113813,2012
p62_wind_g09,28,0.49742494131823317,2012
p62_wind_g09,29,0.22739793246965245,2012
p62_wind_g09,30,0.39748402733476584,2012
p62_wind_g09,31,0.2595154898743784,2012
p62_wind_g09,32,0.4444348815371187,2012
p62_wind_g09,33,0.5446215891867412,2012
p62_wind_g09,34,0.3699075725583867,2012
p62_wind_g09,35,0.3366349924568583,2012
p62_wind_g09,36,0.23789127819175557,2012
p62_wind_g09,37,0.3190933107868431,2012
p62_wind_g09,38,0.20530823532437595,2012
p62_wind_g09,39,0.36123457348632365,2012
p62_wind_g09,40,0.21929548826086595,2012
p62_wind_g09,41,0.5114208544761698,2012
p62_wind_g09,42,0.15429966187997893,2012
p62_wind_g09,43,0.4207949735346489,2012
p62_wind_g09,44,0.3360225881305108,2012
p62_wind_g09,45,0.6712147182542287,2012
p62_wind_g09,46,0.24404673846870267,2012
p62_wind_g09,47,0.2761749599531974,2012
p62_wind_g09,48,0.41061195786852006,2012
p62_wind_g09,49,0.5192356711307738,2012
p62_wind_g09,50,0.4883722514258325,2012
p62_wind_g09,51,0.47072290580609344,2012
p62_wind_g09,52,0.656397651609836,2012
p62_wind_g09,53,0.251244864377441,2012
p62_wind_g09,54,0.7386805212759328,2012
p62_wind_g09,55,0.4214689683385111,2012
p62_wind_g09,56,0.6585132396420886,2012
p62_wind_g09,57,0.1717839448811338,2012
p62_wind_g09,58,0.7105126399601686,2012
p62_wind_g09,59,0.2708874882916374,2012
p62_wind_g09,60,0.5850991459173628,2012
p62_wind_g09,61,0.3436675499951342,2012
p62_wind_g09,62,0.3242498497500988,2012
p62_wind_g09,63,0.43453769440794904,2012
p62_wind_g09,64,0.46400750963215276,2012
p62_wind_g09,65,0.5298338626256585,2012
p62_wind_g09,66,0.37110433580524704,2012
p62_wind_g09,67,0.5296050969744042,2012
p62_wind_g09,68,0.2666830253418982,2012
p62_wind_g09,69,0.6084594729019046,2012
p62_wind_g09,70,0.2234630381051217,2012
p62_wind_g09,71,0.6571650228466488,2012
p62_wind_g09,72,0.4189249021714058,2012
p62_wind_g09,73,0.6401848838423424,2012
p62_wind_g09,74,0.2649286118995146,2012
p62_wind_g09,75,0.46332903623171895,2012
p62_wind_g09,76,0.2888635531306501,2012
p62_wind_g09,77,0.4190701468639719,2012
p62_wind_g09,78,0.2692318622347252,2012
p62_wind_g09,79,0.33527015345704736,2012
p62_wind_g09,80,0.39679561814128267,2012
p62_wind_g09,81,0.5149753267036846,2012
p62_wind_g09,82,0.25363774160058045,2012
p62_wind_g09,83,0.3619758580756084,2012
p62_wind_g09,84,0.308453414520092,2012
p62_wind_g09,85,0.6588609735481378,2012
p62_wind_g09,86,0.5044401190151504,2012
p62_wind_g09,87,0.3616666002958766,2012
p62_wind_g09,88,0.41734838923582657,2012
p62_wind_g09,89,0.36701620312424155,2012
p62_wind_g09,90,0.6246717653494092,2012
p62_wind_g09,91,0.19630455165750124,2012
p62_wind_g09,92,0.30880967956247524,2012
p62_wind_g09,93,0.20718691243719284,2012
p62_wind_g09,94,0.38821389219603686,2012
p62_wind_g09,95,0.2648889267726251,2012
p62_wind_g09,96,0.32397478909313054,2012
p62_wind_g09,97,0.2903382377543308,2012
p62_wind_g09,98,0.5519839051846251,2012
p62_wind_g09,99,0.2707684972659403,2012
p62_wind_g09,100,0.5727657543238288,2012
p62_wind_g09,101,0.42927624010528465,2012
p62_wind_g09,102,0.2904747421425362,2012
p62_wind_g09,103,0.21054736659244114,2012
p62_wind_g09,104,0.429487918739393,2012
p62_wind_g09,105,0.5494165929323418,2012
p62_wind_g09,106,0.3760540113300041,2012
p62_wind_g09,107,0.36073052771636843,2012
p62_wind_g09,108,0.3414246773424196,2012
p62_wind_g09,109,0.5183093866336966,2012
p62_wind_g09,110,0.2317629153143987,2012
p62_wind_g09,111,0.6560027675764794,2012
p62_wind_g09,112,0.3526465259995533,2012
p62_wind_g09,113,0.309988265476896,2012
p62_wind_g09,114,0.19923275512870917,2012
p62_wind_g09,115,0.6775368946885532,2012
p62_wind_g09,116,0.18348346563752094,2012
p62_wind_g09,117,0.5960173846827185,2012
p62_wind_g09,118,0.27973113518994536,2012
p62_wind_g09,119,0.31339125508009424,2012
p62_wind_g09,120,0.3757957873315337,2012
p62_wind_g09,121,0.312356876992277,2012
p62_wind_g09,122,0.30627801322114817,2012
p62_wind_g09,123,0.5027782680399381,2012
p62_wind_g09,124,0.37933990637442083,2012
p62_wind_g09,125,0.3839560010397713,2012
p62_wind_g09,126,0.2622325789264403,2012
p62_wind_g09,127,0.15546101549483787,2012
p62_wind_g09,128,0.4941544524811785,2012
p62_wind_g09,129,0.16023948962078727,2012
p62_wind_g09,130,0.4293475536534863,2012
p62_wind_g09,131,0.2605439218756453,2012
p62_wind_g09,132,0.5916718177009299,2012
p62_wind_g09,133,0.1849705568808543,2012
p62_wind_g09,134,0.538126233417842,2012
p62_wind_g09,135,0.26928987810482113,2012
p62_wind_g09,136,0.34188565621736117,2012
p62_wind_g09,137,0.25355983485613987,2012
p62_wind_g09,138,0.23185617711776177,2012
p62_wind_g09,139,0.2418257700125788,2012
p62_wind_g09,140,0.45822992028811865,2012
p62_wind_g09,141,0.32539352782032993,2012
p62_wind_g09,142,0.21402974666753244,2012
p62_wind_g09,143,0.19369831233864684,2012
p62_wind_g09,144,0.13950397524346628,2012
p62_wind_g09,145,0.3377992436720304,2012
p62_wind_g09,146,0.28559737067296354,2012
p62_wind_g09,147,0.4295714869106321,2012
p62_wind_g09,148,0.13550910904411034,2012
p62_wind_g09,149,0.2199921239364962,2012
p62_wind_g09,150,0.1695240617142693,2012
p62_wind_g09,151,0.5263344591261483,2012
p62_wind_g09,152,0.2356220735143291,2012
p62_wind_g09,153,0.2620324586257817,2012
p62_wind_g09,154,0.157610778466543,2012
p62_wind_g09,155,0.2671672679305865,2012
p62_wind_g09,156,0.23489139337920703,2012
p62_wind_g09,157,0.35197661687873133,2012
p62_wind_g09,158,0.2474627420768665,2012
p62_wind_g09,159,0.2717230294110689,2012
p62_wind_g09,160,0.23845775789093018,2012
p62_wind_g09,161,0.25240691873488874,2012
p62_wind_g09,162,0.2845463458354708,2012
p62_wind_g09,163,0.25800630323171014,2012
p62_wind_g09,164,0.28235252772949493,2012
p62_wind_g09,165,0.2489645854728158,2012
p62_wind_g09,166,0.4441339614583307,2012
p62_wind_g09,167,0.21156903450741507,2012
p62_wind_g09,168,0.4052074211504959,2012
p62_wind_g09,169,0.10520683494789465,2012
p62_wind_g09,170,0.3486695798520505,2012
p62_wind_g09,171,0.22965577176784477,2012
p62_wind_g09,172,0.19931059037165677,2012
p62_wind_g09,173,0.1521971373724654,2012
p62_wind_g09,174,0.22873483470127348,2012
p62_wind_g09,175,0.2650386091974206,2012
p62_wind_g09,176,0.267544603340561,2012
p62_wind_g09,177,0.23604793103780647,2012
p62_wind_g09,178,0.298897798914449,2012
p62_wind_g09,179,0.24903483504897705,2012
p62_wind_g09,180,0.26363148594028346,2012
p62_wind_g09,181,0.26756438413002054,2012
p62_wind_g09,182,0.1952999430878926,2012
p62_wind_g09,183,0.33303145278373697,2012
p62_wind_g09,184,0.20081756835344575,2012
p62_wind_g09,185,0.39211707450443767,2012
p62_wind_g09,186,0.19876829329787368,2012
p62_wind_g09,187,0.3885047389424412,2012
p62_wind_g09,188,0.2067310500046006,2012
p62_wind_g09,189,0.3330149988106437,2012
p62_wind_g09,190,0.16231534641169093,2012
p62_wind_g09,191,0.3772953413212411,2012
p62_wind_g09,192,0.21385683927339394,2012
p62_wind_g09,193,0.36723391603344263,2012
p62_wind_g09,194,0.18704957637929,2012
p62_wind_g09,195,0.25722267024460715,2012
p62_wind_g09,196,0.2921122610145751,2012
p62_wind_g09,197,0.17034679063842273,2012
p62_wind_g09,198,0.2544415750527336,2012
p62_wind_g09,199,0.22895018642001808,2012
p62_wind_g09,200,0.33712957350998346,2012
p62_wind_g09,201,0.22670470163895373,2012
p62_wind_g09,202,0.2050735035921917,2012
p62_wind_g09,203,0.14942742511062862,2012
p62_wind_g09,204,0.25801459179921815,2012
p62_wind_g09,205,0.1393118927158411,2012
p62_wind_g09,206,0.4351488498679983,2012
p62_wind_g09,207,0.11576741238527012,2012
p62_wind_g09,208,0.1857755420228873,2012
p62_wind_g09,209,0.11755031197741336,2012
p62_wind_g09,210,0.18141855568029353,2012
p62_wind_g09,211,0.22142966248076515,2012
p62_wind_g09,212,0.3185242641522989,2012
p62_wind_g09,213,0.2695007020686794,2012
p62_wind_g09,214,0.28978427469476437,2012
p62_wind_g09,215,0.1725938593876155,2012
p62_wind_g09,216,0.17487644206151134,2012
p62_wind_g09,217,0.2993078983941242,2012
p62_wind_g09,218,0.1258321991163557,2012
p62_wind_g09,219,0.36335158650796096,2012
p62_wind_g09,220,0.26474051012647287,2012
p62_wind_g09,221,0.39023774355690904,2012
p62_wind_g09,222,0.26612961237413196,2012
p62_wind_g09,223,0.25687377974682324,2012
p62_wind_g09,224,0.14793558354953118,2012
p62_wind_g09,225,0.46966688025233777,2012
p62_wind_g09,226,0.1570385507537682,2012
p62_wind_g09,227,0.3550388958708432,2012
p62_wind_g09,228,0.11216861072662516,2012
p62_wind_g09,229,0.3328121893590845,2012
p62_wind_g09,230,0.2232365358495198,2012
p62_wind_g09,231,0.1968349582338169,2012
p62_wind_g09,232,0.24960754474342428,2012
p62_wind_g09,233,0.29156929759346417,2012
p62_wind_g09,234,0.3647911911947085,2012
p62_wind_g09,235,0.1803860222191158,2012
p62_wind_g09,236,0.23196485073819503,2012
p62_wind_g09,237,0.22604138637578228,2012
p62_wind_g09,238,0.48170773932079824,2012
p62_wind_g09,239,0.24377911354266946,2012
p62_wind_g09,240,0.4346614802936892,2012
p62_wind_g10,1,0.3356260366998858,2012
p62_wind_g10,2,0.13790346146660243,2012
p62_wind_g10,3,0.53206397696312,2012
p62_wind_g10,4,0.2507026207481371,2012
p62_wind_g10,5,0.2994033222293936,2012
p62_wind_g10,6,0.12535444908338336,2012
p62_wind_g10,7,0.503761342614645,2012
p62_wind_g10,8,0.13783987087708882,2012
p62_wind_g10,9,0.3091133476556628,2012
p62_wind_g10,10,0.27535350409674547,2012
p62_wind_g10,11,0.3856404662284149,2012
p62_wind_g10,12,0.3630405222746889,2012
p62_wind_g10,13,0.2889710724182521,2012
p62_wind_g10,14,0.3563693470273267,2012
p62_wind_g10,15,0.21448612077659657,2012
p62_wind_g10,16,0.46786940973445923,2012
p62_wind_g10,17,0.174451710312017,2012
p62_wind_g10,18,0.2578760963391676,2012
p62_wind_g10,19,0.17537530035533055,2012
p62_wind_g10,20,0.3528506419218068,2012
p62_wind_g10,21,0.1416357643174342,2012
p62_wind_g10,22,0.41175407658779883,2012
p62_wind_g10,23,0.16061561714869024,2012
p62_wind_g10,24,0.2964944743871124,2012
p62_wind_g10,25,0.3171245045971214,2012
p62_wind_g10,26,0.3100651251836079,2012
p62_wind_g10,27,0.26373093136733416,2012
p62_wind_g10,28,0.48639729706745416,2012
p62_wind_g10,29,0.24222017472149973,2012
p62_wind_g10,30,0.27802133886025904,2012
p62_wind_g10,31,0.33007219582595526,2012
p62_wind_g10,32,0.19526249651934208,2012
p62_wind_g10,33,0.3054913179500776,2012
p62_wind_g10,34,0.26117008544324616,2012
p62_wind_g10,35,0.5904261927451644,2012
p62_wind_g10,36,0.27043583694435425,2012
p62_wind_g10,37,0.5959018269783247,2012
p62_wind_g10,38,0.2298544315544861,2012
p62_wind_g10,39,0.3757259547620253,2012
p62_wind_g10,40,0.1982777604193472,2012
p62_wind_g10,41,0.4358152275120753,2012
p62_wind_g10,42,0.3391693499942322,2012
p62_wind_g10,43,0.5181555779193939,2012
p62_wind_g10,44,0.21902204957985813,2012
p62_wind_g10,45,0.34295190451972124,2012
p62_wind_g10,46,0.4246616782038546,2012
p62_wind_g10,47,0.49069970540039537,2012
p62_wind_g10,48,0.40029700759767967,2012
p62_wind_g10,49,0.3625001437672763,2012
p62_wind_g10,50,0.5172569436529951,2012
p62_wind_g10,51,0.30321045725620466,2012
p62_wind_g10,52,0.23682977736237057,2012
p62_wind_g10,53,0.18719582703226617,2012
p62_wind_g10,54,0.33978535869194687,2012
p62_wind_g10,55,0.3804264698744128,2012
p62_wind_g10,56,0.3991663606667919,2012
p62_wind_g10,57,0.2497426662145178,2012
p62_wind_g10,58,0.3183042447105735,2012
p62_wind_g10,59,0.24338215162496166,2012
p62_wind_g10,60,0.29420538690576997,2012
p62_wind_g10,61,0.2641053107894944,2012
p62_wind_g10,62,0.3005187835984497,2012
p62_wind_g10,63,0.23693565080253037,2012
p62_wind_g10,64,0.5142688188307138,2012
p62_wind_g10,65,0.20893042383009555,2012
p62_wind_g10,66,0.5235771924487514,2012
p62_wind_g10,67,0.48768194476151655,2012
p62_wind_g10,68,0.474297710124832,2012
p62_wind_g10,69,0.2629920290771875,2012
p62_wind_g10,70,0.3241726811237506,2012
p62_wind_g10,71,0.41845641062703537,2012
p62_wind_g10,72,0.3645974614153638,2012
p62_wind_g10,73,0.4835312415668121,2012
p62_wind_g10,74,0.3844055963861669,2012
p62_wind_g10,75,0.4442847772822742,2012
p62_wind_g10,76,0.20976774459079814,2012
p62_wind_g10,77,0.4826278484588029,2012
p62_wind_g10,78,0.33678437131926797,2012
p62_wind_g10,79,0.643095137704749,2012
p62_wind_g10,80,0.17156716634725655,2012
p62_wind_g10,81,0.5625360332034607,2012
p62_wind_g10,82,0.2415176437399838,2012
p62_wind_g10,83,0.34098331682390426,2012
p62_wind_g10,84,0.33775646475946525,2012
p62_wind_g10,85,0.5552127408600463,2012
p62_wind_g10,86,0.3921850107500196,2012
p62_wind_g10,87,0.3871201290923265,2012
p62_wind_g10,88,0.4549763505857191,2012
p62_wind_g10,89,0.43205442992881854,2012
p62_wind_g10,90,0.6388348829701109,2012
p62_wind_g10,91,0.3266460807796866,2012
p62_wind_g10,92,0.26877811787021166,2012
p62_wind_g10,93,0.28084217170164666,2012
p62_wind_g10,94,0.4573485940913411,2012
p62_wind_g10,95,0.22259029097845132,2012
p62_wind_g10,96,0.38619675327479724,2012
p62_wind_g10,97,0.34131597494908494,2012
p62_wind_g10,98,0.32513449286134344,2012
p62_wind_g10,99,0.3611369514437452,2012
p62_wind_g10,100,0.5416047670359879,2012
p62_wind_g10,101,0.3418623761880352,2012
p62_wind_g10,102,0.28464646643475977,2012
p62_wind_g10,103,0.1872327724427628,2012
p62_wind_g10,104,0.4422862447148238,2012
p62_wind_g10,105,0.39049084944296175,2012
p62_wind_g10,106,0.23700437584978531,2012
p62_wind_g10,107,0.4162575857043715,2012
p62_wind_g10,108,0.3640985524604087,2012
p62_wind_g10,109,0.422055005069918,2012
p62_wind_g10,110,0.30936579330291947,2012
p62_wind_g10,111,0.5733662160523789,2012
p62_wind_g10,112,0.151427397795603,2012
p62_wind_g10,113,0.3625595114703862,2012
p62_wind_g10,114,0.1705149250661072,2012
p62_wind_g10,115,0.5242692226437908,2012
p62_wind_g10,116,0.2551073166053109,2012
p62_wind_g10,117,0.4702027391115576,2012
p62_wind_g10,118,0.31729386887312777,2012
p62_wind_g10,119,0.5019559389065382,2012
p62_wind_g10,120,0.24156488426270933,2012
p62_wind_g10,121,0.32228757058211654,2012
p62_wind_g10,122,0.1563683461661797,2012
p62_wind_g10,123,0.3792953059698063,2012
p62_wind_g10,124,0.23490081889497508,2012
p62_wind_g10,125,0.19672848224013847,2012
p62_wind_g10,126,0.494169747643928,2012
p62_wind_g10,127,0.16493570677458375,2012
p62_wind_g10,128,0.4301879611475542,2012
p62_wind_g10,129,0.19596574405920963,2012
p62_wind_g10,130,0.24611586536522387,2012
p62_wind_g10,131,0.24272323617059235,2012
p62_wind_g10,132,0.4505903165210306,2012
p62_wind_g10,133,0.188475807314047,2012
p62_wind_g10,134,0.46488151354245283,2012
p62_wind_g10,135,0.27052166215394796,2012
p62_wind_g10,136,0.4363927561717652,2012
p62_wind_g10,137,0.18320437294059683,2012
p62_wind_g10,138,0.45940695296243833,2012
p62_wind_g10,139,0.17184307640571242,2012
p62_wind_g10,140,0.20275335372985287,2012
p62_wind_g10,141,0.2288849661267762,2012
p62_wind_g10,142,0.3423554680764396,2012
p62_wind_g10,143,0.20574334174894662,2012
p62_wind_g10,144,0.23291283278280522,2012
p62_wind_g10,145,0.2988151956031771,2012
p62_wind_g10,146,0.11905555920502492,2012
p62_wind_g10,147,0.41666264640311784,2012
p62_wind_g10,148,0.11268990358682575,2012
p62_wind_g10,149,0.3590130038994637,2012
p62_wind_g10,150,0.1354501375819584,2012
p62_wind_g10,151,0.38964071135599154,2012
p62_wind_g10,152,0.21664923048827994,2012
p62_wind_g10,153,0.33024014094763526,2012
p62_wind_g10,154,0.20505355510936904,2012
p62_wind_g10,155,0.3524774744589148,2012
p62_wind_g10,156,0.19435571879852562,2012
p62_wind_g10,157,0.28846564419371457,2012
p62_wind_g10,158,0.18238393334773614,2012
p62_wind_g10,159,0.26379963174023857,2012
p62_wind_g10,160,0.3208087376378459,2012
p62_wind_g10,161,0.11980883730110375,2012
p62_wind_g10,162,0.1622574410846249,2012
p62_wind_g10,163,0.19623299485442078,2012
p62_wind_g10,164,0.17582641002331834,2012
p62_wind_g10,165,0.1498313688660015,2012
p62_wind_g10,166,0.22595597454863553,2012
p62_wind_g10,167,0.17732353730776074,2012
p62_wind_g10,168,0.1763519817099738,2012
p62_wind_g10,169,0.1933636780690348,2012
p62_wind_g10,170,0.40974537969115105,2012
p62_wind_g10,171,0.14671299353573347,2012
p62_wind_g10,172,0.21352087676494444,2012
p62_wind_g10,173,0.22846959536498396,2012
p62_wind_g10,174,0.27802956267067613,2012
p62_wind_g10,175,0.1868426414442503,2012
p62_wind_g10,176,0.21543654086065867,2012
p62_wind_g10,177,0.2497777112429506,2012
p62_wind_g10,178,0.22926371367202486,2012
p62_wind_g10,179,0.12727947005307216,2012
p62_wind_g10,180,0.2202782468572783,2012
p62_wind_g10,181,0.16634285900574577,2012
p62_wind_g10,182,0.17232421326316105,2012
p62_wind_g10,183,0.2949032060951051,2012
p62_wind_g10,184,0.1563426673519429,2012
p62_wind_g10,185,0.3798173384782544,2012
p62_wind_g10,186,0.13134341586233272,2012
p62_wind_g10,187,0.18286145908612206,2012
p62_wind_g10,188,0.13689172035324504,2012
p62_wind_g10,189,0.3654836217944433,2012
p62_wind_g10,190,0.1839640789717985,2012
p62_wind_g10,191,0.2157446993928038,2012
p62_wind_g10,192,0.18887685359042616,2012
p62_wind_g10,193,0.20234477978900495,2012
p62_wind_g10,194,0.1936020105872061,2012
p62_wind_g10,195,0.14476285865018718,2012
p62_wind_g10,196,0.140191253515423,2012
p62_wind_g10,197,0.2302728604936368,2012
p62_wind_g10,198,0.20676548920396307,2012
p62_wind_g10,199,0.18150292560970555,2012
p62_wind_g10,200,0.2510206085732066,2012
p62_wind_g10,201,0.21051320943883256,2012
p62_wind_g10,202,0.2095590802519853,2012
p62_wind_g10,203,0.11600847495687681,2012
p62_wind_g10,204,0.3491020525816618,2012
p62_wind_g10,205,0.08466411636688974,2012
p62_wind_g10,206,0.4109814313076769,2012
p62_wind_g10,207,0.15645751356777243,2012
p62_wind_g10,208,0.26966776956551786,2012
p62_wind_g10,209,0.2032125958152056,2012
p62_wind_g10,210,0.2705901453302717,2012
p62_wind_g10,211,0.11957993624121699,2012
p62_wind_g10,212,0.329038423900098,2012
p62_wind_g10,213,0.18457982656337507,2012
p62_wind_g10,214,0.14271861979092482,2012
p62_wind_g10,215,0.14196755033286243,2012
p62_wind_g10,216,0.28770436554755546,2012
p62_wind_g10,217,0.28999153342113204,2012
p62_wind_g10,218,0.22867676567105516,2012
p62_wind_g10,219,0.2213006524119324,2012
p62_wind_g10,220,0.132437975432815,2012
p62_wind_g10,221,0.4189346451930324,2012
p62_wind_g10,222,0.19990801098320407,2012
p62_wind_g10,223,0.34429073240425345,2012
p62_wind_g10,224,0.08726053984015056,2012
p62_wind_g10,225,0.3954463809408447,2012
p62_wind_g10,226,0.15406963720836497,2012
p62_wind_g10,227,0.302165382994239,2012
p62_wind_g10,228,0.10300386100827488,2012
p62_wind_g10,229,0.3427188853943489,2012
p62_wind_g10,230,0.20555332319164146,2012
p62_wind_g10,231,0.19715840933314824,2012
p62_wind_g10,232,0.13489783997021515,2012
p62_wind_g10,233,0.32708808864137207,2012
p62_wind_g10,234,0.33266753864627585,2012
p62_wind_g10,235,0.3473957823291335,2012
p62_wind_g10,236,0.17438642183783254,2012
p62_wind_g10,237,0.15519336278153478,2012
p62_wind_g10,238,0.4382051248203042,2012
p62_wind_g10,239,0.21336582631256862,2012
p62_wind_g10,240,0.5001390804161977,2012
p63_wind_g01,1,0.494024601898965,2012
p63_wind_g01,2,0.26772378213252884,2012
p63_wind_g01,3,0.5428560866300061,2012
p63_wind_g01,4,0.19871788098206453,2012
p63_wind_g01,5,0.8127998679244973,2012
p63_wind_g01,6,0.4019596081223064,2012
p63_wind_g01,7,0.5135273727087325,2012
p63_wind_g01,8,0.4940813885067184,2012
p63_wind_g01,9,0.719257764481119,2012
p63_wind_g01,10,0.6056580653806585,2012
p63_wind_g01,11,0.49693058891901903,2012
p63_wind_g01,12,0.5002064721700515,2012
p63_wind_g01,13,0.6135977642164061,2012
p63_wind_g01,14,0.3430658588829393,2012
p63_wind_g01,15,0.47270993284105656,2012
p63_wind_g01,16,0.8243048212751312,2012
p63_wind_g01,17,0.4873375310553712,2012
p63_wind_g01,18,0.9436186755561282,2012
p63_wind_g01,19,0.4531268594825554,2012
p63_wind_g01,20,0.5573086663704544,2012
p63_wind_g01,21,0.3968136862552951,2012
p63_wind_g01,22,0.5753468440531561,2012
p63_wind_g01,23,0.2983120983522565,2012
p63_wind_g01,24,0.548602642434932,2012
p63_wind_g01,25,0.35977350892494253,2012
p63_wind_g01,26,0.9821738201160015,2012
p63_wind_g01,27,0.34828353609114754,2012
p63_wind_g01,28,0.5882981685791256,2012
p63_wind_g01,29,0.5363297144397651,2012
p63_wind_g01,30,0.7788750123648621,2012
p63_wind_g01,31,0.6845505582401143,2012
p63_wind_g01,32,0.5097277835771277,2012
p63_wind_g01,33,0.43015991114907115,2012
p63_wind_g01,34,0.33494717105964056,2012
p63_wind_g01,35,0.5889043122961526,2012
p63_wind_g01,36,0.33339310405494976,2012
p63_wind_g01,37,0.6331860084833547,2012
p63_wind_g01,38,0.39929621457583064,2012
p63_wind_g01,39,0.5909124080011603,2012
p63_wind_g01,40,0.5346737816953613,2012
p63_wind_g01,41,1.0,2012
p63_wind_g01,42,0.4876188979274778,2012
p63_wind_g01,43,1.0,2012
p63_wind_g01,44,0.3596886446250491,2012
p63_wind_g01,45,0.9712586944495627,2012
p63_wind_g01,46,0.5239902040843396,2012
p63_wind_g01,47,0.4080398862737945,2012
p63_wind_g01,48,0.4400511693510152,2012
p63_wind_g01,49,0.8696812889460916,2012
p63_wind_g01,50,0.6265936013354141,2012
p63_wind_g01,51,0.43077091529506467,2012
p63_wind_g01,52,0.4651855386619653,2012
p63_wind_g01,53,0.32424539117023504,2012
p63_wind_g01,54,1.0,2012
p63_wind_g01,55,0.5869337078097048,2012
p63_wind_g01,56,0.6462035626406762,2012
p63_wind_g01,57,0.3059045947099122,2012
p63_wind_g01,58,0.5886455956468499,2012
p63_wind_g01,59,0.36548615708488696,2012
p63_wind_g01,60,0.7242940750451862,2012
p63_wind_g01,61,0.5932368455382551,2012
p63_wind_g01,62,0.7418654300181353,2012
p63_wind_g01,63,0.5367269987673873,2012
p63_wind_g01,64,0.7446723632601516,2012
p63_wind_g01,65,0.38198504118615006,2012
p63_wind_g01,66,0.7191044013762936,2012
p63_wind_g01,67,0.39929038133790573,2012
p63_wind_g01,68,0.39165582521172315,2012
p63_wind_g01,69,0.7023634969945276,2012
p63_wind_g01,70,0.37938092260143697,2012
p63_wind_g01,71,0.7232086977728348,2012
p63_wind_g01,72,0.7354859937279623,2012
p63_wind_g01,73,0.7795612922182503,2012
p63_wind_g01,74,0.6518595592429608,2012
p63_wind_g01,75,0.5234718656478694,2012
p63_wind_g01,76,0.33250130950369217,2012
p63_wind_g01,77,1.0,2012
p63_wind_g01,78,0.4580715968752991,2012
p63_wind_g01,79,1.0,2012
p63_wind_g01,80,0.4694054123439107,2012
p63_wind_g01,81,0.9112695540246047,2012
p63_wind_g01,82,0.42977850360851705,2012
p63_wind_g01,83,0.5758092594236657,2012
p63_wind_g01,84,0.792911835400523,2012
p63_wind_g01,85,0.715112799834504,2012
p63_wind_g01,86,0.6321753354224696,2012
p63_wind_g01,87,0.6488133687084148,2012
p63_wind_g01,88,0.9698833181887797,2012
p63_wind_g01,89,0.3203977019088395,2012
p63_wind_g01,90,0.6447638894746844,2012
p63_wind_g01,91,0.5763246278455048,2012
p63_wind_g01,92,1.0,2012
p63_wind_g01,93,0.5121406833246266,2012
p63_wind_g01,94,0.8631635719426088,2012
p63_wind_g01,95,0.4537456020149017,2012
p63_wind_g01,96,0.5729411921236626,2012
p63_wind_g01,97,0.5321495194372127,2012
p63_wind_g01,98,1.0,2012
p63_wind_g01,99,0.568767669644877,2012
p63_wind_g01,100,0.6408367120213218,2012
p63_wind_g01,101,0.5426504347795008,2012
p63_wind_g01,102,0.908876805277335,2012
p63_wind_g01,103,0.3093383926130493,2012
p63_wind_g01,104,0.7801395071520916,2012
p63_wind_g01,105,0.7382036556605631,2012
p63_wind_g01,106,0.6548007231152493,2012
p63_wind_g01,107,0.5187625792198861,2012
p63_wind_g01,108,0.7192377749125929,2012
p63_wind_g01,109,1.0,2012
p63_wind_g01,110,0.48501776378736056,2012
p63_wind_g01,111,0.6064681904365354,2012
p63_wind_g01,112,0.25944294397079254,2012
p63_wind_g01,113,0.6348716102097758,2012
p63_wind_g01,114,0.31910584484545135,2012
p63_wind_g01,115,1.0,2012
p63_wind_g01,116,0.34075364100408573,2012
p63_wind_g01,117,0.9180143755561057,2012
p63_wind_g01,118,0.3985368934404812,2012
p63_wind_g01,119,0.6434729542419048,2012
p63_wind_g01,120,0.4225134186915982,2012
p63_wind_g01,121,0.4176403791405674,2012
p63_wind_g01,122,0.28289361372223615,2012
p63_wind_g01,123,0.47297692675705827,2012
p63_wind_g01,124,0.39367577246940716,2012
p63_wind_g01,125,0.3836547719786086,2012
p63_wind_g01,126,0.5655091051772038,2012
p63_wind_g01,127,0.4539164725937547,2012
p63_wind_g01,128,0.7502891294221664,2012
p63_wind_g01,129,0.3439194352024166,2012
p63_wind_g01,130,0.43726382109057155,2012
p63_wind_g01,131,0.1970389166911457,2012
p63_wind_g01,132,0.7590505257176295,2012
p63_wind_g01,133,0.3271061410528387,2012
p63_wind_g01,134,0.5430867024415437,2012
p63_wind_g01,135,0.33160876708632314,2012
p63_wind_g01,136,0.5165159613526998,2012
p63_wind_g01,137,0.44228996842645685,2012
p63_wind_g01,138,0.5424102907069406,2012
p63_wind_g01,139,0.2161291125009618,2012
p63_wind_g01,140,0.4391705526893959,2012
p63_wind_g01,141,0.6187012724782203,2012
p63_wind_g01,142,0.5457838951978222,2012
p63_wind_g01,143,0.4806070538877135,2012
p63_wind_g01,144,0.41365996107358183,2012
p63_wind_g01,145,0.3776153650228909,2012
p63_wind_g01,146,0.25140716947275416,2012
p63_wind_g01,147,0.6349139108772028,2012
p63_wind_g01,148,0.3309908545845516,2012
p63_wind_g01,149,0.7433485036317737,2012
p63_wind_g01,150,0.23772913348818284,2012
p63_wind_g01,151,0.5906943569225782,2012
p63_wind_g01,152,0.38992876634614576,2012
p63_wind_g01,153,0.7068373019752618,2012
p63_wind_g01,154,0.16784411996473822,2012
p63_wind_g01,155,0.652330738589668,2012
p63_wind_g01,156,0.3684895944161257,2012
p63_wind_g01,157,0.6582277862177275,2012
p63_wind_g01,158,0.47993640296113105,2012
p63_wind_g01,159,0.6114175562180901,2012
p63_wind_g01,160,0.5438209898131431,2012
p63_wind_g01,161,0.2346695302149979,2012
p63_wind_g01,162,0.3062288569373585,2012
p63_wind_g01,163,0.27286852071289636,2012
p63_wind_g01,164,0.3535002697663117,2012
p63_wind_g01,165,0.3143581157288929,2012
p63_wind_g01,166,0.33254132522245694,2012
p63_wind_g01,167,0.33918399071585836,2012
p63_wind_g01,168,0.4132430460697539,2012
p63_wind_g01,169,0.29873850032175686,2012
p63_wind_g01,170,0.6518940930499114,2012
p63_wind_g01,171,0.3478861395113203,2012
p63_wind_g01,172,0.379194207355394,2012
p63_wind_g01,173,0.3556729995799462,2012
p63_wind_g01,174,0.36598781360261806,2012
p63_wind_g01,175,0.4300781957147139,2012
p63_wind_g01,176,0.499605835253099,2012
p63_wind_g01,177,0.4663934674441831,2012
p63_wind_g01,178,0.22667844855974076,2012
p63_wind_g01,179,0.3527412806714392,2012
p63_wind_g01,180,0.4576140588904254,2012
p63_wind_g01,181,0.4077872183602803,2012
p63_wind_g01,182,0.18080458407283087,2012
p63_wind_g01,183,0.3523884569307354,2012
p63_wind_g01,184,0.1407427432834563,2012
p63_wind_g01,185,0.3012575054850249,2012
p63_wind_g01,186,0.183962003506492,2012
p63_wind_g01,187,0.5275900031919522,2012
p63_wind_g01,188,0.2663245277518972,2012
p63_wind_g01,189,0.369682212080972,2012
p63_wind_g01,190,0.1512263673467462,2012
p63_wind_g01,191,0.4993713488226488,2012
p63_wind_g01,192,0.294577346527826,2012
p63_wind_g01,193,0.3898414742011273,2012
p63_wind_g01,194,0.30580831986167895,2012
p63_wind_g01,195,0.4604257015871984,2012
p63_wind_g01,196,0.20979910870488958,2012
p63_wind_g01,197,0.24994821785520796,2012
p63_wind_g01,198,0.32547921450225176,2012
p63_wind_g01,199,0.38459268652888673,2012
p63_wind_g01,200,0.2933778712615689,2012
p63_wind_g01,201,0.26072361030253416,2012
p63_wind_g01,202,0.637598946064827,2012
p63_wind_g01,203,0.20576748454875568,2012
p63_wind_g01,204,0.3032339677401611,2012
p63_wind_g01,205,0.24139787541602947,2012
p63_wind_g01,206,0.3482389299544079,2012
p63_wind_g01,207,0.2510950609463977,2012
p63_wind_g01,208,0.3493038684852894,2012
p63_wind_g01,209,0.28912910598692687,2012
p63_wind_g01,210,0.6854179413608436,2012
p63_wind_g01,211,0.38684895339021347,2012
p63_wind_g01,212,0.29351564866360236,2012
p63_wind_g01,213,0.28869114945714575,2012
p63_wind_g01,214,0.2399396482064103,2012
p63_wind_g01,215,0.42994072228523733,2012
p63_wind_g01,216,0.5269018937583864,2012
p63_wind_g01,217,0.4799410404848851,2012
p63_wind_g01,218,0.33772174340998395,2012
p63_wind_g01,219,0.33494587614922516,2012
p63_wind_g01,220,0.25674868683037116,2012
p63_wind_g01,221,0.448366000842837,2012
p63_wind_g01,222,0.20229347912035742,2012
p63_wind_g01,223,0.6854494375458434,2012
p63_wind_g01,224,0.3355175877933983,2012
p63_wind_g01,225,0.33632918615123547,2012
p63_wind_g01,226,0.23602880728387104,2012
p63_wind_g01,227,0.5379898427678722,2012
p63_wind_g01,228,0.27967919914924044,2012
p63_wind_g01,229,0.5578835090269787,2012
p63_wind_g01,230,0.2854155361885973,2012
p63_wind_g01,231,0.36816463262781046,2012
p63_wind_g01,232,0.47788965892383367,2012
p63_wind_g01,233,0.5648171858855207,2012
p63_wind_g01,234,0.5028480948035317,2012
p63_wind_g01,235,0.42524940535920946,2012
p63_wind_g01,236,0.6362810896758581,2012
p63_wind_g01,237,0.46916949177358247,2012
p63_wind_g01,238,0.3685437091241892,2012
p63_wind_g01,239,0.23316571934408845,2012
p63_wind_g01,240,0.5025608440409995,2012
p63_wind_g02,1,0.563489502998856,2012
p63_wind_g02,2,0.3693200982015067,2012
p63_wind_g02,3,0.698342240622875,2012
p63_wind_g02,4,0.18984660843751178,2012
p63_wind_g02,5,0.7186588282394807,2012
p63_wind_g02,6,0.41958434480340184,2012
p63_wind_g02,7,0.7277312286772671,2012
p63_wind_g02,8,0.24769707470510577,2012
p63_wind_g02,9,0.7102154552305756,2012
p63_wind_g02,10,0.3986374670997117,2012
p63_wind_g02,11,0.7704419062417708,2012
p63_wind_g02,12,0.3463914690795532,2012
p63_wind_g02,13,0.4547005436482654,2012
p63_wind_g02,14,0.31989024957945394,2012
p63_wind_g02,15,0.42938634850309326,2012
p63_wind_g02,16,0.5464031785352059,2012
p63_wind_g02,17,0.5373483515576573,2012
p63_wind_g02,18,0.907951367259867,2012
p63_wind_g02,19,0.43544829168922156,2012
p63_wind_g02,20,0.776094933693873,2012
p63_wind_g02,21,0.31986844167148787,2012
p63_wind_g02,22,0.8770958531496009,2012
p63_wind_g02,23,0.29635727058366135,2012
p63_wind_g02,24,1.0,2012
p63_wind_g02,25,0.25947690732282536,2012
p63_wind_g02,26,0.4131213883857819,2012
p63_wind_g02,27,0.5677858723677749,2012
p63_wind_g02,28,0.8291185196736527,2012
p63_wind_g02,29,0.4107005012178805,2012
p63_wind_g02,30,0.775307738971888,2012
p63_wind_g02,31,0.3207251698076951,2012
p63_wind_g02,32,0.5198500656887555,2012
p63_wind_g02,33,0.716361024440738,2012
p63_wind_g02,34,0.4014570573971859,2012
p63_wind_g02,35,0.6320333666566744,2012
p63_wind_g02,36,0.4641029387810655,2012
p63_wind_g02,37,0.8385103135887895,2012
p63_wind_g02,38,0.23832800260290746,2012
p63_wind_g02,39,0.48341904992094714,2012
p63_wind_g02,40,0.4933062093321899,2012
p63_wind_g02,41,0.8777560917768945,2012
p63_wind_g02,42,0.49647467902415193,2012
p63_wind_g02,43,1.0,2012
p63_wind_g02,44,0.4924716282126502,2012
p63_wind_g02,45,0.7425472298514105,2012
p63_wind_g02,46,0.28179511740723784,2012
p63_wind_g02,47,0.38922163134976967,2012
p63_wind_g02,48,0.5169148014579634,2012
p63_wind_g02,49,0.8061805443038997,2012
p63_wind_g02,50,0.5279646449317356,2012
p63_wind_g02,51,0.4093439467315076,2012
p63_wind_g02,52,0.715616762303447,2012
p63_wind_g02,53,0.558084254546192,2012
p63_wind_g02,54,1.0,2012
p63_wind_g02,55,0.589816424865636,2012
p63_wind_g02,56,1.0,2012
p63_wind_g02,57,0.26720700900512695,2012
p63_wind_g02,58,0.5105849679197153,2012
p63_wind_g02,59,0.2280581007138974,2012
p63_wind_g02,60,0.6077039724506965,2012
p63_wind_g02,61,0.5854645788267813,2012
p63_wind_g02,62,0.8666718936118726,2012
p63_wind_g02,63,0.6325194512579492,2012
p63_wind_g02,64,0.8723447701385054,2012
p63_wind_g02,65,0.6831653722519785,2012
p63_wind_g02,66,0.660937712235921,2012
p63_wind_g02,67,0.4119115353352069,2012
p63_wind_g02,68,0.6738289415414418,2012
p63_wind_g02,69,0.5831962813607036,2012
p63_wind_g02,70,0.6800373730344779,2012
p63_wind_g02,71,0.5007170100824471,2012
p63_wind_g02,72,0.329081044410305,2012
p63_wind_g02,73,0.7351063123510634,2012
p63_wind_g02,74,0.39823258637787373,2012
p63_wind_g02,75,1.0,2012
p63_wind_g02,76,0.25491783068150164,2012
p63_wind_g02,77,0.9258411655625094,2012
p63_wind_g02,78,0.41128200727981307,2012
p63_wind_g02,79,1.0,2012
p63_wind_g02,80,0.3971855797833051,2012
p63_wind_g02,81,1.0,2012
p63_wind_g02,82,0.3352717308122115,2012
p63_wind_g02,83,1.0,2012
p63_wind_g02,84,0.6479692904286212,2012
p63_wind_g02,85,0.8224692185232341,2012
p63_wind_g02,86,0.4134508247359266,2012
p63_wind_g02,87,0.47875224357534135,2012
p63_wind_g02,88,0.6882916806875788,2012
p63_wind_g02,89,0.29133955462576466,2012
p63_wind_g02,90,0.7266459384404091,2012
p63_wind_g02,91,0.5820089964845107,2012
p63_wind_g02,92,0.44440389283627557,2012
p63_wind_g02,93,0.2276938695941842,2012
p63_wind_g02,94,0.8965644188392212,2012
p63_wind_g02,95,0.3467182579952693,2012
p63_wind_g02,96,0.5897387025166485,2012
p63_wind_g02,97,0.5083909371922704,2012
p63_wind_g02,98,0.7017304996814077,2012
p63_wind_g02,99,0.28590149280933,2012
p63_wind_g02,100,0.8079622999729735,2012
p63_wind_g02,101,0.608193803337768,2012
p63_wind_g02,102,0.9159151982620485,2012
p63_wind_g02,103,0.3842844979275901,2012
p63_wind_g02,104,0.5080171620360622,2012
p63_wind_g02,105,0.7268571321098728,2012
p63_wind_g02,106,0.3191616081674054,2012
p63_wind_g02,107,0.9407502555703404,2012
p63_wind_g02,108,0.2813813262423013,2012
p63_wind_g02,109,0.9121101806510434,2012
p63_wind_g02,110,0.2516471315342454,2012
p63_wind_g02,111,0.754135047341227,2012
p63_wind_g02,112,0.21227791256897702,2012
p63_wind_g02,113,1.0,2012
p63_wind_g02,114,0.2087295415219294,2012
p63_wind_g02,115,0.6144711905949161,2012
p63_wind_g02,116,0.2674040933217092,2012
p63_wind_g02,117,0.7917812797708677,2012
p63_wind_g02,118,0.2746641247252536,2012
p63_wind_g02,119,0.7741414281854125,2012
p63_wind_g02,120,0.49276020219609235,2012
p63_wind_g02,121,0.32875787281801405,2012
p63_wind_g02,122,0.4437098925760087,2012
p63_wind_g02,123,0.4536088987969139,2012
p63_wind_g02,124,0.6661197969966375,2012
p63_wind_g02,125,0.2777618632192406,2012
p63_wind_g02,126,0.42798879715519594,2012
p63_wind_g02,127,0.3306580359824827,2012
p63_wind_g02,128,0.5090187306337736,2012
p63_wind_g02,129,0.24845533558466215,2012
p63_wind_g02,130,0.8808304396404033,2012
p63_wind_g02,131,0.2856285063145993,2012
p63_wind_g02,132,0.57997711115924,2012
p63_wind_g02,133,0.3430822371797976,2012
p63_wind_g02,134,0.6706229538368466,2012
p63_wind_g02,135,0.18011842869073574,2012
p63_wind_g02,136,0.3560155485192526,2012
p63_wind_g02,137,0.38957587652259373,2012
p63_wind_g02,138,0.6768324984975314,2012
p63_wind_g02,139,0.4442015934669923,2012
p63_wind_g02,140,0.48853721657023924,2012
p63_wind_g02,141,0.38245390805626894,2012
p63_wind_g02,142,0.31678459396321873,2012
p63_wind_g02,143,0.5846043810685528,2012
p63_wind_g02,144,0.2893394166964778,2012
p63_wind_g02,145,0.5606998105313117,2012
p63_wind_g02,146,0.40767640035493263,2012
p63_wind_g02,147,0.3732745155671071,2012
p63_wind_g02,148,0.4286771858546676,2012
p63_wind_g02,149,0.4057648762497458,2012
p63_wind_g02,150,0.3872618619177043,2012
p63_wind_g02,151,0.3849765671061844,2012
p63_wind_g02,152,0.30807900855700654,2012
p63_wind_g02,153,0.5486249593301472,2012
p63_wind_g02,154,0.2610311644541772,2012
p63_wind_g02,155,0.42095262546866163,2012
p63_wind_g02,156,0.3563565721694611,2012
p63_wind_g02,157,0.5265905943050154,2012
p63_wind_g02,158,0.43046235863062077,2012
p63_wind_g02,159,0.25901230227120714,2012
p63_wind_g02,160,0.2112413258434259,2012
p63_wind_g02,161,0.4299392364693513,2012
p63_wind_g02,162,0.52570291036203,2012
p63_wind_g02,163,0.3387962703384241,2012
p63_wind_g02,164,0.500238632275203,2012
p63_wind_g02,165,0.1940893505046083,2012
p63_wind_g02,166,0.596864804970491,2012
p63_wind_g02,167,0.27934189032281315,2012
p63_wind_g02,168,0.34682911420120555,2012
p63_wind_g02,169,0.20166475661178893,2012
p63_wind_g02,170,0.4447359424361165,2012
p63_wind_g02,171,0.2516423218761411,2012
p63_wind_g02,172,0.4753904413267984,2012
p63_wind_g02,173,0.20009501454187018,2012
p63_wind_g02,174,0.24766504287868038,2012
p63_wind_g02,175,0.18684719456964827,2012
p63_wind_g02,176,0.32110013668786447,2012
p63_wind_g02,177,0.2895314245398567,2012
p63_wind_g02,178,0.2897742553006455,2012
p63_wind_g02,179,0.2316286768135974,2012
p63_wind_g02,180,0.4379669347569009,2012
p63_wind_g02,181,0.4458374333883295,2012
p63_wind_g02,182,0.3910060395613163,2012
p63_wind_g02,183,0.4196692928495891,2012
p63_wind_g02,184,0.29919438806624643,2012
p63_wind_g02,185,0.27152371590776064,2012
p63_wind_g02,186,0.2693939606946225,2012
p63_wind_g02,187,0.5931977246326214,2012
p63_wind_g02,188,0.18844373153794286,2012
p63_wind_g02,189,0.5144810760371837,2012
p63_wind_g02,190,0.2899951151272141,2012
p63_wind_g02,191,0.2593435955384214,2012
p63_wind_g02,192,0.33705293089098043,2012
p63_wind_g02,193,0.4848148470984228,2012
p63_wind_g02,194,0.32116227671148806,2012
p63_wind_g02,195,0.5188328920604703,2012
p63_wind_g02,196,0.21121953666399618,2012
p63_wind_g02,197,0.4593931937421897,2012
p63_wind_g02,198,0.454552245196798,2012
p63_wind_g02,199,0.20600383189200458,2012
p63_wind_g02,200,0.3445476268142346,2012
p63_wind_g02,201,0.26773161377786775,2012
p63_wind_g02,202,0.397127138142264,2012
p63_wind_g02,203,0.3437061151244832,2012
p63_wind_g02,204,0.4170865355057124,2012
p63_wind_g02,205,0.2456163374378988,2012
p63_wind_g02,206,0.6614501013557154,2012
p63_wind_g02,207,0.2892345497176494,2012
p63_wind_g02,208,0.669588697959797,2012
p63_wind_g02,209,0.33988763612410094,2012
p63_wind_g02,210,0.39148427621368626,2012
p63_wind_g02,211,0.169246873085521,2012
p63_wind_g02,212,0.43798882841071757,2012
p63_wind_g02,213,0.3480831188867591,2012
p63_wind_g02,214,0.5187293682835921,2012
p63_wind_g02,215,0.35383089731178446,2012
p63_wind_g02,216,0.5439465987433788,2012
p63_wind_g02,217,0.5833103722046911,2012
p63_wind_g02,218,0.28717603950224996,2012
p63_wind_g02,219,0.4922857420795608,2012
p63_wind_g02,220,0.19687641686562232,2012
p63_wind_g02,221,0.5020387873899154,2012
p63_wind_g02,222,0.1951302759089227,2012
p63_wind_g02,223,0.3787958658623862,2012
p63_wind_g02,224,0.22992656310408796,2012
p63_wind_g02,225,0.4104483210670144,2012
p63_wind_g02,226,0.23792562336948544,2012
p63_wind_g02,227,0.3143248137455826,2012
p63_wind_g02,228,0.3886876377432171,2012
p63_wind_g02,229,0.31100135943131624,2012
p63_wind_g02,230,0.3828622060771557,2012
p63_wind_g02,231,0.6016747109394202,2012
p63_wind_g02,232,0.49375245368747256,2012
p63_wind_g02,233,0.3330823026211878,2012
p63_wind_g02,234,0.5800430448534298,2012
p63_wind_g02,235,0.3656542510058336,2012
p63_wind_g02,236,0.30544313013559776,2012
p63_wind_g02,237,0.5250625362812653,2012
p63_wind_g02,238,0.5597553680482823,2012
p63_wind_g02,239,0.3359471249466861,2012
p63_wind_g02,240,0.5940998397015597,2012
p63_wind_g03,1,0.6147826473640513,2012
p63_wind_g03,2,0.41159225194094806,2012
p63_wind_g03,3,0.3967216587715332,2012
p63_wind_g03,4,0.2552448848112782,2012
p63_wind_g03,5,0.8135962853692964,2012
p63_wind_g03,6,0.38160086658015546,2012
p63_wind_g03,7,0.46493904648042605,2012
p63_wind_g03,8,0.33107608344050765,2012
p63_wind_g03,9,0.42675179323096624,2012
p63_wind_g03,10,0.2948428197542702,2012
p63_wind_g03,11,0.5667867292704731,2012
p63_wind_g03,12,0.2941749749008357,2012
p63_wind_g03,13,0.5577758769329264,2012
p63_wind_g03,14,0.3869627459828506,2012
p63_wind_g03,15,0.37680269064001176,2012
p63_wind_g03,16,0.3586315216435703,2012
p63_wind_g03,17,0.3161720219533347,2012
p63_wind_g03,18,0.9374193106667308,2012
p63_wind_g03,19,0.4675809566765073,2012
p63_wind_g03,20,0.6286602765890869,2012
p63_wind_g03,21,0.37419303261826037,2012
p63_wind_g03,22,0.5795539830895451,2012
p63_wind_g03,23,0.25132184186342327,2012
p63_wind_g03,24,0.3807225706357804,2012
p63_wind_g03,25,0.3115877705979075,2012
p63_wind_g03,26,0.8260269344695254,2012
p63_wind_g03,27,0.35110309576337406,2012
p63_wind_g03,28,0.4282753982528423,2012
p63_wind_g03,29,0.48059340192916317,2012
p63_wind_g03,30,0.39633389960750753,2012
p63_wind_g03,31,0.7736747435501597,2012
p63_wind_g03,32,0.6872709081030324,2012
p63_wind_g03,33,0.5145808704369141,2012
p63_wind_g03,34,0.28416979988308316,2012
p63_wind_g03,35,0.7157855919796486,2012
p63_wind_g03,36,0.4110773166262653,2012
p63_wind_g03,37,0.8475532732699044,2012
p63_wind_g03,38,0.45651024213572516,2012
p63_wind_g03,39,0.9182735619217463,2012
p63_wind_g03,40,0.39836446385700297,2012
p63_wind_g03,41,0.6727305991885412,2012
p63_wind_g03,42,0.42815330286545517,2012
p63_wind_g03,43,0.9716147136138155,2012
p63_wind_g03,44,0.549579150817983,2012
p63_wind_g03,45,0.5133739356351149,2012
p63_wind_g03,46,0.30389223634222207,2012
p63_wind_g03,47,0.8828440393488135,2012
p63_wind_g03,48,0.4132648121627047,2012
p63_wind_g03,49,0.6443303047872764,2012
p63_wind_g03,50,0.78866058925487,2012
p63_wind_g03,51,0.4695886351806366,2012
p63_wind_g03,52,0.9023182063963657,2012
p63_wind_g03,53,0.30762260200240404,2012
p63_wind_g03,54,0.6691892717560963,2012
p63_wind_g03,55,0.5792740176886445,2012
p63_wind_g03,56,0.5494563945368919,2012
p63_wind_g03,57,0.3372800906653559,2012
p63_wind_g03,58,0.7250912034004884,2012
p63_wind_g03,59,0.4362456583713443,2012
p63_wind_g03,60,0.7812211044843961,2012
p63_wind_g03,61,0.4650946585758205,2012
p63_wind_g03,62,0.8267272520776452,2012
p63_wind_g03,63,0.44517919016101437,2012
p63_wind_g03,64,0.46363574366561994,2012
p63_wind_g03,65,0.4794873384152561,2012
p63_wind_g03,66,0.709693209567538,2012
p63_wind_g03,67,0.6305935496172034,2012
p63_wind_g03,68,0.7087755976806103,2012
p63_wind_g03,69,0.6575856064722155,2012
p63_wind_g03,70,0.6603747760868207,2012
p63_wind_g03,71,0.8027875088197953,2012
p63_wind_g03,72,0.6534033108560704,2012
p63_wind_g03,73,1.0,2012
p63_wind_g03,74,0.6036463361266566,2012
p63_wind_g03,75,0.8420161933234679,2012
p63_wind_g03,76,0.4691375534959041,2012
p63_wind_g03,77,1.0,2012
p63_wind_g03,78,0.5854007481671318,2012
p63_wind_g03,79,1.0,2012
p63_wind_g03,80,0.4616914263149814,2012
p63_wind_g03,81,0.5287637687549687,2012
p63_wind_g03,82,0.5656336627023857,2012
p63_wind_g03,83,0.8777233931417651,2012
p63_wind_g03,84,0.4906669746899343,2012
p63_wind_g03,85,0.795927675706247,2012
p63_wind_g03,86,0.5878958428657189,2012
p63_wind_g03,87,0.8019154970470704,2012
p63_wind_g03,88,0.37374118987462146,2012
p63_wind_g03,89,0.4876841416967271,2012
p63_wind_g03,90,0.7722732859166068,2012
p63_wind_g03,91,0.33524182425428967,2012
p63_wind_g03,92,0.9968635467871066,2012
p63_wind_g03,93,0.2702761046612625,2012
p63_wind_g03,94,0.9376186809057496,2012
p63_wind_g03,95,0.41610329816443375,2012
p63_wind_g03,96,0.4473297978839756,2012
p63_wind_g03,97,0.24632456401875594,2012
p63_wind_g03,98,0.46040840215097933,2012
p63_wind_g03,99,0.4581015651153748,2012
p63_wind_g03,100,0.636034750521454,2012
p63_wind_g03,101,0.49152192151924773,2012
p63_wind_g03,102,0.35475813296949116,2012
p63_wind_g03,103,0.5413694610691753,2012
p63_wind_g03,104,0.5154352437954353,2012
p63_wind_g03,105,0.7563977521222859,2012
p63_wind_g03,106,0.6223956172345667,2012
p63_wind_g03,107,0.7856063290322103,2012
p63_wind_g03,108,0.643652831543905,2012
p63_wind_g03,109,0.432391794352529,2012
p63_wind_g03,110,0.49577230095806857,2012
p63_wind_g03,111,0.5933019816598593,2012
p63_wind_g03,112,0.3528937371868634,2012
p63_wind_g03,113,0.7697941401773064,2012
p63_wind_g03,114,0.3489985966312317,2012
p63_wind_g03,115,0.8730975754835661,2012
p63_wind_g03,116,0.3784880669187265,2012
p63_wind_g03,117,0.3799610913836036,2012
p63_wind_g03,118,0.2774419162842929,2012
p63_wind_g03,119,0.6028401341802629,2012
p63_wind_g03,120,0.2502599399828216,2012
p63_wind_g03,121,0.7749752507734303,2012
p63_wind_g03,122,0.646391145375722,2012
p63_wind_g03,123,0.43443161940308495,2012
p63_wind_g03,124,0.6161748546377314,2012
p63_wind_g03,125,0.5877572584504663,2012
p63_wind_g03,126,0.753892852320511,2012
p63_wind_g03,127,0.27303017857721673,2012
p63_wind_g03,128,0.781054220787621,2012
p63_wind_g03,129,0.2317201458681055,2012
p63_wind_g03,130,0.6717082827511627,2012
p63_wind_g03,131,0.17907704250124223,2012
p63_wind_g03,132,0.7536213841181283,2012
p63_wind_g03,133,0.22256624097945363,2012
p63_wind_g03,134,0.5223336768798071,2012
p63_wind_g03,135,0.3078427978918305,2012
p63_wind_g03,136,0.5338930349372091,2012
p63_wind_g03,137,0.4531574777703112,2012
p63_wind_g03,138,0.35506473006140976,2012
p63_wind_g03,139,0.2925622858645747,2012
p63_wind_g03,140,0.6195491862119139,2012
p63_wind_g03,141,0.28436586903275807,2012
p63_wind_g03,142,0.5340372132659569,2012
p63_wind_g03,143,0.5206796227199234,2012
p63_wind_g03,144,0.479574054174447,2012
p63_wind_g03,145,0.7025812824575979,2012
p63_wind_g03,146,0.43571200819106676,2012
p63_wind_g03,147,0.3118797183225546,2012
p63_wind_g03,148,0.3570042629360885,2012
p63_wind_g03,149,0.5447766792247768,2012
p63_wind_g03,150,0.2751158066175676,2012
p63_wind_g03,151,0.5354321879358164,2012
p63_wind_g03,152,0.3041210524399765,2012
p63_wind_g03,153,0.49503822324182234,2012
p63_wind_g03,154,0.30369959720877004,2012
p63_wind_g03,155,0.284702750156942,2012
p63_wind_g03,156,0.3892741236493445,2012
p63_wind_g03,157,0.6126124414511223,2012
p63_wind_g03,158,0.4299045705518656,2012
p63_wind_g03,159,0.4720289182779462,2012
p63_wind_g03,160,0.500906678932627,2012
p63_wind_g03,161,0.3567814388682627,2012
p63_wind_g03,162,0.28720236963058227,2012
p63_wind_g03,163,0.26142366202013745,2012
p63_wind_g03,164,0.6496146984311537,2012
p63_wind_g03,165,0.23105949234958315,2012
p63_wind_g03,166,0.3546259838032978,2012
p63_wind_g03,167,0.1787484079864659,2012
p63_wind_g03,168,0.5084853982449924,2012
p63_wind_g03,169,0.1922227433248949,2012
p63_wind_g03,170,0.56539890915336,2012
p63_wind_g03,171,0.13242943924042958,2012
p63_wind_g03,172,0.6550828939156998,2012
p63_wind_g03,173,0.21928449464785696,2012
p63_wind_g03,174,0.4465433802429222,2012
p63_wind_g03,175,0.16220452569802682,2012
p63_wind_g03,176,0.23573249062685778,2012
p63_wind_g03,177,0.2979028730577668,2012
p63_wind_g03,178,0.23358779494213636,2012
p63_wind_g03,179,0.30103695508879846,2012
p63_wind_g03,180,0.20517866700298124,2012
p63_wind_g03,181,0.4510105991929857,2012
p63_wind_g03,182,0.3021498940460645,2012
p63_wind_g03,183,0.45339979058333524,2012
p63_wind_g03,184,0.256026556477741,2012
p63_wind_g03,185,0.404585890059318,2012
p63_wind_g03,186,0.2233384113884499,2012
p63_wind_g03,187,0.24921545922180066,2012
p63_wind_g03,188,0.15945942017899076,2012
p63_wind_g03,189,0.3049937794853395,2012
p63_wind_g03,190,0.311313515479277,2012
p63_wind_g03,191,0.41742091459000763,2012
p63_wind_g03,192,0.24929663373704355,2012
p63_wind_g03,193,0.5048696041404089,2012
p63_wind_g03,194,0.33046838465960715,2012
p63_wind_g03,195,0.5178181171290726,2012
p63_wind_g03,196,0.17184933598702304,2012
p63_wind_g03,197,0.4333646149030993,2012
p63_wind_g03,198,0.30873569018630587,2012
p63_wind_g03,199,0.33861034797545886,2012
p63_wind_g03,200,0.2778958359634814,2012
p63_wind_g03,201,0.1567298144706337,2012
p63_wind_g03,202,0.5896440933546784,2012
p63_wind_g03,203,0.18596264701875884,2012
p63_wind_g03,204,0.6596760104928987,2012
p63_wind_g03,205,0.2680226414282278,2012
p63_wind_g03,206,0.5519351167349862,2012
p63_wind_g03,207,0.26891160543439857,2012
p63_wind_g03,208,0.31675950469812963,2012
p63_wind_g03,209,0.30535911272508753,2012
p63_wind_g03,210,0.5136468029741137,2012
p63_wind_g03,211,0.15212814449994405,2012
p63_wind_g03,212,0.5783725713868612,2012
p63_wind_g03,213,0.2736477164415034,2012
p63_wind_g03,214,0.3352463398571899,2012
p63_wind_g03,215,0.3971947103254554,2012
p63_wind_g03,216,0.3110666385735359,2012
p63_wind_g03,217,0.3202461715694292,2012
p63_wind_g03,218,0.3307502787630656,2012
p63_wind_g03,219,0.2578394002554896,2012
p63_wind_g03,220,0.30240758017954505,2012
p63_wind_g03,221,0.4167396372942339,2012
p63_wind_g03,222,0.36573107675064614,2012
p63_wind_g03,223,0.5449296511072252,2012
p63_wind_g03,224,0.3508188302514602,2012
p63_wind_g03,225,0.48709045571260823,2012
p63_wind_g03,226,0.24486512749267186,2012
p63_wind_g03,227,0.36987109094651677,2012
p63_wind_g03,228,0.32580752916887584,2012
p63_wind_g03,229,0.7059251279122135,2012
p63_wind_g03,230,0.3431180113614632,2012
p63_wind_g03,231,0.31223794834996166,2012
p63_wind_g03,232,0.5022568636261514,2012
p63_wind_g03,233,0.26756790420894694,2012
p63_wind_g03,234,0.32649035156724665,2012
p63_wind_g03,235,0.2523494670956759,2012
p63_wind_g03,236,0.6009322179840281,2012
p63_wind_g03,237,0.3635798798594459,2012
p63_wind_g03,238,0.7294826115477823,2012
p63_wind_g03,239,0.4321979600973357,2012
p63_wind_g03,240,0.7788259739662486,2012
p63_wind_g04,1,0.5123925186440421,2012
p63_wind_g04,2,0.16233657460862616,2012
p63_wind_g04,3,0.7290106838351823,2012
p63_wind_g04,4,0.25167644839993863,2012
p63_wind_g04,5,0.7096956244752984,2012
p63_wind_g04,6,0.22521769933738503,2012
p63_wind_g04,7,0.6431819605903392,2012
p63_wind_g04,8,0.3790712671152909,2012
p63_wind_g04,9,0.6071681634225655,2012
p63_wind_g04,10,0.5061624698292405,2012
p63_wind_g04,11,0.36916912974842897,2012
p63_wind_g04,12,0.38035680898546226,2012
p63_wind_g04,13,0.4533407502637614,2012
p63_wind_g04,14,0.5413963431006227,2012
p63_wind_g04,15,0.49187838419702834,2012
p63_wind_g04,16,0.7966587609939784,2012
p63_wind_g04,17,0.2751629402913432,2012
p63_wind_g04,18,0.4391254294950282,2012
p63_wind_g04,19,0.3643878985848927,2012
p63_wind_g04,20,0.9035195531402767,2012
p63_wind_g04,21,0.40447130514161417,2012
p63_wind_g04,22,0.5208729195324808,2012
p63_wind_g04,23,0.37975029585387166,2012
p63_wind_g04,24,0.8610821604648152,2012
p63_wind_g04,25,0.42634814399501175,2012
p63_wind_g04,26,0.3717206744456725,2012
p63_wind_g04,27,0.3681180187335544,2012
p63_wind_g04,28,0.7005930633786895,2012
p63_wind_g04,29,0.2961561697786897,2012
p63_wind_g04,30,0.6625993048637278,2012
p63_wind_g04,31,0.634640915622804,2012
p63_wind_g04,32,0.32142130745009306,2012
p63_wind_g04,33,0.7650589774938193,2012
p63_wind_g04,34,0.6048859662716481,2012
p63_wind_g04,35,0.6398021603066345,2012
p63_wind_g04,36,0.4911873394204225,2012
p63_wind_g04,37,0.554485565264923,2012
p63_wind_g04,38,0.23387967585860256,2012
p63_wind_g04,39,0.8819386529862155,2012
p63_wind_g04,40,0.480984098472455,2012
p63_wind_g04,41,0.7263802291920949,2012
p63_wind_g04,42,0.54036886070827,2012
p63_wind_g04,43,0.9984738374992507,2012
p63_wind_g04,44,0.52543575735617,2012
p63_wind_g04,45,0.5107254621779944,2012
p63_wind_g04,46,0.6004673135527853,2012
p63_wind_g04,47,0.45151376073052485,2012
p63_wind_g04,48,0.6235719189988747,2012
p63_wind_g04,49,0.5970065095913586,2012
p63_wind_g04,50,0.6905001112318991,2012
p63_wind_g04,51,0.31318264013578867,2012
p63_wind_g04,52,0.8651189620015248,2012
p63_wind_g04,53,0.5182438215142079,2012
p63_wind_g04,54,0.7151873444333193,2012
p63_wind_g04,55,0.2322480655173062,2012
p63_wind_g04,56,0.6936032146484228,2012
p63_wind_g04,57,0.4007189040822885,2012
p63_wind_g04,58,0.9859368699546345,2012
p63_wind_g04,59,0.4304326021243947,2012
p63_wind_g04,60,1.0,2012
p63_wind_g04,61,0.4632162298950522,2012
p63_wind_g04,62,0.5818784046221702,2012
p63_wind_g04,63,0.47440237330768537,2012
p63_wind_g04,64,0.63076473455492,2012
p63_wind_g04,65,0.6867445755965164,2012
p63_wind_g04,66,0.5994010106824994,2012
p63_wind_g04,67,0.4439275914644512,2012
p63_wind_g04,68,0.7860849195909507,2012
p63_wind_g04,69,0.5768959313328014,2012
p63_wind_g04,70,0.611415267643028,2012
p63_wind_g04,71,0.5729059252027713,2012
p63_wind_g04,72,0.5409603301835605,2012
p63_wind_g04,73,0.6088518430885138,2012
p63_wind_g04,74,0.4239929599622878,2012
p63_wind_g04,75,1.0,2012
p63_wind_g04,76,0.5109039230354796,2012
p63_wind_g04,77,0.5206920125311081,2012
p63_wind_g04,78,0.4780508355646001,2012
p63_wind_g04,79,0.818928781347912,2012
p63_wind_g04,80,0.4262455408614426,2012
p63_wind_g04,81,0.8061713734349072,2012
p63_wind_g04,82,0.2669397019961405,2012
p63_wind_g04,83,0.5227498583245829,2012
p63_wind_g04,84,0.7083436173483164,2012
p63_wind_g04,85,0.917501041676023,2012
p63_wind_g04,86,0.6992981846345951,2012
p63_wind_g04,87,0.312826456359022,2012
p63_wind_g04,88,0.891271228806467,2012
p63_wind_g04,89,0.3884305809639387,2012
p63_wind_g04,90,0.8009821239397361,2012
p63_wind_g04,91,0.37486862106302044,2012
p63_wind_g04,92,0.7648943851757539,2012
p63_wind_g04,93,0.4968025920783745,2012
p63_wind_g04,94,0.6646666990237198,2012
p63_wind_g04,95,0.4690322700034448,2012
p63_wind_g04,96,1.0,2012
p63_wind_g04,97,0.28637924357853584,2012
p63_wind_g04,98,0.7372210762000864,2012
p63_wind_g04,99,0.25925316282610344,2012
p63_wind_g04,100,0.49928588951723946,2012
p63_wind_g04,101,0.3748495589903901,2012
p63_wind_g04,102,0.6358205577807182,2012
p63_wind_g04,103,0.29000547473535343,2012
p63_wind_g04,104,0.5708574547340357,2012
p63_wind_g04,105,0.5726725809285201,2012
p63_wind_g04,106,0.5104613728342748,2012
p63_wind_g04,107,0.5592069704268119,2012
p63_wind_g04,108,0.310402473162985,2012
p63_wind_g04,109,0.6350697021799402,2012
p63_wind_g04,110,0.3636210527362219,2012
p63_wind_g04,111,0.3932593229998785,2012
p63_wind_g04,112,0.42338725283017714,2012
p63_wind_g04,113,0.8013552604439016,2012
p63_wind_g04,114,0.21269096767190085,2012
p63_wind_g04,115,0.6367680441316844,2012
p63_wind_g04,116,0.2874055743953368,2012
p63_wind_g04,117,0.7523375034155896,2012
p63_wind_g04,118,0.44510374013326703,2012
p63_wind_g04,119,0.3423256801687456,2012
p63_wind_g04,120,0.31601775707171925,2012
p63_wind_g04,121,0.4586061312732234,2012
p63_wind_g04,122,0.5379741082374925,2012
p63_wind_g04,123,0.3345715049818019,2012
p63_wind_g04,124,0.3443128550362075,2012
p63_wind_g04,125,0.5966820489186487,2012
p63_wind_g04,126,0.5216687053573323,2012
p63_wind_g04,127,0.42339256395464075,2012
p63_wind_g04,128,0.7356324784964213,2012
p63_wind_g04,129,0.45212878402618045,2012
p63_wind_g04,130,0.5341559519897348,2012
p63_wind_g04,131,0.4109995862154557,2012
p63_wind_g04,132,0.8764622102851691,2012
p63_wind_g04,133,0.2856916219607014,2012
p63_wind_g04,134,0.8262554291123855,2012
p63_wind_g04,135,0.4115269624491525,2012
p63_wind_g04,136,0.5175151535904033,2012
p63_wind_g04,137,0.3297235975369141,2012
p63_wind_g04,138,0.28984190790289416,2012
p63_wind_g04,139,0.21959199400669782,2012
p63_wind_g04,140,0.4892424513633556,2012
p63_wind_g04,141,0.2444705217644681,2012
p63_wind_g04,142,0.43954919238369977,2012
p63_wind_g04,143,0.527518352884082,2012
p63_wind_g04,144,0.2658703760116266,2012
p63_wind_g04,145,0.512915089287953,2012
p63_wind_g04,146,0.24019045251741578,2012
p63_wind_g04,147,0.6039045143121466,2012
p63_wind_g04,148,0.21937127985748017,2012
p63_wind_g04,149,0.75068075517738,2012
p63_wind_g04,150,0.25574108508236687,2012
p63_wind_g04,151,0.459444878131634,2012
p63_wind_g04,152,0.32207707348604936,2012
p63_wind_g04,153,0.28623224812220355,2012
p63_wind_g04,154,0.25820486300610196,2012
p63_wind_g04,155,0.5742404864062682,2012
p63_wind_g04,156,0.4172196357438642,2012
p63_wind_g04,157,0.5556200233904076,2012
p63_wind_g04,158,0.3278442714862128,2012
p63_wind_g04,159,0.3275235546369383,2012
p63_wind_g04,160,0.25771778426953423,2012
p63_wind_g04,161,0.19071605377591883,2012
p63_wind_g04,162,0.4310761995519166,2012
p63_wind_g04,163,0.33670743625374633,2012
p63_wind_g04,164,0.594109921643804,2012
p63_wind_g04,165,0.36883917546354544,2012
p63_wind_g04,166,0.42691077652370785,2012
p63_wind_g04,167,0.2500006962629111,2012
p63_wind_g04,168,0.5394860378906906,2012
p63_wind_g04,169,0.23906474477600154,2012
p63_wind_g04,170,0.3065354980248861,2012
p63_wind_g04,171,0.30957937856970025,2012
p63_wind_g04,172,0.3261535129051696,2012
p63_wind_g04,173,0.19277143892499166,2012
p63_wind_g04,174,0.2760986007577522,2012
p63_wind_g04,175,0.21985205381301404,2012
p63_wind_g04,176,0.4671847741287202,2012
p63_wind_g04,177,0.3964651885333125,2012
p63_wind_g04,178,0.18467493093636392,2012
p63_wind_g04,179,0.43482398007711004,2012
p63_wind_g04,180,0.40503293858679573,2012
p63_wind_g04,181,0.5213689277939925,2012
p63_wind_g04,182,0.341799719937471,2012
p63_wind_g04,183,0.40370247609538834,2012
p63_wind_g04,184,0.1961993922622877,2012
p63_wind_g04,185,0.5831008537733864,2012
p63_wind_g04,186,0.15379169831172915,2012
p63_wind_g04,187,0.38767259522366443,2012
p63_wind_g04,188,0.11655590706181222,2012
p63_wind_g04,189,0.5591999407032658,2012
p63_wind_g04,190,0.20858609590878305,2012
p63_wind_g04,191,0.2954443219092208,2012
p63_wind_g04,192,0.22292320355435033,2012
p63_wind_g04,193,0.5300953661548766,2012
p63_wind_g04,194,0.289468109670473,2012
p63_wind_g04,195,0.45083766279403537,2012
p63_wind_g04,196,0.29904702093416935,2012
p63_wind_g04,197,0.31491226410626044,2012
p63_wind_g04,198,0.45572571235208953,2012
p63_wind_g04,199,0.42779236721844893,2012
p63_wind_g04,200,0.40632325882290166,2012
p63_wind_g04,201,0.1679955196615267,2012
p63_wind_g04,202,0.22179637284220582,2012
p63_wind_g04,203,0.27789118471176366,2012
p63_wind_g04,204,0.6308472241823141,2012
p63_wind_g04,205,0.1446057276255158,2012
p63_wind_g04,206,0.6280471284922944,2012
p63_wind_g04,207,0.2708947467143646,2012
p63_wind_g04,208,0.2896921853187486,2012
p63_wind_g04,209,0.31554933406939306,2012
p63_wind_g04,210,0.4380907984497895,2012
p63_wind_g04,211,0.1834281165733141,2012
p63_wind_g04,212,0.5377992419417748,2012
p63_wind_g04,213,0.22067608826817375,2012
p63_wind_g04,214,0.31170981697380484,2012
p63_wind_g04,215,0.2545850649686368,2012
p63_wind_g04,216,0.2526987322922649,2012
p63_wind_g04,217,0.4986604978795022,2012
p63_wind_g04,218,0.2954925362019533,2012
p63_wind_g04,219,0.5795147887501831,2012
p63_wind_g04,220,0.27130558059904264,2012
p63_wind_g04,221,0.4675434400493122,2012
p63_wind_g04,222,0.24164107502176319,2012
p63_wind_g04,223,0.3040167619089447,2012
p63_wind_g04,224,0.17511131121238113,2012
p63_wind_g04,225,0.28648658865784365,2012
p63_wind_g04,226,0.25358828330718974,2012
p63_wind_g04,227,0.5648201392729482,2012
p63_wind_g04,228,0.1492867657339762,2012
p63_wind_g04,229,0.6665147610759757,2012
p63_wind_g04,230,0.27957975192411916,2012
p63_wind_g04,231,0.4816019242892506,2012
p63_wind_g04,232,0.4925695757161091,2012
p63_wind_g04,233,0.6078072258784647,2012
p63_wind_g04,234,0.5316962925237081,2012
p63_wind_g04,235,0.30929966460712965,2012
p63_wind_g04,236,0.6197246496748345,2012
p63_wind_g04,237,0.3247168030680169,2012
p63_wind_g04,238,0.34702350554232947,2012
p63_wind_g04,239,0.22184402644571927,2012
p63_wind_g04,240,0.4014460827868947,2012
p63_wind_g05,1,0.6662632985074088,2012
p63_wind_g05,2,0.38022175032226146,2012
p63_wind_g05,3,0.5855254775288412,2012
p63_wind_g05,4,0.20619341553372725,2012
p63_wind_g05,5,0.6858519405398065,2012
p63_wind_g05,6,0.32703683426315144,2012
p63_wind_g05,7,0.6897618355258361,2012
p63_wind_g05,8,0.3121673704260943,2012
p63_wind_g05,9,0.657841224141739,2012
p63_wind_g05,10,0.25286861822622564,2012
p63_wind_g05,11,0.6925888014987024,2012
p63_wind_g05,12,0.6181727569238054,2012
p63_wind_g05,13,0.3431257668415577,2012
p63_wind_g05,14,0.45928506692883136,2012
p63_wind_g05,15,0.42021949137510184,2012
p63_wind_g05,16,0.8369990139521871,2012
p63_wind_g05,17,0.3769933039890311,2012
p63_wind_g05,18,0.42712351024575607,2012
p63_wind_g05,19,0.27614832297457653,2012
p63_wind_g05,20,0.586457833108982,2012
p63_wind_g05,21,0.41011534903859687,2012
p63_wind_g05,22,0.44953698524722463,2012
p63_wind_g05,23,0.4202758659227601,2012
p63_wind_g05,24,0.9350218367476724,2012
p63_wind_g05,25,0.4318178044052862,2012
p63_wind_g05,26,0.8536812695175732,2012
p63_wind_g05,27,0.36374987906204986,2012
p63_wind_g05,28,0.5681107483455784,2012
p63_wind_g05,29,0.41124524870325146,2012
p63_wind_g05,30,0.7442814858205716,2012
p63_wind_g05,31,0.44719475907531037,2012
p63_wind_g05,32,0.6967683207884495,2012
p63_wind_g05,33,0.5799975379779185,2012
p63_wind_g05,34,0.5664679465801349,2012
p63_wind_g05,35,0.4270928789454997,2012
p63_wind_g05,36,0.42446067148832317,2012
p63_wind_g05,37,0.45691386224116637,2012
p63_wind_g05,38,0.4379093085973871,2012
p63_wind_g05,39,0.4444760334336648,2012
p63_wind_g05,40,0.4786427718072711,2012
p63_wind_g05,41,0.4526811748817792,2012
p63_wind_g05,42,0.3256552553912908,2012
p63_wind_g05,43,0.7046348539052064,2012
p63_wind_g05,44,0.29659082519304586,2012
p63_wind_g05,45,0.6017577087184222,2012
p63_wind_g05,46,0.5046269736694041,2012
p63_wind_g05,47,0.44261222092319347,2012
p63_wind_g05,48,0.6396475930569115,2012
p63_wind_g05,49,0.5448046511955749,2012
p63_wind_g05,50,0.7107988341499083,2012
p63_wind_g05,51,0.7253440079509554,2012
p63_wind_g05,52,0.9335534603835126,2012
p63_wind_g05,53,0.4577058945352181,2012
p63_wind_g05,54,0.5563822885577043,2012
p63_wind_g05,55,0.2415727561387357,2012
p63_wind_g05,56,0.7294635510117531,2012
p63_wind_g05,57,0.5243505839892943,2012
p63_wind_g05,58,1.0,2012
p63_wind_g05,59,0.2986125020835643,2012
p63_wind_g05,60,0.5314929725760821,2012
p63_wind_g05,61,0.5432714588666556,2012
p63_wind_g05,62,0.5027005487864675,2012
p63_wind_g05,63,0.31479293741243947,2012
p63_wind_g05,64,0.9917720855548454,2012
p63_wind_g05,65,0.3097529612858927,2012
p63_wind_g05,66,0.839048905755454,2012
p63_wind_g05,67,0.6660814062218984,2012
p63_wind_g05,68,0.693814804171949,2012
p63_wind_g05,69,0.860351782957838,2012
p63_wind_g05,70,0.4324920427667507,2012
p63_wind_g05,71,0.7699792951026764,2012
p63_wind_g05,72,0.3402608393755369,2012
p63_wind_g05,73,0.5742463613590444,2012
p63_wind_g05,74,0.5870104260898876,2012
p63_wind_g05,75,0.5035660230389045,2012
p63_wind_g05,76,0.5037628486821236,2012
p63_wind_g05,77,0.8255203853891041,2012
p63_wind_g05,78,0.21920534396321528,2012
p63_wind_g05,79,0.7031171526157771,2012
p63_wind_g05,80,0.4699660302122163,2012
p63_wind_g05,81,0.6177211589461972,2012
p63_wind_g05,82,0.6480980222819878,2012
p63_wind_g05,83,0.9369065331879307,2012
p63_wind_g05,84,0.4133140722759377,2012
p63_wind_g05,85,0.9254152036711057,2012
p63_wind_g05,86,0.4217232510689386,2012
p63_wind_g05,87,0.6530532516857456,2012
p63_wind_g05,88,0.6242874508106319,2012
p63_wind_g05,89,0.5762659460581558,2012
p63_wind_g05,90,0.876082657761048,2012
p63_wind_g05,91,0.36843650800744304,2012
p63_wind_g05,92,0.9477194049363944,2012
p63_wind_g05,93,0.5303231600314294,2012
p63_wind_g05,94,0.5044163199362245,2012
p63_wind_g05,95,0.2890028204109436,2012
p63_wind_g05,96,0.9964576896233517,2012
p63_wind_g05,97,0.48312300965949506,2012
p63_wind_g05,98,0.6022852935642083,2012
p63_wind_g05,99,0.25406384172817076,2012
p63_wind_g05,100,0.4032867805053826,2012
p63_wind_g05,101,0.41378443721694197,2012
p63_wind_g05,102,0.5777668352368467,2012
p63_wind_g05,103,0.7101011706637154,2012
p63_wind_g05,104,0.32853494604643285,2012
p63_wind_g05,105,0.5926815255659612,2012
p63_wind_g05,106,0.3827887933136247,2012
p63_wind_g05,107,0.593052286419676,2012
p63_wind_g05,108,0.3258274260813027,2012
p63_wind_g05,109,0.5819597998554578,2012
p63_wind_g05,110,0.24708568544723922,2012
p63_wind_g05,111,0.8744708856672609,2012
p63_wind_g05,112,0.38134957294293453,2012
p63_wind_g05,113,0.7267541887908927,2012
p63_wind_g05,114,0.32559815218544297,2012
p63_wind_g05,115,0.7553305195375436,2012
p63_wind_g05,116,0.3281018297944082,2012
p63_wind_g05,117,0.8654584951160178,2012
p63_wind_g05,118,0.22221086450256894,2012
p63_wind_g05,119,0.5069667531736788,2012
p63_wind_g05,120,0.5634289488503643,2012
p63_wind_g05,121,0.4189850636745949,2012
p63_wind_g05,122,0.315415130990689,2012
p63_wind_g05,123,0.7002178005129847,2012
p63_wind_g05,124,0.6065601235298527,2012
p63_wind_g05,125,0.3780883873072007,2012
p63_wind_g05,126,0.3837440607832733,2012
p63_wind_g05,127,0.478319594303746,2012
p63_wind_g05,128,0.8503740126177134,2012
p63_wind_g05,129,0.34018858339441527,2012
p63_wind_g05,130,0.37575094212360943,2012
p63_wind_g05,131,0.20917926030612136,2012
p63_wind_g05,132,0.796688375143012,2012
p63_wind_g05,133,0.38640002140543955,2012
p63_wind_g05,134,0.5229040013975937,2012
p63_wind_g05,135,0.43099636569950545,2012
p63_wind_g05,136,0.49119177334010106,2012
p63_wind_g05,137,0.19960473531296274,2012
p63_wind_g05,138,0.3136941230626879,2012
p63_wind_g05,139,0.48041755746341114,2012
p63_wind_g05,140,0.5148836089392637,2012
p63_wind_g05,141,0.3440057265477927,2012
p63_wind_g05,142,0.3533834884406999,2012
p63_wind_g05,143,0.5351973521319061,2012
p63_wind_g05,144,0.44754347931093474,2012
p63_wind_g05,145,0.47120139182828596,2012
p63_wind_g05,146,0.37920832600203785,2012
p63_wind_g05,147,0.6349576294063047,2012
p63_wind_g05,148,0.36717137364787883,2012
p63_wind_g05,149,0.49269538166553817,2012
p63_wind_g05,150,0.21282691813007842,2012
p63_wind_g05,151,0.7281793011769712,2012
p63_wind_g05,152,0.33285926027937635,2012
p63_wind_g05,153,0.5964289858506517,2012
p63_wind_g05,154,0.20181353537312904,2012
p63_wind_g05,155,0.35787090446898573,2012
p63_wind_g05,156,0.38894577163351984,2012
p63_wind_g05,157,0.5105226155644477,2012
p63_wind_g05,158,0.3072016081764645,2012
p63_wind_g05,159,0.44066107948839367,2012
p63_wind_g05,160,0.3026851708014633,2012
p63_wind_g05,161,0.263878299886352,2012
p63_wind_g05,162,0.45522745042933777,2012
p63_wind_g05,163,0.41838624017554044,2012
p63_wind_g05,164,0.5335727806964189,2012
p63_wind_g05,165,0.17156067993135535,2012
p63_wind_g05,166,0.25646036897614033,2012
p63_wind_g05,167,0.14987092963151002,2012
p63_wind_g05,168,0.48813189047269084,2012
p63_wind_g05,169,0.20851849857632837,2012
p63_wind_g05,170,0.5164815427830419,2012
p63_wind_g05,171,0.3160561373028065,2012
p63_wind_g05,172,0.3072260172155981,2012
p63_wind_g05,173,0.26381762081088916,2012
p63_wind_g05,174,0.31651410409489145,2012
p63_wind_g05,175,0.20379569084962665,2012
p63_wind_g05,176,0.3487365889488858,2012
p63_wind_g05,177,0.2338131095212565,2012
p63_wind_g05,178,0.2854934455440671,2012
p63_wind_g05,179,0.3569232666570677,2012
p63_wind_g05,180,0.32642276062821457,2012
p63_wind_g05,181,0.2690240702168878,2012
p63_wind_g05,182,0.3278849151696224,2012
p63_wind_g05,183,0.24045981627928362,2012
p63_wind_g05,184,0.26041425606166396,2012
p63_wind_g05,185,0.3498674304587683,2012
p63_wind_g05,186,0.274685159144577,2012
p63_wind_g05,187,0.5750129000275306,2012
p63_wind_g05,188,0.15346511100444504,2012
p63_wind_g05,189,0.46173413913243166,2012
p63_wind_g05,190,0.23927842387239026,2012
p63_wind_g05,191,0.4470963125639503,2012
p63_wind_g05,192,0.22406304548715344,2012
p63_wind_g05,193,0.38332957244739213,2012
p63_wind_g05,194,0.2780588468691218,2012
p63_wind_g05,195,0.43132810256382004,2012
p63_wind_g05,196,0.41164013174387015,2012
p63_wind_g05,197,0.29225970691762443,2012
p63_wind_g05,198,0.506150769529295,2012
p63_wind_g05,199,0.2364489169310205,2012
p63_wind_g05,200,0.32223774673489175,2012
p63_wind_g05,201,0.1534579712812848,2012
p63_wind_g05,202,0.5227338744983976,2012
p63_wind_g05,203,0.16443446460153213,2012
p63_wind_g05,204,0.2969642632040117,2012
p63_wind_g05,205,0.23684892305986072,2012
p63_wind_g05,206,0.3402560290626829,2012
p63_wind_g05,207,0.15376394955149847,2012
p63_wind_g05,208,0.40066441568305516,2012
p63_wind_g05,209,0.3136595700738419,2012
p63_wind_g05,210,0.4499843248282566,2012
p63_wind_g05,211,0.15655972622367959,2012
p63_wind_g05,212,0.5277472206953824,2012
p63_wind_g05,213,0.3130865129678606,2012
p63_wind_g05,214,0.3082059574430448,2012
p63_wind_g05,215,0.28499346270355896,2012
p63_wind_g05,216,0.25715435303933815,2012
p63_wind_g05,217,0.3343801571366715,2012
p63_wind_g05,218,0.31938026768880046,2012
p63_wind_g05,219,0.34184267105506166,2012
p63_wind_g05,220,0.2421656987053079,2012
p63_wind_g05,221,0.6241018118998962,2012
p63_wind_g05,222,0.33063073660788544,2012
p63_wind_g05,223,0.5533671290242106,2012
p63_wind_g05,224,0.1513675745756742,2012
p63_wind_g05,225,0.47354499390554367,2012
p63_wind_g05,226,0.32728810543114417,2012
p63_wind_g05,227,0.6134173690559064,2012
p63_wind_g05,228,0.3436180381176081,2012
p63_wind_g05,229,0.5144605210502178,2012
p63_wind_g05,230,0.44736959585751185,2012
p63_wind_g05,231,0.32563991086006266,2012
p63_wind_g05,232,0.34793087239570214,2012
p63_wind_g05,233,0.48032194620805807,2012
p63_wind_g05,234,0.4174027990108189,2012
p63_wind_g05,235,0.41705846289969245,2012
p63_wind_g05,236,0.34267086026418025,2012
p63_wind_g05,237,0.30487318652164114,2012
p63_wind_g05,238,0.678645125418443,2012
p63_wind_g05,239,0.27328024409053886,2012
p63_wind_g05,240,0.7277812250293153,2012
p63_wind_g06,1,0.3290862668812532,2012
p63_wind_g06,2,0.1902863062455585,2012
p63_wind_g06,3,0.5465803174496423,2012
p63_wind_g06,4,0.1858212458520373,2012
p63_wind_g06,5,0.6943328025236137,2012
p63_wind_g06,6,0.37924782804185747,2012
p63_wind_g06,7,0.4459217967202105,2012
p63_wind_g06,8,0.24173103344283622,2012
p63_wind_g06,9,0.520143140349572,2012
p63_wind_g06,10,0.28064999906230026,2012
p63_wind_g06,11,0.5069819406469676,2012
p63_wind_g06,12,0.45475442826732826,2012
p63_wind_g06,13,0.28261149713717737,2012
p63_wind_g06,14,0.3834530786810861,2012
p63_wind_g06,15,0.5423281748628495,2012
p63_wind_g06,16,0.4840914065393113,2012
p63_wind_g06,17,0.4084019211471952,2012
p63_wind_g06,18,0.4166492324468292,2012
p63_wind_g06,19,0.28677955034692243,2012
p63_wind_g06,20,0.6529753597871283,2012
p63_wind_g06,21,0.18987542675286934,2012
p63_wind_g06,22,0.4843207773142766,2012
p63_wind_g06,23,0.3621413664481279,2012
p63_wind_g06,24,0.7977059171162222,2012
p63_wind_g06,25,0.5027375591619556,2012
p63_wind_g06,26,0.4685020695836234,2012
p63_wind_g06,27,0.3163785592796368,2012
p63_wind_g06,28,0.5698227016651928,2012
p63_wind_g06,29,0.5974669662139188,2012
p63_wind_g06,30,0.5931566476981165,2012
p63_wind_g06,31,0.37327384711864825,2012
p63_wind_g06,32,0.6871441313454929,2012
p63_wind_g06,33,0.5468061682237306,2012
p63_wind_g06,34,0.3932273320508723,2012
p63_wind_g06,35,0.4605531081980043,2012
p63_wind_g06,36,0.5189281955560499,2012
p63_wind_g06,37,0.8600936005759802,2012
p63_wind_g06,38,0.30031115725620733,2012
p63_wind_g06,39,0.7135173011609068,2012
p63_wind_g06,40,0.4588785614258114,2012
p63_wind_g06,41,0.4254016428874677,2012
p63_wind_g06,42,0.5094975158039761,2012
p63_wind_g06,43,0.69099940898624,2012
p63_wind_g06,44,0.4092579622793979,2012
p63_wind_g06,45,0.7620382499960933,2012
p63_wind_g06,46,0.5030902570977636,2012
p63_wind_g06,47,0.8447113730761808,2012
p63_wind_g06,48,0.6857253949566582,2012
p63_wind_g06,49,0.7481644741150648,2012
p63_wind_g06,50,0.8524422340654076,2012
p63_wind_g06,51,0.43097680358934604,2012
p63_wind_g06,52,0.741670284152667,2012
p63_wind_g06,53,0.3093908166741747,2012
p63_wind_g06,54,0.5467198807002833,2012
p63_wind_g06,55,0.23923008447665384,2012
p63_wind_g06,56,1.0,2012
p63_wind_g06,57,0.4818326342069158,2012
p63_wind_g06,58,0.5140768882370435,2012
p63_wind_g06,59,0.27982433956161823,2012
p63_wind_g06,60,0.6792322410525952,2012
p63_wind_g06,61,0.43805650517343364,2012
p63_wind_g06,62,0.7329252356531953,2012
p63_wind_g06,63,0.39214295446118286,2012
p63_wind_g06,64,0.8871677931228922,2012
p63_wind_g06,65,0.40868564928667384,2012
p63_wind_g06,66,0.6811194635377326,2012
p63_wind_g06,67,0.6139728655143467,2012
p63_wind_g06,68,0.6906608396776931,2012
p63_wind_g06,69,0.4790522434831029,2012
p63_wind_g06,70,0.41944275100390105,2012
p63_wind_g06,71,0.6045878434088598,2012
p63_wind_g06,72,0.5454196315988914,2012
p63_wind_g06,73,0.454638349646935,2012
p63_wind_g06,74,0.38342167759408885,2012
p63_wind_g06,75,0.43845897669579464,2012
p63_wind_g06,76,0.21371783738472697,2012
p63_wind_g06,77,0.6798994849894189,2012
p63_wind_g06,78,0.2782192741148036,2012
p63_wind_g06,79,1.0,2012
p63_wind_g06,80,0.39177563641580637,2012
p63_wind_g06,81,0.6103287213670859,2012
p63_wind_g06,82,0.31386732050326704,2012
p63_wind_g06,83,0.8287741851266022,2012
p63_wind_g06,84,0.3966663831928842,2012
p63_wind_g06,85,0.4567987777664178,2012
p63_wind_g06,86,0.6895947736993282,2012
p63_wind_g06,87,0.5355461651746568,2012
p63_wind_g06,88,0.4299168425870732,2012
p63_wind_g06,89,0.5312386094893949,2012
p63_wind_g06,90,0.8032379349510801,2012
p63_wind_g06,91,0.24701202759090368,2012
p63_wind_g06,92,0.8369312751364693,2012
p63_wind_g06,93,0.27446469860491013,2012
p63_wind_g06,94,0.543477918203982,2012
p63_wind_g06,95,0.35277644411257986,2012
p63_wind_g06,96,0.9830622028528564,2012
p63_wind_g06,97,0.4579589305090811,2012
p63_wind_g06,98,0.9322474040497905,2012
p63_wind_g06,99,0.5761683378165201,2012
p63_wind_g06,100,0.9661049141725248,2012
p63_wind_g06,101,0.5943569427781059,2012
p63_wind_g06,102,0.8557576306908152,2012
p63_wind_g06,103,0.5594691565591421,2012
p63_wind_g06,104,0.769670065292849,2012
p63_wind_g06,105,0.5519074397278484,2012
p63_wind_g06,106,0.3264384013714723,2012
p63_wind_g06,107,0.7795957451192196,2012
p63_wind_g06,108,0.45298619039695054,2012
p63_wind_g06,109,0.7522240622681453,2012
p63_wind_g06,110,0.3564901661966803,2012
p63_wind_g06,111,0.8232166542145812,2012
p63_wind_g06,112,0.28522727812123716,2012
p63_wind_g06,113,0.7383294913222109,2012
p63_wind_g06,114,0.45818909273307995,2012
p63_wind_g06,115,0.8508941249106946,2012
p63_wind_g06,116,0.42603965399185967,2012
p63_wind_g06,117,0.5068216112393511,2012
p63_wind_g06,118,0.5088225447171523,2012
p63_wind_g06,119,0.41057354446441136,2012
p63_wind_g06,120,0.5112739832177107,2012
p63_wind_g06,121,0.43092641882583255,2012
p63_wind_g06,122,0.6146648275566342,2012
p63_wind_g06,123,0.6423084511529112,2012
p63_wind_g06,124,0.46214506561627827,2012
p63_wind_g06,125,0.5999301143486415,2012
p63_wind_g06,126,0.5698244121696676,2012
p63_wind_g06,127,0.27304937965187653,2012
p63_wind_g06,128,0.6620912834661857,2012
p63_wind_g06,129,0.18469715859345348,2012
p63_wind_g06,130,0.80097203170596,2012
p63_wind_g06,131,0.2548684482281646,2012
p63_wind_g06,132,0.5062513435281066,2012
p63_wind_g06,133,0.24520402767455043,2012
p63_wind_g06,134,0.84612780639683,2012
p63_wind_g06,135,0.18724171670226877,2012
p63_wind_g06,136,0.34131952799433424,2012
p63_wind_g06,137,0.2087494822277792,2012
p63_wind_g06,138,0.405854156094432,2012
p63_wind_g06,139,0.2869413450359256,2012
p63_wind_g06,140,0.5190923685175051,2012
p63_wind_g06,141,0.565470198073153,2012
p63_wind_g06,142,0.5076927059432966,2012
p63_wind_g06,143,0.5205597505089591,2012
p63_wind_g06,144,0.27901700509102606,2012
p63_wind_g06,145,0.3102608760964523,2012
p63_wind_g06,146,0.3767566480101217,2012
p63_wind_g06,147,0.40910411188164114,2012
p63_wind_g06,148,0.20458491169756254,2012
p63_wind_g06,149,0.7243745250309297,2012
p63_wind_g06,150,0.34116014221514984,2012
p63_wind_g06,151,0.4577684978326125,2012
p63_wind_g06,152,0.2455814170152315,2012
p63_wind_g06,153,0.5562211104827438,2012
p63_wind_g06,154,0.18901097323692687,2012
p63_wind_g06,155,0.40135605629064686,2012
p63_wind_g06,156,0.2872955652852753,2012
p63_wind_g06,157,0.4237137517630212,2012
p63_wind_g06,158,0.3496769823863293,2012
p63_wind_g06,159,0.49721690225906645,2012
p63_wind_g06,160,0.3968874625561794,2012
p63_wind_g06,161,0.29579186466526974,2012
p63_wind_g06,162,0.39055800322177875,2012
p63_wind_g06,163,0.3852001889913185,2012
p63_wind_g06,164,0.5636031638149167,2012
p63_wind_g06,165,0.268663291456982,2012
p63_wind_g06,166,0.4141585309108904,2012
p63_wind_g06,167,0.17401762165667395,2012
p63_wind_g06,168,0.4263824583080241,2012
p63_wind_g06,169,0.17455918286004832,2012
p63_wind_g06,170,0.3247938035885512,2012
p63_wind_g06,171,0.21947273410580215,2012
p63_wind_g06,172,0.32976694175444116,2012
p63_wind_g06,173,0.29480274944580653,2012
p63_wind_g06,174,0.36991584251179144,2012
p63_wind_g06,175,0.19512063457729203,2012
p63_wind_g06,176,0.48235172509763496,2012
p63_wind_g06,177,0.34054481501516276,2012
p63_wind_g06,178,0.2120460042005041,2012
p63_wind_g06,179,0.3051275193417038,2012
p63_wind_g06,180,0.17620954076281284,2012
p63_wind_g06,181,0.3151385875314802,2012
p63_wind_g06,182,0.35808171134288463,2012
p63_wind_g06,183,0.4601272054652822,2012
p63_wind_g06,184,0.1288867471243569,2012
p63_wind_g06,185,0.4468198265046971,2012
p63_wind_g06,186,0.2585968195085167,2012
p63_wind_g06,187,0.5914101584133513,2012
p63_wind_g06,188,0.2789789331350856,2012
p63_wind_g06,189,0.5938281688079972,2012
p63_wind_g06,190,0.1762729488171952,2012
p63_wind_g06,191,0.2836749652908549,2012
p63_wind_g06,192,0.30694278303680494,2012
p63_wind_g06,193,0.3523774101470453,2012
p63_wind_g06,194,0.14832820837821198,2012
p63_wind_g06,195,0.20677301334341386,2012
p63_wind_g06,196,0.2165482648756876,2012
p63_wind_g06,197,0.4523515223540419,2012
p63_wind_g06,198,0.21018948858713962,2012
p63_wind_g06,199,0.3453519157289826,2012
p63_wind_g06,200,0.26151872498126805,2012
p63_wind_g06,201,0.2882193960043212,2012
p63_wind_g06,202,0.32605547228296844,2012
p63_wind_g06,203,0.2558597165509956,2012
p63_wind_g06,204,0.4007654057506778,2012
p63_wind_g06,205,0.22354558561064702,2012
p63_wind_g06,206,0.48252115123023387,2012
p63_wind_g06,207,0.12139915663699495,2012
p63_wind_g06,208,0.3102992744306142,2012
p63_wind_g06,209,0.19419255522123538,2012
p63_wind_g06,210,0.28815133863910997,2012
p63_wind_g06,211,0.16614645021432142,2012
p63_wind_g06,212,0.5492418584083038,2012
p63_wind_g06,213,0.1591215532821543,2012
p63_wind_g06,214,0.5159831675917432,2012
p63_wind_g06,215,0.4211438794231704,2012
p63_wind_g06,216,0.20066835063991773,2012
p63_wind_g06,217,0.437144196775952,2012
p63_wind_g06,218,0.25757745999182957,2012
p63_wind_g06,219,0.3697687957354253,2012
p63_wind_g06,220,0.18899963107800083,2012
p63_wind_g06,221,0.5234216284779075,2012
p63_wind_g06,222,0.31379673055999013,2012
p63_wind_g06,223,0.3208141787313986,2012
p63_wind_g06,224,0.20946655345515203,2012
p63_wind_g06,225,0.36824430405333136,2012
p63_wind_g06,226,0.30782646755247406,2012
p63_wind_g06,227,0.5601029791004211,2012
p63_wind_g06,228,0.3027966538749355,2012
p63_wind_g06,229,0.4634001877760264,2012
p63_wind_g06,230,0.2307083820073156,2012
p63_wind_g06,231,0.6408859293393521,2012
p63_wind_g06,232,0.39910125947885855,2012
p63_wind_g06,233,0.49467013957069844,2012
p63_wind_g06,234,0.24731326848217422,2012
p63_wind_g06,235,0.5199747463372406,2012
p63_wind_g06,236,0.6242740877213961,2012
p63_wind_g06,237,0.19557511740134692,2012
p63_wind_g06,238,0.6331965936384705,2012
p63_wind_g06,239,0.3811313923310973,2012
p63_wind_g06,240,0.5184749736379384,2012
p63_wind_g07,1,0.6244210568814065,2012
p63_wind_g07,2,0.35053246162029966,2012
p63_wind_g07,3,0.448932884165152,2012
p63_wind_g07,4,0.32144550581334735,2012
p63_wind_g07,5,0.7292245152818135,2012
p63_wind_g07,6,0.2702822110902141,2012
p63_wind_g07,7,0.7187594692237455,2012
p63_wind_g07,8,0.4560512792507648,2012
p63_wind_g07,9,0.4532685100806696,2012
p63_wind_g07,10,0.5289422262208887,2012
p63_wind_g07,11,0.39637938362105174,2012
p63_wind_g07,12,0.3673262907678526,2012
p63_wind_g07,13,0.2976280392019778,2012
p63_wind_g07,14,0.625739445424004,2012
p63_wind_g07,15,0.48299891617167723,2012
p63_wind_g07,16,0.44624122359632706,2012
p63_wind_g07,17,0.47440799459665073,2012
p63_wind_g07,18,0.47168619042940485,2012
p63_wind_g07,19,0.18706335331285212,2012
p63_wind_g07,20,0.5702864941231597,2012
p63_wind_g07,21,0.3128185020376451,2012
p63_wind_g07,22,0.8360409955353207,2012
p63_wind_g07,23,0.41825958469343283,2012
p63_wind_g07,24,0.9022759222446385,2012
p63_wind_g07,25,0.49478922744495984,2012
p63_wind_g07,26,0.7184719208583411,2012
p63_wind_g07,27,0.5406286776878079,2012
p63_wind_g07,28,0.621524576168794,2012
p63_wind_g07,29,0.6264212323986911,2012
p63_wind_g07,30,0.7159862961686764,2012
p63_wind_g07,31,0.6789685881225421,2012
p63_wind_g07,32,0.38861495594450995,2012
p63_wind_g07,33,0.43194591024134316,2012
p63_wind_g07,34,0.3240614529618561,2012
p63_wind_g07,35,0.5338426830274334,2012
p63_wind_g07,36,0.360127733406211,2012
p63_wind_g07,37,0.7026729188982678,2012
p63_wind_g07,38,0.3027356275114663,2012
p63_wind_g07,39,0.8932063659086074,2012
p63_wind_g07,40,0.20465097315237524,2012
p63_wind_g07,41,0.8861349583991746,2012
p63_wind_g07,42,0.25479849123934856,2012
p63_wind_g07,43,0.8559639361166825,2012
p63_wind_g07,44,0.5358334345001986,2012
p63_wind_g07,45,0.4109677548335527,2012
p63_wind_g07,46,0.6313037129453917,2012
p63_wind_g07,47,0.4543631460265301,2012
p63_wind_g07,48,0.6837947087471321,2012
p63_wind_g07,49,0.6120196526305072,2012
p63_wind_g07,50,0.7779809003211418,2012
p63_wind_g07,51,0.5831565988736845,2012
p63_wind_g07,52,0.5359200920437588,2012
p63_wind_g07,53,0.5410289604363224,2012
p63_wind_g07,54,0.6704048273088151,2012
p63_wind_g07,55,0.3127418146500455,2012
p63_wind_g07,56,0.5216415301623447,2012
p63_wind_g07,57,0.41300654197709,2012
p63_wind_g07,58,0.9256771367643584,2012
p63_wind_g07,59,0.41600473961912143,2012
p63_wind_g07,60,0.5609226336821364,2012
p63_wind_g07,61,0.4090927697559668,2012
p63_wind_g07,62,0.8666024422629921,2012
p63_wind_g07,63,0.3173120739454718,2012
p63_wind_g07,64,0.635779067507785,2012
p63_wind_g07,65,0.48198982830630427,2012
p63_wind_g07,66,0.69172841231227,2012
p63_wind_g07,67,0.4895816077219612,2012
p63_wind_g07,68,0.5096003699896287,2012
p63_wind_g07,69,0.7908637110688834,2012
p63_wind_g07,70,0.48852004311288494,2012
p63_wind_g07,71,0.4814034188249042,2012
p63_wind_g07,72,0.43382336137217986,2012
p63_wind_g07,73,0.634806758648293,2012
p63_wind_g07,74,0.2877729291843193,2012
p63_wind_g07,75,0.8245389763724916,2012
p63_wind_g07,76,0.265706350705793,2012
p63_wind_g07,77,0.45904857015713924,2012
p63_wind_g07,78,0.3753309960146028,2012
p63_wind_g07,79,0.6340509522934299,2012
p63_wind_g07,80,0.524258359107424,2012
p63_wind_g07,81,0.8316978019296635,2012
p63_wind_g07,82,0.5149605474332807,2012
p63_wind_g07,83,0.9433002436263204,2012
p63_wind_g07,84,0.4476575087885879,2012
p63_wind_g07,85,0.3932082392801653,2012
p63_wind_g07,86,0.7885224381385235,2012
p63_wind_g07,87,0.3565677253844612,2012
p63_wind_g07,88,0.5443422511237774,2012
p63_wind_g07,89,0.4825323830353425,2012
p63_wind_g07,90,0.6442281245936584,2012
p63_wind_g07,91,0.6046764291865098,2012
p63_wind_g07,92,0.9751577851438095,2012
p63_wind_g07,93,0.44662913200607307,2012
p63_wind_g07,94,0.7165694619420205,2012
p63_wind_g07,95,0.27733310705739156,2012
p63_wind_g07,96,0.4707169949460863,2012
p63_wind_g07,97,0.23234681381508593,2012
p63_wind_g07,98,0.9413352711954884,2012
p63_wind_g07,99,0.4391850936423616,2012
p63_wind_g07,100,0.9612363767033353,2012
p63_wind_g07,101,0.5899980065661473,2012
p63_wind_g07,102,0.5088246634632585,2012
p63_wind_g07,103,0.5061566069615333,2012
p63_wind_g07,104,0.29541904123538704,2012
p63_wind_g07,105,0.6007451956336601,2012
p63_wind_g07,106,0.5709099524883466,2012
p63_wind_g07,107,0.42568579643854215,2012
p63_wind_g07,108,0.5459249207737934,2012
p63_wind_g07,109,0.41322896958719646,2012
p63_wind_g07,110,0.2503294246841041,2012
p63_wind_g07,111,0.5818863973966577,2012
p63_wind_g07,112,0.3311592486050156,2012
p63_wind_g07,113,0.4245250382204572,2012
p63_wind_g07,114,0.21732739009433868,2012
p63_wind_g07,115,0.5009213687323509,2012
p63_wind_g07,116,0.22114809786599948,2012
p63_wind_g07,117,0.6569351613845903,2012
p63_wind_g07,118,0.4515147720000421,2012
p63_wind_g07,119,0.5565434697981003,2012
p63_wind_g07,120,0.23864691191140314,2012
p63_wind_g07,121,0.3861910784269479,2012
p63_wind_g07,122,0.5588305625619109,2012
p63_wind_g07,123,0.49792033422531423,2012
p63_wind_g07,124,0.27766016307948505,2012
p63_wind_g07,125,0.28975393393597776,2012
p63_wind_g07,126,0.5531977141358739,2012
p63_wind_g07,127,0.3563520404571994,2012
p63_wind_g07,128,0.4364945620571016,2012
p63_wind_g07,129,0.38655450405965835,2012
p63_wind_g07,130,0.3190570183625403,2012
p63_wind_g07,131,0.3839695100042294,2012
p63_wind_g07,132,0.6021036012881962,2012
p63_wind_g07,133,0.19787560664252676,2012
p63_wind_g07,134,0.3362767805640736,2012
p63_wind_g07,135,0.18600022877835284,2012
p63_wind_g07,136,0.6913631105818643,2012
p63_wind_g07,137,0.1987252775292808,2012
p63_wind_g07,138,0.6480652908016498,2012
p63_wind_g07,139,0.20400434271151963,2012
p63_wind_g07,140,0.6117734390482548,2012
p63_wind_g07,141,0.38879288211810165,2012
p63_wind_g07,142,0.3669593167659698,2012
p63_wind_g07,143,0.30531474624153965,2012
p63_wind_g07,144,0.4393506083370416,2012
p63_wind_g07,145,0.4941384549666217,2012
p63_wind_g07,146,0.3294857208998164,2012
p63_wind_g07,147,0.5721379275954359,2012
p63_wind_g07,148,0.2860122853017557,2012
p63_wind_g07,149,0.5088087487073657,2012
p63_wind_g07,150,0.3089890570557365,2012
p63_wind_g07,151,0.420388920137781,2012
p63_wind_g07,152,0.3149004487297056,2012
p63_wind_g07,153,0.5944261415067718,2012
p63_wind_g07,154,0.21690871168296555,2012
p63_wind_g07,155,0.3896869259674192,2012
p63_wind_g07,156,0.2523952400399863,2012
p63_wind_g07,157,0.5455605343769115,2012
p63_wind_g07,158,0.35231310760437645,2012
p63_wind_g07,159,0.3042681537426905,2012
p63_wind_g07,160,0.378826841803051,2012
p63_wind_g07,161,0.4241224110062245,2012
p63_wind_g07,162,0.20687362526153572,2012
p63_wind_g07,163,0.27556727908727385,2012
p63_wind_g07,164,0.3733503580582699,2012
p63_wind_g07,165,0.17333466656156093,2012
p63_wind_g07,166,0.5410955345286733,2012
p63_wind_g07,167,0.3032332706578513,2012
p63_wind_g07,168,0.4881708251121306,2012
p63_wind_g07,169,0.2033056682239011,2012
p63_wind_g07,170,0.5584850211044944,2012
p63_wind_g07,171,0.15195589912695667,2012
p63_wind_g07,172,0.435722314924006,2012
p63_wind_g07,173,0.19267988922336976,2012
p63_wind_g07,174,0.4807982521202558,2012
p63_wind_g07,175,0.3526167772564819,2012
p63_wind_g07,176,0.32355140400099514,2012
p63_wind_g07,177,0.35287983100408854,2012
p63_wind_g07,178,0.4527921174555591,2012
p63_wind_g07,179,0.34800786400974604,2012
p63_wind_g07,180,0.251504454284296,2012
p63_wind_g07,181,0.21015338657353178,2012
p63_wind_g07,182,0.2471246028694294,2012
p63_wind_g07,183,0.30368553273067395,2012
p63_wind_g07,184,0.16507803697353207,2012
p63_wind_g07,185,0.33473548979015605,2012
p63_wind_g07,186,0.20914469373061426,2012
p63_wind_g07,187,0.27923279891299363,2012
p63_wind_g07,188,0.16119514613332867,2012
p63_wind_g07,189,0.3478449856320582,2012
p63_wind_g07,190,0.2997149998779895,2012
p63_wind_g07,191,0.25965716172073317,2012
p63_wind_g07,192,0.24904013744694115,2012
p63_wind_g07,193,0.44785954826494995,2012
p63_wind_g07,194,0.23105466947320735,2012
p63_wind_g07,195,0.34849142639882624,2012
p63_wind_g07,196,0.28921156484554844,2012
p63_wind_g07,197,0.2856757781972921,2012
p63_wind_g07,198,0.2513704727285505,2012
p63_wind_g07,199,0.28498365569063244,2012
p63_wind_g07,200,0.30875410927977326,2012
p63_wind_g07,201,0.16486679830007903,2012
p63_wind_g07,202,0.4768025147529059,2012
p63_wind_g07,203,0.1737768399859419,2012
p63_wind_g07,204,0.25120627439358134,2012
p63_wind_g07,205,0.2619147428992176,2012
p63_wind_g07,206,0.5331422714898499,2012
p63_wind_g07,207,0.2511186125160155,2012
p63_wind_g07,208,0.2524255782845096,2012
p63_wind_g07,209,0.2336675290913153,2012
p63_wind_g07,210,0.3255425558892105,2012
p63_wind_g07,211,0.273113538401831,2012
p63_wind_g07,212,0.5050902955980116,2012
p63_wind_g07,213,0.301429168666833,2012
p63_wind_g07,214,0.27656670810598916,2012
p63_wind_g07,215,0.3986277815898772,2012
p63_wind_g07,216,0.22732060157172165,2012
p63_wind_g07,217,0.3615503417555113,2012
p63_wind_g07,218,0.18595486756813825,2012
p63_wind_g07,219,0.34065056393526183,2012
p63_wind_g07,220,0.23439266002665995,2012
p63_wind_g07,221,0.4698817806432959,2012
p63_wind_g07,222,0.2531881354400689,2012
p63_wind_g07,223,0.4212862463544218,2012
p63_wind_g07,224,0.18201827219430103,2012
p63_wind_g07,225,0.5205499419769669,2012
p63_wind_g07,226,0.1691796863220189,2012
p63_wind_g07,227,0.6014891605678895,2012
p63_wind_g07,228,0.1421887828985235,2012
p63_wind_g07,229,0.625911523596607,2012
p63_wind_g07,230,0.33742770953282936,2012
p63_wind_g07,231,0.5121333802278553,2012
p63_wind_g07,232,0.3410071187034278,2012
p63_wind_g07,233,0.4704421515108686,2012
p63_wind_g07,234,0.29778512683061703,2012
p63_wind_g07,235,0.37070970463039615,2012
p63_wind_g07,236,0.476832691942842,2012
p63_wind_g07,237,0.4298047636695385,2012
p63_wind_g07,238,0.5810761724184156,2012
p63_wind_g07,239,0.44208328962788207,2012
p63_wind_g07,240,0.5993195750169009,2012
p63_wind_g08,1,0.5590485643323274,2012
p63_wind_g08,2,0.16941306428739794,2012
p63_wind_g08,3,0.5572312419085934,2012
p63_wind_g08,4,0.2976928415451845,2012
p63_wind_g08,5,0.4709955505006849,2012
p63_wind_g08,6,0.2120421070241793,2012
p63_wind_g08,7,0.6534493648187509,2012
p63_wind_g08,8,0.18922257571210852,2012
p63_wind_g08,9,0.4830551493328271,2012
p63_wind_g08,10,0.3492983415151981,2012
p63_wind_g08,11,0.5325142958965304,2012
p63_wind_g08,12,0.3330203990818261,2012
p63_wind_g08,13,0.25388708707607066,2012
p63_wind_g08,14,0.32872393577971726,2012
p63_wind_g08,15,0.505855901458015,2012
p63_wind_g08,16,0.7089159960572552,2012
p63_wind_g08,17,0.37243483482703194,2012
p63_wind_g08,18,0.7964093144810355,2012
p63_wind_g08,19,0.317316711477577,2012
p63_wind_g08,20,0.6311088987631738,2012
p63_wind_g08,21,0.33258911736647795,2012
p63_wind_g08,22,0.7102383397865633,2012
p63_wind_g08,23,0.37160664606585186,2012
p63_wind_g08,24,0.4952844727988458,2012
p63_wind_g08,25,0.38493711825886545,2012
p63_wind_g08,26,0.691200754839294,2012
p63_wind_g08,27,0.46966673417841687,2012
p63_wind_g08,28,0.651342013113603,2012
p63_wind_g08,29,0.2755368530783651,2012
p63_wind_g08,30,0.280961392095447,2012
p63_wind_g08,31,0.49519396587663256,2012
p63_wind_g08,32,0.4738272069239918,2012
p63_wind_g08,33,0.6221151088318748,2012
p63_wind_g08,34,0.5116906936530778,2012
p63_wind_g08,35,0.7540608555119022,2012
p63_wind_g08,36,0.4006615384752507,2012
p63_wind_g08,37,0.7752840414395014,2012
p63_wind_g08,38,0.31183194799850594,2012
p63_wind_g08,39,0.7502946174597921,2012
p63_wind_g08,40,0.23545321804650107,2012
p63_wind_g08,41,0.9538158753706458,2012
p63_wind_g08,42,0.38673959004552905,2012
p63_wind_g08,43,0.614711426189056,2012
p63_wind_g08,44,0.3818672042382521,2012
p63_wind_g08,45,0.42149733121065874,2012
p63_wind_g08,46,0.330622392538625,2012
p63_wind_g08,47,0.5787497967733185,2012
p63_wind_g08,48,0.441740324811759,2012
p63_wind_g08,49,0.7470325541426153,2012
p63_wind_g08,50,0.4725635876562625,2012
p63_wind_g08,51,0.2834736544957886,2012
p63_wind_g08,52,0.6265351519168543,2012
p63_wind_g08,53,0.5192695374299071,2012
p63_wind_g08,54,0.6231918117283721,2012
p63_wind_g08,55,0.3698546014396339,2012
p63_wind_g08,56,0.9832108657266518,2012
p63_wind_g08,57,0.419223885142605,2012
p63_wind_g08,58,0.944895271791019,2012
p63_wind_g08,59,0.2645686095258647,2012
p63_wind_g08,60,0.9460811859753475,2012
p63_wind_g08,61,0.3619392130134557,2012
p63_wind_g08,62,0.5670161012497288,2012
p63_wind_g08,63,0.3939231126379393,2012
p63_wind_g08,64,0.746978145328621,2012
p63_wind_g08,65,0.3090665574586488,2012
p63_wind_g08,66,0.3491232844625748,2012
p63_wind_g08,67,0.34666182382270194,2012
p63_wind_g08,68,0.3858075606420172,2012
p63_wind_g08,69,0.36435761561873165,2012
p63_wind_g08,70,0.35370023747556156,2012
p63_wind_g08,71,0.6431930545370913,2012
p63_wind_g08,72,0.5920093870007935,2012
p63_wind_g08,73,0.6183248175287229,2012
p63_wind_g08,74,0.45496270681080136,2012
p63_wind_g08,75,0.7892993148329783,2012
p63_wind_g08,76,0.38470520912618744,2012
p63_wind_g08,77,0.5633972723379341,2012
p63_wind_g08,78,0.33477572192471106,2012
p63_wind_g08,79,0.7899732999077621,2012
p63_wind_g08,80,0.4893651126862181,2012
p63_wind_g08,81,0.5610412491280039,2012
p63_wind_g08,82,0.4628611691353104,2012
p63_wind_g08,83,0.5574632209438332,2012
p63_wind_g08,84,0.34742751268839234,2012
p63_wind_g08,85,0.8302928522206117,2012
p63_wind_g08,86,0.38344703149564263,2012
p63_wind_g08,87,0.5835347205259352,2012
p63_wind_g08,88,0.4209994719218782,2012
p63_wind_g08,89,0.6259985230698267,2012
p63_wind_g08,90,0.9152463736113592,2012
p63_wind_g08,91,0.323400955637276,2012
p63_wind_g08,92,0.9484676234284345,2012
p63_wind_g08,93,0.3956488037550705,2012
p63_wind_g08,94,0.695196143107298,2012
p63_wind_g08,95,0.3698853419492303,2012
p63_wind_g08,96,0.5967793808391575,2012
p63_wind_g08,97,0.1852098269700134,2012
p63_wind_g08,98,0.7755536437812777,2012
p63_wind_g08,99,0.4677085072538424,2012
p63_wind_g08,100,0.488364498616634,2012
p63_wind_g08,101,0.28834160461459063,2012
p63_wind_g08,102,0.6089172201294053,2012
p63_wind_g08,103,0.6103089274515459,2012
p63_wind_g08,104,0.34962310973470445,2012
p63_wind_g08,105,0.31316859381463485,2012
p63_wind_g08,106,0.4958146441710391,2012
p63_wind_g08,107,0.4382136872417619,2012
p63_wind_g08,108,0.40576442495969395,2012
p63_wind_g08,109,0.7455513681985885,2012
p63_wind_g08,110,0.48166057620064734,2012
p63_wind_g08,111,0.6743229387816284,2012
p63_wind_g08,112,0.28364842637427995,2012
p63_wind_g08,113,0.3781976330246068,2012
p63_wind_g08,114,0.41882662600633025,2012
p63_wind_g08,115,0.6007713620039187,2012
p63_wind_g08,116,0.4407763594561339,2012
p63_wind_g08,117,0.3611668273520491,2012
p63_wind_g08,118,0.44480107801580965,2012
p63_wind_g08,119,0.3958614658387458,2012
p63_wind_g08,120,0.39061300996062776,2012
p63_wind_g08,121,0.40177109863285243,2012
p63_wind_g08,122,0.492392876382916,2012
p63_wind_g08,123,0.5277138010297561,2012
p63_wind_g08,124,0.5118605200610176,2012
p63_wind_g08,125,0.5214221574469248,2012
p63_wind_g08,126,0.2710871260654754,2012
p63_wind_g08,127,0.28534249263275735,2012
p63_wind_g08,128,0.6296389766925847,2012
p63_wind_g08,129,0.3698203088074207,2012
p63_wind_g08,130,0.5561857134312603,2012
p63_wind_g08,131,0.219239611366529,2012
p63_wind_g08,132,0.6366071113235114,2012
p63_wind_g08,133,0.30717715298016923,2012
p63_wind_g08,134,0.7390844583825414,2012
p63_wind_g08,135,0.3934859007941603,2012
p63_wind_g08,136,0.32519772466768754,2012
p63_wind_g08,137,0.19748693838340484,2012
p63_wind_g08,138,0.5966821379025011,2012
p63_wind_g08,139,0.23386869716654152,2012
p63_wind_g08,140,0.598950427305685,2012
p63_wind_g08,141,0.3301460736556166,2012
p63_wind_g08,142,0.4314522711869457,2012
p63_wind_g08,143,0.3614460828998587,2012
p63_wind_g08,144,0.4101085034603365,2012
p63_wind_g08,145,0.4140312023322714,2012
p63_wind_g08,146,0.37621458252256723,2012
p63_wind_g08,147,0.4958349678532767,2012
p63_wind_g08,148,0.1556261941245622,2012
p63_wind_g08,149,0.3968341813964348,2012
p63_wind_g08,150,0.22303299800579993,2012
p63_wind_g08,151,0.3170402830728568,2012
p63_wind_g08,152,0.1975560424516629,2012
p63_wind_g08,153,0.44741132531274763,2012
p63_wind_g08,154,0.2540942603508588,2012
p63_wind_g08,155,0.4767608697326657,2012
p63_wind_g08,156,0.19432137433971083,2012
p63_wind_g08,157,0.3469224948173725,2012
p63_wind_g08,158,0.2878725306595175,2012
p63_wind_g08,159,0.34808309405902504,2012
p63_wind_g08,160,0.1784773283327808,2012
p63_wind_g08,161,0.36859499248419236,2012
p63_wind_g08,162,0.20726990764899017,2012
p63_wind_g08,163,0.2996631260062794,2012
p63_wind_g08,164,0.32591200798472486,2012
p63_wind_g08,165,0.17138116372676776,2012
p63_wind_g08,166,0.2850572473006113,2012
p63_wind_g08,167,0.14947600651264142,2012
p63_wind_g08,168,0.5396277989328194,2012
p63_wind_g08,169,0.14383410224090926,2012
p63_wind_g08,170,0.2407733052833562,2012
p63_wind_g08,171,0.2488984546707731,2012
p63_wind_g08,172,0.22476058608175284,2012
p63_wind_g08,173,0.22908520999546722,2012
p63_wind_g08,174,0.5221658657566737,2012
p63_wind_g08,175,0.26508502253723,2012
p63_wind_g08,176,0.49993923780231136,2012
p63_wind_g08,177,0.29073293047358223,2012
p63_wind_g08,178,0.18514182365529128,2012
p63_wind_g08,179,0.3898365103459156,2012
p63_wind_g08,180,0.28276928463894163,2012
p63_wind_g08,181,0.20343324570121724,2012
p63_wind_g08,182,0.3146667242839604,2012
p63_wind_g08,183,0.2595516720982638,2012
p63_wind_g08,184,0.2105095286840877,2012
p63_wind_g08,185,0.2654675179399422,2012
p63_wind_g08,186,0.19680813219202023,2012
p63_wind_g08,187,0.48763270759448274,2012
p63_wind_g08,188,0.1072545013272791,2012
p63_wind_g08,189,0.4805277186594653,2012
p63_wind_g08,190,0.20632052402508236,2012
p63_wind_g08,191,0.41668264666498456,2012
p63_wind_g08,192,0.22912007629175266,2012
p63_wind_g08,193,0.2222508212570112,2012
p63_wind_g08,194,0.1866504642232558,2012
p63_wind_g08,195,0.3467721365211503,2012
p63_wind_g08,196,0.3588105777334906,2012
p63_wind_g08,197,0.3321551317904836,2012
p63_wind_g08,198,0.21068075112253648,2012
p63_wind_g08,199,0.3697655079665299,2012
p63_wind_g08,200,0.42419007299384476,2012
p63_wind_g08,201,0.2407203528909183,2012
p63_wind_g08,202,0.4360121665710561,2012
p63_wind_g08,203,0.1753935166809739,2012
p63_wind_g08,204,0.44376041838000474,2012
p63_wind_g08,205,0.15902749730589857,2012
p63_wind_g08,206,0.37602900976826437,2012
p63_wind_g08,207,0.20527968911323136,2012
p63_wind_g08,208,0.37571227243786887,2012
p63_wind_g08,209,0.1993117525724531,2012
p63_wind_g08,210,0.24578587190631607,2012
p63_wind_g08,211,0.23224199173901772,2012
p63_wind_g08,212,0.2959214615429263,2012
p63_wind_g08,213,0.35203277330862026,2012
p63_wind_g08,214,0.2937818771049477,2012
p63_wind_g08,215,0.17908523716537253,2012
p63_wind_g08,216,0.39205574383380437,2012
p63_wind_g08,217,0.37790369827095555,2012
p63_wind_g08,218,0.17703718305890434,2012
p63_wind_g08,219,0.36876945580340376,2012
p63_wind_g08,220,0.24655228265338477,2012
p63_wind_g08,221,0.47128314477855093,2012
p63_wind_g08,222,0.26872456810539397,2012
p63_wind_g08,223,0.4433472444738127,2012
p63_wind_g08,224,0.13177212162370805,2012
p63_wind_g08,225,0.5859185454661174,2012
p63_wind_g08,226,0.3022602681421322,2012
p63_wind_g08,227,0.5933429024588356,2012
p63_wind_g08,228,0.16963016311466889,2012
p63_wind_g08,229,0.6029508932908559,2012
p63_wind_g08,230,0.244235562405946,2012
p63_wind_g08,231,0.48055923486273633,2012
p63_wind_g08,232,0.4444356930050648,2012
p63_wind_g08,233,0.33748548395247274,2012
p63_wind_g08,234,0.501230704757211,2012
p63_wind_g08,235,0.3472743249142993,2012
p63_wind_g08,236,0.23939963850323048,2012
p63_wind_g08,237,0.24550461331173942,2012
p63_wind_g08,238,0.5344725923933001,2012
p63_wind_g08,239,0.24750260347349806,2012
p63_wind_g08,240,0.5863121587980771,2012
p63_wind_g09,1,0.61982012924399,2012
p63_wind_g09,2,0.2390481704397327,2012
p63_wind_g09,3,0.4108835287082193,2012
p63_wind_g09,4,0.33059769525919086,2012
p63_wind_g09,5,0.43626739670299725,2012
p63_wind_g09,6,0.2702419469935979,2012
p63_wind_g09,7,0.3466933796250286,2012
p63_wind_g09,8,0.4314879209608486,2012
p63_wind_g09,9,0.39845678070921153,2012
p63_wind_g09,10,0.1922545308907911,2012
p63_wind_g09,11,0.24293376364373245,2012
p63_wind_g09,12,0.44071378628813085,2012
p63_wind_g09,13,0.35976432710596684,2012
p63_wind_g09,14,0.41924745394763147,2012
p63_wind_g09,15,0.368054206563659,2012
p63_wind_g09,16,0.46916400293907107,2012
p63_wind_g09,17,0.37976306243550484,2012
p63_wind_g09,18,0.31912680811221916,2012
p63_wind_g09,19,0.3403866523161183,2012
p63_wind_g09,20,0.35063043723356285,2012
p63_wind_g09,21,0.22368403070955206,2012
p63_wind_g09,22,0.31746422306756605,2012
p63_wind_g09,23,0.2477687964847272,2012
p63_wind_g09,24,0.3347593843244418,2012
p63_wind_g09,25,0.29961789120982857,2012
p63_wind_g09,26,0.3857933451801621,2012
p63_wind_g09,27,0.4931614715302236,2012
p63_wind_g09,28,0.5976050496375945,2012
p63_wind_g09,29,0.2731952932655084,2012
p63_wind_g09,30,0.4775362917187858,2012
p63_wind_g09,31,0.31178124441669974,2012
p63_wind_g09,32,0.5339429276260393,2012
p63_wind_g09,33,0.6543069814254164,2012
p63_wind_g09,34,0.4444060096267912,2012
p63_wind_g09,35,0.4044324171678964,2012
p63_wind_g09,36,0.2858019719223995,2012
p63_wind_g09,37,0.38335788576753044,2012
p63_wind_g09,38,0.24665678772937977,2012
p63_wind_g09,39,0.43398629076984885,2012
p63_wind_g09,40,0.2634610375590179,2012
p63_wind_g09,41,0.6144197038350832,2012
p63_wind_g09,42,0.18537521832435883,2012
p63_wind_g09,43,0.5055420027391507,2012
p63_wind_g09,44,0.403696676179768,2012
p63_wind_g09,45,0.8063956422385755,2012
p63_wind_g09,46,0.29319712612314924,2012
p63_wind_g09,47,0.3317958890724435,2012
p63_wind_g09,48,0.4933081538161549,2012
p63_wind_g09,49,0.6238084045351463,2012
p63_wind_g09,50,0.5867291712022171,2012
p63_wind_g09,51,0.5655252926085873,2012
p63_wind_g09,52,0.7885944563470122,2012
p63_wind_g09,53,0.3018449361416605,2012
p63_wind_g09,54,0.8874488850791507,2012
p63_wind_g09,55,0.5063517383691136,2012
p63_wind_g09,56,0.7911361183868699,2012
p63_wind_g09,57,0.20638079111106444,2012
p63_wind_g09,58,0.8536080646585199,2012
p63_wind_g09,59,0.32544353416963134,2012
p63_wind_g09,60,0.7029366143406991,2012
p63_wind_g09,61,0.41288131377047327,2012
p63_wind_g09,62,0.38955293846217026,2012
p63_wind_g09,63,0.5220524723747896,2012
p63_wind_g09,64,0.5574574328562625,2012
p63_wind_g09,65,0.6365410446347454,2012
p63_wind_g09,66,0.4458437979243564,2012
p63_wind_g09,67,0.6362662061676373,2012
p63_wind_g09,68,0.32039230315753203,2012
p63_wind_g09,69,0.7310016513091938,2012
p63_wind_g09,70,0.26846792126079483,2012
p63_wind_g09,71,0.7895163741842052,2012
p63_wind_g09,72,0.5032953037962006,2012
p63_wind_g09,73,0.7691164787032307,2012
p63_wind_g09,74,0.31828455534428,2012
p63_wind_g09,75,0.5566423166518568,2012
p63_wind_g09,76,0.34703993239594,2012
p63_wind_g09,77,0.5034698003975984,2012
p63_wind_g09,78,0.3234544692681002,2012
p63_wind_g09,79,0.40279270309150167,2012
p63_wind_g09,80,0.4767092386780753,2012
p63_wind_g09,81,0.6186900376593787,2012
p63_wind_g09,82,0.3047197327047787,2012
p63_wind_g09,83,0.43487686817555976,2012
p63_wind_g09,84,0.3705751416618971,2012
p63_wind_g09,85,0.7915538850103819,2012
p63_wind_g09,86,0.6060330661433063,2012
p63_wind_g09,87,0.434505326671594,2012
p63_wind_g09,88,0.5014012851958779,2012
p63_wind_g09,89,0.44093232579896824,2012
p63_wind_g09,90,0.7504790579047586,2012
p63_wind_g09,91,0.23583978524775,2012
p63_wind_g09,92,0.3710031575707362,2012
p63_wind_g09,93,0.24891382559781203,2012
p63_wind_g09,94,0.46639917512176515,2012
p63_wind_g09,95,0.31823687773454495,2012
p63_wind_g09,96,0.38922248129384807,2012
p63_wind_g09,97,0.34881161472332595,2012
p63_wind_g09,98,0.6631520489962207,2012
p63_wind_g09,99,0.3253005786563238,2012
p63_wind_g09,100,0.6881193092897679,2012
p63_wind_g09,101,0.5157313746602741,2012
p63_wind_g09,102,0.3489756107454657,2012
p63_wind_g09,103,0.25295106660734,2012
p63_wind_g09,104,0.5159856848287757,2012
p63_wind_g09,105,0.6600676866361527,2012
p63_wind_g09,106,0.45179032541415926,2012
p63_wind_g09,107,0.43338073147365547,2012
p63_wind_g09,108,0.4101867323138132,2012
p63_wind_g09,109,0.6226955687143542,2012
p63_wind_g09,110,0.2784393724680689,2012
p63_wind_g09,111,0.7881200436813951,2012
p63_wind_g09,112,0.4236686325297527,2012
p63_wind_g09,113,0.37241910766769565,2012
p63_wind_g09,114,0.23935772139329736,2012
p63_wind_g09,115,0.8139910888035177,2012
p63_wind_g09,116,0.22043656536280987,2012
p63_wind_g09,117,0.7160537584107854,2012
p63_wind_g09,118,0.336068268887667,2012
p63_wind_g09,119,0.37650745065537555,2012
p63_wind_g09,120,0.4514800957642053,2012
p63_wind_g09,121,0.3752647514717039,2012
p63_wind_g09,122,0.36796162011673333,2012
p63_wind_g09,123,0.6040365226408833,2012
p63_wind_g09,124,0.4557379912990235,2012
p63_wind_g09,125,0.4612837555992775,2012
p63_wind_g09,126,0.3150455482401552,2012
p63_wind_g09,127,0.18677046558078975,2012
p63_wind_g09,128,0.5936758927307701,2012
p63_wind_g09,129,0.19251131214884115,2012
p63_wind_g09,130,0.5158170505743124,2012
p63_wind_g09,131,0.3130167999872291,2012
p63_wind_g09,132,0.7108330053762209,2012
p63_wind_g09,133,0.22222315297124925,2012
p63_wind_g09,134,0.6465034776517617,2012
p63_wind_g09,135,0.32352416938574313,2012
p63_wind_g09,136,0.41074055115271435,2012
p63_wind_g09,137,0.30462613574167685,2012
p63_wind_g09,138,0.27855141695960645,2012
p63_wind_g09,139,0.2905288603121345,2012
p63_wind_g09,140,0.5505162518258601,2012
p63_wind_g09,141,0.3909269503645864,2012
p63_wind_g09,142,0.25713478910448057,2012
p63_wind_g09,143,0.23270865600967064,2012
p63_wind_g09,144,0.1675997183194673,2012
p63_wind_g09,145,0.40583114559391725,2012
p63_wind_g09,146,0.3431159491622515,2012
p63_wind_g09,147,0.5160860834155235,2012
p63_wind_g09,148,0.162800296306098,2012
p63_wind_g09,149,0.2642979738742961,2012
p63_wind_g09,150,0.20366577326630136,2012
p63_wind_g09,151,0.6323368702391378,2012
p63_wind_g09,152,0.28307575523873757,2012
p63_wind_g09,153,0.31480512422383694,2012
p63_wind_g09,154,0.189353185305318,2012
p63_wind_g09,155,0.32097407096250535,2012
p63_wind_g09,156,0.28219791799707933,2012
p63_wind_g09,157,0.42286380542892305,2012
p63_wind_g09,158,0.2973011041030409,2012
p63_wind_g09,159,0.32644735112908824,2012
p63_wind_g09,160,0.2864825391811437,2012
p63_wind_g09,161,0.3032410252684417,2012
p63_wind_g09,162,0.3418532506161841,2012
p63_wind_g09,163,0.3099681114521281,2012
p63_wind_g09,164,0.339217603166253,2012
p63_wind_g09,165,0.2991054149098245,2012
p63_wind_g09,166,0.5335814030146186,2012
p63_wind_g09,167,0.25417849582193286,2012
p63_wind_g09,168,0.48681515725453545,2012
p63_wind_g09,169,0.12639522186931845,2012
p63_wind_g09,170,0.418890739620752,2012
p63_wind_g09,171,0.275907855611687,2012
p63_wind_g09,172,0.23945123245468886,2012
p63_wind_g09,173,0.1828492507696418,2012
p63_wind_g09,174,0.27480144418019964,2012
p63_wind_g09,175,0.3184167058160697,2012
p63_wind_g09,176,0.32142740075696696,2012
p63_wind_g09,177,0.28358737937600303,2012
p63_wind_g09,178,0.35909504956359056,2012
p63_wind_g09,179,0.2991898125705803,2012
p63_wind_g09,180,0.3167261915412945,2012
p63_wind_g09,181,0.32145116534672696,2012
p63_wind_g09,182,0.23463285108695725,2012
p63_wind_g09,183,0.40010313384020535,2012
p63_wind_g09,184,0.24126171193974064,2012
p63_wind_g09,185,0.4710884483435197,2012
p63_wind_g09,186,0.23879971814011183,2012
p63_wind_g09,187,0.4667485976574773,2012
p63_wind_g09,188,0.24836615363963632,2012
p63_wind_g09,189,0.4000833660791014,2012
p63_wind_g09,190,0.1950052411771704,2012
p63_wind_g09,191,0.4532816560841974,2012
p63_wind_g09,192,0.25692705860431103,2012
p63_wind_g09,193,0.44119388553010086,2012
p63_wind_g09,194,0.22472088166830176,2012
p63_wind_g09,195,0.3090266567898141,2012
p63_wind_g09,196,0.3509429217214974,2012
p63_wind_g09,197,0.2046541976871879,2012
p63_wind_g09,198,0.3056854561540318,2012
p63_wind_g09,199,0.27506016718316934,2012
p63_wind_g09,200,0.4050266055775475,2012
p63_wind_g09,201,0.2723624475222046,2012
p63_wind_g09,202,0.2463747816279331,2012
p63_wind_g09,203,0.17952172555683207,2012
p63_wind_g09,204,0.30997806931588934,2012
p63_wind_g09,205,0.16736895086307124,2012
p63_wind_g09,206,0.5227867129781479,2012
p63_wind_g09,207,0.139082672536628,2012
p63_wind_g09,208,0.2231902600577723,2012
p63_wind_g09,209,0.1412246435371934,2012
p63_wind_g09,210,0.21795578783240332,2012
p63_wind_g09,211,0.2660250289970793,2012
p63_wind_g09,212,0.38267423459921207,2012
p63_wind_g09,213,0.3237774527555967,2012
p63_wind_g09,214,0.3481460849233278,2012
p63_wind_g09,215,0.20735382032340255,2012
p63_wind_g09,216,0.21009610929773595,2012
p63_wind_g09,217,0.35958774202741867,2012
p63_wind_g09,218,0.1511744815200746,2012
p63_wind_g09,219,0.4365296647883012,2012
p63_wind_g09,220,0.3180585703562382,2012
p63_wind_g09,221,0.4688306249597405,2012
p63_wind_g09,222,0.3197274342364128,2012
p63_wind_g09,223,0.3086075006399562,2012
p63_wind_g09,224,0.17772943092880558,2012
p63_wind_g09,225,0.5642565862148181,2012
p63_wind_g09,226,0.1886657123977663,2012
p63_wind_g09,227,0.4265428195616591,2012
p63_wind_g09,228,0.13475908144738571,2012
p63_wind_g09,229,0.39983971132378326,2012
p63_wind_g09,230,0.26819580203142274,2012
p63_wind_g09,231,0.23647701434914412,2012
p63_wind_g09,232,0.299877864529678,2012
p63_wind_g09,233,0.3502906068589485,2012
p63_wind_g09,234,0.4382592021693628,2012
p63_wind_g09,235,0.21671530477844883,2012
p63_wind_g09,236,0.27868197716867277,2012
p63_wind_g09,237,0.2715655422650568,2012
p63_wind_g09,238,0.5787224434398643,2012
p63_wind_g09,239,0.29287560222291514,2012
p63_wind_g09,240,0.522201188420664,2012
p63_wind_g10,1,0.38839741443686665,2012
p63_wind_g10,2,0.1595863908598265,2012
p63_wind_g10,3,0.6157218164580577,2012
p63_wind_g10,4,0.29012126308362757,2012
p63_wind_g10,5,0.34647930587008624,2012
p63_wind_g10,6,0.14506426375877327,2012
p63_wind_g10,7,0.5829690833543106,2012
p63_wind_g10,8,0.15951280175216237,2012
p63_wind_g10,9,0.35771606451599397,2012
p63_wind_g10,10,0.31864807062909106,2012
p63_wind_g10,11,0.4462757462385966,2012
p63_wind_g10,12,0.42012235276425697,2012
p63_wind_g10,13,0.3344067655712238,2012
p63_wind_g10,14,0.4124022508233947,2012
p63_wind_g10,15,0.24821034613805923,2012
p63_wind_g10,16,0.5414337660503344,2012
p63_wind_g10,17,0.20188121844034435,2012
p63_wind_g10,18,0.2984226433921332,2012
p63_wind_g10,19,0.20295002701178239,2012
p63_wind_g10,20,0.40833029032060514,2012
p63_wind_g10,21,0.16390553365164348,2012
p63_wind_g10,22,0.47649526926763325,2012
p63_wind_g10,23,0.18586963941213855,2012
p63_wind_g10,24,0.34311309211610824,2012
p63_wind_g10,25,0.3669868370499281,2012
p63_wind_g10,26,0.3588174925655215,2012
p63_wind_g10,27,0.30519804976183534,2012
p63_wind_g10,28,0.5628748425707105,2012
p63_wind_g10,29,0.2803050994234995,2012
p63_wind_g10,30,0.3217353761745187,2012
p63_wind_g10,31,0.3819703283358045,2012
p63_wind_g10,32,0.22596414011948418,2012
p63_wind_g10,33,0.3535245334104357,2012
p63_wind_g10,34,0.30223455519667336,2012
p63_wind_g10,35,0.683260479231178,2012
p63_wind_g10,36,0.31295718554213403,2012
p63_wind_g10,37,0.6895970620525614,2012
p63_wind_g10,38,0.2659950574467708,2012
p63_wind_g10,39,0.43480234966658476,2012
p63_wind_g10,40,0.22945350201203013,2012
p63_wind_g10,41,0.5043396191853385,2012
p63_wind_g10,42,0.39249785233970585,2012
p63_wind_g10,43,0.5996265627028498,2012
p63_wind_g10,44,0.2534594711361649,2012
p63_wind_g10,45,0.39687514801113827,2012
p63_wind_g10,46,0.4914323675438913,2012
p63_wind_g10,47,0.5678537300515416,2012
p63_wind_g10,48,0.4632367747344271,2012
p63_wind_g10,49,0.41949700910153037,2012
p63_wind_g10,50,0.5985866337717526,2012
p63_wind_g10,51,0.35088504690068356,2012
p63_wind_g10,52,0.27406715549739946,2012
p63_wind_g10,53,0.21662912665418915,2012
p63_wind_g10,54,0.3932107177294579,2012
p63_wind_g10,55,0.4402419393185796,2012
p63_wind_g10,56,0.46192835316822284,2012
p63_wind_g10,57,0.28901037233599447,2012
p63_wind_g10,58,0.36835207085085037,2012
p63_wind_g10,59,0.2816497770575042,2012
p63_wind_g10,60,0.3404640852991306,2012
p63_wind_g10,61,0.3056312938599845,2012
p63_wind_g10,62,0.3477701542080327,2012
p63_wind_g10,63,0.2741896757011951,2012
p63_wind_g10,64,0.5951286781065714,2012
p63_wind_g10,65,0.24178111212918135,2012
p63_wind_g10,66,0.6059006321581903,2012
p63_wind_g10,67,0.5643614788512036,2012
p63_wind_g10,68,0.5488728052720646,2012
p63_wind_g10,69,0.30434296789203674,2012
p63_wind_g10,70,0.3751432171876385,2012
p63_wind_g10,71,0.48425142918039776,2012
p63_wind_g10,72,0.42192409360242206,2012
p63_wind_g10,73,0.559558149512486,2012
p63_wind_g10,74,0.4448467145144457,2012
p63_wind_g10,75,0.5141408588762004,2012
p63_wind_g10,76,0.2427500870683992,2012
p63_wind_g10,77,0.5585127134944079,2012
p63_wind_g10,78,0.3897378771007423,2012
p63_wind_g10,79,0.744210703011678,2012
p63_wind_g10,80,0.19854312992743128,2012
p63_wind_g10,81,0.650985075449213,2012
p63_wind_g10,82,0.2794921076202844,2012
p63_wind_g10,83,0.39459703401656987,2012
p63_wind_g10,84,0.39086281538764067,2012
p63_wind_g10,85,0.6425103223003957,2012
p63_wind_g10,86,0.4538493069666374,2012
p63_wind_g10,87,0.44798806044470635,2012
p63_wind_g10,88,0.5265134967923507,2012
p63_wind_g10,89,0.4999875013582479,2012
p63_wind_g10,90,0.7392805970519445,2012
p63_wind_g10,91,0.37800551607446053,2012
p63_wind_g10,92,0.3110388188725202,2012
p63_wind_g10,93,0.3249997360940479,2012
p63_wind_g10,94,0.5292587344772985,2012
p63_wind_g10,95,0.25758875665562964,2012
p63_wind_g10,96,0.4469194997823445,2012
p63_wind_g10,97,0.3949819968668362,2012
p63_wind_g10,98,0.37625625715238387,2012
p63_wind_g10,99,0.4179194784097947,2012
p63_wind_g10,100,0.6267627304241584,2012
p63_wind_g10,101,0.39561431023125837,2012
p63_wind_g10,102,0.3294021902439867,2012
p63_wind_g10,103,0.21667188109020755,2012
p63_wind_g10,104,0.5118280916978909,2012
p63_wind_g10,105,0.4518887681545409,2012
p63_wind_g10,106,0.27426920657109827,2012
p63_wind_g10,107,0.48170687714516436,2012
p63_wind_g10,108,0.4213467398605929,2012
p63_wind_g10,109,0.488415840234336,2012
p63_wind_g10,110,0.35800820286629725,2012
p63_wind_g10,111,0.6635181168597031,2012
p63_wind_g10,112,0.1752367318013117,2012
p63_wind_g10,113,0.41956571134708814,2012
p63_wind_g10,114,0.19732544194058538,2012
p63_wind_g10,115,0.6067014721082383,2012
p63_wind_g10,116,0.2952185210291928,2012
p63_wind_g10,117,0.5441339710344458,2012
p63_wind_g10,118,0.36718283092318554,2012
p63_wind_g10,119,0.5808798112014758,2012
p63_wind_g10,120,0.2795467758965113,2012
p63_wind_g10,121,0.3729617056830556,2012
p63_wind_g10,122,0.18095455867454097,2012
p63_wind_g10,123,0.43893291949349866,2012
p63_wind_g10,124,0.27183490174063135,2012
p63_wind_g10,125,0.22766062668875423,2012
p63_wind_g10,126,0.5718693763006434,2012
p63_wind_g10,127,0.1908689882628147,2012
p63_wind_g10,128,0.49782756270778367,2012
p63_wind_g10,129,0.22677796114743348,2012
p63_wind_g10,130,0.2848133199070651,2012
p63_wind_g10,131,0.2808872585672049,2012
p63_wind_g10,132,0.5214378348827227,2012
p63_wind_g10,133,0.21811036165270742,2012
p63_wind_g10,134,0.5379760749635767,2012
p63_wind_g10,135,0.31305650527855106,2012
p63_wind_g10,136,0.5050079542179609,2012
p63_wind_g10,137,0.21201008558010803,2012
p63_wind_g10,138,0.5316407346086895,2012
p63_wind_g10,139,0.19886242206094715,2012
p63_wind_g10,140,0.2346328048067824,2012
p63_wind_g10,141,0.26487316038177894,2012
p63_wind_g10,142,0.39618493227363377,2012
p63_wind_g10,143,0.23809291662418483,2012
p63_wind_g10,144,0.26953433926492093,2012
p63_wind_g10,145,0.34579870652436795,2012
p63_wind_g10,146,0.13777498260933554,2012
p63_wind_g10,147,0.48217562661892394,2012
p63_wind_g10,148,0.13040843796454427,2012
p63_wind_g10,149,0.41546157692303937,2012
p63_wind_g10,150,0.15674732431141095,2012
p63_wind_g10,151,0.45090496058662927,2012
p63_wind_g10,152,0.2507135673643443,2012
p63_wind_g10,153,0.3821646799173123,2012
p63_wind_g10,154,0.23729467298981333,2012
p63_wind_g10,155,0.4078984487413155,2012
p63_wind_g10,156,0.22491478731689163,2012
p63_wind_g10,157,0.33382186751765197,2012
p63_wind_g10,158,0.2110606460798178,2012
p63_wind_g10,159,0.30527755207777396,2012
p63_wind_g10,160,0.37125035188706756,2012
p63_wind_g10,161,0.13864670063141069,2012
p63_wind_g10,162,0.1877696117085304,2012
p63_wind_g10,163,0.22708723249862792,2012
p63_wind_g10,164,0.20347206585714944,2012
p63_wind_g10,165,0.17338975498235307,2012
p63_wind_g10,166,0.26148363563857663,2012
p63_wind_g10,167,0.205204590461253,2012
p63_wind_g10,168,0.20408027458316297,2012
p63_wind_g10,169,0.2237667653751528,2012
p63_wind_g10,170,0.4741707395955119,2012
p63_wind_g10,171,0.16978106917409785,2012
p63_wind_g10,172,0.24709333423364133,2012
p63_wind_g10,173,0.2643924797662371,2012
p63_wind_g10,174,0.321744893036602,2012
p63_wind_g10,175,0.21622040875330595,2012
p63_wind_g10,176,0.2493102033091781,2012
p63_wind_g10,177,0.2890509275878039,2012
p63_wind_g10,178,0.2653114594146708,2012
p63_wind_g10,179,0.1472919609145587,2012
p63_wind_g10,180,0.2549131836650558,2012
p63_wind_g10,181,0.19249739079581338,2012
p63_wind_g10,182,0.19941920935093452,2012
p63_wind_g10,183,0.3412716244625017,2012
p63_wind_g10,184,0.18092484231178962,2012
p63_wind_g10,185,0.4395370325668671,2012
p63_wind_g10,186,0.15199489177251166,2012
p63_wind_g10,187,0.211613254464852,2012
p63_wind_g10,188,0.15841557099027373,2012
p63_wind_g10,189,0.4229495873435964,2012
p63_wind_g10,190,0.2128892422187054,2012
p63_wind_g10,191,0.2496668144299919,2012
p63_wind_g10,192,0.21857446550575407,2012
p63_wind_g10,193,0.2341599896944867,2012
p63_wind_g10,194,0.22404257155140825,2012
p63_wind_g10,195,0.16752430937442056,2012
p63_wind_g10,196,0.16223389855996867,2012
p63_wind_g10,197,0.2664792770850613,2012
p63_wind_g10,198,0.23927577905227654,2012
p63_wind_g10,199,0.2100411151432,2012
p63_wind_g10,200,0.29048924898333256,2012
p63_wind_g10,201,0.24361276334458165,2012
p63_wind_g10,202,0.24250861387854486,2012
p63_wind_g10,203,0.13424879717036053,2012
p63_wind_g10,204,0.40399230027128186,2012
p63_wind_g10,205,0.09797608140242704,2012
p63_wind_g10,206,0.4756011389074653,2012
p63_wind_g10,207,0.18105774610472727,2012
p63_wind_g10,208,0.31206835287889195,2012
p63_wind_g10,209,0.23516425475120695,2012
p63_wind_g10,210,0.31313575624751067,2012
p63_wind_g10,211,0.13838180884680407,2012
p63_wind_g10,212,0.38077401369028907,2012
p63_wind_g10,213,0.2136018054479042,2012
p63_wind_g10,214,0.16515864938202005,2012
p63_wind_g10,215,0.16428948726801285,2012
p63_wind_g10,216,0.3329408909976492,2012
p63_wind_g10,217,0.3355876763818074,2012
p63_wind_g10,218,0.26463222401259334,2012
p63_wind_g10,219,0.2560963447744801,2012
p63_wind_g10,220,0.15326155186629511,2012
p63_wind_g10,221,0.4848048578439006,2012
p63_wind_g10,222,0.2313400812241562,2012
p63_wind_g10,223,0.39842448337808795,2012
p63_wind_g10,224,0.10098074746979606,2012
p63_wind_g10,225,0.4576234710991139,2012
p63_wind_g10,226,0.17829441757065978,2012
p63_wind_g10,227,0.3496756528225807,2012
p63_wind_g10,228,0.11919943305352616,2012
p63_wind_g10,229,0.3966054906666162,2012
p63_wind_g10,230,0.23787302094184143,2012
p63_wind_g10,231,0.2281581523663305,2012
p63_wind_g10,232,0.15610818747176058,2012
p63_wind_g10,233,0.3785170220122222,2012
p63_wind_g10,234,0.3849737438362866,2012
p63_wind_g10,235,0.40201774859189254,2012
p63_wind_g10,236,0.20180566448506987,2012
p63_wind_g10,237,0.17959482951559483,2012
p63_wind_g10,238,0.5071052864274057,2012
p63_wind_g10,239,0.2469139047847161,2012
p63_wind_g10,240,0.5787772832004169,2012
p64_wind_g01,1,0.46951403502366534,2012
p64_wind_g01,2,0.254440917998144,2012
p64_wind_g01,3,0.5159227914785848,2012
p64_wind_g01,4,0.1888586798564395,2012
p64_wind_g01,5,0.7724735654642151,2012
p64_wind_g01,6,0.38201675949051705,2012
p64_wind_g01,7,0.48804919416723436,2012
p64_wind_g01,8,0.4695680042171814,2012
p64_wind_g01,9,0.6835724656738776,2012
p64_wind_g01,10,0.5756089090066339,2012
p64_wind_g01,11,0.4722758442256107,2012
p64_wind_g01,12,0.4753891976042614,2012
p64_wind_g01,13,0.5831546871377541,2012
p64_wind_g01,14,0.3260449683352614,2012
p64_wind_g01,15,0.4492568732626821,2012
p64_wind_g01,16,0.7834077113542206,2012
p64_wind_g01,17,0.4631587369227279,2012
p64_wind_g01,18,0.8968019207566772,2012
p64_wind_g01,19,0.4306453957059536,2012
p64_wind_g01,20,0.5296583200420528,2012
p64_wind_g01,21,0.3771261477063875,2012
p64_wind_g01,22,0.5468015504717211,2012
p64_wind_g01,23,0.2835116236223172,2012
p64_wind_g01,24,0.5213842373116229,2012
p64_wind_g01,25,0.3419236840041393,2012
p64_wind_g01,26,0.9334441880114749,2012
p64_wind_g01,27,0.33100377538669223,2012
p64_wind_g01,28,0.5591103071889271,2012
p64_wind_g01,29,0.5097202191181642,2012
p64_wind_g01,30,0.740231859767427,2012
p64_wind_g01,31,0.6505872248903725,2012
p64_wind_g01,32,0.4844381180836658,2012
p64_wind_g01,33,0.40881793095463426,2012
p64_wind_g01,34,0.318329081587188,2012
p64_wind_g01,35,0.5596863776544295,2012
p64_wind_g01,36,0.3168521181581101,2012
p64_wind_g01,37,0.6017710790531613,2012
p64_wind_g01,38,0.37948550771468426,2012
p64_wind_g01,39,0.5615948435760612,2012
p64_wind_g01,40,0.5081464439224264,2012
p64_wind_g01,41,1.0,2012
p64_wind_g01,42,0.46342614404159804,2012
p64_wind_g01,43,1.0,2012
p64_wind_g01,44,0.34184303016682177,2012
p64_wind_g01,45,0.9230706060587927,2012
p64_wind_g01,46,0.4979929219857493,2012
p64_wind_g01,47,0.3877953703491626,2012
p64_wind_g01,48,0.4182184436659535,2012
p64_wind_g01,49,0.8265328681772216,2012
p64_wind_g01,50,0.5955057479974796,2012
p64_wind_g01,51,0.40939862070348254,2012
p64_wind_g01,52,0.44210579483753065,2012
p64_wind_g01,53,0.3081582604610824,2012
p64_wind_g01,54,1.0,2012
p64_wind_g01,55,0.5578135428597423,2012
p64_wind_g01,56,0.6141427794807306,2012
p64_wind_g01,57,0.29072742540037205,2012
p64_wind_g01,58,0.5594404969888209,2012
p64_wind_g01,59,0.34735290448817213,2012
p64_wind_g01,60,0.6883589044169649,2012
p64_wind_g01,61,0.5638039563267355,2012
p64_wind_g01,62,0.7050584731074119,2012
p64_wind_g01,63,0.5100977925568079,2012
p64_wind_g01,64,0.7077261429915338,2012
p64_wind_g01,65,0.3630332119424881,2012
p64_wind_g01,66,0.6834267115355339,2012
p64_wind_g01,67,0.3794799638873833,2012
p64_wind_g01,68,0.3722241890967349,2012
p64_wind_g01,69,0.6675163914097444,2012
p64_wind_g01,70,0.36055829425683245,2012
p64_wind_g01,71,0.6873273771191222,2012
p64_wind_g01,72,0.6989955465603084,2012
p64_wind_g01,73,0.74088409049011,2012
p64_wind_g01,74,0.6195181591209572,2012
p64_wind_g01,75,0.497500300424233,2012
p64_wind_g01,76,0.316004569156373,2012
p64_wind_g01,77,1.0,2012
p64_wind_g01,78,0.4353448045946516,2012
p64_wind_g01,79,0.9707760421880098,2012
p64_wind_g01,80,0.44611630344800174,2012
p64_wind_g01,81,0.86605777052336,2012
p64_wind_g01,82,0.40845544659117206,2012
p64_wind_g01,83,0.5472410235376988,2012
p64_wind_g01,84,0.7535722590047389,2012
p64_wind_g01,85,0.6796331495572673,2012
p64_wind_g01,86,0.6008105495874589,2012
p64_wind_g01,87,0.6166231024702803,2012
p64_wind_g01,88,0.9217634678001032,2012
p64_wind_g01,89,0.3045014706905103,2012
p64_wind_g01,90,0.6127745343474277,2012
p64_wind_g01,91,0.5477308224390719,2012
p64_wind_g01,92,0.9866589551994746,2012
p64_wind_g01,93,0.4867313040752159,2012
p64_wind_g01,94,0.8203385215845931,2012
p64_wind_g01,95,0.43123343990838,2012
p64_wind_g01,96,0.5445152527044896,2012
p64_wind_g01,97,0.505747420566655,2012
p64_wind_g01,98,1.0,2012
p64_wind_g01,99,0.5405487956257442,2012
p64_wind_g01,100,0.6090422001169163,2012
p64_wind_g01,101,0.5157273428515939,2012
p64_wind_g01,102,0.8637837357590789,2012
p64_wind_g01,103,0.2939908586438999,2012
p64_wind_g01,104,0.7414336178327873,2012
p64_wind_g01,105,0.701578374247231,2012
p64_wind_g01,106,0.6223133999086344,2012
p64_wind_g01,107,0.4930246608216999,2012
p64_wind_g01,108,0.6835534678690295,2012
p64_wind_g01,109,1.0,2012
p64_wind_g01,110,0.46095406273012113,2012
p64_wind_g01,111,0.5763788404683393,2012
p64_wind_g01,112,0.24657092584846171,2012
p64_wind_g01,113,0.6033730512322244,2012
p64_wind_g01,114,0.30327370790263763,2012
p64_wind_g01,115,0.9858544154123071,2012
p64_wind_g01,116,0.3238474689759554,2012
p64_wind_g01,117,0.8724679540660354,2012
p64_wind_g01,118,0.37876385958467973,2012
p64_wind_g01,119,0.6115476476544032,2012
p64_wind_g01,120,0.40155081204256765,2012
p64_wind_g01,121,0.3969195437744697,2012
p64_wind_g01,122,0.26885811263366455,2012
p64_wind_g01,123,0.44951062052617236,2012
p64_wind_g01,124,0.3741439185673821,2012
p64_wind_g01,125,0.36462010060907885,2012
p64_wind_g01,126,0.5374519017752738,2012
p64_wind_g01,127,0.43139583290386185,2012
p64_wind_g01,128,0.7130642385729584,2012
p64_wind_g01,129,0.32685619526691206,2012
p64_wind_g01,130,0.41556938707292834,2012
p64_wind_g01,131,0.18726301580274696,2012
p64_wind_g01,132,0.7213909464156694,2012
p64_wind_g01,133,0.31087707692368727,2012
p64_wind_g01,134,0.5161419655031152,2012
p64_wind_g01,135,0.31515630939319944,2012
p64_wind_g01,136,0.4908895067910619,2012
p64_wind_g01,137,0.42034616682685966,2012
p64_wind_g01,138,0.5154991133017672,2012
p64_wind_g01,139,0.20540606946769724,2012
p64_wind_g01,140,0.41738151797335316,2012
p64_wind_g01,141,0.588004989627894,2012
p64_wind_g01,142,0.5187053395726842,2012
p64_wind_g01,143,0.456762186061749,2012
p64_wind_g01,144,0.3931366104134026,2012
p64_wind_g01,145,0.3588803331601919,2012
p64_wind_g01,146,0.23893383875884774,2012
p64_wind_g01,147,0.6034132531917452,2012
p64_wind_g01,148,0.31456905404016006,2012
p64_wind_g01,149,0.706467965415892,2012
p64_wind_g01,150,0.2259344256898841,2012
p64_wind_g01,151,0.5613876108970554,2012
p64_wind_g01,152,0.3705828166355584,2012
p64_wind_g01,153,0.6717682327559837,2012
p64_wind_g01,154,0.15951669151034942,2012
p64_wind_g01,155,0.6199659613466802,2012
p64_wind_g01,156,0.3502073290955908,2012
p64_wind_g01,157,0.625570432492316,2012
p64_wind_g01,158,0.4561248088513394,2012
p64_wind_g01,159,0.5810826481126823,2012
p64_wind_g01,160,0.5168398218960588,2012
p64_wind_g01,161,0.22302662176100513,2012
p64_wind_g01,162,0.2910355996617932,2012
p64_wind_g01,163,0.2593304052032858,2012
p64_wind_g01,164,0.33596168571758517,2012
p64_wind_g01,165,0.2987615329094364,2012
p64_wind_g01,166,0.31604259953281455,2012
p64_wind_g01,167,0.32235569541332537,2012
p64_wind_g01,168,0.3927403802561256,2012
p64_wind_g01,169,0.28391687005837035,2012
p64_wind_g01,170,0.6195509795654933,2012
p64_wind_g01,171,0.33062609526513126,2012
p64_wind_g01,172,0.36038084271244963,2012
p64_wind_g01,173,0.33802661758108854,2012
p64_wind_g01,174,0.3478296717886881,2012
p64_wind_g01,175,0.4087402697548452,2012
p64_wind_g01,176,0.47481836072411704,2012
p64_wind_g01,177,0.4432537933671186,2012
p64_wind_g01,178,0.2154320101207316,2012
p64_wind_g01,179,0.3352403531541809,2012
p64_wind_g01,180,0.4349099669274,2012
p64_wind_g01,181,0.38755523831699445,2012
p64_wind_g01,182,0.17183413435789097,2012
p64_wind_g01,183,0.33490503443217146,2012
p64_wind_g01,184,0.1337599241926617,2012
p64_wind_g01,185,0.2863108971450888,2012
p64_wind_g01,186,0.1748349013902655,2012
p64_wind_g01,187,0.5014141204398203,2012
p64_wind_g01,188,0.25311108631010737,2012
p64_wind_g01,189,0.3513407761545229,2012
p64_wind_g01,190,0.14372341308917844,2012
p64_wind_g01,191,0.4745955081177979,2012
p64_wind_g01,192,0.2799621680037912,2012
p64_wind_g01,193,0.37049985540837266,2012
p64_wind_g01,194,0.29063592713835934,2012
p64_wind_g01,195,0.4375821126111016,2012
p64_wind_g01,196,0.19939012286790259,2012
p64_wind_g01,197,0.2375472716562675,2012
p64_wind_g01,198,0.3093308688066886,2012
p64_wind_g01,199,0.36551148140937867,2012
p64_wind_g01,200,0.2788222035769049,2012
p64_wind_g01,201,0.24778805312233368,2012
p64_wind_g01,202,0.6059650728790161,2012
p64_wind_g01,203,0.19555852395973236,2012
p64_wind_g01,204,0.2881892990807696,2012
p64_wind_g01,205,0.22942114643088082,2012
p64_wind_g01,206,0.33096138234155453,2012
p64_wind_g01,207,0.2386372152040458,2012
p64_wind_g01,208,0.3319734849468992,2012
p64_wind_g01,209,0.27478423680298786,2012
p64_wind_g01,210,0.6514115736117916,2012
p64_wind_g01,211,0.3676558057083705,2012
p64_wind_g01,212,0.27895314528247006,2012
p64_wind_g01,213,0.27436800907531583,2012
p64_wind_g01,214,0.22803526779540828,2012
p64_wind_g01,215,0.40860961694052383,2012
p64_wind_g01,216,0.5007601509098628,2012
p64_wind_g01,217,0.4561292162887057,2012
p64_wind_g01,218,0.3209659961348996,2012
p64_wind_g01,219,0.3183278509225373,2012
p64_wind_g01,220,0.2440103417469249,2012
p64_wind_g01,221,0.42612074259855914,2012
p64_wind_g01,222,0.1922568780495658,2012
p64_wind_g01,223,0.6514415071431386,2012
p64_wind_g01,224,0.3188711976301586,2012
p64_wind_g01,225,0.3196425292973306,2012
p64_wind_g01,226,0.22431845957407887,2012
p64_wind_g01,227,0.5112979817376583,2012
p64_wind_g01,228,0.2658031782222914,2012
p64_wind_g01,229,0.5302046424197866,2012
p64_wind_g01,230,0.2712549122842216,2012
p64_wind_g01,231,0.34989848998135653,2012
p64_wind_g01,232,0.4541796120981447,2012
p64_wind_g01,233,0.536794311409733,2012
p64_wind_g01,234,0.47789975861051015,2012
p64_wind_g01,235,0.4041510552999749,2012
p64_wind_g01,236,0.6047126006976954,2012
p64_wind_g01,237,0.44589208785530837,2012
p64_wind_g01,238,0.35025875895321196,2012
p64_wind_g01,239,0.2215974210548072,2012
p64_wind_g01,240,0.4776267595249147,2012
p64_wind_g02,1,0.5257361274474752,2012
p64_wind_g02,2,0.34457592765020073,2012
p64_wind_g02,3,0.6515538324390198,2012
p64_wind_g02,4,0.1771270275627073,2012
p64_wind_g02,5,0.67050922386984,2012
p64_wind_g02,6,0.3914725072970427,2012
p64_wind_g02,7,0.6789737802589663,2012
p64_wind_g02,8,0.23110155582755307,2012
p64_wind_g02,9,0.6626315505419922,2012
p64_wind_g02,10,0.3719290547438968,2012
p64_wind_g02,11,0.7188228743484183,2012
p64_wind_g02,12,0.3231834995426629,2012
p64_wind_g02,13,0.42423594706499085,2012
p64_wind_g02,14,0.29845784194217695,2012
p64_wind_g02,15,0.4006177840748287,2012
p64_wind_g02,16,0.5097945739526469,2012
p64_wind_g02,17,0.5013464136150566,2012
p64_wind_g02,18,0.8471193042522601,2012
p64_wind_g02,19,0.4062735815981557,2012
p64_wind_g02,20,0.7240971531862771,2012
p64_wind_g02,21,0.29843749514774554,2012
p64_wind_g02,22,0.8183310865261082,2012
p64_wind_g02,23,0.2765015549506589,2012
p64_wind_g02,24,0.9369105759358671,2012
p64_wind_g02,25,0.24209214846407984,2012
p64_wind_g02,26,0.38544256412901845,2012
p64_wind_g02,27,0.5297446432797638,2012
p64_wind_g02,28,0.7735681985350034,2012
p64_wind_g02,29,0.3831838745920062,2012
p64_wind_g02,30,0.7233626999223193,2012
p64_wind_g02,31,0.2992368231391417,2012
p64_wind_g02,32,0.4850204998212304,2012
p64_wind_g02,33,0.6683653712082447,2012
p64_wind_g02,34,0.37455973459878944,2012
p64_wind_g02,35,0.5896876034695979,2012
p64_wind_g02,36,0.43300838875120157,2012
p64_wind_g02,37,0.7823307492772109,2012
p64_wind_g02,38,0.22236020455379932,2012
p64_wind_g02,39,0.4510303348814865,2012
p64_wind_g02,40,0.46025506200179483,2012
p64_wind_g02,41,0.8189470896588326,2012
p64_wind_g02,42,0.4632112465924956,2012
p64_wind_g02,43,1.0,2012
p64_wind_g02,44,0.45947639719350214,2012
p64_wind_g02,45,0.6927971204278554,2012
p64_wind_g02,46,0.2629150551533674,2012
p64_wind_g02,47,0.3631440729518472,2012
p64_wind_g02,48,0.48228189610009803,2012
p64_wind_g02,49,0.7521670503712833,2012
p64_wind_g02,50,0.49259140831973125,2012
p64_wind_g02,51,0.3819182082423375,2012
p64_wind_g02,52,0.667670974077894,2012
p64_wind_g02,53,0.5206930266012811,2012
p64_wind_g02,54,0.9839346808483426,2012
p64_wind_g02,55,0.5502991652258049,2012
p64_wind_g02,56,1.0,2012
p64_wind_g02,57,0.24930433911111077,2012
p64_wind_g02,58,0.4763761566780232,2012
p64_wind_g02,59,0.21277837841567407,2012
p64_wind_g02,60,0.5669882604917397,2012
p64_wind_g02,61,0.5462388896190031,2012
p64_wind_g02,62,0.8086055244865868,2012
p64_wind_g02,63,0.5901411207658847,2012
p64_wind_g02,64,0.8138983225258178,2012
p64_wind_g02,65,0.6373938029058496,2012
p64_wind_g02,66,0.616655379498014,2012
p64_wind_g02,67,0.38431377032859326,2012
p64_wind_g02,68,0.6286829060749122,2012
p64_wind_g02,69,0.5441225663878373,2012
p64_wind_g02,70,0.6344753772980689,2012
p64_wind_g02,71,0.46716934464058424,2012
p64_wind_g02,72,0.3070328603885201,2012
p64_wind_g02,73,0.6858547388387228,2012
p64_wind_g02,74,0.37155130072781595,2012
p64_wind_g02,75,1.0,2012
p64_wind_g02,76,0.23783852655029125,2012
p64_wind_g02,77,0.863810499439381,2012
p64_wind_g02,78,0.3837264201824043,2012
p64_wind_g02,79,0.9733866003446483,2012
p64_wind_g02,80,0.37057444279255536,2012
p64_wind_g02,81,1.0,2012
p64_wind_g02,82,0.3128087754283903,2012
p64_wind_g02,83,0.96909810343359,2012
p64_wind_g02,84,0.6045558322592626,2012
p64_wind_g02,85,0.7673643955920048,2012
p64_wind_g02,86,0.3857499284899228,2012
p64_wind_g02,87,0.44667620107308603,2012
p64_wind_g02,88,0.6421766525076448,2012
p64_wind_g02,89,0.2718200222117228,2012
p64_wind_g02,90,0.6779612036568368,2012
p64_wind_g02,91,0.5430148287109777,2012
p64_wind_g02,92,0.41462916416173345,2012
p64_wind_g02,93,0.21243855050875693,2012
p64_wind_g02,94,0.8364952728652432,2012
p64_wind_g02,95,0.3234883938452666,2012
p64_wind_g02,96,0.5502266502161103,2012
p64_wind_g02,97,0.4743291243695083,2012
p64_wind_g02,98,0.6547150806730005,2012
p64_wind_g02,99,0.2667463064726061,2012
p64_wind_g02,100,0.7538294297422053,2012
p64_wind_g02,101,0.5674452730754748,2012
p64_wind_g02,102,0.8545495645294272,2012
p64_wind_g02,103,0.3585377237789622,2012
p64_wind_g02,104,0.4739803918694082,2012
p64_wind_g02,105,0.6781582475082915,2012
p64_wind_g02,106,0.2977780189601524,2012
p64_wind_g02,107,0.8777206915596748,2012
p64_wind_g02,108,0.26252898768721594,2012
p64_wind_g02,109,0.8509994802545063,2012
p64_wind_g02,110,0.23478696180139522,2012
p64_wind_g02,111,0.7036085628065374,2012
p64_wind_g02,112,0.19805545108242106,2012
p64_wind_g02,113,0.988298345929752,2012
p64_wind_g02,114,0.19474481824348897,2012
p64_wind_g02,115,0.5733020800780853,2012
p64_wind_g02,116,0.249488218925782,2012
p64_wind_g02,117,0.7387325258000182,2012
p64_wind_g02,118,0.2562618336514039,2012
p64_wind_g02,119,0.7222745310868423,2012
p64_wind_g02,120,0.45974563693573256,2012
p64_wind_g02,121,0.30673134105137567,2012
p64_wind_g02,122,0.41398166140021175,2012
p64_wind_g02,123,0.42321744160278946,2012
p64_wind_g02,124,0.6214902684528294,2012
p64_wind_g02,125,0.2591520259815298,2012
p64_wind_g02,126,0.3993138676227168,2012
p64_wind_g02,127,0.30850419470399837,2012
p64_wind_g02,128,0.4749148561196408,2012
p64_wind_g02,129,0.23180901379490002,2012
p64_wind_g02,130,0.8218154585132401,2012
p64_wind_g02,131,0.26649160986899345,2012
p64_wind_g02,132,0.5411190781838783,2012
p64_wind_g02,133,0.32009598370688574,2012
p64_wind_g02,134,0.6256917171503839,2012
p64_wind_g02,135,0.16805062858816708,2012
p64_wind_g02,136,0.3321627728528965,2012
p64_wind_g02,137,0.36347458396285337,2012
p64_wind_g02,138,0.6314852269597888,2012
p64_wind_g02,139,0.4144404186989945,2012
p64_wind_g02,140,0.455805588190571,2012
p64_wind_g02,141,0.3568297820608448,2012
p64_wind_g02,142,0.2955602629310764,2012
p64_wind_g02,143,0.545436324467668,2012
p64_wind_g02,144,0.26995389202880393,2012
p64_wind_g02,145,0.5231333422902527,2012
p64_wind_g02,146,0.38036238622667634,2012
p64_wind_g02,147,0.3482654020078198,2012
p64_wind_g02,148,0.39995613479382247,2012
p64_wind_g02,149,0.3785789328078724,2012
p64_wind_g02,150,0.3613156066070073,2012
p64_wind_g02,151,0.35918342483984006,2012
p64_wind_g02,152,0.28743794524056465,2012
p64_wind_g02,153,0.5118674970948762,2012
p64_wind_g02,154,0.24354227152927596,2012
p64_wind_g02,155,0.39274911418037695,2012
p64_wind_g02,156,0.3324809481734206,2012
p64_wind_g02,157,0.49130941805804207,2012
p64_wind_g02,158,0.401621702328017,2012
p64_wind_g02,159,0.2416586716036763,2012
p64_wind_g02,160,0.1970883148927416,2012
p64_wind_g02,161,0.4011336289605734,2012
p64_wind_g02,162,0.4904812082757856,2012
p64_wind_g02,163,0.31609717344057175,2012
p64_wind_g02,164,0.46672301778888814,2012
p64_wind_g02,165,0.18108550908231485,2012
p64_wind_g02,166,0.5568753091315626,2012
p64_wind_g02,167,0.2606261924500682,2012
p64_wind_g02,168,0.32359182276825854,2012
p64_wind_g02,169,0.18815336864213913,2012
p64_wind_g02,170,0.4149389666865575,2012
p64_wind_g02,171,0.23478247438678918,2012
p64_wind_g02,172,0.44353963706259947,2012
p64_wind_g02,173,0.18668879811768674,2012
p64_wind_g02,174,0.23107167010955776,2012
p64_wind_g02,175,0.1743285721822421,2012
p64_wind_g02,176,0.29958666751858826,2012
p64_wind_g02,177,0.27013303549018225,2012
p64_wind_g02,178,0.27035959677148885,2012
p64_wind_g02,179,0.21610972858532682,2012
p64_wind_g02,180,0.40862347746272315,2012
p64_wind_g02,181,0.41596665856822157,2012
p64_wind_g02,182,0.364808927146879,2012
p64_wind_g02,183,0.3915517638876252,2012
p64_wind_g02,184,0.27914858768235973,2012
p64_wind_g02,185,0.2533318298775555,2012
p64_wind_g02,186,0.25134476667192807,2012
p64_wind_g02,187,0.5534539204355707,2012
p64_wind_g02,188,0.17581814236690557,2012
p64_wind_g02,189,0.48001122846355515,2012
p64_wind_g02,190,0.27056565915474695,2012
p64_wind_g02,191,0.24196776846959434,2012
p64_wind_g02,192,0.3144706364331427,2012
p64_wind_g02,193,0.4523326146912839,2012
p64_wind_g02,194,0.2996446442070722,2012
p64_wind_g02,195,0.4840714760658094,2012
p64_wind_g02,196,0.19706798557204852,2012
p64_wind_g02,197,0.428614193109888,2012
p64_wind_g02,198,0.4240975844989342,2012
p64_wind_g02,199,0.19220172912158587,2012
p64_wind_g02,200,0.3214631933310412,2012
p64_wind_g02,201,0.2497937957561652,2012
p64_wind_g02,202,0.370519916697785,2012
p64_wind_g02,203,0.320678062295561,2012
p64_wind_g02,204,0.38914204935544694,2012
p64_wind_g02,205,0.2291602264021152,2012
p64_wind_g02,206,0.6171334389297395,2012
p64_wind_g02,207,0.2698560510591799,2012
p64_wind_g02,208,0.6247267556440985,2012
p64_wind_g02,209,0.3171154185342902,2012
p64_wind_g02,210,0.36525512230097207,2012
p64_wind_g02,211,0.15790745908314954,2012
p64_wind_g02,212,0.40864390425809727,2012
p64_wind_g02,213,0.3247618100771175,2012
p64_wind_g02,214,0.4839748883046088,2012
p64_wind_g02,215,0.3301244916435302,2012
p64_wind_g02,216,0.5075025831708354,2012
p64_wind_g02,217,0.5442290132305486,2012
p64_wind_g02,218,0.26793545948969094,2012
p64_wind_g02,219,0.4593029652923992,2012
p64_wind_g02,220,0.1836858440801819,2012
p64_wind_g02,221,0.46840256385634266,2012
p64_wind_g02,222,0.18205669326252322,2012
p64_wind_g02,223,0.35341682595994783,2012
p64_wind_g02,224,0.21452165522220232,2012
p64_wind_g02,225,0.3829485903227698,2012
p64_wind_g02,226,0.22198478442828015,2012
p64_wind_g02,227,0.2932652861495931,2012
p64_wind_g02,228,0.3626458565178292,2012
p64_wind_g02,229,0.29016450079044764,2012
p64_wind_g02,230,0.3572107244194923,2012
p64_wind_g02,231,0.5613629549954756,2012
p64_wind_g02,232,0.46067140831879466,2012
p64_wind_g02,233,0.31076603728979635,2012
p64_wind_g02,234,0.5411805943698359,2012
p64_wind_g02,235,0.34115568947679986,2012
p64_wind_g02,236,0.28497866870334654,2012
p64_wind_g02,237,0.48988373877981944,2012
p64_wind_g02,238,0.5222521767477141,2012
p64_wind_g02,239,0.31343891866064166,2012
p64_wind_g02,240,0.5542955944691268,2012
p64_wind_g03,1,0.5664824772531633,2012
p64_wind_g03,2,0.379255659699269,2012
p64_wind_g03,3,0.36555336915324815,2012
p64_wind_g03,4,0.23519166533740718,2012
p64_wind_g03,5,0.749676395708433,2012
p64_wind_g03,6,0.3516205363783997,2012
p64_wind_g03,7,0.42841128316035837,2012
p64_wind_g03,8,0.3050652140407508,2012
p64_wind_g03,9,0.3932241972642303,2012
p64_wind_g03,10,0.2716786032443136,2012
p64_wind_g03,11,0.5222573406194841,2012
p64_wind_g03,12,0.27106322737348115,2012
p64_wind_g03,13,0.5139544225455568,2012
p64_wind_g03,14,0.3565611617193957,2012
p64_wind_g03,15,0.34719932734700754,2012
p64_wind_g03,16,0.33045576948663985,2012
p64_wind_g03,17,0.2913320846029129,2012
p64_wind_g03,18,0.8637713110613956,2012
p64_wind_g03,19,0.4308456326641599,2012
p64_wind_g03,20,0.5792698156979059,2012
p64_wind_g03,21,0.3447946961374511,2012
p64_wind_g03,22,0.5340215398891897,2012
p64_wind_g03,23,0.23157683480014343,2012
p64_wind_g03,24,0.3508112434283397,2012
p64_wind_g03,25,0.2871079932507772,2012
p64_wind_g03,26,0.76113043548388,2012
p64_wind_g03,27,0.3235188115866148,2012
p64_wind_g03,28,0.3946281008240466,2012
p64_wind_g03,29,0.4428357599936332,2012
p64_wind_g03,30,0.36519607414377336,2012
p64_wind_g03,31,0.7128912749792875,2012
p64_wind_g03,32,0.6332757247386848,2012
p64_wind_g03,33,0.4741530156747839,2012
p64_wind_g03,34,0.26184410521102414,2012
p64_wind_g03,35,0.6595501630784371,2012
p64_wind_g03,36,0.3787811800861287,2012
p64_wind_g03,37,0.780965565480008,2012
p64_wind_g03,38,0.4206446846951272,2012
p64_wind_g03,39,0.8461297409480755,2012
p64_wind_g03,40,0.36706710786798113,2012
p64_wind_g03,41,0.6198777697879009,2012
p64_wind_g03,42,0.39451559781537393,2012
p64_wind_g03,43,0.8952801648899648,2012
p64_wind_g03,44,0.5064016691702501,2012
p64_wind_g03,45,0.4730409032569436,2012
p64_wind_g03,46,0.28001705578265146,2012
p64_wind_g03,47,0.8134837256432111,2012
p64_wind_g03,48,0.3807968158490696,2012
p64_wind_g03,49,0.5937087339568997,2012
p64_wind_g03,50,0.7266997632880198,2012
p64_wind_g03,51,0.4326955786530773,2012
p64_wind_g03,52,0.8314279119972653,2012
p64_wind_g03,53,0.28345434665170993,2012
p64_wind_g03,54,0.6166146654285027,2012
p64_wind_g03,55,0.5337635698659182,2012
p64_wind_g03,56,0.5062885571907415,2012
p64_wind_g03,57,0.31078180574465986,2012
p64_wind_g03,58,0.6681246825978715,2012
p64_wind_g03,59,0.4019721804197212,2012
p64_wind_g03,60,0.7198447588725003,2012
p64_wind_g03,61,0.42855466964933553,2012
p64_wind_g03,62,0.7617757328994995,2012
p64_wind_g03,63,0.41020385260586767,2012
p64_wind_g03,64,0.427210373846623,2012
p64_wind_g03,65,0.44181659394845635,2012
p64_wind_g03,66,0.6539364264253555,2012
p64_wind_g03,67,0.581051201849369,2012
p64_wind_g03,68,0.6530909063751517,2012
p64_wind_g03,69,0.6059226377933492,2012
p64_wind_g03,70,0.6084926773342101,2012
p64_wind_g03,71,0.7397168066697861,2012
p64_wind_g03,72,0.6020689226772881,2012
p64_wind_g03,73,1.0,2012
p64_wind_g03,74,0.5562210861675981,2012
p64_wind_g03,75,0.7758635041608491,2012
p64_wind_g03,76,0.4322799360331913,2012
p64_wind_g03,77,1.0,2012
p64_wind_g03,78,0.5394089560423124,2012
p64_wind_g03,79,1.0,2012
p64_wind_g03,80,0.42541881106573043,2012
p64_wind_g03,81,0.4872216398597531,2012
p64_wind_g03,82,0.5211948642976025,2012
p64_wind_g03,83,0.8087653811015376,2012
p64_wind_g03,84,0.45211790625585924,2012
p64_wind_g03,85,0.7333959137942835,2012
p64_wind_g03,86,0.5417080245535937,2012
p64_wind_g03,87,0.738913304177767,2012
p64_wind_g03,88,0.3443783522509688,2012
p64_wind_g03,89,0.4493694184277311,2012
p64_wind_g03,90,0.7115999223436457,2012
p64_wind_g03,91,0.3089036749763413,2012
p64_wind_g03,92,0.9185453328726391,2012
p64_wind_g03,93,0.2490419629885603,2012
p64_wind_g03,94,0.8639550178517128,2012
p64_wind_g03,95,0.3834122972534361,2012
p64_wind_g03,96,0.4121854986326812,2012
p64_wind_g03,97,0.22697216623132946,2012
p64_wind_g03,98,0.4242365872181384,2012
p64_wind_g03,99,0.42211098597654256,2012
p64_wind_g03,100,0.586064916827643,2012
p64_wind_g03,101,0.4529056845054012,2012
p64_wind_g03,102,0.3268866921535944,2012
p64_wind_g03,103,0.4988369706441536,2012
p64_wind_g03,104,0.47494026550805307,2012
p64_wind_g03,105,0.6969716439592726,2012
p64_wind_g03,106,0.5734973369763419,2012
p64_wind_g03,107,0.723885459884164,2012
p64_wind_g03,108,0.5930844861470058,2012
p64_wind_g03,109,0.3984210937946582,2012
p64_wind_g03,110,0.45682213446392345,2012
p64_wind_g03,111,0.5466894320634019,2012
p64_wind_g03,112,0.3251687719324371,2012
p64_wind_g03,113,0.7093155497675947,2012
p64_wind_g03,114,0.3215796516463258,2012
p64_wind_g03,115,0.8045029890877529,2012
p64_wind_g03,116,0.3487522926650164,2012
p64_wind_g03,117,0.3501095895104884,2012
p64_wind_g03,118,0.255644795285712,2012
p64_wind_g03,119,0.5554782231773729,2012
p64_wind_g03,120,0.2305983608459708,2012
p64_wind_g03,121,0.714089608336097,2012
p64_wind_g03,122,0.5956076653707449,2012
p64_wind_g03,123,0.4003006607485343,2012
p64_wind_g03,124,0.5677653062800162,2012
p64_wind_g03,125,0.541580327971399,2012
p64_wind_g03,126,0.6946635406790899,2012
p64_wind_g03,127,0.25157966411128607,2012
p64_wind_g03,128,0.7196909863313141,2012
p64_wind_g03,129,0.21351513876268902,2012
p64_wind_g03,130,0.6189357712613226,2012
p64_wind_g03,131,0.16500792123887378,2012
p64_wind_g03,132,0.6944134002750941,2012
p64_wind_g03,133,0.2050804070081464,2012
p64_wind_g03,134,0.48129672576202326,2012
p64_wind_g03,135,0.28365724293295347,2012
p64_wind_g03,136,0.4919479271514727,2012
p64_wind_g03,137,0.4175553290155074,2012
p64_wind_g03,138,0.32716920155898077,2012
p64_wind_g03,139,0.26957723865174815,2012
p64_wind_g03,140,0.5708745347486666,2012
p64_wind_g03,141,0.2620247702608543,2012
p64_wind_g03,142,0.49208077816342866,2012
p64_wind_g03,143,0.4797726217522252,2012
p64_wind_g03,144,0.44189649691626776,2012
p64_wind_g03,145,0.6473832452245577,2012
p64_wind_g03,146,0.40148045626744333,2012
p64_wind_g03,147,0.287377004210985,2012
p64_wind_g03,148,0.3289563557544884,2012
p64_wind_g03,149,0.5019765019721811,2012
p64_wind_g03,150,0.25350143556009375,2012
p64_wind_g03,151,0.4933661571670092,2012
p64_wind_g03,152,0.28022789502876083,2012
p64_wind_g03,153,0.4561457292905203,2012
p64_wind_g03,154,0.27983955127109494,2012
p64_wind_g03,155,0.26233518444477083,2012
p64_wind_g03,156,0.35869094685890335,2012
p64_wind_g03,157,0.56448277276089,2012
p64_wind_g03,158,0.3961292778071316,2012
p64_wind_g03,159,0.4349441418161562,2012
p64_wind_g03,160,0.46155313194189806,2012
p64_wind_g03,161,0.3287510377767042,2012
p64_wind_g03,162,0.2646384222438356,2012
p64_wind_g03,163,0.24088500921215272,2012
p64_wind_g03,164,0.5985779611789098,2012
p64_wind_g03,165,0.21290638924221508,2012
p64_wind_g03,166,0.32676492523750933,2012
p64_wind_g03,167,0.1647051057725629,2012
p64_wind_g03,168,0.4685364319892933,2012
p64_wind_g03,169,0.1771208349649536,2012
p64_wind_g03,170,0.5209785540738735,2012
p64_wind_g03,171,0.12202516958443425,2012
p64_wind_g03,172,0.6036165499183151,2012
p64_wind_g03,173,0.2020564898569219,2012
p64_wind_g03,174,0.4114608656012032,2012
p64_wind_g03,175,0.1494609874450167,2012
p64_wind_g03,176,0.21721225514727982,2012
p64_wind_g03,177,0.2744982445977642,2012
p64_wind_g03,178,0.21523605668161994,2012
p64_wind_g03,179,0.27738609863929525,2012
p64_wind_g03,180,0.18905888131634843,2012
p64_wind_g03,181,0.41557711915538925,2012
p64_wind_g03,182,0.2784115999611799,2012
p64_wind_g03,183,0.41777860461246935,2012
p64_wind_g03,184,0.23591192526002372,2012
p64_wind_g03,185,0.3727997500338687,2012
p64_wind_g03,186,0.2057919121360567,2012
p64_wind_g03,187,0.2296359393275963,2012
p64_wind_g03,188,0.14693155012043974,2012
p64_wind_g03,189,0.28103205659828917,2012
p64_wind_g03,190,0.2868552848835725,2012
p64_wind_g03,191,0.3846263956344312,2012
p64_wind_g03,192,0.22971073639723022,2012
p64_wind_g03,193,0.4652047114041661,2012
p64_wind_g03,194,0.3045052588886263,2012
p64_wind_g03,195,0.47713592928419735,2012
p64_wind_g03,196,0.15834805679964672,2012
p64_wind_g03,197,0.39931748506037246,2012
p64_wind_g03,198,0.28447998547629527,2012
p64_wind_g03,199,0.31200755188379087,2012
p64_wind_g03,200,0.25606305293407466,2012
p64_wind_g03,201,0.14441639486967867,2012
p64_wind_g03,202,0.5433189243928963,2012
p64_wind_g03,203,0.17135256079757397,2012
p64_wind_g03,204,0.6078488099993701,2012
p64_wind_g03,205,0.24696554225658005,2012
p64_wind_g03,206,0.5085725395009438,2012
p64_wind_g03,207,0.24778466513612726,2012
p64_wind_g03,208,0.291873411984292,2012
p64_wind_g03,209,0.28136868756788913,2012
p64_wind_g03,210,0.4732923328749074,2012
p64_wind_g03,211,0.1401762533893123,2012
p64_wind_g03,212,0.5329329453576723,2012
p64_wind_g03,213,0.2521486853428687,2012
p64_wind_g03,214,0.3089078358125786,2012
p64_wind_g03,215,0.3659892555877194,2012
p64_wind_g03,216,0.28662780377014085,2012
p64_wind_g03,217,0.29508615016920814,2012
p64_wind_g03,218,0.3047650060866562,2012
p64_wind_g03,219,0.23758234364039799,2012
p64_wind_g03,220,0.2786490410793926,2012
p64_wind_g03,221,0.3839986426360976,2012
p64_wind_g03,222,0.33699755068637843,2012
p64_wind_g03,223,0.5021174556755607,2012
p64_wind_g03,224,0.3232568792889531,2012
p64_wind_g03,225,0.4488223751622191,2012
p64_wind_g03,226,0.22562738979329136,2012
p64_wind_g03,227,0.3408123062062285,2012
p64_wind_g03,228,0.3002105817765949,2012
p64_wind_g03,229,0.65046438270429,2012
p64_wind_g03,230,0.3161610723718456,2012
p64_wind_g03,231,0.28770709002948053,2012
p64_wind_g03,232,0.46279723987698124,2012
p64_wind_g03,233,0.24654653129785845,2012
p64_wind_g03,234,0.3008397584871145,2012
p64_wind_g03,235,0.23252372503810034,2012
p64_wind_g03,236,0.5537202017077225,2012
p64_wind_g03,237,0.3350153617791095,2012
p64_wind_g03,238,0.6721710813968207,2012
p64_wind_g03,239,0.39824248805565554,2012
p64_wind_g03,240,0.7176378008929897,2012
p64_wind_g04,1,0.4780720175436073,2012
p64_wind_g04,2,0.15146312820812036,2012
p64_wind_g04,3,0.6801809077037797,2012
p64_wind_g04,4,0.23481893875650806,2012
p64_wind_g04,5,0.6621595879905443,2012
p64_wind_g04,6,0.21013241995352297,2012
p64_wind_g04,7,0.6001010677532688,2012
p64_wind_g04,8,0.3536807405818394,2012
p64_wind_g04,9,0.56649950636247,2012
p64_wind_g04,10,0.47225926287230724,2012
p64_wind_g04,11,0.3444418570760905,2012
p64_wind_g04,12,0.35488017572803554,2012
p64_wind_g04,13,0.4229755884938877,2012
p64_wind_g04,14,0.5051331403545567,2012
p64_wind_g04,15,0.45893193784611713,2012
p64_wind_g04,16,0.7432978572170849,2012
p64_wind_g04,17,0.2567322847851717,2012
p64_wind_g04,18,0.40971242240020206,2012
p64_wind_g04,19,0.33998087697680435,2012
p64_wind_g04,20,0.8430010196146978,2012
p64_wind_g04,21,0.3773794617440125,2012
p64_wind_g04,22,0.4859843937294332,2012
p64_wind_g04,23,0.3543142873788974,2012
p64_wind_g04,24,0.8034061207872576,2012
p64_wind_g04,25,0.3977909707094387,2012
p64_wind_g04,26,0.34682249706765783,2012
p64_wind_g04,27,0.34346115040052616,2012
p64_wind_g04,28,0.6536667244339379,2012
p64_wind_g04,29,0.2763193693162474,2012
p64_wind_g04,30,0.6182178212466322,2012
p64_wind_g04,31,0.5921321094820478,2012
p64_wind_g04,32,0.2998922258678002,2012
p64_wind_g04,33,0.7138146549801743,2012
p64_wind_g04,34,0.56437017278192,2012
p64_wind_g04,35,0.5969476494621488,2012
p64_wind_g04,36,0.45828717985581857,2012
p64_wind_g04,37,0.5173456349177544,2012
p64_wind_g04,38,0.21821420967670704,2012
p64_wind_g04,39,0.822865627114507,2012
p64_wind_g04,40,0.44876736095138403,2012
p64_wind_g04,41,0.6777266432238734,2012
p64_wind_g04,42,0.504174479635617,2012
p64_wind_g04,43,0.931595182577955,2012
p64_wind_g04,44,0.49024160866666133,2012
p64_wind_g04,45,0.47651662198437544,2012
p64_wind_g04,46,0.5602474853045121,2012
p64_wind_g04,47,0.42127097232482874,2012
p64_wind_g04,48,0.5818045239775032,2012
p64_wind_g04,49,0.5570184890331759,2012
p64_wind_g04,50,0.6442498070898749,2012
p64_wind_g04,51,0.29220539172891946,2012
p64_wind_g04,52,0.8071725338101974,2012
p64_wind_g04,53,0.48353139500641945,2012
p64_wind_g04,54,0.6672834677206061,2012
p64_wind_g04,55,0.21669188602964684,2012
p64_wind_g04,56,0.6471450619130908,2012
p64_wind_g04,57,0.3738783998045996,2012
p64_wind_g04,58,0.9198979521347894,2012
p64_wind_g04,59,0.4016018482446023,2012
p64_wind_g04,60,1.0,2012
p64_wind_g04,61,0.4321895998226163,2012
p64_wind_g04,62,0.5429036778267781,2012
p64_wind_g04,63,0.44262648552102896,2012
p64_wind_g04,64,0.5885155584278061,2012
p64_wind_g04,65,0.6407458205310632,2012
p64_wind_g04,66,0.5592526043373599,2012
p64_wind_g04,67,0.4141929313416063,2012
p64_wind_g04,68,0.7334322610016893,2012
p64_wind_g04,69,0.5382549349760644,2012
p64_wind_g04,70,0.5704621358106274,2012
p64_wind_g04,71,0.5345321829623488,2012
p64_wind_g04,72,0.5047263319657718,2012
p64_wind_g04,73,0.5680704116850674,2012
p64_wind_g04,74,0.3955935389725537,2012
p64_wind_g04,75,1.0,2012
p64_wind_g04,76,0.4766831293768259,2012
p64_wind_g04,77,0.4858156040379621,2012
p64_wind_g04,78,0.44603057057033985,2012
p64_wind_g04,79,0.7640762120406814,2012
p64_wind_g04,80,0.3976952400239058,2012
p64_wind_g04,81,0.7521733065186866,2012
p64_wind_g04,82,0.24905984621613683,2012
p64_wind_g04,83,0.4877356135121121,2012
p64_wind_g04,84,0.6608981394888368,2012
p64_wind_g04,85,0.8560460157638131,2012
p64_wind_g04,86,0.6524585778058377,2012
p64_wind_g04,87,0.29187306545447317,2012
p64_wind_g04,88,0.8315730988064693,2012
p64_wind_g04,89,0.36241315936556345,2012
p64_wind_g04,90,0.7473316375141144,2012
p64_wind_g04,91,0.34975959145470636,2012
p64_wind_g04,92,0.7136610872001881,2012
p64_wind_g04,93,0.4635263179570311,2012
p64_wind_g04,94,0.6201467395293205,2012
p64_wind_g04,95,0.43761607645442163,2012
p64_wind_g04,96,1.0,2012
p64_wind_g04,97,0.26719731022324655,2012
p64_wind_g04,98,0.687841360774214,2012
p64_wind_g04,99,0.2418881581933061,2012
p64_wind_g04,100,0.46584328195154984,2012
p64_wind_g04,101,0.34974180617644923,2012
p64_wind_g04,102,0.59323273817176,2012
p64_wind_g04,103,0.2705806532310776,2012
p64_wind_g04,104,0.5326209208454495,2012
p64_wind_g04,105,0.5343144682926095,2012
p64_wind_g04,106,0.47627022157693416,2012
p64_wind_g04,107,0.5217507962135481,2012
p64_wind_g04,108,0.2896114427826827,2012
p64_wind_g04,109,0.5925321755388437,2012
p64_wind_g04,110,0.33926539513684867,2012
p64_wind_g04,111,0.3669184680172752,2012
p64_wind_g04,112,0.3950284026363422,2012
p64_wind_g04,113,0.7476797810073832,2012
p64_wind_g04,114,0.1984447397813116,2012
p64_wind_g04,115,0.5941167610544519,2012
p64_wind_g04,116,0.26815489650017676,2012
p64_wind_g04,117,0.7019452764131289,2012
p64_wind_g04,118,0.41529030053918936,2012
p64_wind_g04,119,0.319396405334621,2012
p64_wind_g04,120,0.2948506100414725,2012
p64_wind_g04,121,0.4278882896570325,2012
p64_wind_g04,122,0.5019401297894253,2012
p64_wind_g04,123,0.31216161161472283,2012
p64_wind_g04,124,0.3212504774834758,2012
p64_wind_g04,125,0.5567157610214039,2012
p64_wind_g04,126,0.48672687712053764,2012
p64_wind_g04,127,0.3950333580170227,2012
p64_wind_g04,128,0.6863591687405245,2012
p64_wind_g04,129,0.4218448008197656,2012
p64_wind_g04,130,0.4983777170018757,2012
p64_wind_g04,131,0.3834704728156072,2012
p64_wind_g04,132,0.8177560013573245,2012
p64_wind_g04,133,0.2665557461055373,2012
p64_wind_g04,134,0.7709121145005033,2012
p64_wind_g04,135,0.38396252492580424,2012
p64_wind_g04,136,0.4828515339003784,2012
p64_wind_g04,137,0.3076384212699937,2012
p64_wind_g04,138,0.27042804224877065,2012
p64_wind_g04,139,0.20488352930877912,2012
p64_wind_g04,140,0.45647256210964426,2012
p64_wind_g04,141,0.2280956714183996,2012
p64_wind_g04,142,0.41010780127826113,2012
p64_wind_g04,143,0.49218471011629017,2012
p64_wind_g04,144,0.24806214462560391,2012
p64_wind_g04,145,0.4785595859466446,2012
p64_wind_g04,146,0.2241022849700972,2012
p64_wind_g04,147,0.5634544593369957,2012
p64_wind_g04,148,0.20467759878720138,2012
p64_wind_g04,149,0.7003994986275776,2012
p64_wind_g04,150,0.23861132250264966,2012
p64_wind_g04,151,0.42867085651392156,2012
p64_wind_g04,152,0.30050406811849467,2012
p64_wind_g04,153,0.2670601606517335,2012
p64_wind_g04,154,0.24091007441631235,2012
p64_wind_g04,155,0.5357773540838547,2012
p64_wind_g04,156,0.38927389796150247,2012
p64_wind_g04,157,0.518404106041229,2012
p64_wind_g04,158,0.3058849741293941,2012
p64_wind_g04,159,0.30558573917647425,2012
p64_wind_g04,160,0.2404556206414802,2012
p64_wind_g04,161,0.17794172492582463,2012
p64_wind_g04,162,0.40220233695094704,2012
p64_wind_g04,163,0.31415447633338656,2012
p64_wind_g04,164,0.5543159170913675,2012
p64_wind_g04,165,0.344134003419115,2012
p64_wind_g04,166,0.39831591761701884,2012
p64_wind_g04,167,0.2332554299699789,2012
p64_wind_g04,168,0.5033507890660307,2012
p64_wind_g04,169,0.2230519781222796,2012
p64_wind_g04,170,0.28600348103696055,2012
p64_wind_g04,171,0.2888434797884488,2012
p64_wind_g04,172,0.30430746404365444,2012
p64_wind_g04,173,0.17985943857169667,2012
p64_wind_g04,174,0.2576052738914445,2012
p64_wind_g04,175,0.2051261700807728,2012
p64_wind_g04,176,0.435892327476645,2012
p64_wind_g04,177,0.36990960186052124,2012
p64_wind_g04,178,0.17230524180195386,2012
p64_wind_g04,179,0.40569908784366365,2012
p64_wind_g04,180,0.3779034764875697,2012
p64_wind_g04,181,0.4864471789217828,2012
p64_wind_g04,182,0.3189056743817598,2012
p64_wind_g04,183,0.37666212954281647,2012
p64_wind_g04,184,0.18305778458256988,2012
p64_wind_g04,185,0.5440442462597694,2012
p64_wind_g04,186,0.14349059523334443,2012
p64_wind_g04,187,0.36170594417615914,2012
p64_wind_g04,188,0.10874888999770072,2012
p64_wind_g04,189,0.5217442373470618,2012
p64_wind_g04,190,0.19461481593553664,2012
p64_wind_g04,191,0.275655201642524,2012
p64_wind_g04,192,0.2079916115140408,2012
p64_wind_g04,193,0.4945891127739747,2012
p64_wind_g04,194,0.27007928135038606,2012
p64_wind_g04,195,0.4206401600221629,2012
p64_wind_g04,196,0.2790165887213546,2012
p64_wind_g04,197,0.2938191639661556,2012
p64_wind_g04,198,0.4252008037260487,2012
p64_wind_g04,199,0.39913845859243724,2012
p64_wind_g04,200,0.3791073699405517,2012
p64_wind_g04,201,0.1567430321492784,2012
p64_wind_g04,202,0.20694025691305906,2012
p64_wind_g04,203,0.25927778899720444,2012
p64_wind_g04,204,0.5885925228274799,2012
p64_wind_g04,205,0.13491990893473113,2012
p64_wind_g04,206,0.5859799800070159,2012
p64_wind_g04,207,0.2527499785641272,2012
p64_wind_g04,208,0.27028834821486136,2012
p64_wind_g04,209,0.294413562423411,2012
p64_wind_g04,210,0.40874709185142777,2012
p64_wind_g04,211,0.1711419401604253,2012
p64_wind_g04,212,0.5017769761918368,2012
p64_wind_g04,213,0.2058950099841074,2012
p64_wind_g04,214,0.2908312195563868,2012
p64_wind_g04,215,0.23753273363184718,2012
p64_wind_g04,216,0.23577274917552057,2012
p64_wind_g04,217,0.4652597795951939,2012
p64_wind_g04,218,0.27570018649956696,2012
p64_wind_g04,219,0.5406983790226322,2012
p64_wind_g04,220,0.2531332944342399,2012
p64_wind_g04,221,0.43622696963874236,2012
p64_wind_g04,222,0.225455743504548,2012
p64_wind_g04,223,0.28365345207909326,2012
p64_wind_g04,224,0.1633822017299334,2012
p64_wind_g04,225,0.2672974652348261,2012
p64_wind_g04,226,0.23660271728188262,2012
p64_wind_g04,227,0.5269879900784913,2012
p64_wind_g04,228,0.13928740699780262,2012
p64_wind_g04,229,0.6218710167615601,2012
p64_wind_g04,230,0.26085325449405644,2012
p64_wind_g04,231,0.44934380425213255,2012
p64_wind_g04,232,0.45957683274995065,2012
p64_wind_g04,233,0.5670957638535759,2012
p64_wind_g04,234,0.4960828076880055,2012
p64_wind_g04,235,0.2885825013128553,2012
p64_wind_g04,236,0.5782149481331001,2012
p64_wind_g04,237,0.30296698629372565,2012
p64_wind_g04,238,0.3237795662370483,2012
p64_wind_g04,239,0.20698471863633947,2012
p64_wind_g04,240,0.37455687144065275,2012
p64_wind_g05,1,0.6128032384475643,2012
p64_wind_g05,2,0.3497132746883432,2012
p64_wind_g05,3,0.5385437103125086,2012
p64_wind_g05,4,0.18964873657111295,2012
p64_wind_g05,5,0.6308201145101286,2012
p64_wind_g05,6,0.3007958438909418,2012
p64_wind_g05,7,0.6344162848451846,2012
p64_wind_g05,8,0.2871194855897406,2012
p64_wind_g05,9,0.6050569398636699,2012
p64_wind_g05,10,0.23257878454049155,2012
p64_wind_g05,11,0.6370164189168563,2012
p64_wind_g05,12,0.5685714164529422,2012
p64_wind_g05,13,0.3155938224218008,2012
p64_wind_g05,14,0.42243265840263666,2012
p64_wind_g05,15,0.38650165144971915,2012
p64_wind_g05,16,0.7698393525147996,2012
p64_wind_g05,17,0.34674387449387073,2012
p64_wind_g05,18,0.3928517012449248,2012
p64_wind_g05,19,0.2539905574714808,2012
p64_wind_g05,20,0.539401254950154,2012
p64_wind_g05,21,0.3772082517390993,2012
p64_wind_g05,22,0.41346674952468637,2012
p64_wind_g05,23,0.3865535025804184,2012
p64_wind_g05,24,0.8599969574517871,2012
p64_wind_g05,25,0.39716933163163526,2012
p64_wind_g05,26,0.7851830466038787,2012
p64_wind_g05,27,0.3345630839541963,2012
p64_wind_g05,28,0.5225263152915038,2012
p64_wind_g05,29,0.3782474897928422,2012
p64_wind_g05,30,0.6845613526201749,2012
p64_wind_g05,31,0.411312460392235,2012
p64_wind_g05,32,0.6408605792685504,2012
p64_wind_g05,33,0.5334593251057342,2012
p64_wind_g05,34,0.521015329703304,2012
p64_wind_g05,35,0.39282352775850127,2012
p64_wind_g05,36,0.39040252504435335,2012
p64_wind_g05,37,0.42025171595108873,2012
p64_wind_g05,38,0.4027720618199841,2012
p64_wind_g05,39,0.408811881594959,2012
p64_wind_g05,40,0.44023712739409226,2012
p64_wind_g05,41,0.41635865366328256,2012
p64_wind_g05,42,0.2995251210269576,2012
p64_wind_g05,43,0.6480959124770628,2012
p64_wind_g05,44,0.2727927811411825,2012
p64_wind_g05,45,0.5534734893690599,2012
p64_wind_g05,46,0.4641363922722,2012
p64_wind_g05,47,0.40709761886304113,2012
p64_wind_g05,48,0.58832314096933,2012
p64_wind_g05,49,0.5010902676492415,2012
p64_wind_g05,50,0.6537653033382166,2012
p64_wind_g05,51,0.6671433921944278,2012
p64_wind_g05,52,0.8586464016081247,2012
p64_wind_g05,53,0.42098019665209274,2012
p64_wind_g05,54,0.5117389311505607,2012
p64_wind_g05,55,0.22218928704936727,2012
p64_wind_g05,56,0.670932388728135,2012
p64_wind_g05,57,0.4822774069506066,2012
p64_wind_g05,58,0.9326652069744392,2012
p64_wind_g05,59,0.27465224143019995,2012
p64_wind_g05,60,0.488846700000426,2012
p64_wind_g05,61,0.49968009658559515,2012
p64_wind_g05,62,0.4623645410993466,2012
p64_wind_g05,63,0.2895343806553967,2012
p64_wind_g05,64,0.9121936435511849,2012
p64_wind_g05,65,0.2848988053521115,2012
p64_wind_g05,66,0.7717247637903767,2012
p64_wind_g05,67,0.6126359409514255,2012
p64_wind_g05,68,0.638144048804611,2012
p64_wind_g05,69,0.7913183271265486,2012
p64_wind_g05,70,0.39778947002484505,2012
p64_wind_g05,71,0.7081972046689976,2012
p64_wind_g05,72,0.3129587728355066,2012
p64_wind_g05,73,0.5281696150694387,2012
p64_wind_g05,74,0.53990950862254,2012
p64_wind_g05,75,0.4631605708759747,2012
p64_wind_g05,76,0.463341603497529,2012
p64_wind_g05,77,0.7592817534812761,2012
p64_wind_g05,78,0.201616605577107,2012
p64_wind_g05,79,0.6466999894729863,2012
p64_wind_g05,80,0.4322565957326095,2012
p64_wind_g05,81,0.5681560540822779,2012
p64_wind_g05,82,0.5960955192573126,2012
p64_wind_g05,83,0.8617304284153959,2012
p64_wind_g05,84,0.380150313778433,2012
p64_wind_g05,85,0.8511611475353685,2012
p64_wind_g05,86,0.38788475151285406,2012
p64_wind_g05,87,0.6006531477994761,2012
p64_wind_g05,88,0.574195475626481,2012
p64_wind_g05,89,0.5300271510416394,2012
p64_wind_g05,90,0.8057869779506538,2012
p64_wind_g05,91,0.33887366417311726,2012
p64_wind_g05,92,0.8716756900547823,2012
p64_wind_g05,93,0.48777075162184097,2012
p64_wind_g05,94,0.4639426411077988,2012
p64_wind_g05,95,0.2658136275329245,2012
p64_wind_g05,96,0.9165032811279452,2012
p64_wind_g05,97,0.44435787706019086,2012
p64_wind_g05,98,0.5539587415250439,2012
p64_wind_g05,99,0.23367810493574886,2012
p64_wind_g05,100,0.37092759824897115,2012
p64_wind_g05,101,0.3805829372768988,2012
p64_wind_g05,102,0.531407610915856,2012
p64_wind_g05,103,0.653123619420397,2012
p64_wind_g05,104,0.30217374922417567,2012
p64_wind_g05,105,0.5451255667969607,2012
p64_wind_g05,106,0.3520743416447035,2012
p64_wind_g05,107,0.5454665783045058,2012
p64_wind_g05,108,0.2996834769751862,2012
p64_wind_g05,109,0.5352641377615297,2012
p64_wind_g05,110,0.22725986641514018,2012
p64_wind_g05,111,0.8043045322554988,2012
p64_wind_g05,112,0.350750602357286,2012
p64_wind_g05,113,0.6684404220435072,2012
p64_wind_g05,114,0.29947259970461004,2012
p64_wind_g05,115,0.6947238269132137,2012
p64_wind_g05,116,0.30177538563059403,2012
p64_wind_g05,117,0.7960152836531392,2012
p64_wind_g05,118,0.20438096723992505,2012
p64_wind_g05,119,0.46628843105429235,2012
p64_wind_g05,120,0.5182201770142542,2012
p64_wind_g05,121,0.3853662725474223,2012
p64_wind_g05,122,0.2901066502679459,2012
p64_wind_g05,123,0.6440332774359114,2012
p64_wind_g05,124,0.5578905649537516,2012
p64_wind_g05,125,0.3477510898173736,2012
p64_wind_g05,126,0.3529529597530335,2012
p64_wind_g05,127,0.4399398812134948,2012
p64_wind_g05,128,0.7821411594953551,2012
p64_wind_g05,129,0.3128923145759451,2012
p64_wind_g05,130,0.3456011980532508,2012
p64_wind_g05,131,0.19239500122372682,2012
p64_wind_g05,132,0.7327631844870963,2012
p64_wind_g05,133,0.35539580971054857,2012
p64_wind_g05,134,0.48094689617677,2012
p64_wind_g05,135,0.3964138040493471,2012
p64_wind_g05,136,0.4517792141274141,2012
p64_wind_g05,137,0.1835887230818137,2012
p64_wind_g05,138,0.2885237336732068,2012
p64_wind_g05,139,0.4418695066652743,2012
p64_wind_g05,140,0.4735700490907971,2012
p64_wind_g05,141,0.3164031753591338,2012
p64_wind_g05,142,0.32502847840409776,2012
p64_wind_g05,143,0.49225384518361914,2012
p64_wind_g05,144,0.41163319979088053,2012
p64_wind_g05,145,0.43339283361435577,2012
p64_wind_g05,146,0.3487811661559569,2012
p64_wind_g05,147,0.5840094936174022,2012
p64_wind_g05,148,0.3377100424722836,2012
p64_wind_g05,149,0.4531621749677437,2012
p64_wind_g05,150,0.19574997594960036,2012
p64_wind_g05,151,0.6697511853517923,2012
p64_wind_g05,152,0.3061510863699395,2012
p64_wind_g05,153,0.5485723359699838,2012
p64_wind_g05,154,0.18562029203208513,2012
p64_wind_g05,155,0.32915583027918305,2012
p64_wind_g05,156,0.3577372924059651,2012
p64_wind_g05,157,0.46955897588757173,2012
p64_wind_g05,158,0.28255216934291905,2012
p64_wind_g05,159,0.4053030343607984,2012
p64_wind_g05,160,0.2783981247544708,2012
p64_wind_g05,161,0.24270506433215433,2012
p64_wind_g05,162,0.41870061952725757,2012
p64_wind_g05,163,0.38481549783072816,2012
p64_wind_g05,164,0.4907596271485176,2012
p64_wind_g05,165,0.15779488452646853,2012
p64_wind_g05,166,0.23588233809983516,2012
p64_wind_g05,167,0.13784549026350892,2012
p64_wind_g05,168,0.44896485209573705,2012
p64_wind_g05,169,0.19178725811560957,2012
p64_wind_g05,170,0.4750397668982854,2012
p64_wind_g05,171,0.2906962231062081,2012
p64_wind_g05,172,0.2825746198339816,2012
p64_wind_g05,173,0.2426492540631017,2012
p64_wind_g05,174,0.2911174432663457,2012
p64_wind_g05,175,0.1874434020515406,2012
p64_wind_g05,176,0.32075443980148616,2012
p64_wind_g05,177,0.2150522639129397,2012
p64_wind_g05,178,0.2625858401279058,2012
p64_wind_g05,179,0.3282842296352339,2012
p64_wind_g05,180,0.3002310426885079,2012
p64_wind_g05,181,0.2474379450565226,2012
p64_wind_g05,182,0.301575875940006,2012
p64_wind_g05,183,0.22116564796914556,2012
p64_wind_g05,184,0.23951897066821004,2012
p64_wind_g05,185,0.321794544128078,2012
p64_wind_g05,186,0.2526447959153337,2012
p64_wind_g05,187,0.5288746477186871,2012
p64_wind_g05,188,0.14115127941599068,2012
p64_wind_g05,189,0.4246852203866456,2012
p64_wind_g05,190,0.22007904888070193,2012
p64_wind_g05,191,0.41122191309492717,2012
p64_wind_g05,192,0.2060845317437588,2012
p64_wind_g05,193,0.35257172939696296,2012
p64_wind_g05,194,0.2557477835296047,2012
p64_wind_g05,195,0.3967189227992765,2012
p64_wind_g05,196,0.37861068795585257,2012
p64_wind_g05,197,0.26880918590004654,2012
p64_wind_g05,198,0.465537920826701,2012
p64_wind_g05,199,0.21747657772438025,2012
p64_wind_g05,200,0.29638182861274903,2012
p64_wind_g05,201,0.14114471257449718,2012
p64_wind_g05,202,0.4807904200283644,2012
p64_wind_g05,203,0.15124046701349217,2012
p64_wind_g05,204,0.2731362549945254,2012
p64_wind_g05,205,0.2178444879059876,2012
p64_wind_g05,206,0.31295434849560755,2012
p64_wind_g05,207,0.14142613956485003,2012
p64_wind_g05,208,0.3685156484100512,2012
p64_wind_g05,209,0.28849195316914733,2012
p64_wind_g05,210,0.41387819518671864,2012
p64_wind_g05,211,0.14399758692286432,2012
p64_wind_g05,212,0.4854015021513832,2012
p64_wind_g05,213,0.28796487738522314,2012
p64_wind_g05,214,0.283475930991612,2012
p64_wind_g05,215,0.2621259752298723,2012
p64_wind_g05,216,0.23652063782655183,2012
p64_wind_g05,217,0.3075499485338665,2012
p64_wind_g05,218,0.29375362979530906,2012
p64_wind_g05,219,0.31441368049448065,2012
p64_wind_g05,220,0.22273465271159554,2012
p64_wind_g05,221,0.5740247321292247,2012
p64_wind_g05,222,0.30410137640406554,2012
p64_wind_g05,223,0.5089657039133705,2012
p64_wind_g05,224,0.1392220464547994,2012
p64_wind_g05,225,0.43554838825137887,2012
p64_wind_g05,226,0.3010269534024809,2012
p64_wind_g05,227,0.5641975944338529,2012
p64_wind_g05,228,0.3160465945208106,2012
p64_wind_g05,229,0.4731809091980008,2012
p64_wind_g05,230,0.4114732685090454,2012
p64_wind_g05,231,0.2995110077200261,2012
p64_wind_g05,232,0.32001337284767395,2012
p64_wind_g05,233,0.44178156712689115,2012
p64_wind_g05,234,0.3839109666462639,2012
p64_wind_g05,235,0.3835942595959349,2012
p64_wind_g05,236,0.31517541692890855,2012
p64_wind_g05,237,0.28041057707189987,2012
p64_wind_g05,238,0.6241915644231615,2012
p64_wind_g05,239,0.2513526093326613,2012
p64_wind_g05,240,0.6693850502923065,2012
p64_wind_g06,1,0.3028376943075752,2012
p64_wind_g06,2,0.17510869349799904,2012
p64_wind_g06,3,0.5029839885420679,2012
p64_wind_g06,4,0.17099977516684925,2012
p64_wind_g06,5,0.6389514427055735,2012
p64_wind_g06,6,0.34899826997883904,2012
p64_wind_g06,7,0.4103541908327886,2012
p64_wind_g06,8,0.22245008734087074,2012
p64_wind_g06,9,0.47865549306013633,2012
p64_wind_g06,10,0.258264799163188,2012
p64_wind_g06,11,0.46654405671844157,2012
p64_wind_g06,12,0.4184823141900683,2012
p64_wind_g06,13,0.2600698442658415,2012
p64_wind_g06,14,0.35286810149638753,2012
p64_wind_g06,15,0.49907100527158693,2012
p64_wind_g06,16,0.4454793169578702,2012
p64_wind_g06,17,0.3758269748631868,2012
p64_wind_g06,18,0.3834164642754545,2012
p64_wind_g06,19,0.263905445294571,2012
p64_wind_g06,20,0.6008927515317658,2012
p64_wind_g06,21,0.17473058656760818,2012
p64_wind_g06,22,0.44569039266543564,2012
p64_wind_g06,23,0.33325625365010697,2012
p64_wind_g06,24,0.7340793128938314,2012
p64_wind_g06,25,0.4626382155088885,2012
p64_wind_g06,26,0.43113341640059194,2012
p64_wind_g06,27,0.2911435786385157,2012
p64_wind_g06,28,0.524372514148905,2012
p64_wind_g06,29,0.5498118173933204,2012
p64_wind_g06,30,0.5458452984211756,2012
p64_wind_g06,31,0.3435007856086543,2012
p64_wind_g06,32,0.6323361541815373,2012
p64_wind_g06,33,0.5031918250109996,2012
p64_wind_g06,34,0.3618627410543858,2012
p64_wind_g06,35,0.4238184799221595,2012
p64_wind_g06,36,0.47753745467017816,2012
p64_wind_g06,37,0.7914908311294477,2012
p64_wind_g06,38,0.2763577444303565,2012
p64_wind_g06,39,0.6566057477266366,2012
p64_wind_g06,40,0.4222774983178312,2012
p64_wind_g06,41,0.39147076512062745,2012
p64_wind_g06,42,0.46885898461751657,2012
p64_wind_g06,43,0.6358839272402675,2012
p64_wind_g06,44,0.37661473645884846,2012
p64_wind_g06,45,0.7012565695616476,2012
p64_wind_g06,46,0.4629627815586339,2012
p64_wind_g06,47,0.7773355205675679,2012
p64_wind_g06,48,0.6310305790176245,2012
p64_wind_g06,49,0.6884893935291491,2012
p64_wind_g06,50,0.7844497527692861,2012
p64_wind_g06,51,0.3966012399604064,2012
p64_wind_g06,52,0.6825131930232873,2012
p64_wind_g06,53,0.28471319222613906,2012
p64_wind_g06,54,0.5031124199513599,2012
p64_wind_g06,55,0.22014861901866667,2012
p64_wind_g06,56,1.0,2012
p64_wind_g06,57,0.4434007087813849,2012
p64_wind_g06,58,0.4730730972334837,2012
p64_wind_g06,59,0.25750499589993026,2012
p64_wind_g06,60,0.6250553319320321,2012
p64_wind_g06,61,0.40311625052110056,2012
p64_wind_g06,62,0.6744656669162695,2012
p64_wind_g06,63,0.36086485556942616,2012
p64_wind_g06,64,0.8164055324442392,2012
p64_wind_g06,65,0.37608807228418883,2012
p64_wind_g06,66,0.6267920258131251,2012
p64_wind_g06,67,0.5650011734669917,2012
p64_wind_g06,68,0.6355723628904837,2012
p64_wind_g06,69,0.44084208752971926,2012
p64_wind_g06,70,0.38598716625839175,2012
p64_wind_g06,71,0.5563647193165765,2012
p64_wind_g06,72,0.5019158812941175,2012
p64_wind_g06,73,0.41837549423039194,2012
p64_wind_g06,74,0.35283920502229543,2012
p64_wind_g06,75,0.403486620117533,2012
p64_wind_g06,76,0.19667127929512201,2012
p64_wind_g06,77,0.6256693551706296,2012
p64_wind_g06,78,0.256027953652824,2012
p64_wind_g06,79,1.0,2012
p64_wind_g06,80,0.36052683553901416,2012
p64_wind_g06,81,0.5616476934760474,2012
p64_wind_g06,82,0.28883264124176916,2012
p64_wind_g06,83,0.7626695143007721,2012
p64_wind_g06,84,0.3650274866644739,2012
p64_wind_g06,85,0.4203636023232086,2012
p64_wind_g06,86,0.6345913284464536,2012
p64_wind_g06,87,0.4928299421114368,2012
p64_wind_g06,88,0.3956258235474812,2012
p64_wind_g06,89,0.48886596560099527,2012
p64_wind_g06,90,0.7391700860271304,2012
p64_wind_g06,91,0.22730985893392122,2012
p64_wind_g06,92,0.7701759786520752,2012
p64_wind_g06,93,0.25257285052349737,2012
p64_wind_g06,94,0.5001290428061635,2012
p64_wind_g06,95,0.3246382960721621,2012
p64_wind_g06,96,0.9046512140851786,2012
p64_wind_g06,97,0.4214312189848286,2012
p64_wind_g06,98,0.8578895042998941,2012
p64_wind_g06,99,0.5302120097899559,2012
p64_wind_g06,100,0.8890464723427569,2012
p64_wind_g06,101,0.5469498555877738,2012
p64_wind_g06,102,0.7875007067919765,2012
p64_wind_g06,103,0.5148447883111165,2012
p64_wind_g06,104,0.7082796561515379,2012
p64_wind_g06,105,0.5078862089942163,2012
p64_wind_g06,106,0.300401027796335,2012
p64_wind_g06,107,0.7174136440919642,2012
p64_wind_g06,108,0.41685511447515056,2012
p64_wind_g06,109,0.6922251808890053,2012
p64_wind_g06,110,0.3280558043258685,2012
p64_wind_g06,111,0.7575552630638867,2012
p64_wind_g06,112,0.2624769853766923,2012
p64_wind_g06,113,0.6794388684471735,2012
p64_wind_g06,114,0.4216430230138848,2012
p64_wind_g06,115,0.7830251238675917,2012
p64_wind_g06,116,0.39205788719541895,2012
p64_wind_g06,117,0.46639651550199274,2012
p64_wind_g06,118,0.46823785056171063,2012
p64_wind_g06,119,0.37782538520258757,2012
p64_wind_g06,120,0.47049375747111016,2012
p64_wind_g06,121,0.3965548739854441,2012
p64_wind_g06,122,0.5656379432459941,2012
p64_wind_g06,123,0.5910766566615978,2012
p64_wind_g06,124,0.42528345966304876,2012
p64_wind_g06,125,0.5520784999532663,2012
p64_wind_g06,126,0.5243740882201544,2012
p64_wind_g06,127,0.25127042021393614,2012
p64_wind_g06,128,0.6092815710793337,2012
p64_wind_g06,129,0.16996534733485197,2012
p64_wind_g06,130,0.737084915713646,2012
p64_wind_g06,131,0.23453963589740986,2012
p64_wind_g06,132,0.46587173347311017,2012
p64_wind_g06,133,0.22564606867258444,2012
p64_wind_g06,134,0.7786389763605762,2012
p64_wind_g06,135,0.17230694644808184,2012
p64_wind_g06,136,0.31409520627991394,2012
p64_wind_g06,137,0.1920992099879147,2012
p64_wind_g06,138,0.3734824245982113,2012
p64_wind_g06,139,0.26405433491866037,2012
p64_wind_g06,140,0.47768853287099744,2012
p64_wind_g06,141,0.520367174865773,2012
p64_wind_g06,142,0.4671981299666935,2012
p64_wind_g06,143,0.47903887356789665,2012
p64_wind_g06,144,0.25676205602606006,2012
p64_wind_g06,145,0.2855138539852887,2012
p64_wind_g06,146,0.34670579140151764,2012
p64_wind_g06,147,0.37647315747359783,2012
p64_wind_g06,148,0.18826681385329516,2012
p64_wind_g06,149,0.666596977912384,2012
p64_wind_g06,150,0.3139485334262241,2012
p64_wind_g06,151,0.4212559755958865,2012
p64_wind_g06,152,0.2259933566918361,2012
p64_wind_g06,153,0.5118558128242234,2012
p64_wind_g06,154,0.17393508357659898,2012
p64_wind_g06,155,0.36934310214561206,2012
p64_wind_g06,156,0.2643803018592037,2012
p64_wind_g06,157,0.38991750353601673,2012
p64_wind_g06,158,0.3217860535533001,2012
p64_wind_g06,159,0.45755789713711814,2012
p64_wind_g06,160,0.3652309322997895,2012
p64_wind_g06,161,0.2721989195692914,2012
p64_wind_g06,162,0.35940632318070065,2012
p64_wind_g06,163,0.35447585882721133,2012
p64_wind_g06,164,0.51864905895861,2012
p64_wind_g06,165,0.24723417510240484,2012
p64_wind_g06,166,0.3811244260281574,2012
p64_wind_g06,167,0.16013763142055068,2012
p64_wind_g06,168,0.3923733487602231,2012
p64_wind_g06,169,0.1606359966294991,2012
p64_wind_g06,170,0.29888760639056455,2012
p64_wind_g06,171,0.20196715405314558,2012
p64_wind_g06,172,0.30346407720444557,2012
p64_wind_g06,173,0.2712886981391919,2012
p64_wind_g06,174,0.34041062210152234,2012
p64_wind_g06,175,0.17955742622508133,2012
p64_wind_g06,176,0.4438783959543297,2012
p64_wind_g06,177,0.31338228594268486,2012
p64_wind_g06,178,0.19513279483761156,2012
p64_wind_g06,179,0.28078994393459306,2012
p64_wind_g06,180,0.16215471871654333,2012
p64_wind_g06,181,0.2900025094934038,2012
p64_wind_g06,182,0.32952040467832516,2012
p64_wind_g06,183,0.42342654803512203,2012
p64_wind_g06,184,0.11860648484619957,2012
p64_wind_g06,185,0.41118059198264756,2012
p64_wind_g06,186,0.23797062489845444,2012
p64_wind_g06,187,0.5442381125815974,2012
p64_wind_g06,188,0.25672702076474685,2012
p64_wind_g06,189,0.5464632576770339,2012
p64_wind_g06,190,0.16221306921889542,2012
p64_wind_g06,191,0.2610484880928276,2012
p64_wind_g06,192,0.2824604186012951,2012
p64_wind_g06,193,0.32427108984621383,2012
p64_wind_g06,194,0.1364972566364791,2012
p64_wind_g06,195,0.19028038817719525,2012
p64_wind_g06,196,0.19927594628226367,2012
p64_wind_g06,197,0.41627106881263587,2012
p64_wind_g06,198,0.19342435858736784,2012
p64_wind_g06,199,0.31780596278059675,2012
p64_wind_g06,200,0.24065947340233926,2012
p64_wind_g06,201,0.26523044600996937,2012
p64_wind_g06,202,0.3000486418905213,2012
p64_wind_g06,203,0.23545183869508715,2012
p64_wind_g06,204,0.3687995630628028,2012
p64_wind_g06,205,0.2057151468535544,2012
p64_wind_g06,206,0.44403430832295554,2012
p64_wind_g06,207,0.11171611940919324,2012
p64_wind_g06,208,0.28554918959224995,2012
p64_wind_g06,209,0.17870337231700964,2012
p64_wind_g06,210,0.26516781703503045,2012
p64_wind_g06,211,0.15289428020540627,2012
p64_wind_g06,212,0.5054332397212946,2012
p64_wind_g06,213,0.1464297029690262,2012
p64_wind_g06,214,0.4748273279704707,2012
p64_wind_g06,215,0.3875526093049669,2012
p64_wind_g06,216,0.18466264546440284,2012
p64_wind_g06,217,0.4022767096487053,2012
p64_wind_g06,218,0.2370325715161922,2012
p64_wind_g06,219,0.3402753040673422,2012
p64_wind_g06,220,0.17392464609073796,2012
p64_wind_g06,221,0.48167248248059774,2012
p64_wind_g06,222,0.2887676816922083,2012
p64_wind_g06,223,0.295225404295744,2012
p64_wind_g06,224,0.19275908619365817,2012
p64_wind_g06,225,0.33887240886186404,2012
p64_wind_g06,226,0.28327361868939577,2012
p64_wind_g06,227,0.5154280559108865,2012
p64_wind_g06,228,0.2786449929149507,2012
p64_wind_g06,229,0.4264384707929104,2012
p64_wind_g06,230,0.21230662441996542,2012
p64_wind_g06,231,0.5897675980059354,2012
p64_wind_g06,232,0.36726815239433475,2012
p64_wind_g06,233,0.45521426928596803,2012
p64_wind_g06,234,0.2275870722549391,2012
p64_wind_g06,235,0.47850053048782076,2012
p64_wind_g06,236,0.5744807497838562,2012
p64_wind_g06,237,0.179975658598749,2012
p64_wind_g06,238,0.5826915789533016,2012
p64_wind_g06,239,0.35073159744898624,2012
p64_wind_g06,240,0.47712038263009804,2012
p64_wind_g07,1,0.5791489789999409,2012
p64_wind_g07,2,0.32511798732035624,2012
p64_wind_g07,3,0.416384134773224,2012
p64_wind_g07,4,0.2981399080705204,2012
p64_wind_g07,5,0.6763539263016883,2012
p64_wind_g07,6,0.25068607932047005,2012
p64_wind_g07,7,0.6666476220812837,2012
p64_wind_g07,8,0.4229864285308059,2012
p64_wind_g07,9,0.42040541703881323,2012
p64_wind_g07,10,0.49059260076164374,2012
p64_wind_g07,11,0.36764089357793367,2012
p64_wind_g07,12,0.3406942221335777,2012
p64_wind_g07,13,0.2760492669585252,2012
p64_wind_g07,14,0.5803717810979098,2012
p64_wind_g07,15,0.4479802948285783,2012
p64_wind_g07,16,0.41388762628256714,2012
p64_wind_g07,17,0.4400122364102823,2012
p64_wind_g07,18,0.4374877698069762,2012
p64_wind_g07,19,0.1735007954736856,2012
p64_wind_g07,20,0.5289393065288835,2012
p64_wind_g07,21,0.2901383835007371,2012
p64_wind_g07,22,0.775425946371209,2012
p64_wind_g07,23,0.38793472571529164,2012
p64_wind_g07,24,0.836858676345789,2012
p64_wind_g07,25,0.4589157792437203,2012
p64_wind_g07,26,0.6663809216867314,2012
p64_wind_g07,27,0.5014317554644039,2012
p64_wind_g07,28,0.5764625003347584,2012
p64_wind_g07,29,0.5810041368231597,2012
p64_wind_g07,30,0.664075510962138,2012
p64_wind_g07,31,0.6297416787129345,2012
p64_wind_g07,32,0.36043940619721243,2012
p64_wind_g07,33,0.4006287586598573,2012
p64_wind_g07,34,0.30056619255192984,2012
p64_wind_g07,35,0.4951377622754437,2012
p64_wind_g07,36,0.33401757806412724,2012
p64_wind_g07,37,0.6517273866184348,2012
p64_wind_g07,38,0.280786542426726,2012
p64_wind_g07,39,0.82844668537574,2012
p64_wind_g07,40,0.18981326918168467,2012
p64_wind_g07,41,0.8218879724783331,2012
p64_wind_g07,42,0.2363249676252041,2012
p64_wind_g07,43,0.7939044242655949,2012
p64_wind_g07,44,0.4969841793207829,2012
p64_wind_g07,45,0.381171571635443,2012
p64_wind_g07,46,0.5855326254006129,2012
p64_wind_g07,47,0.4214206891591802,2012
p64_wind_g07,48,0.6342178936026459,2012
p64_wind_g07,49,0.5676467073662059,2012
p64_wind_g07,50,0.7215753522995273,2012
p64_wind_g07,51,0.5408762967116225,2012
p64_wind_g07,52,0.49706455397715055,2012
p64_wind_g07,53,0.5018030167192233,2012
p64_wind_g07,54,0.621798811833268,2012
p64_wind_g07,55,0.290067256139254,2012
p64_wind_g07,56,0.4838212233045608,2012
p64_wind_g07,57,0.38306254164608783,2012
p64_wind_g07,58,0.8585632446768797,2012
p64_wind_g07,59,0.3858433625106095,2012
p64_wind_g07,60,0.520254349232598,2012
p64_wind_g07,61,0.37943252763403257,2012
p64_wind_g07,62,0.8037716122869144,2012
p64_wind_g07,63,0.29430616028180573,2012
p64_wind_g07,64,0.5896835056390497,2012
p64_wind_g07,65,0.44704436834033534,2012
p64_wind_g07,66,0.6415763839495057,2012
p64_wind_g07,67,0.4540857248879982,2012
p64_wind_g07,68,0.4726530771583815,2012
p64_wind_g07,69,0.7335241272631191,2012
p64_wind_g07,70,0.4531011263503391,2012
p64_wind_g07,71,0.4465004750031616,2012
p64_wind_g07,72,0.40237008991953144,2012
p64_wind_g07,73,0.5887816915873907,2012
p64_wind_g07,74,0.26690867690032827,2012
p64_wind_g07,75,0.7647578521723047,2012
p64_wind_g07,76,0.2464419801817905,2012
p64_wind_g07,77,0.4257664084002585,2012
p64_wind_g07,78,0.3481185663637425,2012
p64_wind_g07,79,0.588080683070915,2012
p64_wind_g07,80,0.48624832565009873,2012
p64_wind_g07,81,0.7713976450918157,2012
p64_wind_g07,82,0.4776246284210085,2012
p64_wind_g07,83,0.87490863251003,2012
p64_wind_g07,84,0.4152012272798929,2012
p64_wind_g07,85,0.3646996650798777,2012
p64_wind_g07,86,0.7313526024366658,2012
p64_wind_g07,87,0.33071567946812974,2012
p64_wind_g07,88,0.5048760856005857,2012
p64_wind_g07,89,0.44754758650364235,2012
p64_wind_g07,90,0.5975199850960919,2012
p64_wind_g07,91,0.5608358858647663,2012
p64_wind_g07,92,0.9044564231233856,2012
p64_wind_g07,93,0.41424741036892054,2012
p64_wind_g07,94,0.6646163957681481,2012
p64_wind_g07,95,0.2572257678133922,2012
p64_wind_g07,96,0.4365888434039835,2012
p64_wind_g07,97,0.21550109259120231,2012
p64_wind_g07,98,0.8730861254620406,2012
p64_wind_g07,99,0.40734308327990193,2012
p64_wind_g07,100,0.8915443513799866,2012
p64_wind_g07,101,0.5472216853501812,2012
p64_wind_g07,102,0.47193361128227135,2012
p64_wind_g07,103,0.46945899550520953,2012
p64_wind_g07,104,0.2740004268323554,2012
p64_wind_g07,105,0.5571896765109142,2012
p64_wind_g07,106,0.5295175626137286,2012
p64_wind_g07,107,0.39482251865984364,2012
p64_wind_g07,108,0.5063440077691281,2012
p64_wind_g07,109,0.38326884270188166,2012
p64_wind_g07,110,0.2321799194977765,2012
p64_wind_g07,111,0.5396981879972585,2012
p64_wind_g07,112,0.30714938037781186,2012
p64_wind_g07,113,0.39374591829625694,2012
p64_wind_g07,114,0.20157061440316398,2012
p64_wind_g07,115,0.4646033250536151,2012
p64_wind_g07,116,0.20511431136954408,2012
p64_wind_g07,117,0.6093057301514202,2012
p64_wind_g07,118,0.4187788293258662,2012
p64_wind_g07,119,0.5161926856093697,2012
p64_wind_g07,120,0.22134441792411877,2012
p64_wind_g07,121,0.35819126582134486,2012
p64_wind_g07,122,0.5183139584659491,2012
p64_wind_g07,123,0.46181987300384864,2012
p64_wind_g07,124,0.2575291114613743,2012
p64_wind_g07,125,0.268746053886055,2012
p64_wind_g07,126,0.5130895055445602,2012
p64_wind_g07,127,0.3305156322339234,2012
p64_wind_g07,128,0.40484762191869683,2012
p64_wind_g07,129,0.3585283421928207,2012
p64_wind_g07,130,0.29592459189364806,2012
p64_wind_g07,131,0.3561307666283456,2012
p64_wind_g07,132,0.5584495943807911,2012
p64_wind_g07,133,0.18352913357593365,2012
p64_wind_g07,134,0.3118958785562852,2012
p64_wind_g07,135,0.172514750109072,2012
p64_wind_g07,136,0.6412375675020783,2012
p64_wind_g07,137,0.18431720121254927,2012
p64_wind_g07,138,0.6010789472212807,2012
p64_wind_g07,139,0.18921352105422373,2012
p64_wind_g07,140,0.5674183448803385,2012
p64_wind_g07,141,0.3606044322811943,2012
p64_wind_g07,142,0.3403538546585098,2012
p64_wind_g07,143,0.28317866864152996,2012
p64_wind_g07,144,0.4074965977480273,2012
p64_wind_g07,145,0.4583121893867844,2012
p64_wind_g07,146,0.3055971875888068,2012
p64_wind_g07,147,0.5306565064748789,2012
p64_wind_g07,148,0.26527568407324165,2012
p64_wind_g07,149,0.47191885038571796,2012
p64_wind_g07,150,0.28658658279355814,2012
p64_wind_g07,151,0.38990967904998813,2012
p64_wind_g07,152,0.29206938388541526,2012
p64_wind_g07,153,0.5513287695067357,2012
p64_wind_g07,154,0.2011822912167438,2012
p64_wind_g07,155,0.3614336557303513,2012
p64_wind_g07,156,0.23409595810822464,2012
p64_wind_g07,157,0.5060060402912702,2012
p64_wind_g07,158,0.32676953204690484,2012
p64_wind_g07,159,0.2822079566989111,2012
p64_wind_g07,160,0.3513609546477518,2012
p64_wind_g07,161,0.39337248255530827,2012
p64_wind_g07,162,0.19187477349116672,2012
p64_wind_g07,163,0.255587966757978,2012
p64_wind_g07,164,0.346281529579769,2012
p64_wind_g07,165,0.16076747261822272,2012
p64_wind_g07,166,0.501864764024488,2012
p64_wind_g07,167,0.2812481052086966,2012
p64_wind_g07,168,0.4527772275222064,2012
p64_wind_g07,169,0.18856550220268387,2012
p64_wind_g07,170,0.5179934696226284,2012
p64_wind_g07,171,0.1409387189341845,2012
p64_wind_g07,172,0.40413136462125454,2012
p64_wind_g07,173,0.1787101185774556,2012
p64_wind_g07,174,0.445939184388024,2012
p64_wind_g07,175,0.32705118489482204,2012
p64_wind_g07,176,0.3000931234078527,2012
p64_wind_g07,177,0.3272951665922193,2012
p64_wind_g07,178,0.41996356406253177,2012
p64_wind_g07,179,0.3227764293084593,2012
p64_wind_g07,180,0.2332697565328128,2012
p64_wind_g07,181,0.1949167439600883,2012
p64_wind_g07,182,0.22920745522644734,2012
p64_wind_g07,183,0.28166757715767893,2012
p64_wind_g07,184,0.15310946918738103,2012
p64_wind_g07,185,0.31046633519252587,2012
p64_wind_g07,186,0.19398118385419136,2012
p64_wind_g07,187,0.25898772729003333,2012
p64_wind_g07,188,0.1495080975794099,2012
p64_wind_g07,189,0.3226253600177947,2012
p64_wind_g07,190,0.2779849178008618,2012
p64_wind_g07,191,0.24083137242622843,2012
p64_wind_g07,192,0.2309841087883014,2012
p64_wind_g07,193,0.4153886183922893,2012
p64_wind_g07,194,0.21430263192420135,2012
p64_wind_g07,195,0.32322493222301063,2012
p64_wind_g07,196,0.26824300790209654,2012
p64_wind_g07,197,0.2649635745698407,2012
p64_wind_g07,198,0.23314548897271103,2012
p64_wind_g07,199,0.2643216326643631,2012
p64_wind_g07,200,0.28636866931503613,2012
p64_wind_g07,201,0.15291354584253639,2012
p64_wind_g07,202,0.4422331479064706,2012
p64_wind_g07,203,0.16117758737083873,2012
p64_wind_g07,204,0.23299319542494726,2012
p64_wind_g07,205,0.2429252733607337,2012
p64_wind_g07,206,0.49448813231437677,2012
p64_wind_g07,207,0.23291188925128453,2012
p64_wind_g07,208,0.23412409675465032,2012
p64_wind_g07,209,0.21672605272883447,2012
p64_wind_g07,210,0.3019399118375273,2012
p64_wind_g07,211,0.25331212836809053,2012
p64_wind_g07,212,0.4684699943645947,2012
p64_wind_g07,213,0.2795748050939818,2012
p64_wind_g07,214,0.25651493468994163,2012
p64_wind_g07,215,0.36972627710829425,2012
p64_wind_g07,216,0.2108392932221681,2012
p64_wind_g07,217,0.3353370437738984,2012
p64_wind_g07,218,0.17247267769928942,2012
p64_wind_g07,219,0.3159525517672139,2012
p64_wind_g07,220,0.2173986098699142,2012
p64_wind_g07,221,0.4358141842130794,2012
p64_wind_g07,222,0.2348313666220006,2012
p64_wind_g07,223,0.39074194688668296,2012
p64_wind_g07,224,0.16882149526979184,2012
p64_wind_g07,225,0.48280877797447,2012
p64_wind_g07,226,0.15691373876832035,2012
p64_wind_g07,227,0.5578797021391699,2012
p64_wind_g07,228,0.1318797428968899,2012
p64_wind_g07,229,0.580531383175503,2012
p64_wind_g07,230,0.31296336231553795,2012
p64_wind_g07,231,0.47500243786154556,2012
p64_wind_g07,232,0.3162832554288941,2012
p64_wind_g07,233,0.4363339268006163,2012
p64_wind_g07,234,0.2761949653438332,2012
p64_wind_g07,235,0.34383233008562664,2012
p64_wind_g07,236,0.44226113717516674,2012
p64_wind_g07,237,0.39864285053378745,2012
p64_wind_g07,238,0.5389467063427916,2012
p64_wind_g07,239,0.41003115285644526,2012
p64_wind_g07,240,0.5558674169305584,2012
p64_wind_g08,1,0.5392919163870409,2012
p64_wind_g08,2,0.1634260454808016,2012
p64_wind_g08,3,0.5375388177206323,2012
p64_wind_g08,4,0.28717244485430954,2012
p64_wind_g08,5,0.4543506758534317,2012
p64_wind_g08,6,0.20454858763189412,2012
p64_wind_g08,7,0.6303566142520562,2012
p64_wind_g08,8,0.182535493318633,2012
p64_wind_g08,9,0.4659840912308814,2012
p64_wind_g08,10,0.3369542183003749,2012
p64_wind_g08,11,0.5136953629073637,2012
p64_wind_g08,12,0.321251534616328,2012
p64_wind_g08,13,0.244914775693415,2012
p64_wind_g08,14,0.31710690734114994,2012
p64_wind_g08,15,0.48797907000941365,2012
p64_wind_g08,16,0.6838630674738279,2012
p64_wind_g08,17,0.35927307324907964,2012
p64_wind_g08,18,0.768264392106822,2012
p64_wind_g08,19,0.3061028117275512,2012
p64_wind_g08,20,0.608805655139084,2012
p64_wind_g08,21,0.3208354942978083,2012
p64_wind_g08,22,0.6851386798792592,2012
p64_wind_g08,23,0.3584741524886258,2012
p64_wind_g08,24,0.47778123321260324,2012
p64_wind_g08,25,0.37133352885407683,2012
p64_wind_g08,26,0.6667738788143365,2012
p64_wind_g08,27,0.45306881959498985,2012
p64_wind_g08,28,0.6283237358724685,2012
p64_wind_g08,29,0.26579944393445143,2012
p64_wind_g08,30,0.27103228098776216,2012
p64_wind_g08,31,0.477693924784247,2012
p64_wind_g08,32,0.45708226218868797,2012
p64_wind_g08,33,0.6001297036796157,2012
p64_wind_g08,34,0.49360766198756073,2012
p64_wind_g08,35,0.7274125179574311,2012
p64_wind_g08,36,0.3865022516692356,2012
p64_wind_g08,37,0.7478856813656993,2012
p64_wind_g08,38,0.30081187853091473,2012
p64_wind_g08,39,0.7237793778936193,2012
p64_wind_g08,40,0.22713235536423101,2012
p64_wind_g08,41,0.9201082412640654,2012
p64_wind_g08,42,0.3730723017015204,2012
p64_wind_g08,43,0.5929876654820295,2012
p64_wind_g08,44,0.3683721048903157,2012
p64_wind_g08,45,0.4066017122718064,2012
p64_wind_g08,46,0.31893827307395,2012
p64_wind_g08,47,0.5582969117955842,2012
p64_wind_g08,48,0.4261293231254109,2012
p64_wind_g08,49,0.7206325951453314,2012
p64_wind_g08,50,0.45586329893584215,2012
p64_wind_g08,51,0.2734557606115144,2012
p64_wind_g08,52,0.6043935434565029,2012
p64_wind_g08,53,0.5009186711648862,2012
p64_wind_g08,54,0.601168356142886,2012
p64_wind_g08,55,0.3567840247173522,2012
p64_wind_g08,56,0.9484644194079118,2012
p64_wind_g08,57,0.4044086092659744,2012
p64_wind_g08,58,0.9115028897673996,2012
p64_wind_g08,59,0.2552188155915594,2012
p64_wind_g08,60,0.9126468940166564,2012
p64_wind_g08,61,0.34914836430133883,2012
p64_wind_g08,62,0.5469778823785671,2012
p64_wind_g08,63,0.38000196025434624,2012
p64_wind_g08,64,0.7205801091263351,2012
p64_wind_g08,65,0.29814421625799703,2012
p64_wind_g08,66,0.3367853477238106,2012
p64_wind_g08,67,0.33441087453797264,2012
p64_wind_g08,68,0.3721732100032003,2012
p64_wind_g08,69,0.3514813011136394,2012
p64_wind_g08,70,0.3412005522678648,2012
p64_wind_g08,71,0.6204627596216232,2012
p64_wind_g08,72,0.5710879111478893,2012
p64_wind_g08,73,0.596473360401133,2012
p64_wind_g08,74,0.4388844291795357,2012
p64_wind_g08,75,0.7614056582143716,2012
p64_wind_g08,76,0.3711098153369176,2012
p64_wind_g08,77,0.5434869420498868,2012
p64_wind_g08,78,0.32294482475284403,2012
p64_wind_g08,79,0.762055824811312,2012
p64_wind_g08,80,0.47207106192768716,2012
p64_wind_g08,81,0.5412141801594184,2012
p64_wind_g08,82,0.4465037616584278,2012
p64_wind_g08,83,0.5377625986700126,2012
p64_wind_g08,84,0.3351495041348978,2012
p64_wind_g08,85,0.8009504933999579,2012
p64_wind_g08,86,0.3698961014150472,2012
p64_wind_g08,87,0.5629127374410653,2012
p64_wind_g08,88,0.4061214472160179,2012
p64_wind_g08,89,0.6038758789497571,2012
p64_wind_g08,90,0.882901776844108,2012
p64_wind_g08,91,0.31197204009516083,2012
p64_wind_g08,92,0.9149489953179094,2012
p64_wind_g08,93,0.3816666658434953,2012
p64_wind_g08,94,0.6706280709780092,2012
p64_wind_g08,95,0.3568136788643953,2012
p64_wind_g08,96,0.5756893344988604,2012
p64_wind_g08,97,0.17866455419603874,2012
p64_wind_g08,98,0.748145756022599,2012
p64_wind_g08,99,0.4511797959604587,2012
p64_wind_g08,100,0.47110580932965157,2012
p64_wind_g08,101,0.2781516784904568,2012
p64_wind_g08,102,0.5873982253345847,2012
p64_wind_g08,103,0.588740750039399,2012
p64_wind_g08,104,0.33726750928554783,2012
p64_wind_g08,105,0.3021012875907015,2012
p64_wind_g08,106,0.4782926684501933,2012
p64_wind_g08,107,0.4227273161176696,2012
p64_wind_g08,108,0.3914248033165823,2012
p64_wind_g08,109,0.7192037539725904,2012
p64_wind_g08,110,0.464638801993097,2012
p64_wind_g08,111,0.6504925209021897,2012
p64_wind_g08,112,0.27362435609193514,2012
p64_wind_g08,113,0.36483221548108524,2012
p64_wind_g08,114,0.40402538917639286,2012
p64_wind_g08,115,0.5795402399655369,2012
p64_wind_g08,116,0.4251994240841949,2012
p64_wind_g08,117,0.3484032745719209,2012
p64_wind_g08,118,0.42908191001376395,2012
p64_wind_g08,119,0.3818718124979458,2012
p64_wind_g08,120,0.37680883584588426,2012
p64_wind_g08,121,0.38757260022554463,2012
p64_wind_g08,122,0.4749918251503053,2012
p64_wind_g08,123,0.5090645164273253,2012
p64_wind_g08,124,0.49377148676922406,2012
p64_wind_g08,125,0.5029952180845926,2012
p64_wind_g08,126,0.26150696925285305,2012
p64_wind_g08,127,0.2752585544376764,2012
p64_wind_g08,128,0.6073876797770789,2012
p64_wind_g08,129,0.3567509439788902,2012
p64_wind_g08,130,0.5365302379797083,2012
p64_wind_g08,131,0.2114917338228258,2012
p64_wind_g08,132,0.6141095621295422,2012
p64_wind_g08,133,0.29632158290011257,2012
p64_wind_g08,134,0.712965383265095,2012
p64_wind_g08,135,0.37958019937677334,2012
p64_wind_g08,136,0.31370531172044935,2012
p64_wind_g08,137,0.19050779531004197,2012
p64_wind_g08,138,0.5755955281052654,2012
p64_wind_g08,139,0.2256038310884747,2012
p64_wind_g08,140,0.5777836566815804,2012
p64_wind_g08,141,0.31847878719093786,2012
p64_wind_g08,142,0.41620484695428517,2012
p64_wind_g08,143,0.34867266129276836,2012
p64_wind_g08,144,0.395615363080107,2012
p64_wind_g08,145,0.39939943467428335,2012
p64_wind_g08,146,0.3629192455286188,2012
p64_wind_g08,147,0.4783122738981655,2012
p64_wind_g08,148,0.1501264001450251,2012
p64_wind_g08,149,0.38281015251109307,2012
p64_wind_g08,150,0.21515106304895956,2012
p64_wind_g08,151,0.30583615223920535,2012
p64_wind_g08,152,0.1905744572563892,2012
p64_wind_g08,153,0.4315999117703573,2012
p64_wind_g08,154,0.24511462751222454,2012
p64_wind_g08,155,0.4599122500270659,2012
p64_wind_g08,156,0.1874541015730613,2012
p64_wind_g08,157,0.33466233347952323,2012
p64_wind_g08,158,0.27769918150128964,2012
p64_wind_g08,159,0.3357819174103677,2012
p64_wind_g08,160,0.17216998051533794,2012
p64_wind_g08,161,0.35556893005327833,2012
p64_wind_g08,162,0.19994503668726293,2012
p64_wind_g08,163,0.2890730999147881,2012
p64_wind_g08,164,0.3143943524290118,2012
p64_wind_g08,165,0.16532459273772127,2012
p64_wind_g08,166,0.2749833896100962,2012
p64_wind_g08,167,0.1441935587516592,2012
p64_wind_g08,168,0.5205574763791101,2012
p64_wind_g08,169,0.13875103808190578,2012
p64_wind_g08,170,0.23226443193925342,2012
p64_wind_g08,171,0.24010244041228163,2012
p64_wind_g08,172,0.21681759855884097,2012
p64_wind_g08,173,0.22098939125607406,2012
p64_wind_g08,174,0.5037126439133781,2012
p64_wind_g08,175,0.2557169786856351,2012
p64_wind_g08,176,0.4822714998892529,2012
p64_wind_g08,177,0.2804584954424718,2012
p64_wind_g08,178,0.17859895410285012,2012
p64_wind_g08,179,0.3760597775493263,2012
p64_wind_g08,180,0.27277628302373463,2012
p64_wind_g08,181,0.19624396149209666,2012
p64_wind_g08,182,0.3035464744731064,2012
p64_wind_g08,183,0.250379175581114,2012
p64_wind_g08,184,0.20307017025856922,2012
p64_wind_g08,185,0.2560859567886095,2012
p64_wind_g08,186,0.18985297797365472,2012
p64_wind_g08,187,0.47039987963425545,2012
p64_wind_g08,188,0.10346415186846054,2012
p64_wind_g08,189,0.46354597937739594,2012
p64_wind_g08,190,0.19902920406271235,2012
p64_wind_g08,191,0.4019571775728635,2012
p64_wind_g08,192,0.22102302538545163,2012
p64_wind_g08,193,0.21439652824694028,2012
p64_wind_g08,194,0.1800542796594205,2012
p64_wind_g08,195,0.3345172888109778,2012
p64_wind_g08,196,0.34613029427405323,2012
p64_wind_g08,197,0.32041684567245704,2012
p64_wind_g08,198,0.2032353417353438,2012
p64_wind_g08,199,0.3566980797871381,2012
p64_wind_g08,200,0.40919929317843867,2012
p64_wind_g08,201,0.23221335087221012,2012
p64_wind_g08,202,0.42060359668215236,2012
p64_wind_g08,203,0.1691951500594797,2012
p64_wind_g08,204,0.4280780270506262,2012
p64_wind_g08,205,0.15340750205263293,2012
p64_wind_g08,206,0.3627402308728586,2012
p64_wind_g08,207,0.1980251520177437,2012
p64_wind_g08,208,0.36243468696701864,2012
p64_wind_g08,209,0.1922681209844982,2012
p64_wind_g08,210,0.23709985560829053,2012
p64_wind_g08,211,0.22403461305738248,2012
p64_wind_g08,212,0.28546366501474696,2012
p64_wind_g08,213,0.33959201590185073,2012
p64_wind_g08,214,0.28339969299970846,2012
p64_wind_g08,215,0.17275640598931896,2012
p64_wind_g08,216,0.378200583835133,2012
p64_wind_g08,217,0.3645486683141612,2012
p64_wind_g08,218,0.17078072964488425,2012
p64_wind_g08,219,0.35573722787883333,2012
p64_wind_g08,220,0.2378391815754718,2012
p64_wind_g08,221,0.4546281066155293,2012
p64_wind_g08,222,0.25922790354880376,2012
p64_wind_g08,223,0.4276794546154433,2012
p64_wind_g08,224,0.12711532509113435,2012
p64_wind_g08,225,0.5652123185550199,2012
p64_wind_g08,226,0.29157845964368095,2012
p64_wind_g08,227,0.5723743004757254,2012
p64_wind_g08,228,0.1636354720853474,2012
p64_wind_g08,229,0.581642747117061,2012
p64_wind_g08,230,0.23560433368982153,2012
p64_wind_g08,231,0.46357638180527727,2012
p64_wind_g08,232,0.4287294376254322,2012
p64_wind_g08,233,0.3255588244125153,2012
p64_wind_g08,234,0.48351732669839625,2012
p64_wind_g08,235,0.3350017299815801,2012
p64_wind_g08,236,0.2309393102278401,2012
p64_wind_g08,237,0.236828536627889,2012
p64_wind_g08,238,0.5155844536554247,2012
p64_wind_g08,239,0.23875591827592907,2012
p64_wind_g08,240,0.565592021682174,2012
p64_wind_g09,1,0.629883997803802,2012
p64_wind_g09,2,0.2429295373932444,2012
p64_wind_g09,3,0.41755494454518943,2012
p64_wind_g09,4,0.3359655295618996,2012
p64_wind_g09,5,0.44335096422557113,2012
p64_wind_g09,6,0.2746297997037196,2012
p64_wind_g09,7,0.35232255563671927,2012
p64_wind_g09,8,0.43849388529923344,2012
p64_wind_g09,9,0.404926426463883,2012
p64_wind_g09,10,0.19537612090961345,2012
p64_wind_g09,11,0.24687822002825321,2012
p64_wind_g09,12,0.44786954875604335,2012
p64_wind_g09,13,0.365605732910131,2012
p64_wind_g09,14,0.4260546728027388,2012
p64_wind_g09,15,0.3740302131226271,2012
p64_wind_g09,16,0.4767817046492964,2012
p64_wind_g09,17,0.3859291828370546,2012
p64_wind_g09,18,0.3243083924126049,2012
p64_wind_g09,19,0.3459134275316992,2012
p64_wind_g09,20,0.35632353829127134,2012
p64_wind_g09,21,0.22731593386625595,2012
p64_wind_g09,22,0.32261881237929385,2012
p64_wind_g09,23,0.25179175812052706,2012
p64_wind_g09,24,0.34019479095945054,2012
p64_wind_g09,25,0.30448271397539706,2012
p64_wind_g09,26,0.392057377814725,2012
p64_wind_g09,27,0.5011688142964181,2012
p64_wind_g09,28,0.6073082173575076,2012
p64_wind_g09,29,0.27763109874013353,2012
p64_wind_g09,30,0.4852899322439164,2012
p64_wind_g09,31,0.31684356058744334,2012
p64_wind_g09,32,0.542612428967701,2012
p64_wind_g09,33,0.6649308046091914,2012
p64_wind_g09,34,0.45162172182627996,2012
p64_wind_g09,35,0.41099908787713785,2012
p64_wind_g09,36,0.290442468969616,2012
p64_wind_g09,37,0.3895823744404582,2012
p64_wind_g09,38,0.250661693949708,2012
p64_wind_g09,39,0.4410328205306608,2012
p64_wind_g09,40,0.2677387902932824,2012
p64_wind_g09,41,0.6243958870021206,2012
p64_wind_g09,42,0.18838511061962568,2012
p64_wind_g09,43,0.5137503651768736,2012
p64_wind_g09,44,0.41025140084168177,2012
p64_wind_g09,45,0.819488891986035,2012
p64_wind_g09,46,0.29795769648896975,2012
p64_wind_g09,47,0.3371831781564296,2012
p64_wind_g09,48,0.5013178782269202,2012
p64_wind_g09,49,0.6339370297500212,2012
p64_wind_g09,50,0.5962557499314183,2012
p64_wind_g09,51,0.5747075891225839,2012
p64_wind_g09,52,0.8013986725723755,2012
p64_wind_g09,53,0.3067459188936723,2012
p64_wind_g09,54,0.9018581766003566,2012
p64_wind_g09,55,0.5145732482871516,2012
p64_wind_g09,56,0.8039816029600744,2012
p64_wind_g09,57,0.2097317457784211,2012
p64_wind_g09,58,0.8674678910162036,2012
p64_wind_g09,59,0.3307276816133723,2012
p64_wind_g09,60,0.7143500250365289,2012
p64_wind_g09,61,0.4195851671571916,2012
p64_wind_g09,62,0.3958780146976801,2012
p64_wind_g09,63,0.5305289112889517,2012
p64_wind_g09,64,0.5665087334953663,2012
p64_wind_g09,65,0.6468764066274949,2012
p64_wind_g09,66,0.4530828551424414,2012
p64_wind_g09,67,0.6465971056750985,2012
p64_wind_g09,68,0.3255944349929174,2012
p64_wind_g09,69,0.7428707471785945,2012
p64_wind_g09,70,0.2728269695469324,2012
p64_wind_g09,71,0.8023355593650746,2012
p64_wind_g09,72,0.5114671871300859,2012
p64_wind_g09,73,0.7816044357469875,2012
p64_wind_g09,74,0.32345246419149676,2012
p64_wind_g09,75,0.5656803824475681,2012
p64_wind_g09,76,0.3526747353006129,2012
p64_wind_g09,77,0.511644516990324,2012
p64_wind_g09,78,0.3287063207492199,2012
p64_wind_g09,79,0.4093327501624294,2012
p64_wind_g09,80,0.48444945054430794,2012
p64_wind_g09,81,0.6287355571972221,2012
p64_wind_g09,82,0.3096673928287931,2012
p64_wind_g09,83,0.4419378580249208,2012
p64_wind_g09,84,0.3765920800304007,2012
p64_wind_g09,85,0.8044061527585581,2012
p64_wind_g09,86,0.6158730775156461,2012
p64_wind_g09,87,0.44156028389199714,2012
p64_wind_g09,88,0.5095424158107982,2012
p64_wind_g09,89,0.44809163663972057,2012
p64_wind_g09,90,0.7626644036837948,2012
p64_wind_g09,91,0.23966905843189554,2012
p64_wind_g09,92,0.3770270455293625,2012
p64_wind_g09,93,0.25295537879259417,2012
p64_wind_g09,94,0.47397198499574467,2012
p64_wind_g09,95,0.3234040124520182,2012
p64_wind_g09,96,0.39554219197675683,2012
p64_wind_g09,97,0.3544751840026797,2012
p64_wind_g09,98,0.6739194873890464,2012
p64_wind_g09,99,0.3305824049661939,2012
p64_wind_g09,100,0.6992921350103646,2012
p64_wind_g09,101,0.5241051794495487,2012
p64_wind_g09,102,0.3546418427883104,2012
p64_wind_g09,103,0.25705817150163496,2012
p64_wind_g09,104,0.5243636187903512,2012
p64_wind_g09,105,0.670785044988144,2012
p64_wind_g09,106,0.4591259349515722,2012
p64_wind_g09,107,0.4404174289155824,2012
p64_wind_g09,108,0.4168468344373439,2012
p64_wind_g09,109,0.6328061250848971,2012
p64_wind_g09,110,0.2829603247801744,2012
p64_wind_g09,111,0.8009165569837899,2012
p64_wind_g09,112,0.4305476369852796,2012
p64_wind_g09,113,0.3784659860633709,2012
p64_wind_g09,114,0.24324411445029018,2012
p64_wind_g09,115,0.8272076639679427,2012
p64_wind_g09,116,0.22401574021518778,2012
p64_wind_g09,117,0.7276801489818615,2012
p64_wind_g09,118,0.3415249275627157,2012
p64_wind_g09,119,0.3826207104809434,2012
p64_wind_g09,120,0.4588106681783091,2012
p64_wind_g09,121,0.3813578338931286,2012
p64_wind_g09,122,0.3739361233721004,2012
p64_wind_g09,123,0.6138441166223797,2012
p64_wind_g09,124,0.4631376981264548,2012
p64_wind_g09,125,0.4687735076516832,2012
p64_wind_g09,126,0.32016086611747235,2012
p64_wind_g09,127,0.18980301216612344,2012
p64_wind_g09,128,0.6033152636864358,2012
p64_wind_g09,129,0.1956370714624439,2012
p64_wind_g09,130,0.5241922464625477,2012
p64_wind_g09,131,0.31809917757300826,2012
p64_wind_g09,132,0.7223746278511282,2012
p64_wind_g09,133,0.22583133621172816,2012
p64_wind_g09,134,0.6570005972443194,2012
p64_wind_g09,135,0.32877715257070644,2012
p64_wind_g09,136,0.41740964549791987,2012
p64_wind_g09,137,0.30957227615458505,2012
p64_wind_g09,138,0.2830741885108468,2012
p64_wind_g09,139,0.2952461066954999,2012
p64_wind_g09,140,0.5594548501982193,2012
p64_wind_g09,141,0.3972743360968891,2012
p64_wind_g09,142,0.2613098240825456,2012
p64_wind_g09,143,0.2364870898105676,2012
p64_wind_g09,144,0.17032099414812735,2012
p64_wind_g09,145,0.4124205271161287,2012
p64_wind_g09,146,0.34868703930634837,2012
p64_wind_g09,147,0.5244656475245127,2012
p64_wind_g09,148,0.16544364508781859,2012
p64_wind_g09,149,0.26858931573978184,2012
p64_wind_g09,150,0.20697264484981148,2012
p64_wind_g09,151,0.6426039700756203,2012
p64_wind_g09,152,0.2876719873692864,2012
p64_wind_g09,153,0.31991653839492595,2012
p64_wind_g09,154,0.19242766688212445,2012
p64_wind_g09,155,0.32618564882012413,2012
p64_wind_g09,156,0.28677989689802147,2012
p64_wind_g09,157,0.4297297421027276,2012
p64_wind_g09,158,0.3021283097603166,2012
p64_wind_g09,159,0.33174779730444737,2012
p64_wind_g09,160,0.29113408643327443,2012
p64_wind_g09,161,0.3081646759797642,2012
p64_wind_g09,162,0.3474038386313588,2012
p64_wind_g09,163,0.315000988224285,2012
p64_wind_g09,164,0.3447253968153614,2012
p64_wind_g09,165,0.3039619167224585,2012
p64_wind_g09,166,0.5422450343691682,2012
p64_wind_g09,167,0.25830553018560015,2012
p64_wind_g09,168,0.494719456460677,2012
p64_wind_g09,169,0.12844747031925605,2012
p64_wind_g09,170,0.42569216659216647,2012
p64_wind_g09,171,0.2803877043008259,2012
p64_wind_g09,172,0.24333914382802269,2012
p64_wind_g09,173,0.1858181295446023,2012
p64_wind_g09,174,0.2792633283362519,2012
p64_wind_g09,175,0.3235867603583283,2012
p64_wind_g09,176,0.32664633922010733,2012
p64_wind_g09,177,0.2881919186231273,2012
p64_wind_g09,178,0.364925588471217,2012
p64_wind_g09,179,0.30404768472748767,2012
p64_wind_g09,180,0.3218687976147843,2012
p64_wind_g09,181,0.3266704896697264,2012
p64_wind_g09,182,0.23844252757493,2012
p64_wind_g09,183,0.4065995110299039,2012
p64_wind_g09,184,0.2451790196277602,2012
p64_wind_g09,185,0.478737396805322,2012
p64_wind_g09,186,0.24267705103411372,2012
p64_wind_g09,187,0.47432708102011156,2012
p64_wind_g09,188,0.2523988144181497,2012
p64_wind_g09,189,0.40657942230447486,2012
p64_wind_g09,190,0.19817149380932547,2012
p64_wind_g09,191,0.46064147999467503,2012
p64_wind_g09,192,0.26109872071281126,2012
p64_wind_g09,193,0.4483574432525378,2012
p64_wind_g09,194,0.2283696199216291,2012
p64_wind_g09,195,0.3140442473917911,2012
p64_wind_g09,196,0.3566410965137704,2012
p64_wind_g09,197,0.2079771180774143,2012
p64_wind_g09,198,0.31064879649461197,2012
p64_wind_g09,199,0.27952625216164156,2012
p64_wind_g09,200,0.41160292397935705,2012
p64_wind_g09,201,0.27678473028322986,2012
p64_wind_g09,202,0.2503751089838391,2012
p64_wind_g09,203,0.1824365761149097,2012
p64_wind_g09,204,0.31501110777145613,2012
p64_wind_g09,205,0.170086479776716,2012
p64_wind_g09,206,0.5312750735782554,2012
p64_wind_g09,207,0.1413409240346283,2012
p64_wind_g09,208,0.2268141459805986,2012
p64_wind_g09,209,0.14351767369692406,2012
p64_wind_g09,210,0.22149468290389931,2012
p64_wind_g09,211,0.2703444126361881,2012
p64_wind_g09,212,0.3888876229945365,2012
p64_wind_g09,213,0.32903454844098123,2012
p64_wind_g09,214,0.3537988481573245,2012
p64_wind_g09,215,0.21072057382922185,2012
p64_wind_g09,216,0.2135073886820942,2012
p64_wind_g09,217,0.3654262806626474,2012
p64_wind_g09,218,0.15362906477710989,2012
p64_wind_g09,219,0.44361749069393397,2012
p64_wind_g09,220,0.32322280994021413,2012
p64_wind_g09,221,0.4764429136928674,2012
p64_wind_g09,222,0.3249187707569706,2012
p64_wind_g09,223,0.31361828550556037,2012
p64_wind_g09,224,0.1806151804352944,2012
p64_wind_g09,225,0.5734182830519319,2012
p64_wind_g09,226,0.19172903164431981,2012
p64_wind_g09,227,0.43346849149237876,2012
p64_wind_g09,228,0.13694713184933324,2012
p64_wind_g09,229,0.4063318113862059,2012
p64_wind_g09,230,0.2725504319838732,2012
p64_wind_g09,231,0.2403166340670925,2012
p64_wind_g09,232,0.3047469084187573,2012
p64_wind_g09,233,0.35597819017358695,2012
p64_wind_g09,234,0.4453751101524421,2012
p64_wind_g09,235,0.22023405842856034,2012
p64_wind_g09,236,0.2832068685942463,2012
p64_wind_g09,237,0.2759748858694071,2012
p64_wind_g09,238,0.5881190188794131,2012
p64_wind_g09,239,0.297630952083434,2012
p64_wind_g09,240,0.530680042001062,2012
p64_wind_g10,1,0.4260397088631902,2012
p64_wind_g10,2,0.17505301779371,2012
p64_wind_g10,3,0.6753956995435805,2012
p64_wind_g10,4,0.3182389322503103,2012
p64_wind_g10,5,0.3800590248882982,2012
p64_wind_g10,6,0.15912345036551934,2012
p64_wind_g10,7,0.6394686713056973,2012
p64_wind_g10,8,0.17497229665386874,2012
p64_wind_g10,9,0.3923848159572463,2012
p64_wind_g10,10,0.34953047109612584,2012
p64_wind_g10,11,0.489527432297313,2012
p64_wind_g10,12,0.4608393315854497,2012
p64_wind_g10,13,0.3668164507542149,2012
p64_wind_g10,14,0.4523710208783666,2012
p64_wind_g10,15,0.27226613688665396,2012
p64_wind_g10,16,0.5939078775568948,2012
p64_wind_g10,17,0.22144693124174,2012
p64_wind_g10,18,0.32734485705397104,2012
p64_wind_g10,19,0.22261932548454452,2012
p64_wind_g10,20,0.44790441836602457,2012
p64_wind_g10,21,0.17979075874966413,2012
p64_wind_g10,22,0.5226757394556966,2012
p64_wind_g10,23,0.20388355874219008,2012
p64_wind_g10,24,0.37636656795009893,2012
p64_wind_g10,25,0.40255408352824906,2012
p64_wind_g10,26,0.3935929910586043,2012
p64_wind_g10,27,0.33477691517249103,2012
p64_wind_g10,28,0.617426957908392,2012
p64_wind_g10,29,0.3074714159063152,2012
p64_wind_g10,30,0.35291698889170064,2012
p64_wind_g10,31,0.41898972915283283,2012
p64_wind_g10,32,0.24786389633825598,2012
p64_wind_g10,33,0.3877870544235033,2012
p64_wind_g10,34,0.33152620774028574,2012
p64_wind_g10,35,0.7494800038034035,2012
p64_wind_g10,36,0.3432880427598395,2012
p64_wind_g10,37,0.7564307089318705,2012
p64_wind_g10,38,0.2917744882467298,2012
p64_wind_g10,39,0.4769420690752145,2012
p64_wind_g10,40,0.25169143655752857,2012
p64_wind_g10,41,0.553218678959101,2012
p64_wind_g10,42,0.4305375487184583,2012
p64_wind_g10,43,0.657740542817344,2012
p64_wind_g10,44,0.27802399109179043,2012
p64_wind_g10,45,0.43533907855399817,2012
p64_wind_g10,46,0.5390604958014735,2012
p64_wind_g10,47,0.622888383999169,2012
p64_wind_g10,48,0.5081322720150564,2012
p64_wind_g10,49,0.4601533815196035,2012
p64_wind_g10,50,0.6565998271416605,2012
p64_wind_g10,51,0.3848917569205743,2012
p64_wind_g10,52,0.30062890945442805,2012
p64_wind_g10,53,0.2376241618004898,2012
p64_wind_g10,54,0.43131950285053955,2012
p64_wind_g10,55,0.4829088471883778,2012
p64_wind_g10,56,0.5066970422158462,2012
p64_wind_g10,57,0.31702037735496774,2012
p64_wind_g10,58,0.40405163163092744,2012
p64_wind_g10,59,0.30894641560098834,2012
p64_wind_g10,60,0.37346082746076514,2012
p64_wind_g10,61,0.3352521479690579,2012
p64_wind_g10,62,0.3814749783154923,2012
p64_wind_g10,63,0.30076330394320355,2012
p64_wind_g10,64,0.6528067369456518,2012
p64_wind_g10,65,0.2652138010997975,2012
p64_wind_g10,66,0.6646226759747346,2012
p64_wind_g10,67,0.6190576744491934,2012
p64_wind_g10,68,0.6020678858021683,2012
p64_wind_g10,69,0.33383896137228003,2012
p64_wind_g10,70,0.4115009551862026,2012
p64_wind_g10,71,0.5311836027634932,2012
p64_wind_g10,72,0.4628156916579073,2012
p64_wind_g10,73,0.6137888210609485,2012
p64_wind_g10,74,0.48795990317100235,2012
p64_wind_g10,75,0.5639698249481842,2012
p64_wind_g10,76,0.26627668613882033,2012
p64_wind_g10,77,0.6126420645681874,2012
p64_wind_g10,78,0.4275100850856673,2012
p64_wind_g10,79,0.8163373376305096,2012
p64_wind_g10,80,0.21778532535730585,2012
p64_wind_g10,81,0.7140765661913197,2012
p64_wind_g10,82,0.30657963141374306,2012
p64_wind_g10,83,0.43284017668975605,2012
p64_wind_g10,84,0.42874404896499463,2012
p64_wind_g10,85,0.7047804657797233,2012
p64_wind_g10,86,0.49783499946356313,2012
p64_wind_g10,87,0.491405698780912,2012
p64_wind_g10,88,0.5775415812465854,2012
p64_wind_g10,89,0.5484447671278898,2012
p64_wind_g10,90,0.8109294208172761,2012
p64_wind_g10,91,0.4146406593631451,2012
p64_wind_g10,92,0.34118375383556815,2012
p64_wind_g10,93,0.35649772063204277,2012
p64_wind_g10,94,0.5805528790065131,2012
p64_wind_g10,95,0.28255347438682327,2012
p64_wind_g10,96,0.4902335764737763,2012
p64_wind_g10,97,0.4332624489669503,2012
p64_wind_g10,98,0.41272186759423385,2012
p64_wind_g10,99,0.458422961358068,2012
p64_wind_g10,100,0.6875066652628585,2012
p64_wind_g10,101,0.43395604421675216,2012
p64_wind_g10,102,0.36132684722919817,2012
p64_wind_g10,103,0.23767105986622566,2012
p64_wind_g10,104,0.5614329114191794,2012
p64_wind_g10,105,0.49568445120120763,2012
p64_wind_g10,106,0.3008505427027825,2012
p64_wind_g10,107,0.528392440495202,2012
p64_wind_g10,108,0.46218238254992416,2012
p64_wind_g10,109,0.5357516158528154,2012
p64_wind_g10,110,0.3927052674666659,2012
p64_wind_g10,111,0.7278242718021752,2012
p64_wind_g10,112,0.19222014211143335,2012
p64_wind_g10,113,0.4602287421775474,2012
p64_wind_g10,114,0.2164496227596091,2012
p64_wind_g10,115,0.6655011308935428,2012
p64_wind_g10,116,0.32383020091073084,2012
p64_wind_g10,117,0.5968697781837816,2012
p64_wind_g10,118,0.40276907253074445,2012
p64_wind_g10,119,0.637176913259315,2012
p64_wind_g10,120,0.3066395979727932,2012
p64_wind_g10,121,0.4091080182310436,2012
p64_wind_g10,122,0.1984921233498581,2012
p64_wind_g10,123,0.48147296114886284,2012
p64_wind_g10,124,0.2981803124625528,2012
p64_wind_g10,125,0.24972480121866064,2012
p64_wind_g10,126,0.6272932144518778,2012
p64_wind_g10,127,0.20936742925645638,2012
p64_wind_g10,128,0.546075493802164,2012
p64_wind_g10,129,0.2487565904214979,2012
p64_wind_g10,130,0.31241655938800944,2012
p64_wind_g10,131,0.30810999614108814,2012
p64_wind_g10,132,0.5719740016441279,2012
p64_wind_g10,133,0.2392489535835187,2012
p64_wind_g10,134,0.5901150775814444,2012
p64_wind_g10,135,0.34339698826260195,2012
p64_wind_g10,136,0.5539517869874702,2012
p64_wind_g10,137,0.23255745733418468,2012
p64_wind_g10,138,0.5831657353355421,2012
p64_wind_g10,139,0.21813556231190206,2012
p64_wind_g10,140,0.25737270160402703,2012
p64_wind_g10,141,0.29054386033527313,2012
p64_wind_g10,142,0.4345819692094739,2012
p64_wind_g10,143,0.2611681569199631,2012
p64_wind_g10,144,0.29565678647875,2012
p64_wind_g10,145,0.37931246392696244,2012
p64_wind_g10,146,0.15112771428877161,2012
p64_wind_g10,147,0.5289066197402411,2012
p64_wind_g10,148,0.14304722657402985,2012
p64_wind_g10,149,0.45572684754549303,2012
p64_wind_g10,150,0.17193879756265124,2012
p64_wind_g10,151,0.49460529600029524,2012
p64_wind_g10,152,0.2750119626898791,2012
p64_wind_g10,153,0.41920291669766424,2012
p64_wind_g10,154,0.2602925499438388,2012
p64_wind_g10,155,0.44743072401617323,2012
p64_wind_g10,156,0.24671284345815503,2012
p64_wind_g10,157,0.3661748661627734,2012
p64_wind_g10,158,0.2315160010493293,2012
p64_wind_g10,159,0.3348641226107423,2012
p64_wind_g10,160,0.40723080523759003,2012
p64_wind_g10,161,0.15208391656646741,2012
p64_wind_g10,162,0.20596767056661236,2012
p64_wind_g10,163,0.24909583541007138,2012
p64_wind_g10,164,0.22319195874477857,2012
p64_wind_g10,165,0.19019416192470348,2012
p64_wind_g10,166,0.2868258331777746,2012
p64_wind_g10,167,0.22509239435658818,2012
p64_wind_g10,168,0.22385911320803512,2012
p64_wind_g10,169,0.2454535587264683,2012
p64_wind_g10,170,0.520125923447806,2012
p64_wind_g10,171,0.1862357332792479,2012
p64_wind_g10,172,0.27104086759065493,2012
p64_wind_g10,173,0.29001659361853005,2012
p64_wind_g10,174,0.3529274280990706,2012
p64_wind_g10,175,0.23717583220552604,2012
p64_wind_g10,176,0.2734725888648526,2012
p64_wind_g10,177,0.3170648630982593,2012
p64_wind_g10,178,0.29102463797546163,2012
p64_wind_g10,179,0.16156704914452322,2012
p64_wind_g10,180,0.27961859301126357,2012
p64_wind_g10,181,0.2111536516031646,2012
p64_wind_g10,182,0.2187463117301722,2012
p64_wind_g10,183,0.3743466308602473,2012
p64_wind_g10,184,0.198459526967739,2012
p64_wind_g10,185,0.4821356230212944,2012
p64_wind_g10,186,0.1667257737370415,2012
p64_wind_g10,187,0.23212216655590628,2012
p64_wind_g10,188,0.17376872562848344,2012
p64_wind_g10,189,0.46394057312902726,2012
p64_wind_g10,190,0.2335218191564595,2012
p64_wind_g10,191,0.27386376164932946,2012
p64_wind_g10,192,0.23975803696843506,2012
p64_wind_g10,193,0.25685406269114797,2012
p64_wind_g10,194,0.24575609519727593,2012
p64_wind_g10,195,0.18376025519342518,2012
p64_wind_g10,196,0.1779571138763706,2012
p64_wind_g10,197,0.29230563697752715,2012
p64_wind_g10,198,0.2624656587718229,2012
p64_wind_g10,199,0.23039766027962197,2012
p64_wind_g10,200,0.31864258222260317,2012
p64_wind_g10,201,0.26722297037215087,2012
p64_wind_g10,202,0.2660118101028844,2012
p64_wind_g10,203,0.14725978169710724,2012
p64_wind_g10,204,0.44314600353377154,2012
p64_wind_g10,205,0.10747162479638825,2012
p64_wind_g10,206,0.5216949527043634,2012
p64_wind_g10,207,0.1986053113914898,2012
p64_wind_g10,208,0.34231306714208265,2012
p64_wind_g10,209,0.2579556580583749,2012
p64_wind_g10,210,0.34348391999409056,2012
p64_wind_g10,211,0.15179335227690416,2012
p64_wind_g10,212,0.41767747133560934,2012
p64_wind_g10,213,0.23430344184350704,2012
p64_wind_g10,214,0.18116532263988874,2012
p64_wind_g10,215,0.18021192398108604,2012
p64_wind_g10,216,0.3652085080817304,2012
p64_wind_g10,217,0.368111811843742,2012
p64_wind_g10,218,0.29027957314703007,2012
p64_wind_g10,219,0.2809164224917411,2012
p64_wind_g10,220,0.16811519466912098,2012
p64_wind_g10,221,0.5317906680474297,2012
p64_wind_g10,222,0.25376085728075065,2012
p64_wind_g10,223,0.4370385707857467,2012
p64_wind_g10,224,0.11076749394739435,2012
p64_wind_g10,225,0.5019749440884096,2012
p64_wind_g10,226,0.1955741694724469,2012
p64_wind_g10,227,0.38356515205199443,2012
p64_wind_g10,228,0.13075187904742455,2012
p64_wind_g10,229,0.4350432868409674,2012
p64_wind_g10,230,0.26092694961784524,2012
p64_wind_g10,231,0.2502705455695438,2012
p64_wind_g10,232,0.17123771752718503,2012
p64_wind_g10,233,0.4152017388984498,2012
p64_wind_g10,234,0.4222842265358183,2012
p64_wind_g10,235,0.44098008431970553,2012
p64_wind_g10,236,0.22136405482724258,2012
p64_wind_g10,237,0.1970006133822902,2012
p64_wind_g10,238,0.5562523862465998,2012
p64_wind_g10,239,0.2708440483860461,2012
p64_wind_g10,240,0.6348706146482737,2012
p65_wind_g01,1,0.4838552782928457,2012
p65_wind_g01,2,0.2622127817347862,2012
p65_wind_g01,3,0.5316815839933517,2012
p65_wind_g01,4,0.19462734291926131,2012
p65_wind_g01,5,0.7960686669839707,2012
p65_wind_g01,6,0.39368541020610504,2012
p65_wind_g01,7,0.5029565913881225,2012
p65_wind_g01,8,0.4839108959681441,2012
p65_wind_g01,9,0.7044520950162644,2012
p65_wind_g01,10,0.5931908059813549,2012
p65_wind_g01,11,0.48670144658668946,2012
p65_wind_g01,12,0.4899098969269974,2012
p65_wind_g01,13,0.600967068894103,2012
p65_wind_g01,14,0.3360039681921081,2012
p65_wind_g01,15,0.4629793642410119,2012
p65_wind_g01,16,0.8073367948946443,2012
p65_wind_g01,17,0.47730585846323814,2012
p65_wind_g01,18,0.9241946152246743,2012
p65_wind_g01,19,0.4437994015968749,2012
p65_wind_g01,20,0.5458366624357698,2012
p65_wind_g01,21,0.3886454153405351,2012
p65_wind_g01,22,0.5635035305411448,2012
p65_wind_g01,23,0.2921714481658008,2012
p65_wind_g01,24,0.5373098489573432,2012
p65_wind_g01,25,0.3523676971028118,2012
p65_wind_g01,26,0.9619561156214778,2012
p65_wind_g01,27,0.3411142413402785,2012
p65_wind_g01,28,0.576188256582492,2012
p65_wind_g01,29,0.5252895548915348,2012
p65_wind_g01,30,0.7628421427081434,2012
p65_wind_g01,31,0.670459324474155,2012
p65_wind_g01,32,0.4992352154695866,2012
p65_wind_g01,33,0.42130521986033836,2012
p65_wind_g01,34,0.3280524007175022,2012
p65_wind_g01,35,0.5767819230431503,2012
p65_wind_g01,36,0.32653032363844575,2012
p65_wind_g01,37,0.6201520960053459,2012
p65_wind_g01,38,0.391076841684052,2012
p65_wind_g01,39,0.5787486828005599,2012
p65_wind_g01,40,0.5236677089433818,2012
p65_wind_g01,41,1.0,2012
p65_wind_g01,42,0.4775814334967126,2012
p65_wind_g01,43,1.0,2012
p65_wind_g01,44,0.35228457970484367,2012
p65_wind_g01,45,0.9512656739984586,2012
p65_wind_g01,46,0.5132040490400611,2012
p65_wind_g01,47,0.39964052795890037,2012
p65_wind_g01,48,0.43099286997244113,2012
p65_wind_g01,49,0.8517792038525875,2012
p65_wind_g01,50,0.6136953912523326,2012
p65_wind_g01,51,0.4219036466997334,2012
p65_wind_g01,52,0.4556098570838484,2012
p65_wind_g01,53,0.31757091322333064,2012
p65_wind_g01,54,1.0,2012
p65_wind_g01,55,0.5748518827606821,2012
p65_wind_g01,56,0.6329016883642528,2012
p65_wind_g01,57,0.29960765564200703,2012
p65_wind_g01,58,0.576528531985567,2012
p65_wind_g01,59,0.35796275239883185,2012
p65_wind_g01,60,0.709384734889216,2012
p65_wind_g01,61,0.5810252726041084,2012
p65_wind_g01,62,0.7265943896670108,2012
p65_wind_g01,63,0.5256786612602543,2012
p65_wind_g01,64,0.729343543170186,2012
p65_wind_g01,65,0.37412201274265316,2012
p65_wind_g01,66,0.7043018888373009,2012
p65_wind_g01,67,0.39107112852128917,2012
p65_wind_g01,68,0.3835937270621774,2012
p65_wind_g01,69,0.6879055901157853,2012
p65_wind_g01,70,0.37157149902801107,2012
p65_wind_g01,71,0.7083216997283199,2012
p65_wind_g01,72,0.7203462718411614,2012
p65_wind_g01,73,0.76351429573083,2012
p65_wind_g01,74,0.638441258255109,2012
p65_wind_g01,75,0.5126963804189761,2012
p65_wind_g01,76,0.3256568863660505,2012
p65_wind_g01,77,1.0,2012
p65_wind_g01,78,0.44864235330019986,2012
p65_wind_g01,79,1.0,2012
p65_wind_g01,80,0.45974286614228377,2012
p65_wind_g01,81,0.892511389043227,2012
p65_wind_g01,82,0.42093166346057925,2012
p65_wind_g01,83,0.5639564272530186,2012
p65_wind_g01,84,0.7765900226520984,2012
p65_wind_g01,85,0.7003924530168726,2012
p65_wind_g01,86,0.6191622272958568,2012
p65_wind_g01,87,0.6354577724870718,2012
p65_wind_g01,88,0.9499186093768578,2012
p65_wind_g01,89,0.3138024272993489,2012
p65_wind_g01,90,0.6314916503667438,2012
p65_wind_g01,91,0.5644611869961847,2012
p65_wind_g01,92,1.0,2012
p65_wind_g01,93,0.5015984465198847,2012
p65_wind_g01,94,0.8453956517735371,2012
p65_wind_g01,95,0.4444054075306468,2012
p65_wind_g01,96,0.5611473981150539,2012
p65_wind_g01,97,0.5211954077407579,2012
p65_wind_g01,98,1.0,2012
p65_wind_g01,99,0.5570597861364763,2012
p65_wind_g01,100,0.6276453124874194,2012
p65_wind_g01,101,0.5314801654142463,2012
p65_wind_g01,102,0.8901678941918677,2012
p65_wind_g01,103,0.30297077001654904,2012
p65_wind_g01,104,0.7640806083125342,2012
p65_wind_g01,105,0.7230079916535956,2012
p65_wind_g01,106,0.6413218792979899,2012
p65_wind_g01,107,0.5080840330046693,2012
p65_wind_g01,108,0.7044325169260135,2012
p65_wind_g01,109,1.0,2012
p65_wind_g01,110,0.4750338427929184,2012
p65_wind_g01,111,0.5939842548963615,2012
p65_wind_g01,112,0.25410240172973453,2012
p65_wind_g01,113,0.6218030002099004,2012
p65_wind_g01,114,0.31253716266168197,2012
p65_wind_g01,115,1.0,2012
p65_wind_g01,116,0.3337393465094107,2012
p65_wind_g01,117,0.899117370783034,2012
p65_wind_g01,118,0.39033315090864146,2012
p65_wind_g01,119,0.6302272885841248,2012
p65_wind_g01,120,0.4138161277751402,2012
p65_wind_g01,121,0.4090433980385384,2012
p65_wind_g01,122,0.2770703476480614,2012
p65_wind_g01,123,0.4632408621806548,2012
p65_wind_g01,124,0.3855720944121974,2012
p65_wind_g01,125,0.3757573727108687,2012
p65_wind_g01,126,0.5538682980784309,2012
p65_wind_g01,127,0.4445727607984095,2012
p65_wind_g01,128,0.7348446901656616,2012
p65_wind_g01,129,0.33683997394165444,2012
p65_wind_g01,130,0.4282628983008444,2012
p65_wind_g01,131,0.19298293952092122,2012
p65_wind_g01,132,0.7434257361833702,2012
p65_wind_g01,133,0.32037277557037325,2012
p65_wind_g01,134,0.5319074526590849,2012
p65_wind_g01,135,0.3247827166221061,2012
p65_wind_g01,136,0.5058836609803478,2012
p65_wind_g01,137,0.43318558415211095,2012
p65_wind_g01,138,0.5312449646234104,2012
p65_wind_g01,139,0.21168017032829012,2012
p65_wind_g01,140,0.43013038049673635,2012
p65_wind_g01,141,0.6059655232237012,2012
p65_wind_g01,142,0.5345491246460308,2012
p65_wind_g01,143,0.4707139258135628,2012
p65_wind_g01,144,0.40514491548499737,2012
p65_wind_g01,145,0.3698422848345767,2012
p65_wind_g01,146,0.24623204083859396,2012
p65_wind_g01,147,0.6218444301328865,2012
p65_wind_g01,148,0.32417752363302,2012
p65_wind_g01,149,0.7280469347291342,2012
p65_wind_g01,150,0.23283556243979586,2012
p65_wind_g01,151,0.5785351202271499,2012
p65_wind_g01,152,0.38190221909917327,2012
p65_wind_g01,153,0.6922873033860564,2012
p65_wind_g01,154,0.16438910747194982,2012
p65_wind_g01,155,0.6389027385397962,2012
p65_wind_g01,156,0.3609043650232956,2012
p65_wind_g01,157,0.6446783975053886,2012
p65_wind_g01,158,0.4700570800016911,2012
p65_wind_g01,159,0.598831739714733,2012
p65_wind_g01,160,0.5326266249820147,2012
p65_wind_g01,161,0.2298389400296525,2012
p65_wind_g01,162,0.2999252430449376,2012
p65_wind_g01,163,0.2672516176712538,2012
p65_wind_g01,164,0.34622359037770245,2012
p65_wind_g01,165,0.30788716388809606,2012
p65_wind_g01,166,0.32569607837524317,2012
p65_wind_g01,167,0.33220200692325774,2012
p65_wind_g01,168,0.40473658253067446,2012
p65_wind_g01,169,0.29258907279992663,2012
p65_wind_g01,170,0.6384750811957245,2012
p65_wind_g01,171,0.3407250250300263,2012
p65_wind_g01,172,0.37138862724998956,2012
p65_wind_g01,173,0.3483515953082064,2012
p65_wind_g01,174,0.3584540824926393,2012
p65_wind_g01,175,0.421225186509611,2012
p65_wind_g01,176,0.4893216239108603,2012
p65_wind_g01,177,0.45679292107465236,2012
p65_wind_g01,178,0.22201235199475933,2012
p65_wind_g01,179,0.3454802248078317,2012
p65_wind_g01,180,0.44819423357468496,2012
p65_wind_g01,181,0.3993930611259954,2012
p65_wind_g01,182,0.17708278496031934,2012
p65_wind_g01,183,0.3451346638204024,2012
p65_wind_g01,184,0.13784560314881344,2012
p65_wind_g01,185,0.29505622512312896,2012
p65_wind_g01,186,0.1801752100194944,2012
p65_wind_g01,187,0.5167297475423565,2012
p65_wind_g01,188,0.26084233051608047,2012
p65_wind_g01,189,0.36207243307072284,2012
p65_wind_g01,190,0.14811342547823284,2012
p65_wind_g01,191,0.48909196430155083,2012
p65_wind_g01,192,0.2885135749011529,2012
p65_wind_g01,193,0.38181672383242266,2012
p65_wind_g01,194,0.299513362577845,2012
p65_wind_g01,195,0.4509479995901381,2012
p65_wind_g01,196,0.20548046744594323,2012
p65_wind_g01,197,0.24480312122971187,2012
p65_wind_g01,198,0.3187793387336846,2012
p65_wind_g01,199,0.3766759806182387,2012
p65_wind_g01,200,0.28733879041364085,2012
p65_wind_g01,201,0.2553567059930511,2012
p65_wind_g01,202,0.6244741948104757,2012
p65_wind_g01,203,0.2015318328626856,2012
p65_wind_g01,204,0.29699200259416636,2012
p65_wind_g01,205,0.2364287845984889,2012
p65_wind_g01,206,0.34107055340525916,2012
p65_wind_g01,207,0.24592635695706808,2012
p65_wind_g01,208,0.34211357054902847,2012
p65_wind_g01,209,0.2831774844858374,2012
p65_wind_g01,210,0.6713088528167794,2012
p65_wind_g01,211,0.3788858030155319,2012
p65_wind_g01,212,0.28747373171605195,2012
p65_wind_g01,213,0.28274854313801207,2012
p65_wind_g01,214,0.23500057448585007,2012
p65_wind_g01,215,0.421090542922588,2012
p65_wind_g01,216,0.5160558026007602,2012
p65_wind_g01,217,0.47006162206364105,2012
p65_wind_g01,218,0.3307698594666388,2012
p65_wind_g01,219,0.3280511324623647,2012
p65_wind_g01,220,0.2514636049300204,2012
p65_wind_g01,221,0.43913654356677023,2012
p65_wind_g01,222,0.1981293386207242,2012
p65_wind_g01,223,0.6713397006638293,2012
p65_wind_g01,224,0.32861107562234365,2012
p65_wind_g01,225,0.32940596751190515,2012
p65_wind_g01,226,0.231170236855577,2012
p65_wind_g01,227,0.5269155100587682,2012
p65_wind_g01,228,0.2739221006745564,2012
p65_wind_g01,229,0.5463996721573059,2012
p65_wind_g01,230,0.2795403572226932,2012
p65_wind_g01,231,0.3605860924597118,2012
p65_wind_g01,232,0.4680524674743917,2012
p65_wind_g01,233,0.5531906217033138,2012
p65_wind_g01,234,0.4924971426826827,2012
p65_wind_g01,235,0.4164957951143253,2012
p65_wind_g01,236,0.6231834660342497,2012
p65_wind_g01,237,0.45951180191436397,2012
p65_wind_g01,238,0.36095736579902443,2012
p65_wind_g01,239,0.22836608457944457,2012
p65_wind_g01,240,0.49221580487660876,2012
p65_wind_g02,1,0.5308339320592651,2012
p65_wind_g02,2,0.3479171109194872,2012
p65_wind_g02,3,0.6578716294448359,2012
p65_wind_g02,4,0.17884454121801913,2012
p65_wind_g02,5,0.6770108219819705,2012
p65_wind_g02,6,0.3952684236301602,2012
p65_wind_g02,7,0.6855574550105827,2012
p65_wind_g02,8,0.23334243393271473,2012
p65_wind_g02,9,0.669056762730987,2012
p65_wind_g02,10,0.3755354678312712,2012
p65_wind_g02,11,0.7257929461631606,2012
p65_wind_g02,12,0.32631725095978914,2012
p65_wind_g02,13,0.4283495543567991,2012
p65_wind_g02,14,0.3013518408204064,2012
p65_wind_g02,15,0.4045023776581862,2012
p65_wind_g02,16,0.5147378011620437,2012
p65_wind_g02,17,0.5062077231694138,2012
p65_wind_g02,18,0.8553334034371879,2012
p65_wind_g02,19,0.4102130166679406,2012
p65_wind_g02,20,0.7311183670884275,2012
p65_wind_g02,21,0.3013312967331182,2012
p65_wind_g02,22,0.826266040525024,2012
p65_wind_g02,23,0.2791826545144993,2012
p65_wind_g02,24,0.9459953369128798,2012
p65_wind_g02,25,0.24443959693963016,2012
p65_wind_g02,26,0.38918001106943884,2012
p65_wind_g02,27,0.5348813164977411,2012
p65_wind_g02,28,0.7810691088284846,2012
p65_wind_g02,29,0.3868994201310633,2012
p65_wind_g02,30,0.7303767921924557,2012
p65_wind_g02,31,0.3021383754148476,2012
p65_wind_g02,32,0.4897235050204467,2012
p65_wind_g02,33,0.6748461814357032,2012
p65_wind_g02,34,0.3781916560946529,2012
p65_wind_g02,35,0.5954055140858565,2012
p65_wind_g02,36,0.437207058094769,2012
p65_wind_g02,37,0.7899166257148328,2012
p65_wind_g02,38,0.2245163220756376,2012
p65_wind_g02,39,0.45540375417146234,2012
p65_wind_g02,40,0.46471792893289954,2012
p65_wind_g02,41,0.8268880167371068,2012
p65_wind_g02,42,0.4677027781913927,2012
p65_wind_g02,43,1.0,2012
p65_wind_g02,44,0.46393171379499565,2012
p65_wind_g02,45,0.6995148333092184,2012
p65_wind_g02,46,0.2654644131120398,2012
p65_wind_g02,47,0.36666530239222467,2012
p65_wind_g02,48,0.48695834640618335,2012
p65_wind_g02,49,0.759460444258509,2012
p65_wind_g02,50,0.49736782489443443,2012
p65_wind_g02,51,0.38562148123739876,2012
p65_wind_g02,52,0.674145051077962,2012
p65_wind_g02,53,0.5257419307449288,2012
p65_wind_g02,54,0.9934754114389558,2012
p65_wind_g02,55,0.5556351455320708,2012
p65_wind_g02,56,1.0,2012
p65_wind_g02,57,0.25172172065160003,2012
p65_wind_g02,58,0.4809953419340385,2012
p65_wind_g02,59,0.21484158568286907,2012
p65_wind_g02,60,0.5724860667452281,2012
p65_wind_g02,61,0.5515354994300093,2012
p65_wind_g02,62,0.8164461744945289,2012
p65_wind_g02,63,0.5958634289162746,2012
p65_wind_g02,64,0.821790294192754,2012
p65_wind_g02,65,0.6435742970707752,2012
p65_wind_g02,66,0.6226347833726394,2012
p65_wind_g02,67,0.38804027191079843,2012
p65_wind_g02,68,0.6347789349582655,2012
p65_wind_g02,69,0.5493986552535163,2012
p65_wind_g02,70,0.6406275729254853,2012
p65_wind_g02,71,0.4716992559692166,2012
p65_wind_g02,72,0.3100100070024667,2012
p65_wind_g02,73,0.6925051348608591,2012
p65_wind_g02,74,0.3751540509203182,2012
p65_wind_g02,75,1.0,2012
p65_wind_g02,76,0.24014472974655252,2012
p65_wind_g02,77,0.8721864449334341,2012
p65_wind_g02,78,0.38744722651916674,2012
p65_wind_g02,79,0.9828250513873478,2012
p65_wind_g02,80,0.3741677208741878,2012
p65_wind_g02,81,1.0,2012
p65_wind_g02,82,0.31584192824923485,2012
p65_wind_g02,83,0.9784949710313073,2012
p65_wind_g02,84,0.6104179127762299,2012
p65_wind_g02,85,0.7748051506600747,2012
p65_wind_g02,86,0.38949035579135455,2012
p65_wind_g02,87,0.45100740046937376,2012
p65_wind_g02,88,0.6484035236124165,2012
p65_wind_g02,89,0.2744557272554972,2012
p65_wind_g02,90,0.6845350599512413,2012
p65_wind_g02,91,0.5482801763893141,2012
p65_wind_g02,92,0.4186496192054235,2012
p65_wind_g02,93,0.2144984626319041,2012
p65_wind_g02,94,0.8446063560439028,2012
p65_wind_g02,95,0.3266251016724639,2012
p65_wind_g02,96,0.5555619273799982,2012
p65_wind_g02,97,0.4789284605601883,2012
p65_wind_g02,98,0.6610635307478846,2012
p65_wind_g02,99,0.2693328141906815,2012
p65_wind_g02,100,0.7611389429044461,2012
p65_wind_g02,101,0.5729475107551776,2012
p65_wind_g02,102,0.8628357112932262,2012
p65_wind_g02,103,0.36201428771733,2012
p65_wind_g02,104,0.4785763465725805,2012
p65_wind_g02,105,0.6847340144399953,2012
p65_wind_g02,106,0.3006654259293384,2012
p65_wind_g02,107,0.8862315173441236,2012
p65_wind_g02,108,0.2650746021395804,2012
p65_wind_g02,109,0.8592512035974216,2012
p65_wind_g02,110,0.23706357547538867,2012
p65_wind_g02,111,0.7104311089263651,2012
p65_wind_g02,112,0.1999758973656546,2012
p65_wind_g02,113,0.9978813888341191,2012
p65_wind_g02,114,0.19663316294862437,2012
p65_wind_g02,115,0.578861108334257,2012
p65_wind_g02,116,0.2519073834583814,2012
p65_wind_g02,117,0.7458956517110843,2012
p65_wind_g02,118,0.2587466785939733,2012
p65_wind_g02,119,0.7292780719190646,2012
p65_wind_g02,120,0.46420356422256415,2012
p65_wind_g02,121,0.30970556398063104,2012
p65_wind_g02,122,0.4179958379281379,2012
p65_wind_g02,123,0.4273211729481461,2012
p65_wind_g02,124,0.6275165538673084,2012
p65_wind_g02,125,0.26166489569740325,2012
p65_wind_g02,126,0.4031858177696508,2012
p65_wind_g02,127,0.3114956081230347,2012
p65_wind_g02,128,0.4795198718629732,2012
p65_wind_g02,129,0.23405675177196372,2012
p65_wind_g02,130,0.8297841987533097,2012
p65_wind_g02,131,0.269075647919392,2012
p65_wind_g02,132,0.5463660437018963,2012
p65_wind_g02,133,0.32319979700173945,2012
p65_wind_g02,134,0.6317587419461387,2012
p65_wind_g02,135,0.1696801328674151,2012
p65_wind_g02,136,0.33538359186629707,2012
p65_wind_g02,137,0.3669990182059221,2012
p65_wind_g02,138,0.6376084285702668,2012
p65_wind_g02,139,0.41845904357077857,2012
p65_wind_g02,140,0.46022531076287915,2012
p65_wind_g02,141,0.3602897849285296,2012
p65_wind_g02,142,0.29842616541098993,2012
p65_wind_g02,143,0.5507251521991934,2012
p65_wind_g02,144,0.272571502126167,2012
p65_wind_g02,145,0.528205908974715,2012
p65_wind_g02,146,0.3840505731809797,2012
p65_wind_g02,147,0.3516423602950543,2012
p65_wind_g02,148,0.40383431268957554,2012
p65_wind_g02,149,0.3822498264916763,2012
p65_wind_g02,150,0.3648191063086839,2012
p65_wind_g02,151,0.36266624982376694,2012
p65_wind_g02,152,0.2902250896013013,2012
p65_wind_g02,153,0.5168308244202868,2012
p65_wind_g02,154,0.24590378113485611,2012
p65_wind_g02,155,0.3965574091424635,2012
p65_wind_g02,156,0.33570485237639,2012
p65_wind_g02,157,0.49607340380380444,2012
p65_wind_g02,158,0.40551603041283596,2012
p65_wind_g02,159,0.24400191686734388,2012
p65_wind_g02,160,0.19899938333208997,2012
p65_wind_g02,161,0.40502322443803757,2012
p65_wind_g02,162,0.49523716327869605,2012
p65_wind_g02,163,0.319162212239337,2012
p65_wind_g02,164,0.47124860130559326,2012
p65_wind_g02,165,0.18284140618569655,2012
p65_wind_g02,166,0.5622750550703964,2012
p65_wind_g02,167,0.26315335643302645,2012
p65_wind_g02,168,0.3267295334948442,2012
p65_wind_g02,169,0.18997779930290543,2012
p65_wind_g02,170,0.4189624257329351,2012
p65_wind_g02,171,0.2370590445485306,2012
p65_wind_g02,172,0.44784042274059194,2012
p65_wind_g02,173,0.18849902755851763,2012
p65_wind_g02,174,0.23331225842761313,2012
p65_wind_g02,175,0.1760189505923242,2012
p65_wind_g02,176,0.30249161206314895,2012
p65_wind_g02,177,0.27275238265356744,2012
p65_wind_g02,178,0.27298114078817054,2012
p65_wind_g02,179,0.21820523831638483,2012
p65_wind_g02,180,0.412585698316764,2012
p65_wind_g02,181,0.42000008263724137,2012
p65_wind_g02,182,0.3683462998594234,2012
p65_wind_g02,183,0.3953484487329143,2012
p65_wind_g02,184,0.2818553542204914,2012
p65_wind_g02,185,0.25578826401483473,2012
p65_wind_g02,186,0.25378193323476317,2012
p65_wind_g02,187,0.5588204908512427,2012
p65_wind_g02,188,0.17752296440633045,2012
p65_wind_g02,189,0.48466566122253824,2012
p65_wind_g02,190,0.27318920125699453,2012
p65_wind_g02,191,0.24431401089352217,2012
p65_wind_g02,192,0.31751990350266046,2012
p65_wind_g02,193,0.45671866154796786,2012
p65_wind_g02,194,0.3025501509230617,2012
p65_wind_g02,195,0.48876527904850586,2012
p65_wind_g02,196,0.1989788568879744,2012
p65_wind_g02,197,0.4327702540998805,2012
p65_wind_g02,198,0.42820985015700164,2012
p65_wind_g02,199,0.194065414742483,2012
p65_wind_g02,200,0.3245802637850731,2012
p65_wind_g02,201,0.2522159233169718,2012
p65_wind_g02,202,0.3741126660666986,2012
p65_wind_g02,203,0.3237875197201575,2012
p65_wind_g02,204,0.3929153683842857,2012
p65_wind_g02,205,0.2313822803908022,2012
p65_wind_g02,206,0.623117478311511,2012
p65_wind_g02,207,0.2724727124407897,2012
p65_wind_g02,208,0.6307844236828033,2012
p65_wind_g02,209,0.32019033075484193,2012
p65_wind_g02,210,0.36879682154843685,2012
p65_wind_g02,211,0.15943861003725726,2012
p65_wind_g02,212,0.4126063231807247,2012
p65_wind_g02,213,0.327910865595106,2012
p65_wind_g02,214,0.48866775472329754,2012
p65_wind_g02,215,0.3333255464466991,2012
p65_wind_g02,216,0.5124235860730795,2012
p65_wind_g02,217,0.5495061342588989,2012
p65_wind_g02,218,0.270533497839614,2012
p65_wind_g02,219,0.463756600210061,2012
p65_wind_g02,220,0.18546695535290117,2012
p65_wind_g02,221,0.47294443310507456,2012
p65_wind_g02,222,0.18382200746116295,2012
p65_wind_g02,223,0.35684373507119727,2012
p65_wind_g02,224,0.21660176618705093,2012
p65_wind_g02,225,0.38666185442600737,2012
p65_wind_g02,226,0.22413726168583503,2012
p65_wind_g02,227,0.2961089353685839,2012
p65_wind_g02,228,0.3661622549985248,2012
p65_wind_g02,229,0.2929780832191253,2012
p65_wind_g02,230,0.36067442109783865,2012
p65_wind_g02,231,0.5668062154287238,2012
p65_wind_g02,232,0.46513831235532943,2012
p65_wind_g02,233,0.31377938268375893,2012
p65_wind_g02,234,0.5464281563800486,2012
p65_wind_g02,235,0.3444637083789761,2012
p65_wind_g02,236,0.28774196666925017,2012
p65_wind_g02,237,0.4946339004149301,2012
p65_wind_g02,238,0.5273161992033665,2012
p65_wind_g02,239,0.3164781816704342,2012
p65_wind_g02,240,0.5596703261838725,2012
p65_wind_g03,1,0.557331309655796,2012
p65_wind_g03,2,0.373129023406851,2012
p65_wind_g03,3,0.3596480847336409,2012
p65_wind_g03,4,0.23139229212917878,2012
p65_wind_g03,5,0.7375658457507648,2012
p65_wind_g03,6,0.3459403280960932,2012
p65_wind_g03,7,0.4214905687336498,2012
p65_wind_g03,8,0.3001370776659941,2012
p65_wind_g03,9,0.3868719080461174,2012
p65_wind_g03,10,0.2672898065370215,2012
p65_wind_g03,11,0.5138206022473838,2012
p65_wind_g03,12,0.2666843716757622,2012
p65_wind_g03,13,0.5056518125850009,2012
p65_wind_g03,14,0.3508011407467648,2012
p65_wind_g03,15,0.34159054091172,2012
p65_wind_g03,16,0.325117464681957,2012
p65_wind_g03,17,0.28662579828383905,2012
p65_wind_g03,18,0.84981762961365,2012
p65_wind_g03,19,0.4238855928545942,2012
p65_wind_g03,20,0.5699120767026034,2012
p65_wind_g03,21,0.3392247550046965,2012
p65_wind_g03,22,0.5253947582880597,2012
p65_wind_g03,23,0.2278358569022925,2012
p65_wind_g03,24,0.34514410876387447,2012
p65_wind_g03,25,0.28246994446677665,2012
p65_wind_g03,26,0.7488348527284451,2012
p65_wind_g03,27,0.31829256896727404,2012
p65_wind_g03,28,0.3882531324282322,2012
p65_wind_g03,29,0.4356820272295425,2012
p65_wind_g03,30,0.35929656159998696,2012
p65_wind_g03,31,0.7013749654763535,2012
p65_wind_g03,32,0.6230455543007067,2012
p65_wind_g03,33,0.46649337237164623,2012
p65_wind_g03,34,0.2576141786247903,2012
p65_wind_g03,35,0.6488955456391331,2012
p65_wind_g03,36,0.3726622087129902,2012
p65_wind_g03,37,0.7683495586934709,2012
p65_wind_g03,38,0.41384943477450786,2012
p65_wind_g03,39,0.8324610479532305,2012
p65_wind_g03,40,0.36113736995292894,2012
p65_wind_g03,41,0.609864034872891,2012
p65_wind_g03,42,0.38814244683479987,2012
p65_wind_g03,43,0.8808174777557867,2012
p65_wind_g03,44,0.498221069183055,2012
p65_wind_g03,45,0.46539922542940565,2012
p65_wind_g03,46,0.27549355662692526,2012
p65_wind_g03,47,0.8003424084621594,2012
p65_wind_g03,48,0.37464528314981316,2012
p65_wind_g03,49,0.584117743332079,2012
p65_wind_g03,50,0.7149603863543114,2012
p65_wind_g03,51,0.4257056541313263,2012
p65_wind_g03,52,0.8179967177885594,2012
p65_wind_g03,53,0.27887532022711536,2012
p65_wind_g03,54,0.6066536439090163,2012
p65_wind_g03,55,0.5251409556080211,2012
p65_wind_g03,56,0.49810978445632703,2012
p65_wind_g03,57,0.3057613214317606,2012
p65_wind_g03,58,0.6573315491967504,2012
p65_wind_g03,59,0.39547857304401407,2012
p65_wind_g03,60,0.7082161202172137,2012
p65_wind_g03,61,0.42163163890421546,2012
p65_wind_g03,62,0.7494697257707827,2012
p65_wind_g03,63,0.403577267751056,2012
p65_wind_g03,64,0.4203090593534349,2012
p65_wind_g03,65,0.43467932516986113,2012
p65_wind_g03,66,0.6433724953656355,2012
p65_wind_g03,67,0.57166468568287,2012
p65_wind_g03,68,0.6425406341592566,2012
p65_wind_g03,69,0.5961343392454883,2012
p65_wind_g03,70,0.5986628614164133,2012
p65_wind_g03,71,0.727767147599574,2012
p65_wind_g03,72,0.5923428784697037,2012
p65_wind_g03,73,1.0,2012
p65_wind_g03,74,0.5472356848796524,2012
p65_wind_g03,75,0.7633299179611766,2012
p65_wind_g03,76,0.4252967259561548,2012
p65_wind_g03,77,1.0,2012
p65_wind_g03,78,0.5306951441267179,2012
p65_wind_g03,79,1.0,2012
p65_wind_g03,80,0.41854643814077697,2012
p65_wind_g03,81,0.4793508811647262,2012
p65_wind_g03,82,0.5127752895612372,2012
p65_wind_g03,83,0.7957002858045101,2012
p65_wind_g03,84,0.4448142262656499,2012
p65_wind_g03,85,0.7215483647669966,2012
p65_wind_g03,86,0.5329570726343639,2012
p65_wind_g03,87,0.7269766251841938,2012
p65_wind_g03,88,0.33881513689144876,2012
p65_wind_g03,89,0.4421101385271353,2012
p65_wind_g03,90,0.700104473829128,2012
p65_wind_g03,91,0.30391353068298516,2012
p65_wind_g03,92,0.903706811604239,2012
p65_wind_g03,93,0.2450188469459662,2012
p65_wind_g03,94,0.8499983687364849,2012
p65_wind_g03,95,0.3772185130995624,2012
p65_wind_g03,96,0.4055269015345289,2012
p65_wind_g03,97,0.2233055738537648,2012
p65_wind_g03,98,0.4173833123747697,2012
p65_wind_g03,99,0.4152920488823331,2012
p65_wind_g03,100,0.5765974072537677,2012
p65_wind_g03,101,0.44558927845378554,2012
p65_wind_g03,102,0.3216060435450944,2012
p65_wind_g03,103,0.4907785735967062,2012
p65_wind_g03,104,0.46726790467974116,2012
p65_wind_g03,105,0.685712506067822,2012
p65_wind_g03,106,0.5642328487387492,2012
p65_wind_g03,107,0.7121915462492383,2012
p65_wind_g03,108,0.5835035798523454,2012
p65_wind_g03,109,0.3919848519865786,2012
p65_wind_g03,110,0.4494424606301675,2012
p65_wind_g03,111,0.5378580086435987,2012
p65_wind_g03,112,0.3199158752430061,2012
p65_wind_g03,113,0.6978570038531355,2012
p65_wind_g03,114,0.3163847349343596,2012
p65_wind_g03,115,0.7915067500488624,2012
p65_wind_g03,116,0.34311841905321655,2012
p65_wind_g03,117,0.34445378962309997,2012
p65_wind_g03,118,0.2515150146464272,2012
p65_wind_g03,119,0.5465048223731108,2012
p65_wind_g03,120,0.2268731895785168,2012
p65_wind_g03,121,0.7025539405126039,2012
p65_wind_g03,122,0.5859859987050549,2012
p65_wind_g03,123,0.39383405572023866,2012
p65_wind_g03,124,0.5585934153877636,2012
p65_wind_g03,125,0.5328314389100195,2012
p65_wind_g03,126,0.6834416887422753,2012
p65_wind_g03,127,0.24751555310553144,2012
p65_wind_g03,128,0.7080648317745704,2012
p65_wind_g03,129,0.21006593618740924,2012
p65_wind_g03,130,0.6089372537391524,2012
p65_wind_g03,131,0.16234232220839348,2012
p65_wind_g03,132,0.6831955891989447,2012
p65_wind_g03,133,0.201767462211393,2012
p65_wind_g03,134,0.4735216803221905,2012
p65_wind_g03,135,0.2790749388467381,2012
p65_wind_g03,136,0.4840008182622976,2012
p65_wind_g03,137,0.4108099856899326,2012
p65_wind_g03,138,0.32188398918898714,2012
p65_wind_g03,139,0.26522238816581667,2012
p65_wind_g03,140,0.5616524162289804,2012
p65_wind_g03,141,0.2577919251445399,2012
p65_wind_g03,142,0.4841315231498372,2012
p65_wind_g03,143,0.4720221972526501,2012
p65_wind_g03,144,0.4347579373555578,2012
p65_wind_g03,145,0.6369251766793416,2012
p65_wind_g03,146,0.3949947923856832,2012
p65_wind_g03,147,0.28273460972437015,2012
p65_wind_g03,148,0.3236422730341801,2012
p65_wind_g03,149,0.4938673877736944,2012
p65_wind_g03,150,0.24940627954709166,2012
p65_wind_g03,151,0.48539613766526457,2012
p65_wind_g03,152,0.27570098989781966,2012
p65_wind_g03,153,0.44877698235627866,2012
p65_wind_g03,154,0.2753189195889443,2012
p65_wind_g03,155,0.25809732478284264,2012
p65_wind_g03,156,0.3528965205488778,2012
p65_wind_g03,157,0.555363909129998,2012
p65_wind_g03,158,0.38973005884273443,2012
p65_wind_g03,159,0.42791789317285717,2012
p65_wind_g03,160,0.45409703182390193,2012
p65_wind_g03,161,0.32344027183899887,2012
p65_wind_g03,162,0.2603633552260541,2012
p65_wind_g03,163,0.23699366361981833,2012
p65_wind_g03,164,0.5889083112554038,2012
p65_wind_g03,165,0.20946702063199224,2012
p65_wind_g03,166,0.3214862436968387,2012
p65_wind_g03,167,0.1620443985351999,2012
p65_wind_g03,168,0.4609675210577548,2012
p65_wind_g03,169,0.17425955944305332,2012
p65_wind_g03,170,0.5125624736929204,2012
p65_wind_g03,171,0.12005392983244936,2012
p65_wind_g03,172,0.5938655047674896,2012
p65_wind_g03,173,0.19879239453700598,2012
p65_wind_g03,174,0.40481397449323403,2012
p65_wind_g03,175,0.14704653933709033,2012
p65_wind_g03,176,0.2137033279855902,2012
p65_wind_g03,177,0.270063898360476,2012
p65_wind_g03,178,0.21175905376135187,2012
p65_wind_g03,179,0.27290510093900167,2012
p65_wind_g03,180,0.18600475417531867,2012
p65_wind_g03,181,0.4088637325640465,2012
p65_wind_g03,182,0.2739140359329862,2012
p65_wind_g03,183,0.41102965441026507,2012
p65_wind_g03,184,0.23210091670643127,2012
p65_wind_g03,185,0.3667774048955708,2012
p65_wind_g03,186,0.20246747342213314,2012
p65_wind_g03,187,0.22592631537355023,2012
p65_wind_g03,188,0.14455796347922012,2012
p65_wind_g03,189,0.276492160743727,2012
p65_wind_g03,190,0.28222131844406523,2012
p65_wind_g03,191,0.37841299848596305,2012
p65_wind_g03,192,0.2259999041436383,2012
p65_wind_g03,193,0.45768962232005694,2012
p65_wind_g03,194,0.29958616823664097,2012
p65_wind_g03,195,0.4694280988906124,2012
p65_wind_g03,196,0.15579004368418825,2012
p65_wind_g03,197,0.39286676261602477,2012
p65_wind_g03,198,0.279884390502531,2012
p65_wind_g03,199,0.3069672664141014,2012
p65_wind_g03,200,0.25192651560593765,2012
p65_wind_g03,201,0.14208343897725947,2012
p65_wind_g03,202,0.534541949401455,2012
p65_wind_g03,203,0.1685844681114592,2012
p65_wind_g03,204,0.598029395352801,2012
p65_wind_g03,205,0.24297596948299074,2012
p65_wind_g03,206,0.5003568704709698,2012
p65_wind_g03,207,0.24378185994837767,2012
p65_wind_g03,208,0.2871583808623497,2012
p65_wind_g03,209,0.2768233536520542,2012
p65_wind_g03,210,0.4656465933602647,2012
p65_wind_g03,211,0.13791179431167813,2012
p65_wind_g03,212,0.5243237493155023,2012
p65_wind_g03,213,0.24807538215753966,2012
p65_wind_g03,214,0.30391762430353386,2012
p65_wind_g03,215,0.3600769296973245,2012
p65_wind_g03,216,0.28199751214473256,2012
p65_wind_g03,217,0.29031921928556587,2012
p65_wind_g03,218,0.2998417193822993,2012
p65_wind_g03,219,0.23374435053005338,2012
p65_wind_g03,220,0.2741476413394963,2012
p65_wind_g03,221,0.37779538644190114,2012
p65_wind_g03,222,0.331553567527028,2012
p65_wind_g03,223,0.4940060644587814,2012
p65_wind_g03,224,0.3180348680208921,2012
p65_wind_g03,225,0.4415719324009996,2012
p65_wind_g03,226,0.22198252143201957,2012
p65_wind_g03,227,0.3353066980743381,2012
p65_wind_g03,228,0.29536086892817265,2012
p65_wind_g03,229,0.639956540323872,2012
p65_wind_g03,230,0.31105368939494,2012
p65_wind_g03,231,0.2830593632143862,2012
p65_wind_g03,232,0.4553210419789472,2012
p65_wind_g03,233,0.24256372738237572,2012
p65_wind_g03,234,0.295979881685247,2012
p65_wind_g03,235,0.2287674507248936,2012
p65_wind_g03,236,0.5447752006329394,2012
p65_wind_g03,237,0.32960339963299157,2012
p65_wind_g03,238,0.661312580971896,2012
p65_wind_g03,239,0.3918091315107873,2012
p65_wind_g03,240,0.7060448142537173,2012
p65_wind_g04,1,0.45790628708268605,2012
p65_wind_g04,2,0.1450742066521033,2012
p65_wind_g04,3,0.6514899482958323,2012
p65_wind_g04,4,0.22491395529729233,2012
p65_wind_g04,5,0.6342287924544637,2012
p65_wind_g04,6,0.2012687475644622,2012
p65_wind_g04,7,0.5747879853356818,2012
p65_wind_g04,8,0.33876200402737916,2012
p65_wind_g04,9,0.5426037836840171,2012
p65_wind_g04,10,0.4523387223401737,2012
p65_wind_g04,11,0.32991282924270127,2012
p65_wind_g04,12,0.3399108453613965,2012
p65_wind_g04,13,0.40513390063910915,2012
p65_wind_g04,14,0.4838259347841333,2012
p65_wind_g04,15,0.4395735620807568,2012
p65_wind_g04,16,0.7119445386985986,2012
p65_wind_g04,17,0.2459029664699201,2012
p65_wind_g04,18,0.39243019300082094,2012
p65_wind_g04,19,0.32564001937503834,2012
p65_wind_g04,20,0.8074420855712905,2012
p65_wind_g04,21,0.3614610807726285,2012
p65_wind_g04,22,0.46548490843741225,2012
p65_wind_g04,23,0.3393688269554906,2012
p65_wind_g04,24,0.7695173536393825,2012
p65_wind_g04,25,0.38101160441995896,2012
p65_wind_g04,26,0.3321930505888915,2012
p65_wind_g04,27,0.328973490113772,2012
p65_wind_g04,28,0.6260941694788559,2012
p65_wind_g04,29,0.26466384103121254,2012
p65_wind_g04,30,0.5921405494300268,2012
p65_wind_g04,31,0.5671551686051798,2012
p65_wind_g04,32,0.2872423623069735,2012
p65_wind_g04,33,0.6837049781884916,2012
p65_wind_g04,34,0.540564268301293,2012
p65_wind_g04,35,0.5717675825337678,2012
p65_wind_g04,36,0.43895600086284353,2012
p65_wind_g04,37,0.4955232896516795,2012
p65_wind_g04,38,0.209009636362223,2012
p65_wind_g04,39,0.7881560314196816,2012
p65_wind_g04,40,0.42983774091818666,2012
p65_wind_g04,41,0.6491392080427484,2012
p65_wind_g04,42,0.4829077116832766,2012
p65_wind_g04,43,0.8922992257740282,2012
p65_wind_g04,44,0.46956254823577437,2012
p65_wind_g04,45,0.45641650023188424,2012
p65_wind_g04,46,0.5366154814108116,2012
p65_wind_g04,47,0.403501187507549,2012
p65_wind_g04,48,0.5572632147585324,2012
p65_wind_g04,49,0.5335226886110814,2012
p65_wind_g04,50,0.6170744705662519,2012
p65_wind_g04,51,0.2798797693276966,2012
p65_wind_g04,52,0.7731248942183433,2012
p65_wind_g04,53,0.4631353805498668,2012
p65_wind_g04,54,0.6391365399413512,2012
p65_wind_g04,55,0.20755152640518096,2012
p65_wind_g04,56,0.6198475995878352,2012
p65_wind_g04,57,0.3581076984061803,2012
p65_wind_g04,58,0.881095400482388,2012
p65_wind_g04,59,0.38466173393730607,2012
p65_wind_g04,60,0.9635909054254376,2012
p65_wind_g04,61,0.4139592523891539,2012
p65_wind_g04,62,0.520003259413774,2012
p65_wind_g04,63,0.42395589599825323,2012
p65_wind_g04,64,0.5636911686124554,2012
p65_wind_g04,65,0.6137182869448444,2012
p65_wind_g04,66,0.5356625658812674,2012
p65_wind_g04,67,0.3967217079573767,2012
p65_wind_g04,68,0.7024950868020825,2012
p65_wind_g04,69,0.5155506068839104,2012
p65_wind_g04,70,0.5463992640114654,2012
p65_wind_g04,71,0.51198488563319,2012
p65_wind_g04,72,0.4834362861286447,2012
p65_wind_g04,73,0.5441084260751887,2012
p65_wind_g04,74,0.37890686335411555,2012
p65_wind_g04,75,0.962077871384592,2012
p65_wind_g04,76,0.4565759841151715,2012
p65_wind_g04,77,0.4653232385255933,2012
p65_wind_g04,78,0.4272163920922365,2012
p65_wind_g04,79,0.7318464341449094,2012
p65_wind_g04,80,0.38091991178545287,2012
p65_wind_g04,81,0.7204456094300944,2012
p65_wind_g04,82,0.23855416183569728,2012
p65_wind_g04,83,0.4671622593785371,2012
p65_wind_g04,84,0.6330205535729438,2012
p65_wind_g04,85,0.8199368259711602,2012
p65_wind_g04,86,0.6249369841251359,2012
p65_wind_g04,87,0.27956146102926577,2012
p65_wind_g04,88,0.7964962100664696,2012
p65_wind_g04,89,0.3471260774635355,2012
p65_wind_g04,90,0.715808168634964,2012
p65_wind_g04,91,0.3350062543243771,2012
p65_wind_g04,92,0.6835578881071471,2012
p65_wind_g04,93,0.4439741449654124,2012
p65_wind_g04,94,0.5939881033058007,2012
p65_wind_g04,95,0.4191568328273026,2012
p65_wind_g04,96,0.9731516005729063,2012
p65_wind_g04,97,0.25592656284604065,2012
p65_wind_g04,98,0.6588272729961506,2012
p65_wind_g04,99,0.23168498540591337,2012
p65_wind_g04,100,0.44619337625505295,2012
p65_wind_g04,101,0.3349892192534409,2012
p65_wind_g04,102,0.5682093712739583,2012
p65_wind_g04,103,0.259167191826175,2012
p65_wind_g04,104,0.5101542431620244,2012
p65_wind_g04,105,0.5117763544654885,2012
p65_wind_g04,106,0.4561804933300647,2012
p65_wind_g04,107,0.4997426352291966,2012
p65_wind_g04,108,0.27739523668979754,2012
p65_wind_g04,109,0.5675383593294487,2012
p65_wind_g04,110,0.32495471753601296,2012
p65_wind_g04,111,0.35144134604475646,2012
p65_wind_g04,112,0.37836556524020426,2012
p65_wind_g04,113,0.7161416269603307,2012
p65_wind_g04,114,0.1900740697003074,2012
p65_wind_g04,115,0.5690561048644107,2012
p65_wind_g04,116,0.2568437568263188,2012
p65_wind_g04,117,0.6723362662158884,2012
p65_wind_g04,118,0.3977727886238546,2012
p65_wind_g04,119,0.3059238288528201,2012
p65_wind_g04,120,0.2824134087200373,2012
p65_wind_g04,121,0.4098393773593759,2012
p65_wind_g04,122,0.48076760976438504,2012
p65_wind_g04,123,0.29899420861043574,2012
p65_wind_g04,124,0.30769969370688066,2012
p65_wind_g04,125,0.5332327300801917,2012
p65_wind_g04,126,0.4661960728652909,2012
p65_wind_g04,127,0.3783703115961616,2012
p65_wind_g04,128,0.6574076018462315,2012
p65_wind_g04,129,0.4040508111330623,2012
p65_wind_g04,130,0.4773554644123433,2012
p65_wind_g04,131,0.367295164680539,2012
p65_wind_g04,132,0.783261936653635,2012
p65_wind_g04,133,0.2553120607788099,2012
p65_wind_g04,134,0.7383939889052148,2012
p65_wind_g04,135,0.3677664613608786,2012
p65_wind_g04,136,0.4624841969135629,2012
p65_wind_g04,137,0.2946618126104246,2012
p65_wind_g04,138,0.25902101818347717,2012
p65_wind_g04,139,0.1962412622939643,2012
p65_wind_g04,140,0.43721792617088723,2012
p65_wind_g04,141,0.21847428455547419,2012
p65_wind_g04,142,0.392808894257952,2012
p65_wind_g04,143,0.4714236870131414,2012
p65_wind_g04,144,0.2375985446605177,2012
p65_wind_g04,145,0.4583732891847559,2012
p65_wind_g04,146,0.21464934460014273,2012
p65_wind_g04,147,0.5396871808997934,2012
p65_wind_g04,148,0.19604401820296483,2012
p65_wind_g04,149,0.6708556914479411,2012
p65_wind_g04,150,0.22854637111888984,2012
p65_wind_g04,151,0.41058893447772227,2012
p65_wind_g04,152,0.28782839621612255,2012
p65_wind_g04,153,0.25579519843071846,2012
p65_wind_g04,154,0.23074815853811165,2012
p65_wind_g04,155,0.5131775337366304,2012
p65_wind_g04,156,0.37285379342976677,2012
p65_wind_g04,157,0.4965371130179264,2012
p65_wind_g04,158,0.29298232826437737,2012
p65_wind_g04,159,0.292695715450348,2012
p65_wind_g04,160,0.23031287424401442,2012
p65_wind_g04,161,0.17043590000630138,2012
p65_wind_g04,162,0.3852368932101081,2012
p65_wind_g04,163,0.3009030115742029,2012
p65_wind_g04,164,0.5309341148438782,2012
p65_wind_g04,165,0.3296179612733213,2012
p65_wind_g04,166,0.38151440835021333,2012
p65_wind_g04,167,0.22341639744619846,2012
p65_wind_g04,168,0.482118765506585,2012
p65_wind_g04,169,0.21364334112925812,2012
p65_wind_g04,170,0.27393946369683153,2012
p65_wind_g04,171,0.27665966742323944,2012
p65_wind_g04,172,0.2914713597079911,2012
p65_wind_g04,173,0.17227272187213868,2012
p65_wind_g04,174,0.24673913170370845,2012
p65_wind_g04,175,0.19647366814689288,2012
p65_wind_g04,176,0.4175057939350205,2012
p65_wind_g04,177,0.3543063097783915,2012
p65_wind_g04,178,0.16503717143666602,2012
p65_wind_g04,179,0.38858614637569605,2012
p65_wind_g04,180,0.3619629918588113,2012
p65_wind_g04,181,0.46592817271846027,2012
p65_wind_g04,182,0.3054537976015961,2012
p65_wind_g04,183,0.3607740066231265,2012
p65_wind_g04,184,0.17533615728124227,2012
p65_wind_g04,185,0.5210957171129263,2012
p65_wind_g04,186,0.13743796600392327,2012
p65_wind_g04,187,0.34644869357645397,2012
p65_wind_g04,188,0.10416171333154503,2012
p65_wind_g04,189,0.4997363530246541,2012
p65_wind_g04,190,0.18640569727173648,2012
p65_wind_g04,191,0.2640276888568233,2012
p65_wind_g04,192,0.1992182413480235,2012
p65_wind_g04,193,0.4737266686837464,2012
p65_wind_g04,194,0.2586869684959856,2012
p65_wind_g04,195,0.4028969837291226,2012
p65_wind_g04,196,0.26724728803902104,2012
p65_wind_g04,197,0.28142547044851673,2012
p65_wind_g04,198,0.4072652532544621,2012
p65_wind_g04,199,0.3823022534241887,2012
p65_wind_g04,200,0.36311610344214684,2012
p65_wind_g04,201,0.150131397035827,2012
p65_wind_g04,202,0.1982112343196338,2012
p65_wind_g04,203,0.24834109783865044,2012
p65_wind_g04,204,0.5637648865486635,2012
p65_wind_g04,205,0.12922880295582564,2012
p65_wind_g04,206,0.5612625443515403,2012
p65_wind_g04,207,0.24208863936273184,2012
p65_wind_g04,208,0.25888721663465686,2012
p65_wind_g04,209,0.2819947963672517,2012
p65_wind_g04,210,0.39150558141265906,2012
p65_wind_g04,211,0.1639229394467526,2012
p65_wind_g04,212,0.48061133820831337,2012
p65_wind_g04,213,0.19721007733332854,2012
p65_wind_g04,214,0.2785635616137001,2012
p65_wind_g04,215,0.2275132785993662,2012
p65_wind_g04,216,0.22582753269049538,2012
p65_wind_g04,217,0.4456344868248039,2012
p65_wind_g04,218,0.2640707761911737,2012
p65_wind_g04,219,0.5178909831243085,2012
p65_wind_g04,220,0.2424557864460626,2012
p65_wind_g04,221,0.4178263204337992,2012
p65_wind_g04,222,0.21594571240559418,2012
p65_wind_g04,223,0.2716885621691435,2012
p65_wind_g04,224,0.15649051737842842,2012
p65_wind_g04,225,0.2560224931824798,2012
p65_wind_g04,226,0.2266224916088902,2012
p65_wind_g04,227,0.5047589171060366,2012
p65_wind_g04,228,0.13341207398720217,2012
p65_wind_g04,229,0.5956396481700512,2012
p65_wind_g04,230,0.24985010804970004,2012
p65_wind_g04,231,0.43038986905343224,2012
p65_wind_g04,232,0.4401912544370053,2012
p65_wind_g04,233,0.5431748902200163,2012
p65_wind_g04,234,0.475157357506808,2012
p65_wind_g04,235,0.2764096973760872,2012
p65_wind_g04,236,0.5538250521244636,2012
p65_wind_g04,237,0.2901874251398466,2012
p65_wind_g04,238,0.3101221020436023,2012
p65_wind_g04,239,0.1982538205867181,2012
p65_wind_g04,240,0.35875755118223757,2012
p65_wind_g05,1,0.5820727220007185,2012
p65_wind_g05,2,0.33217604762225283,2012
p65_wind_g05,3,0.5115371194383646,2012
p65_wind_g05,4,0.18013833706166127,2012
p65_wind_g05,5,0.5991860977691851,2012
p65_wind_g05,6,0.28571170097542686,2012
p65_wind_g05,7,0.6026019293516146,2012
p65_wind_g05,8,0.2727211770943777,2012
p65_wind_g05,9,0.5747148804958657,2012
p65_wind_g05,10,0.22091555282909361,2012
p65_wind_g05,11,0.6050716733439911,2012
p65_wind_g05,12,0.5400590128488469,2012
p65_wind_g05,13,0.29976759869781183,2012
p65_wind_g05,14,0.4012487400708509,2012
p65_wind_g05,15,0.36711958129829814,2012
p65_wind_g05,16,0.7312338762385683,2012
p65_wind_g05,17,0.329355555259509,2012
p65_wind_g05,18,0.3731511923232319,2012
p65_wind_g05,19,0.24125358006337472,2012
p65_wind_g05,20,0.512351660403807,2012
p65_wind_g05,21,0.358292221834753,2012
p65_wind_g05,22,0.3927324486115892,2012
p65_wind_g05,23,0.3671688322272935,2012
p65_wind_g05,24,0.8168703076772839,2012
p65_wind_g05,25,0.3772523045793491,2012
p65_wind_g05,26,0.7458081232784537,2012
p65_wind_g05,27,0.31778560023852953,2012
p65_wind_g05,28,0.4963229558467099,2012
p65_wind_g05,29,0.3592793447557763,2012
p65_wind_g05,30,0.6502323501187147,2012
p65_wind_g05,31,0.3906861915740461,2012
p65_wind_g05,32,0.6087230588774396,2012
p65_wind_g05,33,0.5067077031570395,2012
p65_wind_g05,34,0.4948877423245761,2012
p65_wind_g05,35,0.37312443166515785,2012
p65_wind_g05,36,0.37082483605047867,2012
p65_wind_g05,37,0.39917716631005384,2012
p65_wind_g05,38,0.38257407216600464,2012
p65_wind_g05,39,0.38831101041345845,2012
p65_wind_g05,40,0.4181603604400385,2012
p65_wind_g05,41,0.395479331147625,2012
p65_wind_g05,42,0.2845047016158581,2012
p65_wind_g05,43,0.6155955586147617,2012
p65_wind_g05,44,0.259112920263363,2012
p65_wind_g05,45,0.5257182082268823,2012
p65_wind_g05,46,0.44086113825684287,2012
p65_wind_g05,47,0.38668271357690837,2012
p65_wind_g05,48,0.5588202388544206,2012
p65_wind_g05,49,0.4759618712158942,2012
p65_wind_g05,50,0.6209806440118262,2012
p65_wind_g05,51,0.6336878558983517,2012
p65_wind_g05,52,0.8155874787579621,2012
p65_wind_g05,53,0.3998691155654668,2012
p65_wind_g05,54,0.48607653145428487,2012
p65_wind_g05,55,0.21104706208776114,2012
p65_wind_g05,56,0.6372868439383195,2012
p65_wind_g05,57,0.4580924274067919,2012
p65_wind_g05,58,0.8858944301832827,2012
p65_wind_g05,59,0.26087913337056295,2012
p65_wind_g05,60,0.4643322871973761,2012
p65_wind_g05,61,0.4746224166275297,2012
p65_wind_g05,62,0.4391781408925083,2012
p65_wind_g05,63,0.2750149713435294,2012
p65_wind_g05,64,0.866449463352541,2012
p65_wind_g05,65,0.2706118582959253,2012
p65_wind_g05,66,0.7330247389566672,2012
p65_wind_g05,67,0.5819138140464979,2012
p65_wind_g05,68,0.6061427554744274,2012
p65_wind_g05,69,0.7516357351610466,2012
p65_wind_g05,70,0.377841344616845,2012
p65_wind_g05,71,0.6726829245864959,2012
p65_wind_g05,72,0.29726469011464784,2012
p65_wind_g05,73,0.5016832585617055,2012
p65_wind_g05,74,0.5128344264533174,2012
p65_wind_g05,75,0.43993425181001805,2012
p65_wind_g05,76,0.4401062061082133,2012
p65_wind_g05,77,0.7212057138176202,2012
p65_wind_g05,78,0.19150604801977342,2012
p65_wind_g05,79,0.6142696375821891,2012
p65_wind_g05,80,0.41058003204787763,2012
p65_wind_g05,81,0.5396644798396517,2012
p65_wind_g05,82,0.5662028522328459,2012
p65_wind_g05,83,0.8185168495017905,2012
p65_wind_g05,84,0.36108674698097826,2012
p65_wind_g05,85,0.8084775910490887,2012
p65_wind_g05,86,0.36843332242764953,2012
p65_wind_g05,87,0.5705319273502129,2012
p65_wind_g05,88,0.5454010398265894,2012
p65_wind_g05,89,0.5034476438516596,2012
p65_wind_g05,90,0.7653788201196053,2012
p65_wind_g05,91,0.32188001587475573,2012
p65_wind_g05,92,0.8279633816841465,2012
p65_wind_g05,93,0.4633102948804918,2012
p65_wind_g05,94,0.44067710321822345,2012
p65_wind_g05,95,0.25248375337398554,2012
p65_wind_g05,96,0.8705429836177021,2012
p65_wind_g05,97,0.4220744650405722,2012
p65_wind_g05,98,0.5261791262272602,2012
p65_wind_g05,99,0.2219597451157391,2012
p65_wind_g05,100,0.35232652706753287,2012
p65_wind_g05,101,0.36149767551652484,2012
p65_wind_g05,102,0.5047588771908202,2012
p65_wind_g05,103,0.620371138902722,2012
p65_wind_g05,104,0.28702050787730704,2012
p65_wind_g05,105,0.5177889126394394,2012
p65_wind_g05,106,0.3344187131042372,2012
p65_wind_g05,107,0.518112823291304,2012
p65_wind_g05,108,0.2846551164179469,2012
p65_wind_g05,109,0.5084220090701767,2012
p65_wind_g05,110,0.21586336485573135,2012
p65_wind_g05,111,0.7639707152878112,2012
p65_wind_g05,112,0.3331613559593919,2012
p65_wind_g05,113,0.6349198430149382,2012
p65_wind_g05,114,0.28445481410361295,2012
p65_wind_g05,115,0.6598852022952092,2012
p65_wind_g05,116,0.2866421211999627,2012
p65_wind_g05,117,0.7560971513204613,2012
p65_wind_g05,118,0.19413178400926856,2012
p65_wind_g05,119,0.4429052577933469,2012
p65_wind_g05,120,0.4922327594001311,2012
p65_wind_g05,121,0.366041138746597,2012
p65_wind_g05,122,0.2755585430973907,2012
p65_wind_g05,123,0.6117366543392406,2012
p65_wind_g05,124,0.5299137787584247,2012
p65_wind_g05,125,0.33031226130838265,2012
p65_wind_g05,126,0.33525327075966077,2012
p65_wind_g05,127,0.41787802039581323,2012
p65_wind_g05,128,0.7429187790351648,2012
p65_wind_g05,129,0.29720156456697544,2012
p65_wind_g05,130,0.3282701811223835,2012
p65_wind_g05,131,0.18274688355976876,2012
p65_wind_g05,132,0.6960169832927783,2012
p65_wind_g05,133,0.3375736180342808,2012
p65_wind_g05,134,0.4568286383482675,2012
p65_wind_g05,135,0.37653466477463265,2012
p65_wind_g05,136,0.4291236410184062,2012
p65_wind_g05,137,0.1743822177630533,2012
p65_wind_g05,138,0.2740550057248826,2012
p65_wind_g05,139,0.41971088006216317,2012
p65_wind_g05,140,0.44982172129281406,2012
p65_wind_g05,141,0.3005363646535633,2012
p65_wind_g05,142,0.3087291307919766,2012
p65_wind_g05,143,0.4675685727562726,2012
p65_wind_g05,144,0.390990846711469,2012
p65_wind_g05,145,0.4116592905034039,2012
p65_wind_g05,146,0.33129068195084965,2012
p65_wind_g05,147,0.5547229098940699,2012
p65_wind_g05,148,0.32077474682869256,2012
p65_wind_g05,149,0.43043724990662025,2012
p65_wind_g05,150,0.1859336148764635,2012
p65_wind_g05,151,0.6361648748928458,2012
p65_wind_g05,152,0.2907983917289235,2012
p65_wind_g05,153,0.5210628351463312,2012
p65_wind_g05,154,0.17631190872195288,2012
p65_wind_g05,155,0.31264950651758766,2012
p65_wind_g05,156,0.339797681355962,2012
p65_wind_g05,157,0.4460117931608084,2012
p65_wind_g05,158,0.26838290008598525,2012
p65_wind_g05,159,0.3849781229015604,2012
p65_wind_g05,160,0.2644371702183757,2012
p65_wind_g05,161,0.2305340255659644,2012
p65_wind_g05,162,0.39770385340819614,2012
p65_wind_g05,163,0.36551798397449187,2012
p65_wind_g05,164,0.46614928593729715,2012
p65_wind_g05,165,0.1498818742975193,2012
p65_wind_g05,166,0.22405344161935797,2012
p65_wind_g05,167,0.13093289117803794,2012
p65_wind_g05,168,0.4264504120507791,2012
p65_wind_g05,169,0.18216961721549296,2012
p65_wind_g05,170,0.4512177365079831,2012
p65_wind_g05,171,0.27611855036441224,2012
p65_wind_g05,172,0.26840422474229114,2012
p65_wind_g05,173,0.2304810140392868,2012
p65_wind_g05,174,0.2765186474099076,2012
p65_wind_g05,175,0.17804359443271958,2012
p65_wind_g05,176,0.30466942430338056,2012
p65_wind_g05,177,0.204267942423631,2012
p65_wind_g05,178,0.24941783125902003,2012
p65_wind_g05,179,0.31182161441863876,2012
p65_wind_g05,180,0.28517522310999843,2012
p65_wind_g05,181,0.23502956441643916,2012
p65_wind_g05,182,0.2864526164105293,2012
p65_wind_g05,183,0.2100747558915987,2012
p65_wind_g05,184,0.22750770635750286,2012
p65_wind_g05,185,0.30565737005588306,2012
p65_wind_g05,186,0.23997530501030068,2012
p65_wind_g05,187,0.502352935625239,2012
p65_wind_g05,188,0.1340729034521574,2012
p65_wind_g05,189,0.403388341827573,2012
p65_wind_g05,190,0.2090426469707383,2012
p65_wind_g05,191,0.390600184992313,2012
p65_wind_g05,192,0.1957499191065346,2012
p65_wind_g05,193,0.3348911581317487,2012
p65_wind_g05,194,0.24292268572511036,2012
p65_wind_g05,195,0.3768244825989555,2012
p65_wind_g05,196,0.3596243294590306,2012
p65_wind_g05,197,0.25532909214386534,2012
p65_wind_g05,198,0.4421923837358106,2012
p65_wind_g05,199,0.2065706830925348,2012
p65_wind_g05,200,0.28151903728383265,2012
p65_wind_g05,201,0.13406666592098385,2012
p65_wind_g05,202,0.45668000907884426,2012
p65_wind_g05,203,0.14365614407361846,2012
p65_wind_g05,204,0.25943916978067605,2012
p65_wind_g05,205,0.20692014351869453,2012
p65_wind_g05,206,0.2972604876440887,2012
p65_wind_g05,207,0.13433398006693084,2012
p65_wind_g05,208,0.3500355303495228,2012
p65_wind_g05,209,0.2740248189318896,2012
p65_wind_g05,210,0.3931232613250814,2012
p65_wind_g05,211,0.13677647591103367,2012
p65_wind_g05,212,0.4610598572165823,2012
p65_wind_g05,213,0.2735241746516364,2012
p65_wind_g05,214,0.2692603374485827,2012
p65_wind_g05,215,0.24898102741048123,2012
p65_wind_g05,216,0.22465973224589497,2012
p65_wind_g05,217,0.2921271045299909,2012
p65_wind_g05,218,0.2790226359209713,2012
p65_wind_g05,219,0.2986466378724046,2012
p65_wind_g05,220,0.21156507905565952,2012
p65_wind_g05,221,0.5452388586794015,2012
p65_wind_g05,222,0.2888514694799963,2012
p65_wind_g05,223,0.48344237447631716,2012
p65_wind_g05,224,0.13224041659399566,2012
p65_wind_g05,225,0.41370674958369835,2012
p65_wind_g05,226,0.28593122093554096,2012
p65_wind_g05,227,0.5359045268271223,2012
p65_wind_g05,228,0.300197665433073,2012
p65_wind_g05,229,0.4494520957712309,2012
p65_wind_g05,230,0.3908389355747285,2012
p65_wind_g05,231,0.284491296055204,2012
p65_wind_g05,232,0.3039655199635748,2012
p65_wind_g05,233,0.41962735046690863,2012
p65_wind_g05,234,0.3646588127174837,2012
p65_wind_g05,235,0.36435798771641353,2012
p65_wind_g05,236,0.2993701751711921,2012
p65_wind_g05,237,0.26634870319471915,2012
p65_wind_g05,238,0.5928899525304402,2012
p65_wind_g05,239,0.23874791828268752,2012
p65_wind_g05,240,0.6358171005709694,2012
p65_wind_g06,1,0.2918654670466729,2012
p65_wind_g06,2,0.16876426406753212,2012
p65_wind_g06,3,0.48476018505057306,2012
p65_wind_g06,4,0.16480421751348703,2012
p65_wind_g06,5,0.6158013508582667,2012
p65_wind_g06,6,0.33635358140853056,2012
p65_wind_g06,7,0.3954864926435794,2012
p65_wind_g06,8,0.2143904139303585,2012
p65_wind_g06,9,0.46131314450757804,2012
p65_wind_g06,10,0.24890750935688102,2012
p65_wind_g06,11,0.4496405222055321,2012
p65_wind_g06,12,0.40332012288340013,2012
p65_wind_g06,13,0.2506471551864098,2012
p65_wind_g06,14,0.3400832035939184,2012
p65_wind_g06,15,0.4809889745597653,2012
p65_wind_g06,16,0.429338987013577,2012
p65_wind_g06,17,0.36221024531964413,2012
p65_wind_g06,18,0.3695247570650266,2012
p65_wind_g06,19,0.2543437871007904,2012
p65_wind_g06,20,0.5791215785464797,2012
p65_wind_g06,21,0.1683998564726175,2012
p65_wind_g06,22,0.42954241515719577,2012
p65_wind_g06,23,0.3211819200387432,2012
p65_wind_g06,24,0.7074826071336243,2012
p65_wind_g06,25,0.4458761950089363,2012
p65_wind_g06,26,0.41551285821567846,2012
p65_wind_g06,27,0.28059504531383084,2012
p65_wind_g06,28,0.5053737748811011,2012
p65_wind_g06,29,0.5298913770896039,2012
p65_wind_g06,30,0.5260685705694262,2012
p65_wind_g06,31,0.33105527847779925,2012
p65_wind_g06,32,0.6094257433595671,2012
p65_wind_g06,33,0.48496049131764046,2012
p65_wind_g06,34,0.3487519549576286,2012
p65_wind_g06,35,0.4084629519727454,2012
p65_wind_g06,36,0.46023561419020015,2012
p65_wind_g06,37,0.7628140268963113,2012
p65_wind_g06,38,0.26634492226786655,2012
p65_wind_g06,39,0.6328160160641236,2012
p65_wind_g06,40,0.4069778022568688,2012
p65_wind_g06,41,0.37728723948415127,2012
p65_wind_g06,42,0.4518715770746683,2012
p65_wind_g06,43,0.6128449757082002,2012
p65_wind_g06,44,0.36296946522641604,2012
p65_wind_g06,45,0.6758490770530815,2012
p65_wind_g06,46,0.4461890015831412,2012
p65_wind_g06,47,0.7491715827554651,2012
p65_wind_g06,48,0.6081674709841575,2012
p65_wind_g06,49,0.6635444734134578,2012
p65_wind_g06,50,0.7560280565143892,2012
p65_wind_g06,51,0.38223183014584894,2012
p65_wind_g06,52,0.6577847988927674,2012
p65_wind_g06,53,0.2743976406683157,2012
p65_wind_g06,54,0.48488396321280675,2012
p65_wind_g06,55,0.21217233097906318,2012
p65_wind_g06,56,0.9694165322472101,2012
p65_wind_g06,57,0.42733568967760943,2012
p65_wind_g06,58,0.4559330065795348,2012
p65_wind_g06,59,0.248175234813577,2012
p65_wind_g06,60,0.6024087153400056,2012
p65_wind_g06,61,0.3885107928900962,2012
p65_wind_g06,62,0.6500288457536926,2012
p65_wind_g06,63,0.347790224239817,2012
p65_wind_g06,64,0.7868260342264968,2012
p65_wind_g06,65,0.36246188282104463,2012
p65_wind_g06,66,0.6040824864069835,2012
p65_wind_g06,67,0.5445304018474588,2012
p65_wind_g06,68,0.6125446997644386,2012
p65_wind_g06,69,0.4248697708020864,2012
p65_wind_g06,70,0.37200231897026864,2012
p65_wind_g06,71,0.5362068583400974,2012
p65_wind_g06,72,0.4837307768010757,2012
p65_wind_g06,73,0.4032171731581616,2012
p65_wind_g06,74,0.3400553540789293,2012
p65_wind_g06,75,0.38886774348533104,2012
p65_wind_g06,76,0.1895456076476329,2012
p65_wind_g06,77,0.6030004916699653,2012
p65_wind_g06,78,0.24675170784384157,2012
p65_wind_g06,79,0.9677430548729801,2012
p65_wind_g06,80,0.34746445114121743,2012
p65_wind_g06,81,0.5412984230608465,2012
p65_wind_g06,82,0.27836783636562107,2012
p65_wind_g06,83,0.7350369461193127,2012
p65_wind_g06,84,0.3518020374702571,2012
p65_wind_g06,85,0.40513324935328626,2012
p65_wind_g06,86,0.611599209551107,2012
p65_wind_g06,87,0.4749740337239824,2012
p65_wind_g06,88,0.3812917544146084,2012
p65_wind_g06,89,0.47115367754861465,2012
p65_wind_g06,90,0.7123889345364143,2012
p65_wind_g06,91,0.2190741092972412,2012
p65_wind_g06,92,0.7422714409161761,2012
p65_wind_g06,93,0.2434217878652832,2012
p65_wind_g06,94,0.48200867793549,2012
p65_wind_g06,95,0.31287620294752577,2012
p65_wind_g06,96,0.8718744531357557,2012
p65_wind_g06,97,0.4061621847910725,2012
p65_wind_g06,98,0.8268069845777586,2012
p65_wind_g06,99,0.5110016975427408,2012
p65_wind_g06,100,0.8568350927047229,2012
p65_wind_g06,101,0.5271331081067564,2012
p65_wind_g06,102,0.7589684702657435,2012
p65_wind_g06,103,0.49619125168861355,2012
p65_wind_g06,104,0.6826177075313788,2012
p65_wind_g06,105,0.489484791295854,2012
p65_wind_g06,106,0.2895170843231609,2012
p65_wind_g06,107,0.6914207584934682,2012
p65_wind_g06,108,0.4017518788579707,2012
p65_wind_g06,109,0.6671449080458258,2012
p65_wind_g06,110,0.3161698901646488,2012
p65_wind_g06,111,0.7301079912570042,2012
p65_wind_g06,112,0.25296708225550224,2012
p65_wind_g06,113,0.6548218613353669,2012
p65_wind_g06,114,0.40636631486809016,2012
p65_wind_g06,115,0.7546550438822863,2012
p65_wind_g06,116,0.37785308931656475,2012
p65_wind_g06,117,0.44949832661080624,2012
p65_wind_g06,118,0.4512729475622131,2012
p65_wind_g06,119,0.364136250496753,2012
p65_wind_g06,120,0.45344711985351643,2012
p65_wind_g06,121,0.3821871440740956,2012
p65_wind_g06,122,0.5451441005792983,2012
p65_wind_g06,123,0.5696611343293002,2012
p65_wind_g06,124,0.40987485347749764,2012
p65_wind_g06,125,0.5320759346147751,2012
p65_wind_g06,126,0.5053752919215787,2012
p65_wind_g06,127,0.2421665464018155,2012
p65_wind_g06,128,0.5872064595941291,2012
p65_wind_g06,129,0.1638072684282608,2012
p65_wind_g06,130,0.7103793128187199,2012
p65_wind_g06,131,0.22604194147188705,2012
p65_wind_g06,132,0.448992558158475,2012
p65_wind_g06,133,0.2174706004513458,2012
p65_wind_g06,134,0.7504278125477005,2012
p65_wind_g06,135,0.16606402817668492,2012
p65_wind_g06,136,0.3027151038367783,2012
p65_wind_g06,137,0.18513919071605198,2012
p65_wind_g06,138,0.3599506413437716,2012
p65_wind_g06,139,0.2544872822484886,2012
p65_wind_g06,140,0.46038121861947534,2012
p65_wind_g06,141,0.5015135545633345,2012
p65_wind_g06,142,0.45027089747806964,2012
p65_wind_g06,143,0.4616826346108821,2012
p65_wind_g06,144,0.24745921267580945,2012
p65_wind_g06,145,0.27516929334786383,2012
p65_wind_g06,146,0.3341441624912645,2012
p65_wind_g06,147,0.3628330158430305,2012
p65_wind_g06,148,0.18144564757804832,2012
p65_wind_g06,149,0.6424452502028972,2012
p65_wind_g06,150,0.30257374514283125,2012
p65_wind_g06,151,0.40599329071176254,2012
p65_wind_g06,152,0.21780530574676932,2012
p65_wind_g06,153,0.4933105709052396,2012
p65_wind_g06,154,0.1676331756519264,2012
p65_wind_g06,155,0.35596129225152273,2012
p65_wind_g06,156,0.25480143895728596,2012
p65_wind_g06,157,0.3757902547086113,2012
p65_wind_g06,158,0.310127301108204,2012
p65_wind_g06,159,0.44097994357724835,2012
p65_wind_g06,160,0.35199811198966513,2012
p65_wind_g06,161,0.26233677736630334,2012
p65_wind_g06,162,0.3463845364907691,2012
p65_wind_g06,163,0.3416327096596396,2012
p65_wind_g06,164,0.4998576883646732,2012
p65_wind_g06,165,0.23827654001642987,2012
p65_wind_g06,166,0.36731576252402076,2012
p65_wind_g06,167,0.15433562421340183,2012
p65_wind_g06,168,0.37815712127387235,2012
p65_wind_g06,169,0.15481593296361246,2012
p65_wind_g06,170,0.2880584962618445,2012
p65_wind_g06,171,0.19464960556046,2012
p65_wind_g06,172,0.2924691552274429,2012
p65_wind_g06,173,0.26145953451376047,2012
p65_wind_g06,174,0.3280770758556923,2012
p65_wind_g06,175,0.17305181307336012,2012
p65_wind_g06,176,0.4277960695855747,2012
p65_wind_g06,177,0.3020280135864441,2012
p65_wind_g06,178,0.18806286460350152,2012
p65_wind_g06,179,0.270616537072311,2012
p65_wind_g06,180,0.1562796296552108,2012
p65_wind_g06,181,0.2794953186773165,2012
p65_wind_g06,182,0.3175814260267345,2012
p65_wind_g06,183,0.40808522031842737,2012
p65_wind_g06,184,0.1143092083485535,2012
p65_wind_g06,185,0.3962829521402183,2012
p65_wind_g06,186,0.22934862101028305,2012
p65_wind_g06,187,0.5245196152890348,2012
p65_wind_g06,188,0.24742544679032524,2012
p65_wind_g06,189,0.5266641403093137,2012
p65_wind_g06,190,0.1563358660384006,2012
p65_wind_g06,191,0.25159034139804937,2012
p65_wind_g06,192,0.2722264881383479,2012
p65_wind_g06,193,0.3125223011095003,2012
p65_wind_g06,194,0.13155177280650368,2012
p65_wind_g06,195,0.1833862673275878,2012
p65_wind_g06,196,0.1920559039581412,2012
p65_wind_g06,197,0.40118899397517505,2012
p65_wind_g06,198,0.18641632735444158,2012
p65_wind_g06,199,0.306291414512517,2012
p65_wind_g06,200,0.23194004882510133,2012
p65_wind_g06,201,0.25562078121316845,2012
p65_wind_g06,202,0.28917746584463516,2012
p65_wind_g06,203,0.22692109390432819,2012
p65_wind_g06,204,0.3554374463391935,2012
p65_wind_g06,205,0.19826180341343885,2012
p65_wind_g06,206,0.42794633303409085,2012
p65_wind_g06,207,0.10766849035275611,2012
p65_wind_g06,208,0.275203348697059,2012
p65_wind_g06,209,0.17222870271607013,2012
p65_wind_g06,210,0.2555604213723534,2012
p65_wind_g06,211,0.1473547096009558,2012
p65_wind_g06,212,0.4871206964821968,2012
p65_wind_g06,213,0.141124352912138,2012
p65_wind_g06,214,0.4576236791179353,2012
p65_wind_g06,215,0.37351104385660844,2012
p65_wind_g06,216,0.17797206317983094,2012
p65_wind_g06,217,0.38770166974118747,2012
p65_wind_g06,218,0.22844455459558297,2012
p65_wind_g06,219,0.3279466605804864,2012
p65_wind_g06,220,0.16762311633057084,2012
p65_wind_g06,221,0.4642208242410775,2012
p65_wind_g06,222,0.27830523039011634,2012
p65_wind_g06,223,0.2845289807988899,2012
p65_wind_g06,224,0.18577515869692923,2012
p65_wind_g06,225,0.3265945942028162,2012
p65_wind_g06,226,0.27301022486589943,2012
p65_wind_g06,227,0.49675338669895064,2012
p65_wind_g06,228,0.268549300585877,2012
p65_wind_g06,229,0.410988016961429,2012
p65_wind_g06,230,0.20461446265834213,2012
p65_wind_g06,231,0.5683995046738507,2012
p65_wind_g06,232,0.35396152079097315,2012
p65_wind_g06,233,0.43872122859487633,2012
p65_wind_g06,234,0.21934127879737705,2012
p65_wind_g06,235,0.4611637964429422,2012
p65_wind_g06,236,0.5536665200425609,2012
p65_wind_g06,237,0.1734548923114109,2012
p65_wind_g06,238,0.561579859548926,2012
p65_wind_g06,239,0.3380241080342733,2012
p65_wind_g06,240,0.45983365324525094,2012
p65_wind_g07,1,0.55404655967633,2012
p65_wind_g07,2,0.3110261934239798,2012
p65_wind_g07,3,0.3983365347086861,2012
p65_wind_g07,4,0.28521744207150873,2012
p65_wind_g07,5,0.6470382916639255,2012
p65_wind_g07,6,0.23982043453843016,2012
p65_wind_g07,7,0.6377526939067246,2012
p65_wind_g07,8,0.40465266108549036,2012
p65_wind_g07,9,0.40218352000180424,2012
p65_wind_g07,10,0.4693285363707422,2012
p65_wind_g07,11,0.35170600254689677,2012
p65_wind_g07,12,0.32592729767159156,2012
p65_wind_g07,13,0.26408428954436486,2012
p65_wind_g07,14,0.5552163610920461,2012
p65_wind_g07,15,0.4285632024788342,2012
p65_wind_g07,16,0.39594823395947365,2012
p65_wind_g07,17,0.4209405086400571,2012
p65_wind_g07,18,0.41852546158429826,2012
p65_wind_g07,19,0.16598064111119132,2012
p65_wind_g07,20,0.5060131566940768,2012
p65_wind_g07,21,0.27756273262574715,2012
p65_wind_g07,22,0.7418161707072172,2012
p65_wind_g07,23,0.3711202263235967,2012
p65_wind_g07,24,0.8005861831359958,2012
p65_wind_g07,25,0.43902470329865034,2012
p65_wind_g07,26,0.6374975532755157,2012
p65_wind_g07,27,0.4796978827576317,2012
p65_wind_g07,28,0.5514765227496339,2012
p65_wind_g07,29,0.5558213082244252,2012
p65_wind_g07,30,0.635292067421414,2012
p65_wind_g07,31,0.6024463881092911,2012
p65_wind_g07,32,0.344816653773925,2012
p65_wind_g07,33,0.38326405379524164,2012
p65_wind_g07,34,0.2875385625749796,2012
p65_wind_g07,35,0.473676694083534,2012
p65_wind_g07,36,0.31954004359536053,2012
p65_wind_g07,37,0.6234791556160648,2012
p65_wind_g07,38,0.26861623429531295,2012
p65_wind_g07,39,0.7925387983939353,2012
p65_wind_g07,40,0.18158607298699955,2012
p65_wind_g07,41,0.7862643639246079,2012
p65_wind_g07,42,0.22608178556139308,2012
p65_wind_g07,43,0.7594937242843955,2012
p65_wind_g07,44,0.47544308071079605,2012
p65_wind_g07,45,0.36465021189488883,2012
p65_wind_g07,46,0.5601535156664619,2012
p65_wind_g07,47,0.4031547865425757,2012
p65_wind_g07,48,0.6067285875949899,2012
p65_wind_g07,49,0.5430428382536696,2012
p65_wind_g07,50,0.6902996568847092,2012
p65_wind_g07,51,0.5174327543856014,2012
p65_wind_g07,52,0.47551997163776016,2012
p65_wind_g07,53,0.4800530522018203,2012
p65_wind_g07,54,0.5948477939164025,2012
p65_wind_g07,55,0.27749468818233536,2012
p65_wind_g07,56,0.4628506549958239,2012
p65_wind_g07,57,0.3664592204001925,2012
p65_wind_g07,58,0.8213499966781792,2012
p65_wind_g07,59,0.3691195103928035,2012
p65_wind_g07,60,0.49770463697735046,2012
p65_wind_g07,61,0.3629865443740188,2012
p65_wind_g07,62,0.7689332325544983,2012
p65_wind_g07,63,0.28154986283020217,2012
p65_wind_g07,64,0.5641244816857849,2012
p65_wind_g07,65,0.42766784244242984,2012
p65_wind_g07,66,0.6137681342555558,2012
p65_wind_g07,67,0.4344040010339956,2012
p65_wind_g07,68,0.45216657684906136,2012
p65_wind_g07,69,0.7017305285619005,2012
p65_wind_g07,70,0.43346207857149843,2012
p65_wind_g07,71,0.42714752341706896,2012
p65_wind_g07,72,0.3849299094362984,2012
p65_wind_g07,73,0.5632617555291193,2012
p65_wind_g07,74,0.2553398858437823,2012
p65_wind_g07,75,0.7316104704409192,2012
p65_wind_g07,76,0.2357602900644279,2012
p65_wind_g07,77,0.4073121465348116,2012
p65_wind_g07,78,0.33302984386908047,2012
p65_wind_g07,79,0.5625911312667268,2012
p65_wind_g07,80,0.4651725579142227,2012
p65_wind_g07,81,0.7379624706298354,2012
p65_wind_g07,82,0.4569226430309777,2012
p65_wind_g07,83,0.8369869160614614,2012
p65_wind_g07,84,0.3972048987206072,2012
p65_wind_g07,85,0.34889225756994147,2012
p65_wind_g07,86,0.6996531255050469,2012
p65_wind_g07,87,0.3163812612719047,2012
p65_wind_g07,88,0.48299292312122905,2012
p65_wind_g07,89,0.4281492493036287,2012
p65_wind_g07,90,0.5716212996731804,2012
p65_wind_g07,91,0.5365272224824769,2012
p65_wind_g07,92,0.8652539981577382,2012
p65_wind_g07,93,0.39629242369734485,2012
p65_wind_g07,94,0.6358095083162741,2012
p65_wind_g07,95,0.24607666919003052,2012
p65_wind_g07,96,0.4176654979151223,2012
p65_wind_g07,97,0.2061604928714863,2012
p65_wind_g07,98,0.8352434030854599,2012
p65_wind_g07,99,0.38968735521020653,2012
p65_wind_g07,100,0.8529015824803812,2012
p65_wind_g07,101,0.5235031108439232,2012
p65_wind_g07,102,0.45147829523600963,2012
p65_wind_g07,103,0.44911093829070453,2012
p65_wind_g07,104,0.2621242535874832,2012
p65_wind_g07,105,0.5330390530794162,2012
p65_wind_g07,106,0.5065663490608725,2012
p65_wind_g07,107,0.37770947731611604,2012
p65_wind_g07,108,0.4843972202137629,2012
p65_wind_g07,109,0.3666565796192618,2012
p65_wind_g07,110,0.22211639886821494,2012
p65_wind_g07,111,0.5163057091799876,2012
p65_wind_g07,112,0.29383641114052705,2012
p65_wind_g07,113,0.3766795407208353,2012
p65_wind_g07,114,0.19283381218207843,2012
p65_wind_g07,115,0.4444657302247706,2012
p65_wind_g07,116,0.19622391245670665,2012
p65_wind_g07,117,0.5828962077502049,2012
p65_wind_g07,118,0.4006274345055882,2012
p65_wind_g07,119,0.4938190206012361,2012
p65_wind_g07,120,0.21175054727055004,2012
p65_wind_g07,121,0.34266595596371785,2012
p65_wind_g07,122,0.4958483497910277,2012
p65_wind_g07,123,0.4418029230920358,2012
p65_wind_g07,124,0.2463668648230339,2012
p65_wind_g07,125,0.2570976242404349,2012
p65_wind_g07,126,0.49085034362638813,2012
p65_wind_g07,127,0.3161898848110911,2012
p65_wind_g07,128,0.3873000562040539,2012
p65_wind_g07,129,0.34298842222151366,2012
p65_wind_g07,130,0.2830981457403457,2012
p65_wind_g07,131,0.3406947662862908,2012
p65_wind_g07,132,0.5342443615347388,2012
p65_wind_g07,133,0.1755743146326673,2012
p65_wind_g07,134,0.29837717885600185,2012
p65_wind_g07,135,0.16503733453247246,2012
p65_wind_g07,136,0.6134440033430174,2012
p65_wind_g07,137,0.17632822455686867,2012
p65_wind_g07,138,0.5750260034592151,2012
p65_wind_g07,139,0.18101232012074078,2012
p65_wind_g07,140,0.5428243738269992,2012
p65_wind_g07,141,0.34497452702830755,2012
p65_wind_g07,142,0.3256016829585816,2012
p65_wind_g07,143,0.27090467707546295,2012
p65_wind_g07,144,0.38983421580395616,2012
p65_wind_g07,145,0.4384472752174193,2012
p65_wind_g07,146,0.29235149602216204,2012
p65_wind_g07,147,0.5076559269601972,2012
p65_wind_g07,148,0.25377767285432706,2012
p65_wind_g07,149,0.45146417413030165,2012
p65_wind_g07,150,0.2741648798558666,2012
p65_wind_g07,151,0.3730095780107901,2012
p65_wind_g07,152,0.2794100364433452,2012
p65_wind_g07,153,0.5274321790625524,2012
p65_wind_g07,154,0.19246232033234717,2012
p65_wind_g07,155,0.3457678089227204,2012
p65_wind_g07,156,0.22394938940919612,2012
p65_wind_g07,157,0.4840739014733707,2012
p65_wind_g07,158,0.31260615420622256,2012
p65_wind_g07,159,0.26997603931256237,2012
p65_wind_g07,160,0.33613169527351916,2012
p65_wind_g07,161,0.3763222910406407,2012
p65_wind_g07,162,0.183558224215512,2012
p65_wind_g07,163,0.24450985637831946,2012
p65_wind_g07,164,0.331272430928602,2012
p65_wind_g07,165,0.15379922669602766,2012
p65_wind_g07,166,0.48011212315470403,2012
p65_wind_g07,167,0.26905779127063045,2012
p65_wind_g07,168,0.4331522186944768,2012
p65_wind_g07,169,0.18039238875882932,2012
p65_wind_g07,170,0.4955417520976966,2012
p65_wind_g07,171,0.13482992318403467,2012
p65_wind_g07,172,0.38661484409822194,2012
p65_wind_g07,173,0.1709641732394358,2012
p65_wind_g07,174,0.4266105611749312,2012
p65_wind_g07,175,0.3128755991971833,2012
p65_wind_g07,176,0.2870859979650626,2012
p65_wind_g07,177,0.313109005842051,2012
p65_wind_g07,178,0.40176081853764173,2012
p65_wind_g07,179,0.3087861270372372,2012
p65_wind_g07,180,0.2231589984095495,2012
p65_wind_g07,181,0.1864683446405765,2012
p65_wind_g07,182,0.21927277198980014,2012
p65_wind_g07,183,0.26945908178247024,2012
p65_wind_g07,184,0.14647314893590818,2012
p65_wind_g07,185,0.29700959709151936,2012
p65_wind_g07,186,0.1855733351061771,2012
p65_wind_g07,187,0.2477622589462411,2012
p65_wind_g07,188,0.14302787384804064,2012
p65_wind_g07,189,0.30864160563808013,2012
p65_wind_g07,190,0.26593604225190315,2012
p65_wind_g07,191,0.23039286641804546,2012
p65_wind_g07,192,0.2209724189362243,2012
p65_wind_g07,193,0.39738416762187756,2012
p65_wind_g07,194,0.20501397784074954,2012
p65_wind_g07,195,0.3092151902072027,2012
p65_wind_g07,196,0.2566163820957066,2012
p65_wind_g07,197,0.25347909130990276,2012
p65_wind_g07,198,0.2230401170566502,2012
p65_wind_g07,199,0.2528649734971491,2012
p65_wind_g07,200,0.27395641153862854,2012
p65_wind_g07,201,0.1462857176201198,2012
p65_wind_g07,202,0.4230651577690835,2012
p65_wind_g07,203,0.15419156558636252,2012
p65_wind_g07,204,0.22289442446414123,2012
p65_wind_g07,205,0.23239601008423816,2012
p65_wind_g07,206,0.4730552214434315,2012
p65_wind_g07,207,0.22281664239522336,2012
p65_wind_g07,208,0.22397630842452965,2012
p65_wind_g07,209,0.20733235878959197,2012
p65_wind_g07,210,0.28885273987951454,2012
p65_wind_g07,211,0.24233266108657636,2012
p65_wind_g07,212,0.4481648040500471,2012
p65_wind_g07,213,0.26745701805772654,2012
p65_wind_g07,214,0.24539664615479725,2012
p65_wind_g07,215,0.3537009979841625,2012
p65_wind_g07,216,0.2017007528115544,2012
p65_wind_g07,217,0.3208023188710106,2012
p65_wind_g07,218,0.1649970856936718,2012
p65_wind_g07,219,0.3022580211224032,2012
p65_wind_g07,220,0.2079757648624895,2012
p65_wind_g07,221,0.41692441526591656,2012
p65_wind_g07,222,0.22465292264811823,2012
p65_wind_g07,223,0.37380577233793244,2012
p65_wind_g07,224,0.16150415876611865,2012
p65_wind_g07,225,0.4618820927219755,2012
p65_wind_g07,226,0.1501125276619837,2012
p65_wind_g07,227,0.533699170491837,2012
p65_wind_g07,228,0.12616359605639263,2012
p65_wind_g07,229,0.5553690454361684,2012
p65_wind_g07,230,0.29939839399367785,2012
p65_wind_g07,231,0.4544141077301042,2012
p65_wind_g07,232,0.30257439088678173,2012
p65_wind_g07,233,0.417421630322808,2012
p65_wind_g07,234,0.2642236728327023,2012
p65_wind_g07,235,0.32892938863224197,2012
p65_wind_g07,236,0.42309193388126054,2012
p65_wind_g07,237,0.38136422213710386,2012
p65_wind_g07,238,0.5155867994686449,2012
p65_wind_g07,239,0.3922589140923894,2012
p65_wind_g07,240,0.5317741050296757,2012
p65_wind_g08,1,0.5050636091108949,2012
p65_wind_g08,2,0.15305356124421662,2012
p65_wind_g08,3,0.5034217778267998,2012
p65_wind_g08,4,0.2689459030037156,2012
p65_wind_g08,5,0.425513502382664,2012
p65_wind_g08,6,0.19156609763413676,2012
p65_wind_g08,7,0.5903485235862106,2012
p65_wind_g08,8,0.1709501519399407,2012
p65_wind_g08,9,0.4364085567646846,2012
p65_wind_g08,10,0.3155680781200324,2012
p65_wind_g08,11,0.4810916427445983,2012
p65_wind_g08,12,0.30086202773581033,2012
p65_wind_g08,13,0.22937028495625694,2012
p65_wind_g08,14,0.2969804557218168,2012
p65_wind_g08,15,0.4570075366986438,2012
p65_wind_g08,16,0.6404589768560431,2012
p65_wind_g08,17,0.3364703781343447,2012
p65_wind_g08,18,0.7195034355945769,2012
p65_wind_g08,19,0.28667477882081754,2012
p65_wind_g08,20,0.5701653818430152,2012
p65_wind_g08,21,0.30047239307149914,2012
p65_wind_g08,22,0.6416536274445964,2012
p65_wind_g08,23,0.3357221640587997,2012
p65_wind_g08,24,0.4474569461905812,2012
p65_wind_g08,25,0.34776536893671006,2012
p65_wind_g08,26,0.6244544215514438,2012
p65_wind_g08,27,0.42431300423207535,2012
p65_wind_g08,28,0.588444669921656,2012
p65_wind_g08,29,0.24892942462882597,2012
p65_wind_g08,30,0.2538301388574768,2012
p65_wind_g08,31,0.44737517913902436,2012
p65_wind_g08,32,0.42807171772237324,2012
p65_wind_g08,33,0.5620400841638912,2012
p65_wind_g08,34,0.4622788876911466,2012
p65_wind_g08,35,0.6812443881846625,2012
p65_wind_g08,36,0.3619713484031788,2012
p65_wind_g08,37,0.7004181408160222,2012
p65_wind_g08,38,0.2817196557517374,2012
p65_wind_g08,39,0.6778418398109961,2012
p65_wind_g08,40,0.21271649668819967,2012
p65_wind_g08,41,0.8617099106896123,2012
p65_wind_g08,42,0.3493937836469421,2012
p65_wind_g08,43,0.5553513438381564,2012
p65_wind_g08,44,0.3449919035280959,2012
p65_wind_g08,45,0.3807951167643405,2012
p65_wind_g08,46,0.29869558654151596,2012
p65_wind_g08,47,0.5228623768663642,2012
p65_wind_g08,48,0.3990833300962019,2012
p65_wind_g08,49,0.674894780150644,2012
p65_wind_g08,50,0.4269301208225339,2012
p65_wind_g08,51,0.2560998027040614,2012
p65_wind_g08,52,0.5660333023838351,2012
p65_wind_g08,53,0.46912587458106847,2012
p65_wind_g08,54,0.5630128144158587,2012
p65_wind_g08,55,0.33413930697142336,2012
p65_wind_g08,56,0.8882663511604243,2012
p65_wind_g08,57,0.37874120776696824,2012
p65_wind_g08,58,0.8536507320657395,2012
p65_wind_g08,59,0.23902033796325306,2012
p65_wind_g08,60,0.854722127533409,2012
p65_wind_g08,61,0.32698827412544024,2012
p65_wind_g08,62,0.5122617546888788,2012
p65_wind_g08,63,0.3558836238471141,2012
p65_wind_g08,64,0.6748456253656813,2012
p65_wind_g08,65,0.2792213072794013,2012
p65_wind_g08,66,0.31540992558653325,2012
p65_wind_g08,67,0.3131861577892877,2012
p65_wind_g08,68,0.34855175638067526,2012
p65_wind_g08,69,0.32917314182036517,2012
p65_wind_g08,70,0.3195449016064268,2012
p65_wind_g08,71,0.5810826218068137,2012
p65_wind_g08,72,0.5348415445503348,2012
p65_wind_g08,73,0.5586158052598967,2012
p65_wind_g08,74,0.4110288825929782,2012
p65_wind_g08,75,0.7130800185390056,2012
p65_wind_g08,76,0.3475558542880569,2012
p65_wind_g08,77,0.5089923807783515,2012
p65_wind_g08,78,0.30244784647633616,2012
p65_wind_g08,79,0.7136889197259064,2012
p65_wind_g08,80,0.44210919364661144,2012
p65_wind_g08,81,0.5068638687644131,2012
p65_wind_g08,82,0.41816462381933717,2012
p65_wind_g08,83,0.5036313556278199,2012
p65_wind_g08,84,0.31387790731989146,2012
p65_wind_g08,85,0.7501149834135649,2012
p65_wind_g08,86,0.3464191735495159,2012
p65_wind_g08,87,0.527185240771226,2012
p65_wind_g08,88,0.3803453336412567,2012
p65_wind_g08,89,0.5655484935147588,2012
p65_wind_g08,90,0.8268649025758372,2012
p65_wind_g08,91,0.2921714932568513,2012
p65_wind_g08,92,0.8568781168156872,2012
p65_wind_g08,93,0.3574426722723074,2012
p65_wind_g08,94,0.6280639920739036,2012
p65_wind_g08,95,0.33416707900003273,2012
p65_wind_g08,96,0.5391509202596135,2012
p65_wind_g08,97,0.1673248973709423,2012
p65_wind_g08,98,0.7006617088000039,2012
p65_wind_g08,99,0.42254387499879503,2012
p65_wind_g08,100,0.4412052046453789,2012
p65_wind_g08,101,0.2604976754701069,2012
p65_wind_g08,102,0.5501166597496382,2012
p65_wind_g08,103,0.5513739757822549,2012
p65_wind_g08,104,0.3158614848462697,2012
p65_wind_g08,105,0.2829272273350815,2012
p65_wind_g08,106,0.4479359211558546,2012
p65_wind_g08,107,0.39589724499954115,2012
p65_wind_g08,108,0.36658147072375774,2012
p65_wind_g08,109,0.6735566260681842,2012
p65_wind_g08,110,0.43514865166118255,2012
p65_wind_g08,111,0.6092064248015102,2012
p65_wind_g08,112,0.2562576976014883,2012
p65_wind_g08,113,0.34167668728518036,2012
p65_wind_g08,114,0.3783823102651764,2012
p65_wind_g08,115,0.5427574126883794,2012
p65_wind_g08,116,0.39821245079763623,2012
p65_wind_g08,117,0.32629047448035675,2012
p65_wind_g08,118,0.4018485193095608,2012
p65_wind_g08,119,0.35763479847806984,2012
p65_wind_g08,120,0.3528931637844409,2012
p65_wind_g08,121,0.3629737630295239,2012
p65_wind_g08,122,0.44484457900980534,2012
p65_wind_g08,123,0.4767547113622111,2012
p65_wind_g08,124,0.462432314681195,2012
p65_wind_g08,125,0.471070625188089,2012
p65_wind_g08,126,0.24490938893233444,2012
p65_wind_g08,127,0.2577881750468628,2012
p65_wind_g08,128,0.5688374039293789,2012
p65_wind_g08,129,0.33410832583365363,2012
p65_wind_g08,130,0.5024772116121978,2012
p65_wind_g08,131,0.1980685694257959,2012
p65_wind_g08,132,0.5751326552724704,2012
p65_wind_g08,133,0.27751435459969825,2012
p65_wind_g08,134,0.6677141983796557,2012
p65_wind_g08,135,0.3554886317017917,2012
p65_wind_g08,136,0.29379475590188137,2012
p65_wind_g08,137,0.17841646006426498,2012
p65_wind_g08,138,0.5390630676620367,2012
p65_wind_g08,139,0.2112849862874893,2012
p65_wind_g08,140,0.5411123179518541,2012
p65_wind_g08,141,0.29826526375832946,2012
p65_wind_g08,142,0.38978875029403326,2012
p65_wind_g08,143,0.3265427635010958,2012
p65_wind_g08,144,0.37050605993796304,2012
p65_wind_g08,145,0.37404996037187405,2012
p65_wind_g08,146,0.3398851315823132,2012
p65_wind_g08,147,0.4479542822660626,2012
p65_wind_g08,148,0.14059803081798014,2012
p65_wind_g08,149,0.35851358300869723,2012
p65_wind_g08,150,0.20149564476239276,2012
p65_wind_g08,151,0.2864250439379179,2012
p65_wind_g08,152,0.17847889104494433,2012
p65_wind_g08,153,0.4042067060657292,2012
p65_wind_g08,154,0.22955745238419012,2012
p65_wind_g08,155,0.4307220891222763,2012
p65_wind_g08,156,0.17555658115072328,2012
p65_wind_g08,157,0.3134216568885762,2012
p65_wind_g08,158,0.2600738980028092,2012
p65_wind_g08,159,0.314470181970508,2012
p65_wind_g08,160,0.1612425276503154,2012
p65_wind_g08,161,0.33300133312497676,2012
p65_wind_g08,162,0.1872547293673953,2012
p65_wind_g08,163,0.270725925428215,2012
p65_wind_g08,164,0.29444006390023286,2012
p65_wind_g08,165,0.15483160964529677,2012
p65_wind_g08,166,0.25753047464992546,2012
p65_wind_g08,167,0.13504174080998127,2012
p65_wind_g08,168,0.48751822488101837,2012
p65_wind_g08,169,0.1299446513699209,2012
p65_wind_g08,170,0.21752284560323523,2012
p65_wind_g08,171,0.22486338368166678,2012
p65_wind_g08,172,0.20305640696511806,2012
p65_wind_g08,173,0.2069634202395667,2012
p65_wind_g08,174,0.47174251673206635,2012
p65_wind_g08,175,0.23948688315440916,2012
p65_wind_g08,176,0.45166222022615826,2012
p65_wind_g08,177,0.26265808110560823,2012
p65_wind_g08,178,0.16726346084868582,2012
p65_wind_g08,179,0.3521916474531216,2012
p65_wind_g08,180,0.2554634508649812,2012
p65_wind_g08,181,0.18378855763579466,2012
p65_wind_g08,182,0.28428068968170295,2012
p65_wind_g08,183,0.23448786496264018,2012
p65_wind_g08,184,0.1901815139019233,2012
p65_wind_g08,185,0.23983244259394174,2012
p65_wind_g08,186,0.1778032033156013,2012
p65_wind_g08,187,0.4405440795869431,2012
p65_wind_g08,188,0.09689738779392193,2012
p65_wind_g08,189,0.4341251893810473,2012
p65_wind_g08,190,0.18639702370439207,2012
p65_wind_g08,191,0.37644536594032596,2012
p65_wind_g08,192,0.2069949196450956,2012
p65_wind_g08,193,0.20078899951382181,2012
p65_wind_g08,194,0.1686264183781757,2012
p65_wind_g08,195,0.3132858180570421,2012
p65_wind_g08,196,0.3241617579211137,2012
p65_wind_g08,197,0.3000803156469277,2012
p65_wind_g08,198,0.19033620211371932,2012
p65_wind_g08,199,0.3340588168781738,2012
p65_wind_g08,200,0.38322783186315107,2012
p65_wind_g08,201,0.21747500659935964,2012
p65_wind_g08,202,0.39390831586812153,2012
p65_wind_g08,203,0.15845650664596855,2012
p65_wind_g08,204,0.4009083517730546,2012
p65_wind_g08,205,0.1436708845377599,2012
p65_wind_g08,206,0.33971747880396685,2012
p65_wind_g08,207,0.18545669781750618,2012
p65_wind_g08,208,0.33943132745784765,2012
p65_wind_g08,209,0.1800650596655862,2012
p65_wind_g08,210,0.2220513698693238,2012
p65_wind_g08,211,0.2098153649225428,2012
p65_wind_g08,212,0.2673455776757795,2012
p65_wind_g08,213,0.318038457401129,2012
p65_wind_g08,214,0.26541260385706733,2012
p65_wind_g08,215,0.16179173329824667,2012
p65_wind_g08,216,0.3541965789498897,2012
p65_wind_g08,217,0.3414111365674184,2012
p65_wind_g08,218,0.15994145111408153,2012
p65_wind_g08,219,0.33315894925938827,2012
p65_wind_g08,220,0.2227437715722746,2012
p65_wind_g08,221,0.4257733248975686,2012
p65_wind_g08,222,0.24277497320142652,2012
p65_wind_g08,223,0.4005350763233609,2012
p65_wind_g08,224,0.11904744520175005,2012
p65_wind_g08,225,0.5293388698199203,2012
p65_wind_g08,226,0.27307227253327265,2012
p65_wind_g08,227,0.5360462880610319,2012
p65_wind_g08,228,0.15324969575601197,2012
p65_wind_g08,229,0.5447264758578115,2012
p65_wind_g08,230,0.22065076719998153,2012
p65_wind_g08,231,0.43415366219787416,2012
p65_wind_g08,232,0.4015184179838161,2012
p65_wind_g08,233,0.30489593824669514,2012
p65_wind_g08,234,0.4528289756798067,2012
p65_wind_g08,235,0.3137395122411965,2012
p65_wind_g08,236,0.216281828013798,2012
p65_wind_g08,237,0.22179727122757162,2012
p65_wind_g08,238,0.4828608348317812,2012
p65_wind_g08,239,0.22360232393040982,2012
p65_wind_g08,240,0.529694473577299,2012
p65_wind_g09,1,0.5744727025075368,2012
p65_wind_g09,2,0.2215588717157286,2012
p65_wind_g09,3,0.3808223709041998,2012
p65_wind_g09,4,0.30641042857055933,2012
p65_wind_g09,5,0.4043490983514692,2012
p65_wind_g09,6,0.2504704418194176,2012
p65_wind_g09,7,0.3213285166740053,2012
p65_wind_g09,8,0.399919299742782,2012
p65_wind_g09,9,0.369304791578279,2012
p65_wind_g09,10,0.178188759479083,2012
p65_wind_g09,11,0.22516018623171455,2012
p65_wind_g09,12,0.4084701801312569,2012
p65_wind_g09,13,0.3334431644071589,2012
p65_wind_g09,14,0.38857437266915806,2012
p65_wind_g09,15,0.3411265377453737,2012
p65_wind_g09,16,0.43483891530984103,2012
p65_wind_g09,17,0.3519787475375515,2012
p65_wind_g09,18,0.2957787771791832,2012
p65_wind_g09,19,0.31548320363851723,2012
p65_wind_g09,20,0.32497753034360205,2012
p65_wind_g09,21,0.2073188068064687,2012
p65_wind_g09,22,0.29423783057437475,2012
p65_wind_g09,23,0.22964147725765596,2012
p65_wind_g09,24,0.31026763915716427,2012
p65_wind_g09,25,0.277697176264445,2012
p65_wind_g09,26,0.3575678413113101,2012
p65_wind_g09,27,0.4570806754342083,2012
p65_wind_g09,28,0.5538829278039108,2012
p65_wind_g09,29,0.25320771467361547,2012
p65_wind_g09,30,0.4425986687197903,2012
p65_wind_g09,31,0.2889706313502419,2012
p65_wind_g09,32,0.4948784690039835,2012
p65_wind_g09,33,0.6064364194616907,2012
p65_wind_g09,34,0.4118922721536776,2012
p65_wind_g09,35,0.37484323711055045,2012
p65_wind_g09,36,0.2648920605281165,2012
p65_wind_g09,37,0.35531056555563484,2012
p65_wind_g09,38,0.22861082554959405,2012
p65_wind_g09,39,0.40223488322954326,2012
p65_wind_g09,40,0.2441856388829699,2012
p65_wind_g09,41,0.5694673842983183,2012
p65_wind_g09,42,0.17181275280396463,2012
p65_wind_g09,43,0.4685554192937636,2012
p65_wind_g09,44,0.37416132457842405,2012
p65_wind_g09,45,0.7473979337394795,2012
p65_wind_g09,46,0.27174616871002794,2012
p65_wind_g09,47,0.30752095984495764,2012
p65_wind_g09,48,0.4572166261160806,2012
p65_wind_g09,49,0.5781691866595587,2012
p65_wind_g09,50,0.5438027529561926,2012
p65_wind_g09,51,0.5241501975379268,2012
p65_wind_g09,52,0.7308991224158803,2012
p65_wind_g09,53,0.2797612856088054,2012
p65_wind_g09,54,0.8225211400774517,2012
p65_wind_g09,55,0.4693059128542563,2012
p65_wind_g09,56,0.7332548307770768,2012
p65_wind_g09,57,0.19128151091160486,2012
p65_wind_g09,58,0.7911561897557766,2012
p65_wind_g09,59,0.3016333574323729,2012
p65_wind_g09,60,0.6515081996842313,2012
p65_wind_g09,61,0.382673993543726,2012
p65_wind_g09,62,0.3610523743413663,2012
p65_wind_g09,63,0.48385794604910304,2012
p65_wind_g09,64,0.5166726004469401,2012
p65_wind_g09,65,0.5899702783359362,2012
p65_wind_g09,66,0.41322486864411984,2012
p65_wind_g09,67,0.589715547665693,2012
p65_wind_g09,68,0.296951685777001,2012
p65_wind_g09,69,0.677519935787301,2012
p65_wind_g09,70,0.24882620777641493,2012
p65_wind_g09,71,0.7317535906824534,2012
p65_wind_g09,72,0.46647309386968994,2012
p65_wind_g09,73,0.7128461971744031,2012
p65_wind_g09,74,0.2949981455072454,2012
p65_wind_g09,75,0.5159171199668631,2012
p65_wind_g09,76,0.3216497148692136,2012
p65_wind_g09,77,0.46663482390950917,2012
p65_wind_g09,78,0.29978981696711043,2012
p65_wind_g09,79,0.373323488182817,2012
p65_wind_g09,80,0.4418321247290465,2012
p65_wind_g09,81,0.5734252909504379,2012
p65_wind_g09,82,0.282425755626564,2012
p65_wind_g09,83,0.4030603040006868,2012
p65_wind_g09,84,0.3434630355943502,2012
p65_wind_g09,85,0.7336420326601765,2012
p65_wind_g09,86,0.5616943317748013,2012
p65_wind_g09,87,0.4027159453040159,2012
p65_wind_g09,88,0.464717645905691,2012
p65_wind_g09,89,0.40867273080276956,2012
p65_wind_g09,90,0.695572331759726,2012
p65_wind_g09,91,0.21858521915918522,2012
p65_wind_g09,92,0.34385973690214244,2012
p65_wind_g09,93,0.230702733480241,2012
p65_wind_g09,94,0.43227636847853196,2012
p65_wind_g09,95,0.29495395609805825,2012
p65_wind_g09,96,0.36074609415846776,2012
p65_wind_g09,97,0.32329177695558,2012
p65_wind_g09,98,0.6146343621091155,2012
p65_wind_g09,99,0.3015008608641051,2012
p65_wind_g09,100,0.6377749618062207,2012
p65_wind_g09,101,0.47799931397901985,2012
p65_wind_g09,102,0.32344377466200164,2012
p65_wind_g09,103,0.23444460090917832,2012
p65_wind_g09,104,0.4782350182468894,2012
p65_wind_g09,105,0.6117756585967562,2012
p65_wind_g09,106,0.4187363348847679,2012
p65_wind_g09,107,0.4016736280056494,2012
p65_wind_g09,108,0.3801765536922286,2012
p65_wind_g09,109,0.5771377683960095,2012
p65_wind_g09,110,0.2580681253145751,2012
p65_wind_g09,111,0.7304594188417914,2012
p65_wind_g09,112,0.39267208793929226,2012
p65_wind_g09,113,0.3451720929235712,2012
p65_wind_g09,114,0.22184577522929308,2012
p65_wind_g09,115,0.7544376804483126,2012
p65_wind_g09,116,0.2043089332866815,2012
p65_wind_g09,117,0.6636656641607633,2012
p65_wind_g09,118,0.3114807627987335,2012
p65_wind_g09,119,0.3489613235956614,2012
p65_wind_g09,120,0.4184488023297598,2012
p65_wind_g09,121,0.34780954306326967,2012
p65_wind_g09,122,0.34104072512995276,2012
p65_wind_g09,123,0.5598438598598123,2012
p65_wind_g09,124,0.42239518070547544,2012
p65_wind_g09,125,0.4275352044877341,2012
p65_wind_g09,126,0.2919961114061308,2012
p65_wind_g09,127,0.17310592065097494,2012
p65_wind_g09,128,0.5502412368030187,2012
p65_wind_g09,129,0.17842675404606362,2012
p65_wind_g09,130,0.4780787216515932,2012
p65_wind_g09,131,0.29011579091220385,2012
p65_wind_g09,132,0.6588268730931854,2012
p65_wind_g09,133,0.2059648101504073,2012
p65_wind_g09,134,0.5992038374748051,2012
p65_wind_g09,135,0.29985441766827886,2012
p65_wind_g09,136,0.38068985390639104,2012
p65_wind_g09,137,0.28233900642659016,2012
p65_wind_g09,138,0.25817197238055084,2012
p65_wind_g09,139,0.2692731191926918,2012
p65_wind_g09,140,0.5102392517430299,2012
p65_wind_g09,141,0.3623258604603494,2012
p65_wind_g09,142,0.23832223291252327,2012
p65_wind_g09,143,0.2156831703381929,2012
p65_wind_g09,144,0.155337748130128,2012
p65_wind_g09,145,0.37613963143699863,2012
p65_wind_g09,146,0.3180128190239612,2012
p65_wind_g09,147,0.4783280714485131,2012
p65_wind_g09,148,0.15088946256402774,2012
p65_wind_g09,149,0.2449613430658124,2012
p65_wind_g09,150,0.18876512984385924,2012
p65_wind_g09,151,0.5860736907407519,2012
p65_wind_g09,152,0.2623652999535694,2012
p65_wind_g09,153,0.2917732773484978,2012
p65_wind_g09,154,0.17549968282481557,2012
p65_wind_g09,155,0.2974908901483765,2012
p65_wind_g09,156,0.261551687247586,2012
p65_wind_g09,157,0.39192614378896456,2012
p65_wind_g09,158,0.2755498904833357,2012
p65_wind_g09,159,0.302563732898277,2012
p65_wind_g09,160,0.2655228359642834,2012
p65_wind_g09,161,0.2810552337330485,2012
p65_wind_g09,162,0.3168425023272504,2012
p65_wind_g09,163,0.287290151248001,2012
p65_wind_g09,164,0.31439968473875773,2012
p65_wind_g09,165,0.2772221938765811,2012
p65_wind_g09,166,0.4945433943415985,2012
p65_wind_g09,167,0.23558222865757675,2012
p65_wind_g09,168,0.45119867170295874,2012
p65_wind_g09,169,0.11714786478437228,2012
p65_wind_g09,170,0.3882437563601403,2012
p65_wind_g09,171,0.25572181989254417,2012
p65_wind_g09,172,0.2219324448123178,2012
p65_wind_g09,173,0.16947159068427908,2012
p65_wind_g09,174,0.25469635599561163,2012
p65_wind_g09,175,0.29512062755499563,2012
p65_wind_g09,176,0.2979110533213105,2012
p65_wind_g09,177,0.26283949252482625,2012
p65_wind_g09,178,0.3328228527064636,2012
p65_wind_g09,179,0.2773004168157407,2012
p65_wind_g09,180,0.29355379508499796,2012
p65_wind_g09,181,0.2979330792405398,2012
p65_wind_g09,182,0.21746658700061852,2012
p65_wind_g09,183,0.37083069383253037,2012
p65_wind_g09,184,0.2236104655695345,2012
p65_wind_g09,185,0.4366225639849337,2012
p65_wind_g09,186,0.22132859674195274,2012
p65_wind_g09,187,0.4326002264801307,2012
p65_wind_g09,188,0.23019513042726408,2012
p65_wind_g09,189,0.37081237232503467,2012
p65_wind_g09,190,0.18073822164959855,2012
p65_wind_g09,191,0.4201185564679782,2012
p65_wind_g09,192,0.23812970044028622,2012
p65_wind_g09,193,0.4089151542390561,2012
p65_wind_g09,194,0.2082797994304046,2012
p65_wind_g09,195,0.28641757551412234,2012
p65_wind_g09,196,0.3252671527676017,2012
p65_wind_g09,197,0.18968123892373653,2012
p65_wind_g09,198,0.2833208245886579,2012
p65_wind_g09,199,0.25493615024511135,2012
p65_wind_g09,200,0.37539395336738973,2012
p65_wind_g09,201,0.2524358017873541,2012
p65_wind_g09,202,0.2283494516451691,2012
p65_wind_g09,203,0.1663875146572608,2012
p65_wind_g09,204,0.287299380572181,2012
p65_wind_g09,205,0.15512386413689866,2012
p65_wind_g09,206,0.48453846796796446,2012
p65_wind_g09,207,0.12890707318838207,2012
p65_wind_g09,208,0.2068611615197743,2012
p65_wind_g09,209,0.13089233280053514,2012
p65_wind_g09,210,0.20200965498807108,2012
p65_wind_g09,211,0.24656204297366296,2012
p65_wind_g09,212,0.35467693183561466,2012
p65_wind_g09,213,0.3000891702603857,2012
p65_wind_g09,214,0.3226749388040495,2012
p65_wind_g09,215,0.19218335113081889,2012
p65_wind_g09,216,0.19472500811131005,2012
p65_wind_g09,217,0.333279498687848,2012
p65_wind_g09,218,0.14011421838613192,2012
p65_wind_g09,219,0.40459217831715183,2012
p65_wind_g09,220,0.2947886940862906,2012
p65_wind_g09,221,0.4345299280089992,2012
p65_wind_g09,222,0.29633546015297274,2012
p65_wind_g09,223,0.2860290857655315,2012
p65_wind_g09,224,0.1647263483122633,2012
p65_wind_g09,225,0.5229743125410872,2012
p65_wind_g09,226,0.17486250697255074,2012
p65_wind_g09,227,0.39533599302050565,2012
p65_wind_g09,228,0.12489980569191651,2012
p65_wind_g09,229,0.3705865438964918,2012
p65_wind_g09,230,0.2485739973983939,2012
p65_wind_g09,231,0.21917582715450928,2012
p65_wind_g09,232,0.27793812935484546,2012
p65_wind_g09,233,0.32466256271914457,2012
p65_wind_g09,234,0.40619517887571416,2012
p65_wind_g09,235,0.2008599284483905,2012
p65_wind_g09,236,0.25829298051275484,2012
p65_wind_g09,237,0.2516971999009091,2012
p65_wind_g09,238,0.5363818153020845,2012
p65_wind_g09,239,0.2714481682173471,2012
p65_wind_g09,240,0.48399578169649304,2012
p65_wind_g10,1,0.388400780866626,2012
p65_wind_g10,2,0.1595877740728846,2012
p65_wind_g10,3,0.6157271532192444,2012
p65_wind_g10,4,0.2901237777060673,2012
p65_wind_g10,5,0.3464823089751609,2012
p65_wind_g10,6,0.1450655211014753,2012
p65_wind_g10,7,0.5829741362315906,2012
p65_wind_g10,8,0.1595141843273878,2012
p65_wind_g10,9,0.35771916501553447,2012
p65_wind_g10,10,0.3186508325072804,2012
p65_wind_g10,11,0.44627961432807706,2012
p65_wind_g10,12,0.42012599416952473,2012
p65_wind_g10,13,0.33440966403770556,2012
p65_wind_g10,14,0.4124058253147749,2012
p65_wind_g10,15,0.24821249749814753,2012
p65_wind_g10,16,0.5414384589207683,2012
p65_wind_g10,17,0.2018829682432945,2012
p65_wind_g10,18,0.29842522996668347,2012
p65_wind_g10,19,0.20295178607861755,2012
p65_wind_g10,20,0.4083338295183183,2012
p65_wind_g10,21,0.163906954300818,2012
p65_wind_g10,22,0.47649939928445373,2012
p65_wind_g10,23,0.18587125043492658,2012
p65_wind_g10,24,0.34311606604456707,2012
p65_wind_g10,25,0.3669900179037742,2012
p65_wind_g10,26,0.35882060261167587,2012
p65_wind_g10,27,0.3052006950621361,2012
p65_wind_g10,28,0.5628797212814084,2012
p65_wind_g10,29,0.28030752896446276,2012
p65_wind_g10,30,0.32173816481189044,2012
p65_wind_g10,31,0.381973639058875,2012
p65_wind_g10,32,0.22596609866085848,2012
p65_wind_g10,33,0.35352759757993246,2012
p65_wind_g10,34,0.3022371748109218,2012
p65_wind_g10,35,0.6832664013828845,2012
p65_wind_g10,36,0.3129598980946477,2012
p65_wind_g10,37,0.6896030391265207,2012
p65_wind_g10,38,0.2659973629556232,2012
p65_wind_g10,39,0.4348061183105431,2012
p65_wind_g10,40,0.22945549079740526,2012
p65_wind_g10,41,0.5043439905427156,2012
p65_wind_g10,42,0.39250125430995975,2012
p65_wind_g10,43,0.5996317599586247,2012
p65_wind_g10,44,0.2534616679929788,2012
p65_wind_g10,45,0.39687858792154795,2012
p65_wind_g10,46,0.4914366270278253,2012
p65_wind_g10,47,0.5678586519166847,2012
p65_wind_g10,48,0.4632407898334111,2012
p65_wind_g10,49,0.41950064508663976,2012
p65_wind_g10,50,0.5985918220139566,2012
p65_wind_g10,51,0.3508880881924638,2012
p65_wind_g10,52,0.27406953097106135,2012
p65_wind_g10,53,0.2166310042844503,2012
p65_wind_g10,54,0.3932141258784637,2012
p65_wind_g10,55,0.44024575511011355,2012
p65_wind_g10,56,0.4619323569264792,2012
p65_wind_g10,57,0.2890128773298024,2012
p65_wind_g10,58,0.36835526353784354,2012
p65_wind_g10,59,0.2816522182534441,2012
p65_wind_g10,60,0.34046703626735575,2012
p65_wind_g10,61,0.30563394291542306,2012
p65_wind_g10,62,0.34777316850151924,2012
p65_wind_g10,63,0.2741920522367993,2012
p65_wind_g10,64,0.5951338363769877,2012
p65_wind_g10,65,0.24178320776396386,2012
p65_wind_g10,66,0.6059058837943844,2012
p65_wind_g10,67,0.5643663704473029,2012
p65_wind_g10,68,0.5488775626202783,2012
p65_wind_g10,69,0.304345605780926,2012
p65_wind_g10,70,0.375146468736808,2012
p65_wind_g10,71,0.4842556264236378,2012
p65_wind_g10,72,0.42192775062425614,2012
p65_wind_g10,73,0.559562999475788,2012
p65_wind_g10,74,0.44485057021781144,2012
p65_wind_g10,75,0.5141453151857007,2012
p65_wind_g10,76,0.24275219110175994,2012
p65_wind_g10,77,0.5585175543964062,2012
p65_wind_g10,78,0.38974125514894514,2012
p65_wind_g10,79,0.744217153448691,2012
p65_wind_g10,80,0.19854485079754075,2012
p65_wind_g10,81,0.6509907178542585,2012
p65_wind_g10,82,0.2794945301146513,2012
p65_wind_g10,83,0.39460045418145484,2012
p65_wind_g10,84,0.3908662031862321,2012
p65_wind_g10,85,0.6425158912506238,2012
p65_wind_g10,86,0.45385324069986127,2012
p65_wind_g10,87,0.4479919433756489,2012
p65_wind_g10,88,0.5265180603415363,2012
p65_wind_g10,89,0.4999918349936978,2012
p65_wind_g10,90,0.7392870047573253,2012
p65_wind_g10,91,0.3780087924325701,2012
p65_wind_g10,92,0.3110415147976146,2012
p65_wind_g10,93,0.3250025530252187,2012
p65_wind_g10,94,0.5292633218207976,2012
p65_wind_g10,95,0.2575909893029744,2012
p65_wind_g10,96,0.4469233734515508,2012
p65_wind_g10,97,0.39498542036838186,2012
p65_wind_g10,98,0.3762595183488135,2012
p65_wind_g10,99,0.41792310072167643,2012
p65_wind_g10,100,0.6267681628823296,2012
p65_wind_g10,101,0.3956177392133723,2012
p65_wind_g10,102,0.32940504533337406,2012
p65_wind_g10,103,0.21667375909104228,2012
p65_wind_g10,104,0.5118325279615105,2012
p65_wind_g10,105,0.451892684894819,2012
p65_wind_g10,106,0.2742715837960353,2012
p65_wind_g10,107,0.4817110523335313,2012
p65_wind_g10,108,0.4213503918782206,2012
p65_wind_g10,109,0.48842007357255707,2012
p65_wind_g10,110,0.3580113058979433,2012
p65_wind_g10,111,0.6635238678947292,2012
p65_wind_g10,112,0.17523825066350526,2012
p65_wind_g10,113,0.41956934792767336,2012
p65_wind_g10,114,0.19732715225639938,2012
p65_wind_g10,115,0.6067067306857027,2012
p65_wind_g10,116,0.2952210798320524,2012
p65_wind_g10,117,0.5441386873088727,2012
p65_wind_g10,118,0.36718601347580615,2012
p65_wind_g10,119,0.5808848459700153,2012
p65_wind_g10,120,0.2795491988647148,2012
p65_wind_g10,121,0.3729649383240013,2012
p65_wind_g10,122,0.18095612709592784,2012
p65_wind_g10,123,0.43893672393911964,2012
p65_wind_g10,124,0.27183725786626156,2012
p65_wind_g10,125,0.22766259993440477,2012
p65_wind_g10,126,0.5718743329713505,2012
p65_wind_g10,127,0.19087064261739675,2012
p65_wind_g10,128,0.49783187762199227,2012
p65_wind_g10,129,0.22677992674259143,2012
p65_wind_g10,130,0.2848157885229733,2012
p65_wind_g10,131,0.2808896931540253,2012
p65_wind_g10,132,0.5214423544386717,2012
p65_wind_g10,133,0.21811225212155452,2012
p65_wind_g10,134,0.537980737864516,2012
p65_wind_g10,135,0.3130592186919172,2012
p65_wind_g10,136,0.5050123313681236,2012
p65_wind_g10,137,0.21201192317488815,2012
p65_wind_g10,138,0.531645342598145,2012
p65_wind_g10,139,0.19886414569851724,2012
p65_wind_g10,140,0.23463483848370006,2012
p65_wind_g10,141,0.2648754561666025,2012
p65_wind_g10,142,0.39618836620160713,2012
p65_wind_g10,143,0.23809498029157866,2012
p65_wind_g10,144,0.26953667545045445,2012
p65_wind_g10,145,0.3458017037303563,2012
p65_wind_g10,146,0.13777617677228388,2012
p65_wind_g10,147,0.4821798058701711,2012
p65_wind_g10,148,0.1304095682780585,2012
p65_wind_g10,149,0.4154651779310905,2012
p65_wind_g10,150,0.15674868291689503,2012
p65_wind_g10,151,0.4509088687997675,2012
p65_wind_g10,152,0.2507157404210715,2012
p65_wind_g10,153,0.3821679923249227,2012
p65_wind_g10,154,0.23729672973844035,2012
p65_wind_g10,155,0.4079019841960471,2012
p65_wind_g10,156,0.22491673676301355,2012
p65_wind_g10,157,0.3338247609145371,2012
p65_wind_g10,158,0.21106247544534287,2012
p65_wind_g10,159,0.30528019806716,2012
p65_wind_g10,160,0.37125356969487555,2012
p65_wind_g10,161,0.13864790234996413,2012
p65_wind_g10,162,0.18777123919930472,2012
p65_wind_g10,163,0.22708920077439143,2012
p65_wind_g10,164,0.20347382944874978,2012
p65_wind_g10,165,0.173391257835898,2012
p65_wind_g10,166,0.2614859020447366,2012
p65_wind_g10,167,0.20520636906948883,2012
p65_wind_g10,168,0.20408204344640488,2012
p65_wind_g10,169,0.22376870487080885,2012
p65_wind_g10,170,0.4741748494645004,2012
p65_wind_g10,171,0.16978254074940347,2012
p65_wind_g10,172,0.24709547591204284,2012
p65_wind_g10,173,0.2643947713847674,2012
p65_wind_g10,174,0.321747681756461,2012
p65_wind_g10,175,0.2162222828410098,2012
p65_wind_g10,176,0.24931236420226477,2012
p65_wind_g10,177,0.28905343293312397,2012
p65_wind_g10,178,0.2653137589984458,2012
p65_wind_g10,179,0.14729323756579815,2012
p65_wind_g10,180,0.254915393121905,2012
p65_wind_g10,181,0.19249905926455413,2012
p65_wind_g10,182,0.1994209378144515,2012
p65_wind_g10,183,0.34127458243006253,2012
p65_wind_g10,184,0.1809264104756103,2012
p65_wind_g10,185,0.4395408422486306,2012
p65_wind_g10,186,0.15199620918634582,2012
p65_wind_g10,187,0.21161508862010334,2012
p65_wind_g10,188,0.15841694405526516,2012
p65_wind_g10,189,0.4229532532538847,2012
p65_wind_g10,190,0.21289108743356475,2012
p65_wind_g10,191,0.24966897841400099,2012
p65_wind_g10,192,0.21857635999721556,2012
p65_wind_g10,193,0.23416201927328525,2012
p65_wind_g10,194,0.2240445134376109,2012
p65_wind_g10,195,0.16752576138928865,2012
p65_wind_g10,196,0.16223530472026682,2012
p65_wind_g10,197,0.2664815867908814,2012
p65_wind_g10,198,0.23927785297211573,2012
p65_wind_g10,199,0.21004293567195337,2012
p65_wind_g10,200,0.29049176679528543,2012
p65_wind_g10,201,0.24361487485517827,2012
p65_wind_g10,202,0.2425107158189397,2012
p65_wind_g10,203,0.13424996077014043,2012
p65_wind_g10,204,0.4039958018695202,2012
p65_wind_g10,205,0.09797693060889413,2012
p65_wind_g10,206,0.47560526117442203,2012
p65_wind_g10,207,0.18105931542048992,2012
p65_wind_g10,208,0.3120710577274595,2012
p65_wind_g10,209,0.2351662930344604,2012
p65_wind_g10,210,0.31313847034778364,2012
p65_wind_g10,211,0.13838300826941127,2012
p65_wind_g10,212,0.38077731404431725,2012
p65_wind_g10,213,0.21360365683889646,2012
p65_wind_g10,214,0.1651600808925596,2012
p65_wind_g10,215,0.16429091124510056,2012
p65_wind_g10,216,0.3329437767586813,2012
p65_wind_g10,217,0.33559058508381895,2012
p65_wind_g10,218,0.2646345177091039,2012
p65_wind_g10,219,0.25609856448636353,2012
p65_wind_g10,220,0.1532628802588899,2012
p65_wind_g10,221,0.4848090598839767,2012
p65_wind_g10,222,0.23134208636143316,2012
p65_wind_g10,223,0.39842793671734267,2012
p65_wind_g10,224,0.10098162271916893,2012
p65_wind_g10,225,0.4576274375448584,2012
p65_wind_g10,226,0.17829596293530675,2012
p65_wind_g10,227,0.3496786836319528,2012
p65_wind_g10,228,0.11920046621312974,2012
p65_wind_g10,229,0.3966089282397742,2012
p65_wind_g10,230,0.23787508270329213,2012
p65_wind_g10,231,0.22816012992427867,2012
p65_wind_g10,232,0.15610954053753406,2012
p65_wind_g10,233,0.3785203028038031,2012
p65_wind_g10,234,0.3849770805914236,2012
p65_wind_g10,235,0.4020212330757288,2012
p65_wind_g10,236,0.20180741363315705,2012
p65_wind_g10,237,0.17959638615154616,2012
p65_wind_g10,238,0.5071096817561693,2012
p65_wind_g10,239,0.24691604490791508,2012
p65_wind_g10,240,0.5787822997453211,2012
p67_wind_g01,1,0.3916193775094958,2012
p67_wind_g01,2,0.21222793460126357,2012
p67_wind_g01,3,0.43032869599227397,2012
p67_wind_g01,4,0.15752610811499188,2012
p67_wind_g01,5,0.6443164512310877,2012
p67_wind_g01,6,0.3186383247144686,2012
p67_wind_g01,7,0.40707946377822274,2012
p67_wind_g01,8,0.3916643929518316,2012
p67_wind_g01,9,0.570164475437549,2012
p67_wind_g01,10,0.4801125968955027,2012
p67_wind_g01,11,0.3939229891585306,2012
p67_wind_g01,12,0.39651982209889797,2012
p67_wind_g01,13,0.4864064938061352,2012
p67_wind_g01,14,0.27195252540879317,2012
p67_wind_g01,15,0.3747229772164874,2012
p67_wind_g01,16,0.6534365692416731,2012
p67_wind_g01,17,0.3863184542132392,2012
p67_wind_g01,18,0.7480181288688165,2012
p67_wind_g01,19,0.35919923412980714,2012
p67_wind_g01,20,0.4417854336923901,2012
p67_wind_g01,21,0.3145590891652163,2012
p67_wind_g01,22,0.45608451897751934,2012
p67_wind_g01,23,0.23647566904806594,2012
p67_wind_g01,24,0.434884061450792,2012
p67_wind_g01,25,0.2851968850701243,2012
p67_wind_g01,26,0.7785812661180302,2012
p67_wind_g01,27,0.27608864229946956,2012
p67_wind_g01,28,0.4663511932064699,2012
p67_wind_g01,29,0.4251551604948249,2012
p67_wind_g01,30,0.6174238010163096,2012
p67_wind_g01,31,0.5426516462161903,2012
p67_wind_g01,32,0.40406748274571697,2012
p67_wind_g01,33,0.3409930517350864,2012
p67_wind_g01,34,0.2655167417264971,2012
p67_wind_g01,35,0.466831690785398,2012
p67_wind_g01,36,0.2642848136997436,2012
p67_wind_g01,37,0.5019343359355343,2012
p67_wind_g01,38,0.316527019895388,2012
p67_wind_g01,39,0.4684235329466016,2012
p67_wind_g01,40,0.4238424822434417,2012
p67_wind_g01,41,0.9098708192713258,2012
p67_wind_g01,42,0.3865414971930476,2012
p67_wind_g01,43,0.8508496416679845,2012
p67_wind_g01,44,0.28512961209592563,2012
p67_wind_g01,45,0.7699287117664902,2012
p67_wind_g01,46,0.4153734788830415,2012
p67_wind_g01,47,0.32345823598127094,2012
p67_wind_g01,48,0.348833973755855,2012
p67_wind_g01,49,0.6894070532106387,2012
p67_wind_g01,50,0.4967084537150095,2012
p67_wind_g01,51,0.3414774022358306,2012
p67_wind_g01,52,0.3687582974146616,2012
p67_wind_g01,53,0.25703330919616785,2012
p67_wind_g01,54,0.8618840451814882,2012
p67_wind_g01,55,0.46526956837421907,2012
p67_wind_g01,56,0.512253511207759,2012
p67_wind_g01,57,0.24249433428436995,2012
p67_wind_g01,58,0.4666266029157619,2012
p67_wind_g01,59,0.2897253715214645,2012
p67_wind_g01,60,0.5741568207589421,2012
p67_wind_g01,61,0.47026614316851706,2012
p67_wind_g01,62,0.5880858499409991,2012
p67_wind_g01,63,0.4254700926671896,2012
p67_wind_g01,64,0.590310940442006,2012
p67_wind_g01,65,0.3028042398541379,2012
p67_wind_g01,66,0.5700429026182727,2012
p67_wind_g01,67,0.316522395815947,2012
p67_wind_g01,68,0.31047038928387477,2012
p67_wind_g01,69,0.5567721818328453,2012
p67_wind_g01,70,0.30073992302621844,2012
p67_wind_g01,71,0.5732964288470266,2012
p67_wind_g01,72,0.5830287923385723,2012
p67_wind_g01,73,0.6179678234960567,2012
p67_wind_g01,74,0.5167370892726333,2012
p67_wind_g01,75,0.41496258562985244,2012
p67_wind_g01,76,0.26357787719154663,2012
p67_wind_g01,77,0.9792519614589652,2012
p67_wind_g01,78,0.3631189882721125,2012
p67_wind_g01,79,0.8097195844712888,2012
p67_wind_g01,80,0.372103443178941,2012
p67_wind_g01,81,0.7223745823967217,2012
p67_wind_g01,82,0.3406907052870855,2012
p67_wind_g01,83,0.45645108132857165,2012
p67_wind_g01,84,0.6285509632635061,2012
p67_wind_g01,85,0.5668787109868179,2012
p67_wind_g01,86,0.5011331629707709,2012
p67_wind_g01,87,0.5143223365734181,2012
p67_wind_g01,88,0.7688384340899964,2012
p67_wind_g01,89,0.25398319859923474,2012
p67_wind_g01,90,0.5111122645837737,2012
p67_wind_g01,91,0.456859620214637,2012
p67_wind_g01,92,0.822967445115697,2012
p67_wind_g01,93,0.40598021804974055,2012
p67_wind_g01,94,0.6842403787861755,2012
p67_wind_g01,95,0.35968971894458096,2012
p67_wind_g01,96,0.4541775291079633,2012
p67_wind_g01,97,0.4218414685076743,2012
p67_wind_g01,98,0.9073973711275963,2012
p67_wind_g01,99,0.4508691265124623,2012
p67_wind_g01,100,0.5079991427195112,2012
p67_wind_g01,101,0.430165673241243,2012
p67_wind_g01,102,0.7204778210383996,2012
p67_wind_g01,103,0.24521634811151732,2012
p67_wind_g01,104,0.6184261815850814,2012
p67_wind_g01,105,0.5851831163747344,2012
p67_wind_g01,106,0.5190685860450441,2012
p67_wind_g01,107,0.4112294763629218,2012
p67_wind_g01,108,0.5701486294607438,2012
p67_wind_g01,109,0.8377868580973473,2012
p67_wind_g01,110,0.38447954617106234,2012
p67_wind_g01,111,0.4807547929903284,2012
p67_wind_g01,112,0.2056636123515403,2012
p67_wind_g01,113,0.5032705331538359,2012
p67_wind_g01,114,0.2529591276176467,2012
p67_wind_g01,115,0.8222963823845983,2012
p67_wind_g01,116,0.2701196018602446,2012
p67_wind_g01,117,0.7277212853735083,2012
p67_wind_g01,118,0.3159250966931582,2012
p67_wind_g01,119,0.5100889243486457,2012
p67_wind_g01,120,0.33493158312640564,2012
p67_wind_g01,121,0.33106866474497626,2012
p67_wind_g01,122,0.2242532466631516,2012
p67_wind_g01,123,0.37493462657723076,2012
p67_wind_g01,124,0.31207162631663693,2012
p67_wind_g01,125,0.3041278559879044,2012
p67_wind_g01,126,0.4482860223846526,2012
p67_wind_g01,127,0.3598251701538282,2012
p67_wind_g01,128,0.5947634200544171,2012
p67_wind_g01,129,0.2726291658546447,2012
p67_wind_g01,130,0.34662440851059956,2012
p67_wind_g01,131,0.15619517247344103,2012
p67_wind_g01,132,0.6017086866467173,2012
p67_wind_g01,133,0.2593010608100131,2012
p67_wind_g01,134,0.4305115079822256,2012
p67_wind_g01,135,0.26287034784068575,2012
p67_wind_g01,136,0.40944855475038006,2012
p67_wind_g01,137,0.3506086973160242,2012
p67_wind_g01,138,0.4299753080815989,2012
p67_wind_g01,139,0.17132820546580105,2012
p67_wind_g01,140,0.3481358980982416,2012
p67_wind_g01,141,0.4904521075689392,2012
p67_wind_g01,142,0.43264960585058426,2012
p67_wind_g01,143,0.3809831221900801,2012
p67_wind_g01,144,0.32791333839153436,2012
p67_wind_g01,145,0.299340343820629,2012
p67_wind_g01,146,0.19929355508185786,2012
p67_wind_g01,147,0.5033040654131249,2012
p67_wind_g01,148,0.26238052100135645,2012
p67_wind_g01,149,0.5892615006335785,2012
p67_wind_g01,150,0.18845080774247375,2012
p67_wind_g01,151,0.4682506811749867,2012
p67_wind_g01,152,0.30910132848151817,2012
p67_wind_g01,153,0.5603186220605574,2012
p67_wind_g01,154,0.1330520980666927,2012
p67_wind_g01,155,0.517110598935398,2012
p67_wind_g01,156,0.29210623323063306,2012
p67_wind_g01,157,0.5217852611128838,2012
p67_wind_g01,158,0.38045148895281855,2012
p67_wind_g01,159,0.48467821611336487,2012
p67_wind_g01,160,0.4310935866120621,2012
p67_wind_g01,161,0.18602542260038776,2012
p67_wind_g01,162,0.24275138093988924,2012
p67_wind_g01,163,0.2163062321446411,2012
p67_wind_g01,164,0.28022401123989826,2012
p67_wind_g01,165,0.24919554435870894,2012
p67_wind_g01,166,0.2636095981439304,2012
p67_wind_g01,167,0.2688753207729862,2012
p67_wind_g01,168,0.3275828447407205,2012
p67_wind_g01,169,0.2368136831332404,2012
p67_wind_g01,170,0.5167644646461047,2012
p67_wind_g01,171,0.27577362114340137,2012
p67_wind_g01,172,0.30059191155442977,2012
p67_wind_g01,173,0.2819463608837038,2012
p67_wind_g01,174,0.2901230408125125,2012
p67_wind_g01,175,0.3409282749053235,2012
p67_wind_g01,176,0.3960436898281123,2012
p67_wind_g01,177,0.36971583741560404,2012
p67_wind_g01,178,0.17969079389681689,2012
p67_wind_g01,179,0.27962235125023793,2012
p67_wind_g01,180,0.3627562922846365,2012
p67_wind_g01,181,0.3232579430188826,2012
p67_wind_g01,182,0.1433260173547921,2012
p67_wind_g01,183,0.2793426635319059,2012
p67_wind_g01,184,0.11156850347489018,2012
p67_wind_g01,185,0.23881052950524348,2012
p67_wind_g01,186,0.1458289425702445,2012
p67_wind_g01,187,0.4182270839064828,2012
p67_wind_g01,188,0.21111872844550925,2012
p67_wind_g01,189,0.29305163592053685,2012
p67_wind_g01,190,0.11987900119894648,2012
p67_wind_g01,191,0.3958578095509472,2012
p67_wind_g01,192,0.23351508534633553,2012
p67_wind_g01,193,0.30903213092463094,2012
p67_wind_g01,194,0.2424180160281738,2012
p67_wind_g01,195,0.36498511602834666,2012
p67_wind_g01,196,0.16631033360937572,2012
p67_wind_g01,197,0.1981370261922364,2012
p67_wind_g01,198,0.25801137612519076,2012
p67_wind_g01,199,0.3048713523865152,2012
p67_wind_g01,200,0.2325642465514576,2012
p67_wind_g01,201,0.20667881230252697,2012
p67_wind_g01,202,0.5054325258272957,2012
p67_wind_g01,203,0.16311441555932624,2012
p67_wind_g01,204,0.24037729544170136,2012
p67_wind_g01,205,0.1913590645873831,2012
p67_wind_g01,206,0.2760532824663035,2012
p67_wind_g01,207,0.1990461428146605,2012
p67_wind_g01,208,0.2768974723364974,2012
p67_wind_g01,209,0.22919619806633468,2012
p67_wind_g01,210,0.5433392314831922,2012
p67_wind_g01,211,0.3066599228753768,2012
p67_wind_g01,212,0.23267346439245545,2012
p67_wind_g01,213,0.22884902453912603,2012
p67_wind_g01,214,0.19020310994483425,2012
p67_wind_g01,215,0.3408192980271098,2012
p67_wind_g01,216,0.4176816110960284,2012
p67_wind_g01,217,0.38045516517493133,2012
p67_wind_g01,218,0.26771617935069614,2012
p67_wind_g01,219,0.26551571523508577,2012
p67_wind_g01,220,0.20352784158197423,2012
p67_wind_g01,221,0.3554252429363918,2012
p67_wind_g01,222,0.16036052873242654,2012
p67_wind_g01,223,0.5433641988963862,2012
p67_wind_g01,224,0.2659689180864122,2012
p67_wind_g01,225,0.2666122820858208,2012
p67_wind_g01,226,0.18710293824946447,2012
p67_wind_g01,227,0.4264711646370075,2012
p67_wind_g01,228,0.22170514069981442,2012
p67_wind_g01,229,0.44224111853571285,2012
p67_wind_g01,230,0.226252405617194,2012
p67_wind_g01,231,0.2918486320246097,2012
p67_wind_g01,232,0.37882900978330625,2012
p67_wind_g01,233,0.4477375294528144,2012
p67_wind_g01,234,0.3986138688475052,2012
p67_wind_g01,235,0.3371004334053707,2012
p67_wind_g01,236,0.5043878448605764,2012
p67_wind_g01,237,0.3719164260414574,2012
p67_wind_g01,238,0.2921491306252253,2012
p67_wind_g01,239,0.18483333322893977,2012
p67_wind_g01,240,0.39838616163539564,2012
p67_wind_g02,1,0.44911304857061396,2012
p67_wind_g02,2,0.2943559273401654,2012
p67_wind_g02,3,0.5565935318450986,2012
p67_wind_g02,4,0.15131176112846886,2012
p67_wind_g02,5,0.5727862817587813,2012
p67_wind_g02,6,0.3344175946921623,2012
p67_wind_g02,7,0.5800171767386935,2012
p67_wind_g02,8,0.1974198059605362,2012
p67_wind_g02,9,0.5660567349401321,2012
p67_wind_g02,10,0.3177224902519307,2012
p67_wind_g02,11,0.6140584898517608,2012
p67_wind_g02,12,0.27608132511651684,2012
p67_wind_g02,13,0.3624059476845348,2012
p67_wind_g02,14,0.25495929282099644,2012
p67_wind_g02,15,0.34222999889887884,2012
p67_wind_g02,16,0.43549488669200276,2012
p67_wind_g02,17,0.4282779981314814,2012
p67_wind_g02,18,0.7236564378463032,2012
p67_wind_g02,19,0.34706149579473045,2012
p67_wind_g02,20,0.6185640722612917,2012
p67_wind_g02,21,0.2549419114572311,2012
p67_wind_g02,22,0.6990639406772773,2012
p67_wind_g02,23,0.23620301096924726,2012
p67_wind_g02,24,0.800361137515028,2012
p67_wind_g02,25,0.20680858163504304,2012
p67_wind_g02,26,0.3292664817716041,2012
p67_wind_g02,27,0.4525373458020469,2012
p67_wind_g02,28,0.6608249914422002,2012
p67_wind_g02,29,0.327336983510438,2012
p67_wind_g02,30,0.6179366614230635,2012
p67_wind_g02,31,0.255624741896841,2012
p67_wind_g02,32,0.4143314943021837,2012
p67_wind_g02,33,0.5709548835453658,2012
p67_wind_g02,34,0.31996976333772825,2012
p67_wind_g02,35,0.5037439572287896,2012
p67_wind_g02,36,0.3698998554139321,2012
p67_wind_g02,37,0.6683104497769629,2012
p67_wind_g02,38,0.189952457391126,2012
p67_wind_g02,39,0.38529520442113213,2012
p67_wind_g02,40,0.3931754795305264,2012
p67_wind_g02,41,0.6995901648236187,2012
p67_wind_g02,42,0.3957008168705967,2012
p67_wind_g02,43,0.887707873685292,2012
p67_wind_g02,44,0.3925103007314873,2012
p67_wind_g02,45,0.5918258429508106,2012
p67_wind_g02,46,0.22459666697879124,2012
p67_wind_g02,47,0.3102178700664768,2012
p67_wind_g02,48,0.41199202664566914,2012
p67_wind_g02,49,0.6425429400614342,2012
p67_wind_g02,50,0.4207989855372246,2012
p67_wind_g02,51,0.3262557809011885,2012
p67_wind_g02,52,0.5703616908849248,2012
p67_wind_g02,53,0.4448049512627881,2012
p67_wind_g02,54,0.8405317440435971,2012
p67_wind_g02,55,0.4700961619669497,2012
p67_wind_g02,56,0.9214437174749146,2012
p67_wind_g02,57,0.21296963612465322,2012
p67_wind_g02,58,0.40694701547478157,2012
p67_wind_g02,59,0.18176712843406864,2012
p67_wind_g02,60,0.48435291561475413,2012
p67_wind_g02,61,0.46662764865655365,2012
p67_wind_g02,62,0.6907558245167259,2012
p67_wind_g02,63,0.5041313769340013,2012
p67_wind_g02,64,0.6952772270583557,2012
p67_wind_g02,65,0.5444972468468277,2012
p67_wind_g02,66,0.5267813318221906,2012
p67_wind_g02,67,0.32830220330860804,2012
p67_wind_g02,68,0.5370559141567564,2012
p67_wind_g02,69,0.46481976761416766,2012
p67_wind_g02,70,0.5420041653306295,2012
p67_wind_g02,71,0.3990820444258518,2012
p67_wind_g02,72,0.26228455063556655,2012
p67_wind_g02,73,0.5858952743688612,2012
p67_wind_g02,74,0.31739979175564215,2012
p67_wind_g02,75,0.859410586378936,2012
p67_wind_g02,76,0.20317490115270026,2012
p67_wind_g02,77,0.7379149853636107,2012
p67_wind_g02,78,0.3278004561374292,2012
p67_wind_g02,79,0.8315209868514244,2012
p67_wind_g02,80,0.3165653053613833,2012
p67_wind_g02,81,0.8969536951021716,2012
p67_wind_g02,82,0.267218658596599,2012
p67_wind_g02,83,0.827857514206198,2012
p67_wind_g02,84,0.5164452254315132,2012
p67_wind_g02,85,0.655525357829443,2012
p67_wind_g02,86,0.3295290495084228,2012
p67_wind_g02,87,0.38157566108659025,2012
p67_wind_g02,88,0.5485830230630181,2012
p67_wind_g02,89,0.23220378525391575,2012
p67_wind_g02,90,0.5791521774720431,2012
p67_wind_g02,91,0.4638734764633458,2012
p67_wind_g02,92,0.35419929927027105,2012
p67_wind_g02,93,0.18147682853018735,2012
p67_wind_g02,94,0.7145807991841879,2012
p67_wind_g02,95,0.27634178279211735,2012
p67_wind_g02,96,0.4700342156114097,2012
p67_wind_g02,97,0.4051983265934158,2012
p67_wind_g02,98,0.559294045957653,2012
p67_wind_g02,99,0.22786953500134383,2012
p67_wind_g02,100,0.6439630370039451,2012
p67_wind_g02,101,0.4847433211889591,2012
p67_wind_g02,102,0.7300037795459375,2012
p67_wind_g02,103,0.3062828703359859,2012
p67_wind_g02,104,0.40490041989064457,2012
p67_wind_g02,105,0.5793205032921814,2012
p67_wind_g02,106,0.2543785502088656,2012
p67_wind_g02,107,0.7497978453444899,2012
p67_wind_g02,108,0.22426686667094659,2012
p67_wind_g02,109,0.7269711000549288,2012
p67_wind_g02,110,0.200568084775174,2012
p67_wind_g02,111,0.6010615785083229,2012
p67_wind_g02,112,0.16918998481903053,2012
p67_wind_g02,113,0.8442594295218007,2012
p67_wind_g02,114,0.1663618580661485,2012
p67_wind_g02,115,0.48974653156486175,2012
p67_wind_g02,116,0.2131267164922105,2012
p67_wind_g02,117,0.6310664217639533,2012
p67_wind_g02,118,0.2189131150302695,2012
p67_wind_g02,119,0.6170070870652322,2012
p67_wind_g02,120,0.39274030029803136,2012
p67_wind_g02,121,0.2620269760432223,2012
p67_wind_g02,122,0.35364616638857854,2012
p67_wind_g02,123,0.3615358836557683,2012
p67_wind_g02,124,0.5309115629488588,2012
p67_wind_g02,125,0.22138207810998084,2012
p67_wind_g02,126,0.3411161209241379,2012
p67_wind_g02,127,0.2635414462632253,2012
p67_wind_g02,128,0.40569869124064634,2012
p67_wind_g02,129,0.19802415591455852,2012
p67_wind_g02,130,0.7020404850762566,2012
p67_wind_g02,131,0.22765195899289178,2012
p67_wind_g02,132,0.46225402089598977,2012
p67_wind_g02,133,0.2734437973204944,2012
p67_wind_g02,134,0.5345006741673193,2012
p67_wind_g02,135,0.14355819617319346,2012
p67_wind_g02,136,0.28375191992590754,2012
p67_wind_g02,137,0.31050021095954,2012
p67_wind_g02,138,0.5394498125593458,2012
p67_wind_g02,139,0.35403806239544167,2012
p67_wind_g02,140,0.3893744914614813,2012
p67_wind_g02,141,0.304823851501711,2012
p67_wind_g02,142,0.2524840196274501,2012
p67_wind_g02,143,0.4659420528548296,2012
p67_wind_g02,144,0.23060963303244023,2012
p67_wind_g02,145,0.44688960468744393,2012
p67_wind_g02,146,0.32492671117969274,2012
p67_wind_g02,147,0.2975076815945636,2012
p67_wind_g02,148,0.3416647812732232,2012
p67_wind_g02,149,0.32340318604971635,2012
p67_wind_g02,150,0.30865589239085683,2012
p67_wind_g02,151,0.30683446410475373,2012
p67_wind_g02,152,0.24554548398380785,2012
p67_wind_g02,153,0.43726569296392326,2012
p67_wind_g02,154,0.20804735743265618,2012
p67_wind_g02,155,0.3355081433139284,2012
p67_wind_g02,156,0.28402372298588424,2012
p67_wind_g02,157,0.41970383813417195,2012
p67_wind_g02,158,0.34308760172216995,2012
p67_wind_g02,159,0.20643828158508098,2012
p67_wind_g02,160,0.16836380328070108,2012
p67_wind_g02,161,0.34267066229850324,2012
p67_wind_g02,162,0.418996335262016,2012
p67_wind_g02,163,0.27002779112347086,2012
p67_wind_g02,164,0.3987007671984385,2012
p67_wind_g02,165,0.1546933162664292,2012
p67_wind_g02,166,0.4757138699447012,2012
p67_wind_g02,167,0.222641393120346,2012
p67_wind_g02,168,0.276430137532243,2012
p67_wind_g02,169,0.16073107511171378,2012
p67_wind_g02,170,0.3544639498223534,2012
p67_wind_g02,171,0.20056425137596726,2012
p67_wind_g02,172,0.3788962336110127,2012
p67_wind_g02,173,0.15947995749064217,2012
p67_wind_g02,174,0.19739427591757955,2012
p67_wind_g02,175,0.148921164854799,2012
p67_wind_g02,176,0.2559235984288077,2012
p67_wind_g02,177,0.23076266734351514,2012
p67_wind_g02,178,0.2309562085943888,2012
p67_wind_g02,179,0.1846129530834284,2012
p67_wind_g02,180,0.3490689075750152,2012
p67_wind_g02,181,0.3553418614016971,2012
p67_wind_g02,182,0.31164008114142516,2012
p67_wind_g02,183,0.334485300081154,2012
p67_wind_g02,184,0.23846425359218099,2012
p67_wind_g02,185,0.21641014280048307,2012
p67_wind_g02,186,0.21471268286309084,2012
p67_wind_g02,187,0.47279112937699036,2012
p67_wind_g02,188,0.15019363857643978,2012
p67_wind_g02,189,0.41005229602550114,2012
p67_wind_g02,190,0.23113223854612544,2012
p67_wind_g02,191,0.20670232932406757,2012
p67_wind_g02,192,0.2686383127218893,2012
p67_wind_g02,193,0.386407684284956,2012
p67_wind_g02,194,0.2559731253415528,2012
p67_wind_g02,195,0.41352078541285475,2012
p67_wind_g02,196,0.16834643684397518,2012
p67_wind_g02,197,0.3661460890329386,2012
p67_wind_g02,198,0.3622877506830249,2012
p67_wind_g02,199,0.1641894098574437,2012
p67_wind_g02,200,0.2746117438440113,2012
p67_wind_g02,201,0.21338775722101155,2012
p67_wind_g02,202,0.31651872613775667,2012
p67_wind_g02,203,0.2739410412339703,2012
p67_wind_g02,204,0.3324267878670783,2012
p67_wind_g02,205,0.19576141436250902,2012
p67_wind_g02,206,0.5271897167848573,2012
p67_wind_g02,207,0.2305260518329585,2012
p67_wind_g02,208,0.5336763503645302,2012
p67_wind_g02,209,0.2708976327309941,2012
p67_wind_g02,210,0.3120212458654192,2012
p67_wind_g02,211,0.1348933364826788,2012
p67_wind_g02,212,0.34908635728003656,2012
p67_wind_g02,213,0.2774296057818795,2012
p67_wind_g02,214,0.4134382747737285,2012
p67_wind_g02,215,0.2820107067202882,2012
p67_wind_g02,216,0.4335369406548666,2012
p67_wind_g02,217,0.46491070042921484,2012
p67_wind_g02,218,0.22888537566520092,2012
p67_wind_g02,219,0.39236214555295335,2012
p67_wind_g02,220,0.15691466708716698,2012
p67_wind_g02,221,0.4001355288881698,2012
p67_wind_g02,222,0.15552295582347203,2012
p67_wind_g02,223,0.30190831452586436,2012
p67_wind_g02,224,0.18325633246667636,2012
p67_wind_g02,225,0.3271359905979849,2012
p67_wind_g02,226,0.1896317526339976,2012
p67_wind_g02,227,0.25052352278327283,2012
p67_wind_g02,228,0.3097922658710486,2012
p67_wind_g02,229,0.24787465942216005,2012
p67_wind_g02,230,0.3051492736575984,2012
p67_wind_g02,231,0.4795474667047958,2012
p67_wind_g02,232,0.39353114571728204,2012
p67_wind_g02,233,0.26547363803407914,2012
p67_wind_g02,234,0.4623065714443913,2012
p67_wind_g02,235,0.2914341696128593,2012
p67_wind_g02,236,0.24344463314772266,2012
p67_wind_g02,237,0.4184859435792833,2012
p67_wind_g02,238,0.44613686405874436,2012
p67_wind_g02,239,0.2677569620026186,2012
p67_wind_g02,240,0.473510134161669,2012
p67_wind_g03,1,0.49015387994470605,2012
p67_wind_g03,2,0.32815425111465396,2012
p67_wind_g03,3,0.3162982252975301,2012
p67_wind_g03,4,0.20350162966164942,2012
p67_wind_g03,5,0.6486640078281422,2012
p67_wind_g03,6,0.30424272081603715,2012
p67_wind_g03,7,0.3706865809360164,2012
p67_wind_g03,8,0.263960324109745,2012
p67_wind_g03,9,0.3402406494756739,2012
p67_wind_g03,10,0.2350722693557334,2012
p67_wind_g03,11,0.4518876966424554,2012
p67_wind_g03,12,0.23453981004264848,2012
p67_wind_g03,13,0.444703524717964,2012
p67_wind_g03,14,0.3085176397720212,2012
p67_wind_g03,15,0.300417231329952,2012
p67_wind_g03,16,0.2859297225739306,2012
p67_wind_g03,17,0.2520776146738257,2012
p67_wind_g03,18,0.7473856235670606,2012
p67_wind_g03,19,0.3727929229719,2012
p67_wind_g03,20,0.5012182355153297,2012
p67_wind_g03,21,0.29833660330608913,2012
p67_wind_g03,22,0.46206677216205333,2012
p67_wind_g03,23,0.2003738661661678,2012
p67_wind_g03,24,0.3035424730671442,2012
p67_wind_g03,25,0.24842268297050152,2012
p67_wind_g03,26,0.6585747151534586,2012
p67_wind_g03,27,0.2799274595450764,2012
p67_wind_g03,28,0.34145538921528396,2012
p67_wind_g03,29,0.38316748470604156,2012
p67_wind_g03,30,0.3159890726896187,2012
p67_wind_g03,31,0.616835362859187,2012
p67_wind_g03,32,0.5479473170301469,2012
p67_wind_g03,33,0.41026501198661847,2012
p67_wind_g03,34,0.22656288457882148,2012
p67_wind_g03,35,0.5706815028394673,2012
p67_wind_g03,36,0.32774370351137583,2012
p67_wind_g03,37,0.675737233531701,2012
p67_wind_g03,38,0.36396646420766726,2012
p67_wind_g03,39,0.7321211019153238,2012
p67_wind_g03,40,0.3176080008581911,2012
p67_wind_g03,41,0.5363546202281304,2012
p67_wind_g03,42,0.3413580450106163,2012
p67_wind_g03,43,0.7746489328075716,2012
p67_wind_g03,44,0.4381684393096335,2012
p67_wind_g03,45,0.4093027470650585,2012
p67_wind_g03,46,0.24228718778395963,2012
p67_wind_g03,47,0.7038738538380238,2012
p67_wind_g03,48,0.3294877498489631,2012
p67_wind_g03,49,0.5137116348542953,2012
p67_wind_g03,50,0.6287832772121873,2012
p67_wind_g03,51,0.3743936047944919,2012
p67_wind_g03,52,0.7194002168184622,2012
p67_wind_g03,53,0.24526133354065982,2012
p67_wind_g03,54,0.5335311908606786,2012
p67_wind_g03,55,0.4618435613604959,2012
p67_wind_g03,56,0.4380705681876648,2012
p67_wind_g03,57,0.26890665469585157,2012
p67_wind_g03,58,0.5781006802719125,2012
p67_wind_g03,59,0.34780991782470805,2012
p67_wind_g03,60,0.622851925147076,2012
p67_wind_g03,61,0.3708106473400552,2012
p67_wind_g03,62,0.6591330643428597,2012
p67_wind_g03,63,0.354932443626454,2012
p67_wind_g03,64,0.369647483729615,2012
p67_wind_g03,65,0.38228564244011015,2012
p67_wind_g03,66,0.5658241684787682,2012
p67_wind_g03,67,0.5027595953435335,2012
p67_wind_g03,68,0.5650925749170608,2012
p67_wind_g03,69,0.5242798211532543,2012
p67_wind_g03,70,0.5265035701713573,2012
p67_wind_g03,71,0.6400463869731798,2012
p67_wind_g03,72,0.520945360702689,2012
p67_wind_g03,73,0.8805947098499854,2012
p67_wind_g03,74,0.48127512224930785,2012
p67_wind_g03,75,0.6713226306945088,2012
p67_wind_g03,76,0.3740339664102733,2012
p67_wind_g03,77,0.941435599404103,2012
p67_wind_g03,78,0.4667282807459274,2012
p67_wind_g03,79,0.9023828741430315,2012
p67_wind_g03,80,0.3680973184844743,2012
p67_wind_g03,81,0.42157275248525206,2012
p67_wind_g03,82,0.4509683797837154,2012
p67_wind_g03,83,0.6997912652728286,2012
p67_wind_g03,84,0.3911989423191798,2012
p67_wind_g03,85,0.634577179553622,2012
p67_wind_g03,86,0.4687175697289291,2012
p67_wind_g03,87,0.6393511494683622,2012
p67_wind_g03,88,0.29797635814486173,2012
p67_wind_g03,89,0.3888207893717661,2012
p67_wind_g03,90,0.6157180087835484,2012
p67_wind_g03,91,0.26728158574826705,2012
p67_wind_g03,92,0.794779321322973,2012
p67_wind_g03,93,0.21548571991104262,2012
p67_wind_g03,94,0.7475445774617738,2012
p67_wind_g03,95,0.3317508178338543,2012
p67_wind_g03,96,0.3566470800498602,2012
p67_wind_g03,97,0.1963896367230831,2012
p67_wind_g03,98,0.3670743890398246,2012
p67_wind_g03,99,0.36523519411744065,2012
p67_wind_g03,100,0.5070977557425171,2012
p67_wind_g03,101,0.39188057428672335,2012
p67_wind_g03,102,0.28284154743549095,2012
p67_wind_g03,103,0.43162301825591026,2012
p67_wind_g03,104,0.4109461867373959,2012
p67_wind_g03,105,0.6030607639526419,2012
p67_wind_g03,106,0.49622354820215375,2012
p67_wind_g03,107,0.6263481767666619,2012
p67_wind_g03,108,0.5131714990189379,2012
p67_wind_g03,109,0.3447373093024915,2012
p67_wind_g03,110,0.39526931660420384,2012
p67_wind_g03,111,0.4730277758104263,2012
p67_wind_g03,112,0.28135510205430503,2012
p67_wind_g03,113,0.6137414355860508,2012
p67_wind_g03,114,0.27824958457677235,2012
p67_wind_g03,115,0.6961031935896013,2012
p67_wind_g03,116,0.3017609480495452,2012
p67_wind_g03,117,0.30293536092506906,2012
p67_wind_g03,118,0.22119887786213446,2012
p67_wind_g03,119,0.4806323535997076,2012
p67_wind_g03,120,0.1995272330851445,2012
p67_wind_g03,121,0.6178722311965016,2012
p67_wind_g03,122,0.5153547017409505,2012
p67_wind_g03,123,0.3463636209220944,2012
p67_wind_g03,124,0.4912638588938637,2012
p67_wind_g03,125,0.4686070791529065,2012
p67_wind_g03,126,0.6010636575574354,2012
p67_wind_g03,127,0.2176814878321891,2012
p67_wind_g03,128,0.6227188721212228,2012
p67_wind_g03,129,0.1847458269123009,2012
p67_wind_g03,130,0.5355395478274033,2012
p67_wind_g03,131,0.14277453595568002,2012
p67_wind_g03,132,0.6008472214019096,2012
p67_wind_g03,133,0.1774476020566462,2012
p67_wind_g03,134,0.416446169139862,2012
p67_wind_g03,135,0.24543689130894264,2012
p67_wind_g03,136,0.42566221358385975,2012
p67_wind_g03,137,0.36129337239335835,2012
p67_wind_g03,138,0.2830859911504006,2012
p67_wind_g03,139,0.2332540454042729,2012
p67_wind_g03,140,0.49395414581135716,2012
p67_wind_g03,141,0.22671920658117903,2012
p67_wind_g03,142,0.4257771640749686,2012
p67_wind_g03,143,0.41512742491768556,2012
p67_wind_g03,144,0.38235477917648686,2012
p67_wind_g03,145,0.5601539715697185,2012
p67_wind_g03,146,0.3473844492342757,2012
p67_wind_g03,147,0.24865544703856746,2012
p67_wind_g03,148,0.28463234182877484,2012
p67_wind_g03,149,0.43433952498547834,2012
p67_wind_g03,150,0.21934431725732428,2012
p67_wind_g03,151,0.426889349413621,2012
p67_wind_g03,152,0.24246961827152957,2012
p67_wind_g03,153,0.3946840511573963,2012
p67_wind_g03,154,0.24213360046477367,2012
p67_wind_g03,155,0.2269877951478975,2012
p67_wind_g03,156,0.3103604548483853,2012
p67_wind_g03,157,0.4884236182773314,2012
p67_wind_g03,158,0.3427542956286132,2012
p67_wind_g03,159,0.3763391935866256,2012
p67_wind_g03,160,0.39936285323234844,2012
p67_wind_g03,161,0.28445468866654233,2012
p67_wind_g03,162,0.2289806916433391,2012
p67_wind_g03,163,0.20842784486180435,2012
p67_wind_g03,164,0.5179247759681624,2012
p67_wind_g03,165,0.18421910110637374,2012
p67_wind_g03,166,0.2827361875545333,2012
p67_wind_g03,167,0.14251252224531913,2012
p67_wind_g03,168,0.40540521420641806,2012
p67_wind_g03,169,0.15325533968514854,2012
p67_wind_g03,170,0.45078121548527744,2012
p67_wind_g03,171,0.10558333703937565,2012
p67_wind_g03,172,0.5222844586048445,2012
p67_wind_g03,173,0.1748311314969723,2012
p67_wind_g03,174,0.35602008503028376,2012
p67_wind_g03,175,0.12932241655870716,2012
p67_wind_g03,176,0.1879447889513411,2012
p67_wind_g03,177,0.23751198850847377,2012
p67_wind_g03,178,0.18623486607750245,2012
p67_wind_g03,179,0.24001072928159367,2012
p67_wind_g03,180,0.16358483790099693,2012
p67_wind_g03,181,0.3595817091430078,2012
p67_wind_g03,182,0.24089805320068036,2012
p67_wind_g03,183,0.36148656354143854,2012
p67_wind_g03,184,0.20412484081082924,2012
p67_wind_g03,185,0.32256821924582657,2012
p67_wind_g03,186,0.17806323804372357,2012
p67_wind_g03,187,0.19869448951351462,2012
p67_wind_g03,188,0.12713379896063046,2012
p67_wind_g03,189,0.2431654260488822,2012
p67_wind_g03,190,0.24820402486252172,2012
p67_wind_g03,191,0.33280132699517007,2012
p67_wind_g03,192,0.19875920832717917,2012
p67_wind_g03,193,0.4025224140541339,2012
p67_wind_g03,194,0.26347581805451853,2012
p67_wind_g03,195,0.4128460038758706,2012
p67_wind_g03,196,0.1370120304486755,2012
p67_wind_g03,197,0.3455129196249306,2012
p67_wind_g03,198,0.24614877643515162,2012
p67_wind_g03,199,0.2699672421809854,2012
p67_wind_g03,200,0.2215607789224384,2012
p67_wind_g03,201,0.12495753905087709,2012
p67_wind_g03,202,0.47011141479588536,2012
p67_wind_g03,203,0.14826429039897193,2012
p67_wind_g03,204,0.5259464583717625,2012
p67_wind_g03,205,0.21368907885144123,2012
p67_wind_g03,206,0.44004680370424987,2012
p67_wind_g03,207,0.21439783203213691,2012
p67_wind_g03,208,0.2525460028887443,2012
p67_wind_g03,209,0.24345669891694874,2012
p67_wind_g03,210,0.40952029872415935,2012
p67_wind_g03,211,0.12128871983480229,2012
p67_wind_g03,212,0.461124856295746,2012
p67_wind_g03,213,0.21817383839135124,2012
p67_wind_g03,214,0.26728518594793327,2012
p67_wind_g03,215,0.3166753798180147,2012
p67_wind_g03,216,0.24800719485481645,2012
p67_wind_g03,217,0.2553258524865976,2012
p67_wind_g03,218,0.2637005665719598,2012
p67_wind_g03,219,0.20557018481200914,2012
p67_wind_g03,220,0.2411035011889653,2012
p67_wind_g03,221,0.33225815826509375,2012
p67_wind_g03,222,0.2915900555331233,2012
p67_wind_g03,223,0.4344614864006647,2012
p67_wind_g03,224,0.2797008203512143,2012
p67_wind_g03,225,0.3883474554384934,2012
p67_wind_g03,226,0.19522605723875597,2012
p67_wind_g03,227,0.29489080585493666,2012
p67_wind_g03,228,0.2597598114098308,2012
p67_wind_g03,229,0.5628199525152489,2012
p67_wind_g03,230,0.27356111183167897,2012
p67_wind_g03,231,0.24894105665783553,2012
p67_wind_g03,232,0.4004393284207919,2012
p67_wind_g03,233,0.21332652598281127,2012
p67_wind_g03,234,0.26030421201923254,2012
p67_wind_g03,235,0.2011931711626204,2012
p67_wind_g03,236,0.4791112102652243,2012
p67_wind_g03,237,0.2898749493776914,2012
p67_wind_g03,238,0.5816018619513985,2012
p67_wind_g03,239,0.3445827691367003,2012
p67_wind_g03,240,0.6209423356011161,2012
p67_wind_g04,1,0.4224080964562065,2012
p67_wind_g04,2,0.13382764378979492,2012
p67_wind_g04,3,0.6009846046737111,2012
p67_wind_g04,4,0.20747798928213895,2012
p67_wind_g04,5,0.5850615824587534,2012
p67_wind_g04,6,0.18566582493652733,2012
p67_wind_g04,7,0.5302287948444367,2012
p67_wind_g04,8,0.31250021523957716,2012
p67_wind_g04,9,0.5005396035423144,2012
p67_wind_g04,10,0.41727214508116744,2012
p67_wind_g04,11,0.3043370535153332,2012
p67_wind_g04,12,0.3135599951437234,2012
p67_wind_g04,13,0.3737267746837946,2012
p67_wind_g04,14,0.4463183797504972,2012
p67_wind_g04,15,0.4054965761530977,2012
p67_wind_g04,16,0.65675258422421,2012
p67_wind_g04,17,0.2268398729383177,2012
p67_wind_g04,18,0.3620078943958363,2012
p67_wind_g04,19,0.30039548395485044,2012
p67_wind_g04,20,0.7448468911351938,2012
p67_wind_g04,21,0.33343959534802875,2012
p67_wind_g04,22,0.4293992016463263,2012
p67_wind_g04,23,0.31305999553781805,2012
p67_wind_g04,24,0.7098621916980435,2012
p67_wind_g04,25,0.35147450710083394,2012
p67_wind_g04,26,0.3064405056528425,2012
p67_wind_g04,27,0.3034705346127303,2012
p67_wind_g04,28,0.5775575784661308,2012
p67_wind_g04,29,0.24414635143586716,2012
p67_wind_g04,30,0.5462361390860392,2012
p67_wind_g04,31,0.5231876956573704,2012
p67_wind_g04,32,0.26497452187583304,2012
p67_wind_g04,33,0.630702234324384,2012
p67_wind_g04,34,0.49865819716111304,2012
p67_wind_g04,35,0.5274425422113579,2012
p67_wind_g04,36,0.4049268900276551,2012
p67_wind_g04,37,0.45710892258111074,2012
p67_wind_g04,38,0.1928066181385016,2012
p67_wind_g04,39,0.7270559464547128,2012
p67_wind_g04,40,0.39651550338617864,2012
p67_wind_g04,41,0.598816100454443,2012
p67_wind_g04,42,0.4454713399017411,2012
p67_wind_g04,43,0.8231256657991531,2012
p67_wind_g04,44,0.4331607312733462,2012
p67_wind_g04,45,0.4210338020961489,2012
p67_wind_g04,46,0.4950155314000765,2012
p67_wind_g04,47,0.37222063409254996,2012
p67_wind_g04,48,0.5140625940536869,2012
p67_wind_g04,49,0.49216250064657735,2012
p67_wind_g04,50,0.5692371121267088,2012
p67_wind_g04,51,0.2581826979304313,2012
p67_wind_g04,52,0.7131900655268915,2012
p67_wind_g04,53,0.42723181580659086,2012
p67_wind_g04,54,0.5895888674782087,2012
p67_wind_g04,55,0.19146154498979695,2012
p67_wind_g04,56,0.5717952603423566,2012
p67_wind_g04,57,0.33034617666813754,2012
p67_wind_g04,58,0.8127903927357041,2012
p67_wind_g04,59,0.35484166825309554,2012
p67_wind_g04,60,0.8888906127855213,2012
p67_wind_g04,61,0.381867960202437,2012
p67_wind_g04,62,0.47969113584223716,2012
p67_wind_g04,63,0.39108963572205757,2012
p67_wind_g04,64,0.5199922347424893,2012
p67_wind_g04,65,0.5661411093530666,2012
p67_wind_g04,66,0.49413648857783704,2012
p67_wind_g04,67,0.36596671897381094,2012
p67_wind_g04,68,0.6480356805678051,2012
p67_wind_g04,69,0.47558366553143766,2012
p67_wind_g04,70,0.5040408474987332,2012
p67_wind_g04,71,0.47229436907821315,2012
p67_wind_g04,72,0.4459589377609577,2012
p67_wind_g04,73,0.5019276017992315,2012
p67_wind_g04,74,0.3495329315159685,2012
p67_wind_g04,75,0.8874948734233499,2012
p67_wind_g04,76,0.42118092233768123,2012
p67_wind_g04,77,0.42925006484337747,2012
p67_wind_g04,78,0.3940973689360671,2012
p67_wind_g04,79,0.6751116284402344,2012
p67_wind_g04,80,0.3513899227387201,2012
p67_wind_g04,81,0.6645946279061355,2012
p67_wind_g04,82,0.22006076842645916,2012
p67_wind_g04,83,0.43094651959787394,2012
p67_wind_g04,84,0.5839470096730012,2012
p67_wind_g04,85,0.7563730039161488,2012
p67_wind_g04,86,0.5764901013942914,2012
p67_wind_g04,87,0.25788906579167425,2012
p67_wind_g04,88,0.7347495708614429,2012
p67_wind_g04,89,0.32021588204401386,2012
p67_wind_g04,90,0.660316694639092,2012
p67_wind_g04,91,0.3090356218772139,2012
p67_wind_g04,92,0.6305665470822102,2012
p67_wind_g04,93,0.40955601340487197,2012
p67_wind_g04,94,0.5479404653592991,2012
p67_wind_g04,95,0.3866626095029389,2012
p67_wind_g04,96,0.8977101358013978,2012
p67_wind_g04,97,0.23608641177022033,2012
p67_wind_g04,98,0.607753119208614,2012
p67_wind_g04,99,0.21372410998393618,2012
p67_wind_g04,100,0.4116032036075342,2012
p67_wind_g04,101,0.30901990741316276,2012
p67_wind_g04,102,0.5241601735533059,2012
p67_wind_g04,103,0.23907581802524336,2012
p67_wind_g04,104,0.47060564318964004,2012
p67_wind_g04,105,0.4721020038364914,2012
p67_wind_g04,106,0.4208160911169368,2012
p67_wind_g04,107,0.46100117255445094,2012
p67_wind_g04,108,0.25589077329046944,2012
p67_wind_g04,109,0.5235411803527856,2012
p67_wind_g04,110,0.29976330865285816,2012
p67_wind_g04,111,0.32419661879847916,2012
p67_wind_g04,112,0.3490335963629848,2012
p67_wind_g04,113,0.6606243023318428,2012
p67_wind_g04,114,0.1753389901661103,2012
p67_wind_g04,115,0.5249412659607223,2012
p67_wind_g04,116,0.23693250227873616,2012
p67_wind_g04,117,0.6202148570618853,2012
p67_wind_g04,118,0.36693631689389516,2012
p67_wind_g04,119,0.28220774829191064,2012
p67_wind_g04,120,0.2605199224303252,2012
p67_wind_g04,121,0.37806746953860887,2012
p67_wind_g04,122,0.4434971447371789,2012
p67_wind_g04,123,0.27581533181211376,2012
p67_wind_g04,124,0.2838459430792029,2012
p67_wind_g04,125,0.4918950205211904,2012
p67_wind_g04,126,0.430055234596128,2012
p67_wind_g04,127,0.3490379747680026,2012
p67_wind_g04,128,0.6064435049819744,2012
p67_wind_g04,129,0.3727276493399263,2012
p67_wind_g04,130,0.4403495185445566,2012
p67_wind_g04,131,0.3388214045688776,2012
p67_wind_g04,132,0.7225412557585602,2012
p67_wind_g04,133,0.23551954764144614,2012
p67_wind_g04,134,0.6811515982348487,2012
p67_wind_g04,135,0.33925616499742883,2012
p67_wind_g04,136,0.426631113767737,2012
p67_wind_g04,137,0.27181879540481013,2012
p67_wind_g04,138,0.23894097617680005,2012
p67_wind_g04,139,0.18102808454514208,2012
p67_wind_g04,140,0.4033235558022061,2012
p67_wind_g04,141,0.20153754003173385,2012
p67_wind_g04,142,0.3623572376603052,2012
p67_wind_g04,143,0.43487758930820103,2012
p67_wind_g04,144,0.21917923339779605,2012
p67_wind_g04,145,0.4228388952343433,2012
p67_wind_g04,146,0.19800912024111608,2012
p67_wind_g04,147,0.49784910405594174,2012
p67_wind_g04,148,0.18084613137400932,2012
p67_wind_g04,149,0.6188490606379615,2012
p67_wind_g04,150,0.2108288099544512,2012
p67_wind_g04,151,0.3787589188689141,2012
p67_wind_g04,152,0.2655151247786661,2012
p67_wind_g04,153,0.23596523109595646,2012
p67_wind_g04,154,0.21285990858487197,2012
p67_wind_g04,155,0.47339455972710337,2012
p67_wind_g04,156,0.34394911269410816,2012
p67_wind_g04,157,0.4580441514922653,2012
p67_wind_g04,158,0.27026950943592426,2012
p67_wind_g04,159,0.2700051156579628,2012
p67_wind_g04,160,0.21245836876051552,2012
p67_wind_g04,161,0.15722322693608692,2012
p67_wind_g04,162,0.35537223955215175,2012
p67_wind_g04,163,0.27757615897081417,2012
p67_wind_g04,164,0.4897746004399498,2012
p67_wind_g04,165,0.30406504454501476,2012
p67_wind_g04,166,0.3519383322481639,2012
p67_wind_g04,167,0.20609652635171322,2012
p67_wind_g04,168,0.44474355506431096,2012
p67_wind_g04,169,0.19708110500491563,2012
p67_wind_g04,170,0.25270290159505426,2012
p67_wind_g04,171,0.2552122274341152,2012
p67_wind_g04,172,0.2688756754360145,2012
p67_wind_g04,173,0.1589176531751776,2012
p67_wind_g04,174,0.22761121627797273,2012
p67_wind_g04,175,0.18124247363895923,2012
p67_wind_g04,176,0.3851395638157804,2012
p67_wind_g04,177,0.32683948243953315,2012
p67_wind_g04,178,0.1522430230762268,2012
p67_wind_g04,179,0.35846184913851337,2012
p67_wind_g04,180,0.33390259686708507,2012
p67_wind_g04,181,0.4298081028264726,2012
p67_wind_g04,182,0.2817741551928305,2012
p67_wind_g04,183,0.3328057851300812,2012
p67_wind_g04,184,0.16174360240601293,2012
p67_wind_g04,185,0.4806989031303822,2012
p67_wind_g04,186,0.12678338611683407,2012
p67_wind_g04,187,0.3195910108719337,2012
p67_wind_g04,188,0.09608680267814268,2012
p67_wind_g04,189,0.4609953773641746,2012
p67_wind_g04,190,0.17195500034470548,2012
p67_wind_g04,191,0.24355951557748173,2012
p67_wind_g04,192,0.18377427976212993,2012
p67_wind_g04,193,0.4370020373253957,2012
p67_wind_g04,194,0.23863282296598898,2012
p67_wind_g04,195,0.37166326990010184,2012
p67_wind_g04,196,0.24652952232398995,2012
p67_wind_g04,197,0.2596085719281342,2012
p67_wind_g04,198,0.37569289881557716,2012
p67_wind_g04,199,0.35266510134347495,2012
p67_wind_g04,200,0.33496631597874343,2012
p67_wind_g04,201,0.13849278647000368,2012
p67_wind_g04,202,0.18284533876704093,2012
p67_wind_g04,203,0.22908899346674927,2012
p67_wind_g04,204,0.5200602378557612,2012
p67_wind_g04,205,0.11921062060898817,2012
p67_wind_g04,206,0.5177518843039831,2012
p67_wind_g04,207,0.22332124325783512,2012
p67_wind_g04,208,0.23881754730252058,2012
p67_wind_g04,209,0.260133762091231,2012
p67_wind_g04,210,0.36115496131338165,2012
p67_wind_g04,211,0.15121516950193215,2012
p67_wind_g04,212,0.4433529877941698,2012
p67_wind_g04,213,0.1819217943022263,2012
p67_wind_g04,214,0.256968526361501,2012
p67_wind_g04,215,0.20987580568928738,2012
p67_wind_g04,216,0.20832074357163977,2012
p67_wind_g04,217,0.4110876408668148,2012
p67_wind_g04,218,0.24359926265979476,2012
p67_wind_g04,219,0.47774260918559924,2012
p67_wind_g04,220,0.22365992806073937,2012
p67_wind_g04,221,0.38543524219371983,2012
p67_wind_g04,222,0.19920498994733168,2012
p67_wind_g04,223,0.2506264963207817,2012
p67_wind_g04,224,0.14435892981598739,2012
p67_wind_g04,225,0.23617490531562638,2012
p67_wind_g04,226,0.20905407502602838,2012
p67_wind_g04,227,0.465628578070945,2012
p67_wind_g04,228,0.12306959263704652,2012
p67_wind_g04,229,0.5494639777940478,2012
p67_wind_g04,230,0.23048102093779232,2012
p67_wind_g04,231,0.3970248289866085,2012
p67_wind_g04,232,0.4060663832506607,2012
p67_wind_g04,233,0.5010664362841885,2012
p67_wind_g04,234,0.4383218151039906,2012
p67_wind_g04,235,0.25498163577209343,2012
p67_wind_g04,236,0.510890967512334,2012
p67_wind_g04,237,0.2676912751073806,2012
p67_wind_g04,238,0.28608055946954186,2012
p67_wind_g04,239,0.18288462362623964,2012
p67_wind_g04,240,0.3309456510187956,2012
p67_wind_g05,1,0.5585464409259598,2012
p67_wind_g05,2,0.3187501185805997,2012
p67_wind_g05,3,0.49086175432124696,2012
p67_wind_g05,4,0.17285748539164086,2012
p67_wind_g05,5,0.5749681263381372,2012
p67_wind_g05,6,0.27416377314882967,2012
p67_wind_g05,7,0.5782458964535458,2012
p67_wind_g05,8,0.2616983017304409,2012
p67_wind_g05,9,0.5514859894907734,2012
p67_wind_g05,10,0.21198656304276836,2012
p67_wind_g05,11,0.580615818054061,2012
p67_wind_g05,12,0.5182308466197775,2012
p67_wind_g05,13,0.2876515580082063,2012
p67_wind_g05,14,0.38503102313790044,2012
p67_wind_g05,15,0.3522813005625436,2012
p67_wind_g05,16,0.7016787827707925,2012
p67_wind_g05,17,0.31604362519699897,2012
p67_wind_g05,18,0.35806912525126416,2012
p67_wind_g05,19,0.2315025655933035,2012
p67_wind_g05,20,0.49164337307787326,2012
p67_wind_g05,21,0.3438107263116322,2012
p67_wind_g05,22,0.3768589441095125,2012
p67_wind_g05,23,0.35232856086192355,2012
p67_wind_g05,24,0.7838539512433593,2012
p67_wind_g05,25,0.36200447828862786,2012
p67_wind_g05,26,0.7156639662463613,2012
p67_wind_g05,27,0.3049413059259139,2012
p67_wind_g05,28,0.476262518513434,2012
p67_wind_g05,29,0.3447579515868501,2012
p67_wind_g05,30,0.623951185489985,2012
p67_wind_g05,31,0.37489539292021967,2012
p67_wind_g05,32,0.5841196214742695,2012
p67_wind_g05,33,0.48622753393309304,2012
p67_wind_g05,34,0.474885313613673,2012
p67_wind_g05,35,0.3580434462084931,2012
p67_wind_g05,36,0.3558367959093121,2012
p67_wind_g05,37,0.383043178479536,2012
p67_wind_g05,38,0.36711115007139855,2012
p67_wind_g05,39,0.37261621210026885,2012
p67_wind_g05,40,0.4012591077233331,2012
p67_wind_g05,41,0.3794948028367019,2012
p67_wind_g05,42,0.273005558425814,2012
p67_wind_g05,43,0.5907143477403478,2012
p67_wind_g05,44,0.24864006496228627,2012
p67_wind_g05,45,0.5044696702600939,2012
p67_wind_g05,46,0.42304236293626407,2012
p67_wind_g05,47,0.37105372794931957,2012
p67_wind_g05,48,0.5362337792719071,2012
p67_wind_g05,49,0.4567243905028238,2012
p67_wind_g05,50,0.595881778147109,2012
p67_wind_g05,51,0.6080753885071941,2012
p67_wind_g05,52,0.7826229718483084,2012
p67_wind_g05,53,0.38370716045172637,2012
p67_wind_g05,54,0.4664302352603479,2012
p67_wind_g05,55,0.20251693807574364,2012
p67_wind_g05,56,0.6115289122417363,2012
p67_wind_g05,57,0.4395771958935423,2012
p67_wind_g05,58,0.8500882489634912,2012
p67_wind_g05,59,0.25033489106846835,2012
p67_wind_g05,60,0.4455648523257631,2012
p67_wind_g05,61,0.45543907414142243,2012
p67_wind_g05,62,0.42142738914964556,2012
p67_wind_g05,63,0.26389938514434214,2012
p67_wind_g05,64,0.8314292110001545,2012
p67_wind_g05,65,0.2596742376176197,2012
p67_wind_g05,66,0.703397262197114,2012
p67_wind_g05,67,0.5583939557313957,2012
p67_wind_g05,68,0.5816436090658753,2012
p67_wind_g05,69,0.721256037053136,2012
p67_wind_g05,70,0.3625697104393037,2012
p67_wind_g05,71,0.6454943501011363,2012
p67_wind_g05,72,0.28524981226708296,2012
p67_wind_g05,73,0.4814061679073715,2012
p67_wind_g05,74,0.4921066266346232,2012
p67_wind_g05,75,0.4221529394906214,2012
p67_wind_g05,76,0.42231794372055464,2012
p67_wind_g05,77,0.6920559397521482,2012
p67_wind_g05,78,0.18376573492325304,2012
p67_wind_g05,79,0.5894420179339507,2012
p67_wind_g05,80,0.3939851619009996,2012
p67_wind_g05,81,0.5178522598903456,2012
p67_wind_g05,82,0.5433180013482798,2012
p67_wind_g05,83,0.7854339429542796,2012
p67_wind_g05,84,0.3464923020246069,2012
p67_wind_g05,85,0.7758004523845471,2012
p67_wind_g05,86,0.35354194275442485,2012
p67_wind_g05,87,0.5474721034181985,2012
p67_wind_g05,88,0.523356958947276,2012
p67_wind_g05,89,0.4830992400732319,2012
p67_wind_g05,90,0.7344436524503347,2012
p67_wind_g05,91,0.3088702330081263,2012
p67_wind_g05,92,0.7944986641310624,2012
p67_wind_g05,93,0.4445841670098676,2012
p67_wind_g05,94,0.42286576624663874,2012
p67_wind_g05,95,0.24227883648959822,2012
p67_wind_g05,96,0.8353572789005108,2012
p67_wind_g05,97,0.4050150116016759,2012
p67_wind_g05,98,0.5049119588246307,2012
p67_wind_g05,99,0.21298855104753775,2012
p67_wind_g05,100,0.3380861536698698,2012
p67_wind_g05,101,0.3468866216041528,2012
p67_wind_g05,102,0.4843574758350698,2012
p67_wind_g05,103,0.5952969080844025,2012
p67_wind_g05,104,0.2754196805454034,2012
p67_wind_g05,105,0.4968608618380241,2012
p67_wind_g05,106,0.32090213975562454,2012
p67_wind_g05,107,0.4971716806325472,2012
p67_wind_g05,108,0.2731498937454292,2012
p67_wind_g05,109,0.48787255083604947,2012
p67_wind_g05,110,0.20713857497400787,2012
p67_wind_g05,111,0.7330924605588028,2012
p67_wind_g05,112,0.31969560261399,2012
p67_wind_g05,113,0.6092575810292398,2012
p67_wind_g05,114,0.272957687272678,2012
p67_wind_g05,115,0.6332138875960608,2012
p67_wind_g05,116,0.2750565875435564,2012
p67_wind_g05,117,0.7255371311899053,2012
p67_wind_g05,118,0.18628534361871416,2012
p67_wind_g05,119,0.4250038630182764,2012
p67_wind_g05,120,0.4723376400891849,2012
p67_wind_g05,121,0.3512464466238032,2012
p67_wind_g05,122,0.26442098675361103,2012
p67_wind_g05,123,0.5870114130940415,2012
p67_wind_g05,124,0.5084956637476293,2012
p67_wind_g05,125,0.31696166299264417,2012
p67_wind_g05,126,0.3217029661653936,2012
p67_wind_g05,127,0.4009881793309308,2012
p67_wind_g05,128,0.7128914038453062,2012
p67_wind_g05,129,0.285189238134932,2012
p67_wind_g05,130,0.31500211983443743,2012
p67_wind_g05,131,0.17536059936252027,2012
p67_wind_g05,132,0.6678852901849688,2012
p67_wind_g05,133,0.32392952938157826,2012
p67_wind_g05,134,0.43836448680404283,2012
p67_wind_g05,135,0.36131584413065976,2012
p67_wind_g05,136,0.41177927318800583,2012
p67_wind_g05,137,0.16733401757351016,2012
p67_wind_g05,138,0.2629782195245834,2012
p67_wind_g05,139,0.40274695826810153,2012
p67_wind_g05,140,0.4316407761141918,2012
p67_wind_g05,141,0.28838925189465764,2012
p67_wind_g05,142,0.2962508818851863,2012
p67_wind_g05,143,0.4486703333291135,2012
p67_wind_g05,144,0.3751877344718603,2012
p67_wind_g05,145,0.395020798766272,2012
p67_wind_g05,146,0.3179005377189842,2012
p67_wind_g05,147,0.532302056616634,2012
p67_wind_g05,148,0.30780963685130547,2012
p67_wind_g05,149,0.41303978848368694,2012
p67_wind_g05,150,0.17841852901263186,2012
p67_wind_g05,151,0.6104522910679689,2012
p67_wind_g05,152,0.2790448694604569,2012
p67_wind_g05,153,0.5000024585749514,2012
p67_wind_g05,154,0.16918571406510252,2012
p67_wind_g05,155,0.3000128034215641,2012
p67_wind_g05,156,0.3260637002605178,2012
p67_wind_g05,157,0.4279848380880961,2012
p67_wind_g05,158,0.25753536969256824,2012
p67_wind_g05,159,0.3694180336125731,2012
p67_wind_g05,160,0.25374911878076917,2012
p67_wind_g05,161,0.2212162752612975,2012
p67_wind_g05,162,0.38162941410508744,2012
p67_wind_g05,163,0.35074443678041395,2012
p67_wind_g05,164,0.4473084114052222,2012
p67_wind_g05,165,0.14382393175966107,2012
p67_wind_g05,166,0.21499762428920394,2012
p67_wind_g05,167,0.12564083078187752,2012
p67_wind_g05,168,0.40921409109097145,2012
p67_wind_g05,169,0.17480666503460107,2012
p67_wind_g05,170,0.43298036702858994,2012
p67_wind_g05,171,0.2649583595836114,2012
p67_wind_g05,172,0.25755583244650504,2012
p67_wind_g05,173,0.22116540636049756,2012
p67_wind_g05,174,0.2653422854614954,2012
p67_wind_g05,175,0.1708474083070634,2012
p67_wind_g05,176,0.29235526107235155,2012
p67_wind_g05,177,0.1960118176365034,2012
p67_wind_g05,178,0.23933683316124424,2012
p67_wind_g05,179,0.29921837315905464,2012
p67_wind_g05,180,0.27364897870640903,2012
p67_wind_g05,181,0.22553011291434247,2012
p67_wind_g05,182,0.2748747421801238,2012
p67_wind_g05,183,0.20158393066132627,2012
p67_wind_g05,184,0.21831227416469576,2012
p67_wind_g05,185,0.2933032759217529,2012
p67_wind_g05,186,0.2302759560058196,2012
p67_wind_g05,187,0.4820487778876515,2012
p67_wind_g05,188,0.12865392968495767,2012
p67_wind_g05,189,0.38708414622896087,2012
p67_wind_g05,190,0.20059353763549778,2012
p67_wind_g05,191,0.37481286256222923,2012
p67_wind_g05,192,0.18783807674870648,2012
p67_wind_g05,193,0.3213554894466093,2012
p67_wind_g05,194,0.23310420915372904,2012
p67_wind_g05,195,0.3615939480653984,2012
p67_wind_g05,196,0.34508899265937154,2012
p67_wind_g05,197,0.2450091720354427,2012
p67_wind_g05,198,0.4243198019849802,2012
p67_wind_g05,199,0.19822148587275187,2012
p67_wind_g05,200,0.2701405690122569,2012
p67_wind_g05,201,0.12864794426302417,2012
p67_wind_g05,202,0.4382218648492321,2012
p67_wind_g05,203,0.13784983380370033,2012
p67_wind_g05,204,0.24895312808972958,2012
p67_wind_g05,205,0.19855682176790443,2012
p67_wind_g05,206,0.2852457796524539,2012
p67_wind_g05,207,0.12890445407560336,2012
p67_wind_g05,208,0.3358877547161803,2012
p67_wind_g05,209,0.26294925282480186,2012
p67_wind_g05,210,0.37723396091057365,2012
p67_wind_g05,211,0.13124822884658188,2012
p67_wind_g05,212,0.4424246877898453,2012
p67_wind_g05,213,0.26246884364166023,2012
p67_wind_g05,214,0.25837734269265955,2012
p67_wind_g05,215,0.23891768410003156,2012
p67_wind_g05,216,0.21557940979266307,2012
p67_wind_g05,217,0.28031987819733434,2012
p67_wind_g05,218,0.2677450674818705,2012
p67_wind_g05,219,0.28657590430415264,2012
p67_wind_g05,220,0.2030140177752774,2012
p67_wind_g05,221,0.5232013328560279,2012
p67_wind_g05,222,0.277176638135065,2012
p67_wind_g05,223,0.4639025459368782,2012
p67_wind_g05,224,0.12689550848777165,2012
p67_wind_g05,225,0.39698550341401634,2012
p67_wind_g05,226,0.2743744205263815,2012
p67_wind_g05,227,0.5142442770836979,2012
p67_wind_g05,228,0.28806424225754734,2012
p67_wind_g05,229,0.43128609015872216,2012
p67_wind_g05,230,0.3750419632966165,2012
p67_wind_g05,231,0.2729926946926257,2012
p67_wind_g05,232,0.2916798072177207,2012
p67_wind_g05,233,0.4026668047814701,2012
p67_wind_g05,234,0.3499199916043914,2012
p67_wind_g05,235,0.34963132538221947,2012
p67_wind_g05,236,0.2872701975906098,2012
p67_wind_g05,237,0.255583391201197,2012
p67_wind_g05,238,0.568926459409362,2012
p67_wind_g05,239,0.2290981779337057,2012
p67_wind_g05,240,0.6101185731279462,2012
p67_wind_g06,1,0.2772039054910895,2012
p67_wind_g06,2,0.16028656483491552,2012
p67_wind_g06,3,0.4604087557268756,2012
p67_wind_g06,4,0.15652544714663386,2012
p67_wind_g06,5,0.584867203345104,2012
p67_wind_g06,6,0.3194572051836807,2012
p67_wind_g06,7,0.37561963544060517,2012
p67_wind_g06,8,0.2036207319855455,2012
p67_wind_g06,9,0.4381395531504476,2012
p67_wind_g06,10,0.2364038966238978,2012
p67_wind_g06,11,0.4270532930245379,2012
p67_wind_g06,12,0.38305975132216014,2012
p67_wind_g06,13,0.23805615313439324,2012
p67_wind_g06,14,0.3229994736344748,2012
p67_wind_g06,15,0.4568269881164111,2012
p67_wind_g06,16,0.4077715845729697,2012
p67_wind_g06,17,0.34401498617660986,2012
p67_wind_g06,18,0.3509620609473851,2012
p67_wind_g06,19,0.24156708854651396,2012
p67_wind_g06,20,0.5500300016705211,2012
p67_wind_g06,21,0.15994046288074087,2012
p67_wind_g06,22,0.40796479371301814,2012
p67_wind_g06,23,0.30504767661886134,2012
p67_wind_g06,24,0.6719429460049731,2012
p67_wind_g06,25,0.4234780629330801,2012
p67_wind_g06,26,0.3946399971351609,2012
p67_wind_g06,27,0.2664996418024501,2012
p67_wind_g06,28,0.47998684307319406,2012
p67_wind_g06,29,0.5032728287509279,2012
p67_wind_g06,30,0.49964205698456277,2012
p67_wind_g06,31,0.31442505705140866,2012
p67_wind_g06,32,0.5788118679318357,2012
p67_wind_g06,33,0.4605989998146305,2012
p67_wind_g06,34,0.3312327591891766,2012
p67_wind_g06,35,0.3879442356815644,2012
p67_wind_g06,36,0.4371161514603311,2012
p67_wind_g06,37,0.7244948488038435,2012
p67_wind_g06,38,0.25296535903155215,2012
p67_wind_g06,39,0.6010271543438039,2012
p67_wind_g06,40,0.3865336909341992,2012
p67_wind_g06,41,0.35833460304584164,2012
p67_wind_g06,42,0.4291722731469468,2012
p67_wind_g06,43,0.5820593386600907,2012
p67_wind_g06,44,0.34473606745221724,2012
p67_wind_g06,45,0.6418984937731711,2012
p67_wind_g06,46,0.42377515599074905,2012
p67_wind_g06,47,0.7115377188132583,2012
p67_wind_g06,48,0.5776168035750808,2012
p67_wind_g06,49,0.6302119992421887,2012
p67_wind_g06,50,0.7180497646647361,2012
p67_wind_g06,51,0.3630308072811244,2012
p67_wind_g06,52,0.624741656047262,2012
p67_wind_g06,53,0.26061355740531683,2012
p67_wind_g06,54,0.4605263160204345,2012
p67_wind_g06,55,0.20151407215002637,2012
p67_wind_g06,56,0.9207188897876113,2012
p67_wind_g06,57,0.40586892081829773,2012
p67_wind_g06,58,0.43302968091778693,2012
p67_wind_g06,59,0.23570840713913765,2012
p67_wind_g06,60,0.5721473330978748,2012
p67_wind_g06,61,0.3689943527897818,2012
p67_wind_g06,62,0.6173753152371872,2012
p67_wind_g06,63,0.33031934002484126,2012
p67_wind_g06,64,0.7473006376419717,2012
p67_wind_g06,65,0.3442539829269348,2012
p67_wind_g06,66,0.5737370239967643,2012
p67_wind_g06,67,0.5171764771562023,2012
p67_wind_g06,68,0.5817741467695324,2012
p67_wind_g06,69,0.403526874841307,2012
p67_wind_g06,70,0.35331516507847166,2012
p67_wind_g06,71,0.5092710582962293,2012
p67_wind_g06,72,0.45943105874205287,2012
p67_wind_g06,73,0.38296197317048586,2012
p67_wind_g06,74,0.3229730231112281,2012
p67_wind_g06,75,0.3693333723389861,2012
p67_wind_g06,76,0.1800239789937304,2012
p67_wind_g06,77,0.5727093821525365,2012
p67_wind_g06,78,0.23435638958263974,2012
p67_wind_g06,79,0.9191294778281164,2012
p67_wind_g06,80,0.3300099318027946,2012
p67_wind_g06,81,0.5141068534998688,2012
p67_wind_g06,82,0.2643843144050855,2012
p67_wind_g06,83,0.6981131211111523,2012
p67_wind_g06,84,0.3341296239437709,2012
p67_wind_g06,85,0.3847817972486189,2012
p67_wind_g06,86,0.5808761522846378,2012
p67_wind_g06,87,0.4511142016471909,2012
p67_wind_g06,88,0.36213795528738163,2012
p67_wind_g06,89,0.44748575713508426,2012
p67_wind_g06,90,0.6766028090968058,2012
p67_wind_g06,91,0.20806914673281943,2012
p67_wind_g06,92,0.7049841985025204,2012
p67_wind_g06,93,0.23119374470940585,2012
p67_wind_g06,94,0.4577954677418138,2012
p67_wind_g06,95,0.2971591886833518,2012
p67_wind_g06,96,0.8280767366990032,2012
p67_wind_g06,97,0.3857590451729405,2012
p67_wind_g06,98,0.785273186072454,2012
p67_wind_g06,99,0.4853320528282038,2012
p67_wind_g06,100,0.8137928630713507,2012
p67_wind_g06,101,0.5006531185735742,2012
p67_wind_g06,102,0.7208424697554854,2012
p67_wind_g06,103,0.4712655944891229,2012
p67_wind_g06,104,0.6483271090608783,2012
p67_wind_g06,105,0.46489602623664794,2012
p67_wind_g06,106,0.2749734913583986,2012
p67_wind_g06,107,0.6566879478117609,2012
p67_wind_g06,108,0.3815702864224206,2012
p67_wind_g06,109,0.6336315697438205,2012
p67_wind_g06,110,0.3002874209106559,2012
p67_wind_g06,111,0.6934317672269577,2012
p67_wind_g06,112,0.24025954105319797,2012
p67_wind_g06,113,0.6219275586106977,2012
p67_wind_g06,114,0.3859529209854855,2012
p67_wind_g06,115,0.7167457239100735,2012
p67_wind_g06,116,0.3588720279938963,2012
p67_wind_g06,117,0.426918240479266,2012
p67_wind_g06,118,0.42860371517236373,2012
p67_wind_g06,119,0.345844240464529,2012
p67_wind_g06,120,0.43066867015473376,2012
p67_wind_g06,121,0.36298836596822626,2012
p67_wind_g06,122,0.5177593473634324,2012
p67_wind_g06,123,0.5410447931385937,2012
p67_wind_g06,124,0.3892852117663558,2012
p67_wind_g06,125,0.5053476472756236,2012
p67_wind_g06,126,0.4799882839067035,2012
p67_wind_g06,127,0.23000155900984876,2012
p67_wind_g06,128,0.557708747033983,2012
p67_wind_g06,129,0.1555785787733491,2012
p67_wind_g06,130,0.6746941386592186,2012
p67_wind_g06,131,0.21468695702453655,2012
p67_wind_g06,132,0.4264378787849585,2012
p67_wind_g06,133,0.2065461885046004,2012
p67_wind_g06,134,0.712730843193904,2012
p67_wind_g06,135,0.15772197251687212,2012
p67_wind_g06,136,0.2875085219358163,2012
p67_wind_g06,137,0.17583891388473974,2012
p67_wind_g06,138,0.34186889108247903,2012
p67_wind_g06,139,0.24170337536305125,2012
p67_wind_g06,140,0.4372544416008548,2012
p67_wind_g06,141,0.47632053695288196,2012
p67_wind_g06,142,0.427652002043596,2012
p67_wind_g06,143,0.4384904822984301,2012
p67_wind_g06,144,0.23502835363703728,2012
p67_wind_g06,145,0.26134644690614706,2012
p67_wind_g06,146,0.31735877415335223,2012
p67_wind_g06,147,0.34460647246326886,2012
p67_wind_g06,148,0.1723309120874915,2012
p67_wind_g06,149,0.6101726738092134,2012
p67_wind_g06,150,0.2873742642504733,2012
p67_wind_g06,151,0.3855986353139984,2012
p67_wind_g06,152,0.20686408022375027,2012
p67_wind_g06,153,0.4685296217421426,2012
p67_wind_g06,154,0.15921229548255159,2012
p67_wind_g06,155,0.3380799428388629,2012
p67_wind_g06,156,0.2420017507326901,2012
p67_wind_g06,157,0.35691281776086303,2012
p67_wind_g06,158,0.29454837510070286,2012
p67_wind_g06,159,0.418827769656304,2012
p67_wind_g06,160,0.3343158488613577,2012
p67_wind_g06,161,0.2491585591667711,2012
p67_wind_g06,162,0.3289842655541272,2012
p67_wind_g06,163,0.32447114185664017,2012
p67_wind_g06,164,0.47474785148966414,2012
p67_wind_g06,165,0.22630696309438972,2012
p67_wind_g06,166,0.3488640329752119,2012
p67_wind_g06,167,0.14658273286410653,2012
p67_wind_g06,168,0.3591607872185232,2012
p67_wind_g06,169,0.14703891379824438,2012
p67_wind_g06,170,0.2735881739681952,2012
p67_wind_g06,171,0.18487158282083127,2012
p67_wind_g06,172,0.2777772680169874,2012
p67_wind_g06,173,0.24832538370668783,2012
p67_wind_g06,174,0.31159646137496355,2012
p67_wind_g06,175,0.1643587332261487,2012
p67_wind_g06,176,0.4063061740150838,2012
p67_wind_g06,177,0.2868559469575403,2012
p67_wind_g06,178,0.17861572002143056,2012
p67_wind_g06,179,0.25702239365962,2012
p67_wind_g06,180,0.14842908319194165,2012
p67_wind_g06,181,0.26545515880246023,2012
p67_wind_g06,182,0.30162804972046414,2012
p67_wind_g06,183,0.38758547898840673,2012
p67_wind_g06,184,0.10856700283335179,2012
p67_wind_g06,185,0.3763760856135832,2012
p67_wind_g06,186,0.21782752891721704,2012
p67_wind_g06,187,0.49817091187959256,2012
p67_wind_g06,188,0.2349962839460824,2012
p67_wind_g06,189,0.5002077088911061,2012
p67_wind_g06,190,0.14848249459826063,2012
p67_wind_g06,191,0.23895195935675126,2012
p67_wind_g06,192,0.2585514704896774,2012
p67_wind_g06,193,0.29682306474017406,2012
p67_wind_g06,194,0.12494340479960875,2012
p67_wind_g06,195,0.17417404679982615,2012
p67_wind_g06,196,0.1824081731509018,2012
p67_wind_g06,197,0.38103567748278916,2012
p67_wind_g06,198,0.17705189487762557,2012
p67_wind_g06,199,0.29090518032296875,2012
p67_wind_g06,200,0.22028877902102253,2012
p67_wind_g06,201,0.2427799341730358,2012
p67_wind_g06,202,0.27465093326484646,2012
p67_wind_g06,203,0.21552194613873588,2012
p67_wind_g06,204,0.33758241178716775,2012
p67_wind_g06,205,0.1883023256297849,2012
p67_wind_g06,206,0.40644888913380856,2012
p67_wind_g06,207,0.1022598744761432,2012
p67_wind_g06,208,0.2613787915199011,2012
p67_wind_g06,209,0.16357697097109417,2012
p67_wind_g06,210,0.24272260644674448,2012
p67_wind_g06,211,0.13995249731739692,2012
p67_wind_g06,212,0.46265068929450054,2012
p67_wind_g06,213,0.13403511618896544,2012
p67_wind_g06,214,0.4346354242600653,2012
p67_wind_g06,215,0.35474810072185875,2012
p67_wind_g06,216,0.16903181962896233,2012
p67_wind_g06,217,0.36822587511008126,2012
p67_wind_g06,218,0.2169688773490337,2012
p67_wind_g06,219,0.31147259737697647,2012
p67_wind_g06,220,0.15920274148085836,2012
p67_wind_g06,221,0.4409011685830622,2012
p67_wind_g06,222,0.26432485337637046,2012
p67_wind_g06,223,0.2702359600844412,2012
p67_wind_g06,224,0.17644293466818606,2012
p67_wind_g06,225,0.31018845066319817,2012
p67_wind_g06,226,0.25929583700878794,2012
p67_wind_g06,227,0.4717994912253675,2012
p67_wind_g06,228,0.2550590026719443,2012
p67_wind_g06,229,0.3903424566275524,2012
p67_wind_g06,230,0.19433586557118424,2012
p67_wind_g06,231,0.5398465401513087,2012
p67_wind_g06,232,0.3361806278408836,2012
p67_wind_g06,233,0.4166825188979996,2012
p67_wind_g06,234,0.20832289524789782,2012
p67_wind_g06,235,0.4379977074322353,2012
p67_wind_g06,236,0.5258536518502044,2012
p67_wind_g06,237,0.16474156419324004,2012
p67_wind_g06,238,0.5333694728852792,2012
p67_wind_g06,239,0.3210438146225037,2012
p67_wind_g06,240,0.43673438261003755,2012
p67_wind_g07,1,0.5350804841979843,2012
p67_wind_g07,2,0.30037917079168,2012
p67_wind_g07,3,0.3847007117780625,2012
p67_wind_g07,4,0.27545390245630186,2012
p67_wind_g07,5,0.6248889309960297,2012
p67_wind_g07,6,0.23161092148710338,2012
p67_wind_g07,7,0.6159211970444042,2012
p67_wind_g07,8,0.39080062504515406,2012
p67_wind_g07,9,0.38841600739247206,2012
p67_wind_g07,10,0.4532625211785369,2012
p67_wind_g07,11,0.3396664320920445,2012
p67_wind_g07,12,0.31477018168533966,2012
p67_wind_g07,13,0.25504417823843106,2012
p67_wind_g07,14,0.5362102410695052,2012
p67_wind_g07,15,0.4138926627859183,2012
p67_wind_g07,16,0.38239416714028773,2012
p67_wind_g07,17,0.4065309083649024,2012
p67_wind_g07,18,0.4041985329979093,2012
p67_wind_g07,19,0.16029880569090083,2012
p67_wind_g07,20,0.48869135664806196,2012
p67_wind_g07,21,0.26806122838388136,2012
p67_wind_g07,22,0.7164223816131929,2012
p67_wind_g07,23,0.358416069784648,2012
p67_wind_g07,24,0.7731805838933106,2012
p67_wind_g07,25,0.4239960463848977,2012
p67_wind_g07,26,0.6156747903659373,2012
p67_wind_g07,27,0.46327690496742785,2012
p67_wind_g07,28,0.5325984245603491,2012
p67_wind_g07,29,0.5367944797022597,2012
p67_wind_g07,30,0.6135448025190784,2012
p67_wind_g07,31,0.5818234937532417,2012
p67_wind_g07,32,0.33301291892989426,2012
p67_wind_g07,33,0.37014419077025723,2012
p67_wind_g07,34,0.27769556655688693,2012
p67_wind_g07,35,0.4574618331202788,2012
p67_wind_g07,36,0.30860157555627743,2012
p67_wind_g07,37,0.6021362693223613,2012
p67_wind_g07,38,0.259420985835815,2012
p67_wind_g07,39,0.7654086765524821,2012
p67_wind_g07,40,0.17537003372831383,2012
p67_wind_g07,41,0.7593490279989786,2012
p67_wind_g07,42,0.2183425727924491,2012
p67_wind_g07,43,0.733494798655252,2012
p67_wind_g07,44,0.45916775294829537,2012
p67_wind_g07,45,0.35216753634857106,2012
p67_wind_g07,46,0.5409783873815805,2012
p67_wind_g07,47,0.3893540256182777,2012
p67_wind_g07,48,0.5859591053444023,2012
p67_wind_g07,49,0.5244534412464741,2012
p67_wind_g07,50,0.6666693767818963,2012
p67_wind_g07,51,0.4997200396267936,2012
p67_wind_g07,52,0.4592420117514805,2012
p67_wind_g07,53,0.4636199162809171,2012
p67_wind_g07,54,0.5744850140010526,2012
p67_wind_g07,55,0.2679955132321637,2012
p67_wind_g07,56,0.447006390096894,2012
p67_wind_g07,57,0.35391461902606597,2012
p67_wind_g07,58,0.7932336123074545,2012
p67_wind_g07,59,0.35648384219421436,2012
p67_wind_g07,60,0.48066725348317346,2012
p67_wind_g07,61,0.35056081935509015,2012
p67_wind_g07,62,0.7426111744679783,2012
p67_wind_g07,63,0.2719118714807477,2012
p67_wind_g07,64,0.5448134196243479,2012
p67_wind_g07,65,0.4130279526393727,2012
p67_wind_g07,66,0.5927576748326243,2012
p67_wind_g07,67,0.4195335196135907,2012
p67_wind_g07,68,0.436688048419403,2012
p67_wind_g07,69,0.6777089478161605,2012
p67_wind_g07,70,0.41862384096202687,2012
p67_wind_g07,71,0.41252544513135725,2012
p67_wind_g07,72,0.3717530209803777,2012
p67_wind_g07,73,0.5439802262373001,2012
p67_wind_g07,74,0.24659911223375489,2012
p67_wind_g07,75,0.7065660420245843,2012
p67_wind_g07,76,0.22768976353905643,2012
p67_wind_g07,77,0.39336907121107134,2012
p67_wind_g07,78,0.32162959411560743,2012
p67_wind_g07,79,0.5433325587285522,2012
p67_wind_g07,80,0.44924880982884463,2012
p67_wind_g07,81,0.712700601074453,2012
p67_wind_g07,82,0.4412813053416807,2012
p67_wind_g07,83,0.8083352499746199,2012
p67_wind_g07,84,0.38360781385845294,2012
p67_wind_g07,85,0.33694900699773755,2012
p67_wind_g07,86,0.6757026582469499,2012
p67_wind_g07,87,0.30555092440504894,2012
p67_wind_g07,88,0.46645914978496733,2012
p67_wind_g07,89,0.41349288002117435,2012
p67_wind_g07,90,0.5520536071655957,2012
p67_wind_g07,91,0.518160867489253,2012
p67_wind_g07,92,0.83563469568145,2012
p67_wind_g07,93,0.3827265746038476,2012
p67_wind_g07,94,0.6140445304205158,2012
p67_wind_g07,95,0.2376529932375176,2012
p67_wind_g07,96,0.40336800753311053,2012
p67_wind_g07,97,0.19910322412725334,2012
p67_wind_g07,98,0.8066514207889476,2012
p67_wind_g07,99,0.3763476102685696,2012
p67_wind_g07,100,0.8237051268641358,2012
p67_wind_g07,101,0.5055825961506907,2012
p67_wind_g07,102,0.43602332800494636,2012
p67_wind_g07,103,0.43373701022453576,2012
p67_wind_g07,104,0.25315123806844536,2012
p67_wind_g07,105,0.5147921048093717,2012
p67_wind_g07,106,0.48922561218003846,2012
p67_wind_g07,107,0.3647797580884596,2012
p67_wind_g07,108,0.4678153750969155,2012
p67_wind_g07,109,0.35410522226085944,2012
p67_wind_g07,110,0.2145129288848007,2012
p67_wind_g07,111,0.4986315753383679,2012
p67_wind_g07,112,0.2837778276972274,2012
p67_wind_g07,113,0.36378507819654227,2012
p67_wind_g07,114,0.18623274125627212,2012
p67_wind_g07,115,0.4292508165324888,2012
p67_wind_g07,116,0.1895067919019209,2012
p67_wind_g07,117,0.5629425535326059,2012
p67_wind_g07,118,0.3869131896847777,2012
p67_wind_g07,119,0.47691464920176885,2012
p67_wind_g07,120,0.20450192025180197,2012
p67_wind_g07,121,0.330935843627195,2012
p67_wind_g07,122,0.47887451056451263,2012
p67_wind_g07,123,0.4266791623907467,2012
p67_wind_g07,124,0.23793325491789027,2012
p67_wind_g07,125,0.24829667987666873,2012
p67_wind_g07,126,0.4740475957287592,2012
p67_wind_g07,127,0.30536609912723106,2012
p67_wind_g07,128,0.37404203308226996,2012
p67_wind_g07,129,0.33124727124703207,2012
p67_wind_g07,130,0.2734071536998432,2012
p67_wind_g07,131,0.32903213154989247,2012
p67_wind_g07,132,0.5159561532464898,2012
p67_wind_g07,133,0.16956406938301297,2012
p67_wind_g07,134,0.2881631562321546,2012
p67_wind_g07,135,0.159387790304066,2012
p67_wind_g07,136,0.5924446395423666,2012
p67_wind_g07,137,0.1702921715257625,2012
p67_wind_g07,138,0.5553417614164702,2012
p67_wind_g07,139,0.17481592152217168,2012
p67_wind_g07,140,0.5242424552757803,2012
p67_wind_g07,141,0.3331653878802407,2012
p67_wind_g07,142,0.314455713387944,2012
p67_wind_g07,143,0.26163109083417,2012
p67_wind_g07,144,0.37648944354276054,2012
p67_wind_g07,145,0.42343838477343476,2012
p67_wind_g07,146,0.28234374406896373,2012
p67_wind_g07,147,0.4902778917398695,2012
p67_wind_g07,148,0.24509037678865722,2012
p67_wind_g07,149,0.4360096902917476,2012
p67_wind_g07,150,0.2647796906257491,2012
p67_wind_g07,151,0.36024074534295186,2012
p67_wind_g07,152,0.269845295451744,2012
p67_wind_g07,153,0.5093771648347724,2012
p67_wind_g07,154,0.1858739662844612,2012
p67_wind_g07,155,0.3339315142152114,2012
p67_wind_g07,156,0.21628317264693417,2012
p67_wind_g07,157,0.46750312417659495,2012
p67_wind_g07,158,0.3019050464886072,2012
p67_wind_g07,159,0.26073424212147756,2012
p67_wind_g07,160,0.32462526320227564,2012
p67_wind_g07,161,0.3634400578575119,2012
p67_wind_g07,162,0.17727467444096542,2012
p67_wind_g07,163,0.23613981543089474,2012
p67_wind_g07,164,0.31993234078787924,2012
p67_wind_g07,165,0.14853438443487885,2012
p67_wind_g07,166,0.46367696512188367,2012
p67_wind_g07,167,0.25984742746969486,2012
p67_wind_g07,168,0.418324588182392,2012
p67_wind_g07,169,0.17421721159877665,2012
p67_wind_g07,170,0.47857840829776915,2012
p67_wind_g07,171,0.13021443653370363,2012
p67_wind_g07,172,0.37338027709991883,2012
p67_wind_g07,173,0.16511174196426218,2012
p67_wind_g07,174,0.4120068641357691,2012
p67_wind_g07,175,0.30216526786117964,2012
p67_wind_g07,176,0.2772584941008342,2012
p67_wind_g07,177,0.30239068454930745,2012
p67_wind_g07,178,0.3880077758094668,2012
p67_wind_g07,179,0.2982157861700805,2012
p67_wind_g07,180,0.21551983824586196,2012
p67_wind_g07,181,0.18008517586710482,2012
p67_wind_g07,182,0.21176664480378504,2012
p67_wind_g07,183,0.26023498103830606,2012
p67_wind_g07,184,0.1414590923557314,2012
p67_wind_g07,185,0.28684238941221957,2012
p67_wind_g07,186,0.17922080422420897,2012
p67_wind_g07,187,0.23928088202621292,2012
p67_wind_g07,188,0.13813175563643407,2012
p67_wind_g07,189,0.2980762120153685,2012
p67_wind_g07,190,0.2568325419022057,2012
p67_wind_g07,191,0.22250607708988904,2012
p67_wind_g07,192,0.21340810957813464,2012
p67_wind_g07,193,0.3837809460416929,2012
p67_wind_g07,194,0.19799595650312934,2012
p67_wind_g07,195,0.2986301616855079,2012
p67_wind_g07,196,0.24783191157277717,2012
p67_wind_g07,197,0.24480201626268178,2012
p67_wind_g07,198,0.2154050264294893,2012
p67_wind_g07,199,0.24420892087951615,2012
p67_wind_g07,200,0.2645783585785059,2012
p67_wind_g07,201,0.1412780771730643,2012
p67_wind_g07,202,0.4085828266826958,2012
p67_wind_g07,203,0.1489132928131435,2012
p67_wind_g07,204,0.2152643211736182,2012
p67_wind_g07,205,0.2244406493096871,2012
p67_wind_g07,206,0.4568616346795988,2012
p67_wind_g07,207,0.21518920173397615,2012
p67_wind_g07,208,0.2163091701727869,2012
p67_wind_g07,209,0.20023497482929076,2012
p67_wind_g07,210,0.2789647570538793,2012
p67_wind_g07,211,0.23403714970623068,2012
p67_wind_g07,212,0.43282326397204934,2012
p67_wind_g07,213,0.25830145179149167,2012
p67_wind_g07,214,0.23699624869393454,2012
p67_wind_g07,215,0.3415931350124065,2012
p67_wind_g07,216,0.19479614951594346,2012
p67_wind_g07,217,0.3098206407302956,2012
p67_wind_g07,218,0.1593489192601479,2012
p67_wind_g07,219,0.29191114983077043,2012
p67_wind_g07,220,0.20085635587932932,2012
p67_wind_g07,221,0.40265229356315213,2012
p67_wind_g07,222,0.2169626225948803,2012
p67_wind_g07,223,0.3610096844124985,2012
p67_wind_g07,224,0.15597556191495443,2012
p67_wind_g07,225,0.4460709835657724,2012
p67_wind_g07,226,0.14497388817373263,2012
p67_wind_g07,227,0.515429625137757,2012
p67_wind_g07,228,0.12184477439125507,2012
p67_wind_g07,229,0.5363576987359333,2012
p67_wind_g07,230,0.28914941321867427,2012
p67_wind_g07,231,0.4388586420113583,2012
p67_wind_g07,232,0.29221668965184283,2012
p67_wind_g07,233,0.4031324879958139,2012
p67_wind_g07,234,0.2551787901697032,2012
p67_wind_g07,235,0.3176695053193852,2012
p67_wind_g07,236,0.40860868619724094,2012
p67_wind_g07,237,0.3683093939904976,2012
p67_wind_g07,238,0.49793727528411863,2012
p67_wind_g07,239,0.37883113976223864,2012
p67_wind_g07,240,0.5135704583554421,2012
p67_wind_g08,1,0.4985271213319988,2012
p67_wind_g08,2,0.15107275582774546,2012
p67_wind_g08,3,0.49690653848063554,2012
p67_wind_g08,4,0.26546522932923994,2012
p67_wind_g08,5,0.4200065449264025,2012
p67_wind_g08,6,0.18908686643741554,2012
p67_wind_g08,7,0.5827082861188871,2012
p67_wind_g08,8,0.16873773045718343,2012
p67_wind_g08,9,0.4307605964950471,2012
p67_wind_g08,10,0.31148402445068873,2012
p67_wind_g08,11,0.4748653979971993,2012
p67_wind_g08,12,0.29696829844715505,2012
p67_wind_g08,13,0.2264017953691774,2012
p67_wind_g08,14,0.29313696138886747,2012
p67_wind_g08,15,0.45109298628438455,2012
p67_wind_g08,16,0.6321702144118959,2012
p67_wind_g08,17,0.33211580877919483,2012
p67_wind_g08,18,0.7101916868785749,2012
p67_wind_g08,19,0.28296465963092243,2012
p67_wind_g08,20,0.5627863527798697,2012
p67_wind_g08,21,0.2965837063996065,2012
p67_wind_g08,22,0.6333494039400377,2012
p67_wind_g08,23,0.3313772780228844,2012
p67_wind_g08,24,0.4416659986592283,2012
p67_wind_g08,25,0.34326462082702197,2012
p67_wind_g08,26,0.6163727886218133,2012
p67_wind_g08,27,0.41882158351484705,2012
p67_wind_g08,28,0.5808290719571333,2012
p67_wind_g08,29,0.24570780241621334,2012
p67_wind_g08,30,0.2505450920423278,2012
p67_wind_g08,31,0.4415852898294946,2012
p67_wind_g08,32,0.42253165207339677,2012
p67_wind_g08,33,0.5547662119721206,2012
p67_wind_g08,34,0.4562961159267065,2012
p67_wind_g08,35,0.6724277846173425,2012
p67_wind_g08,36,0.35728674778561886,2012
p67_wind_g08,37,0.6913533922675759,2012
p67_wind_g08,38,0.27807366531869526,2012
p67_wind_g08,39,0.6690692717185359,2012
p67_wind_g08,40,0.209963538930226,2012
p67_wind_g08,41,0.8505577385699624,2012
p67_wind_g08,42,0.34487196074061377,2012
p67_wind_g08,43,0.5481640367217678,2012
p67_wind_g08,44,0.34052704935814443,2012
p67_wind_g08,45,0.37586690063058437,2012
p67_wind_g08,46,0.29482989513984115,2012
p67_wind_g08,47,0.5160955390368718,2012
p67_wind_g08,48,0.39391842955124456,2012
p67_wind_g08,49,0.6661603526391048,2012
p67_wind_g08,50,0.4214048296179039,2012
p67_wind_g08,51,0.2527853821036549,2012
p67_wind_g08,52,0.5587077503212081,2012
p67_wind_g08,53,0.46305448972845314,2012
p67_wind_g08,54,0.5557263532367023,2012
p67_wind_g08,55,0.32981490612949305,2012
p67_wind_g08,56,0.8767704879779912,2012
p67_wind_g08,57,0.37383957313862665,2012
p67_wind_g08,58,0.8426028611106016,2012
p67_wind_g08,59,0.23592695825855653,2012
p67_wind_g08,60,0.8436603906745423,2012
p67_wind_g08,61,0.32275642130708765,2012
p67_wind_g08,62,0.505632109157667,2012
p67_wind_g08,63,0.35127781001292996,2012
p67_wind_g08,64,0.6661118340109458,2012
p67_wind_g08,65,0.27560765024746403,2012
p67_wind_g08,66,0.3113279187130461,2012
p67_wind_g08,67,0.3091329307185176,2012
p67_wind_g08,68,0.3440408309154537,2012
p67_wind_g08,69,0.32491301264091915,2012
p67_wind_g08,70,0.3154093802453929,2012
p67_wind_g08,71,0.5735623028064891,2012
p67_wind_g08,72,0.527919673410671,2012
p67_wind_g08,73,0.5513862497775539,2012
p67_wind_g08,74,0.40570938378257704,2012
p67_wind_g08,75,0.7038514011084993,2012
p67_wind_g08,76,0.3430578176980976,2012
p67_wind_g08,77,0.5024050471900817,2012
p67_wind_g08,78,0.2985335936642474,2012
p67_wind_g08,79,0.7044524219510337,2012
p67_wind_g08,80,0.43638745624744324,2012
p67_wind_g08,81,0.5003040821870849,2012
p67_wind_g08,82,0.41275277488812334,2012
p67_wind_g08,83,0.49711340394461456,2012
p67_wind_g08,84,0.3098157276889463,2012
p67_wind_g08,85,0.7404070628003949,2012
p67_wind_g08,86,0.341935847779386,2012
p67_wind_g08,87,0.5203624568260874,2012
p67_wind_g08,88,0.3754229385602039,2012
p67_wind_g08,89,0.5582292158048878,2012
p67_wind_g08,90,0.8161636914155249,2012
p67_wind_g08,91,0.2883902360833694,2012
p67_wind_g08,92,0.8457884773375448,2012
p67_wind_g08,93,0.35281668137370176,2012
p67_wind_g08,94,0.6199356444073935,2012
p67_wind_g08,95,0.3298423187350073,2012
p67_wind_g08,96,0.532173277567317,2012
p67_wind_g08,97,0.16515939360658366,2012
p67_wind_g08,98,0.6915938080166273,2012
p67_wind_g08,99,0.41707535019290154,2012
p67_wind_g08,100,0.43549516659051546,2012
p67_wind_g08,101,0.25712633799612283,2012
p67_wind_g08,102,0.5429970994436587,2012
p67_wind_g08,103,0.544238143405326,2012
p67_wind_g08,104,0.3117736339334784,2012
p67_wind_g08,105,0.2792656086192761,2012
p67_wind_g08,106,0.4421387747736037,2012
p67_wind_g08,107,0.3907735784811919,2012
p67_wind_g08,108,0.36183720631798566,2012
p67_wind_g08,109,0.664839516826361,2012
p67_wind_g08,110,0.42951699697001683,2012
p67_wind_g08,111,0.6013221300736639,2012
p67_wind_g08,112,0.2529412335395282,2012
p67_wind_g08,113,0.33725473834551145,2012
p67_wind_g08,114,0.37348532045600613,2012
p67_wind_g08,115,0.5357330950956148,2012
p67_wind_g08,116,0.39305882109419127,2012
p67_wind_g08,117,0.3220676525222165,2012
p67_wind_g08,118,0.39664783193464104,2012
p67_wind_g08,119,0.3530063210993985,2012
p67_wind_g08,120,0.3483260522152791,2012
p67_wind_g08,121,0.3582761892520762,2012
p67_wind_g08,122,0.4390874404994215,2012
p67_wind_g08,123,0.47058459479048637,2012
p67_wind_g08,124,0.45644755727845643,2012
p67_wind_g08,125,0.46497407154812403,2012
p67_wind_g08,126,0.24173979365994644,2012
p67_wind_g08,127,0.2544519036835308,2012
p67_wind_g08,128,0.561475561436888,2012
p67_wind_g08,129,0.3297843259468204,2012
p67_wind_g08,130,0.4959741967569823,2012
p67_wind_g08,131,0.19550518382429855,2012
p67_wind_g08,132,0.5676893402036012,2012
p67_wind_g08,133,0.27392278879573456,2012
p67_wind_g08,134,0.6590727013112226,2012
p67_wind_g08,135,0.35088792982040734,2012
p67_wind_g08,136,0.2899924906093234,2012
p67_wind_g08,137,0.17610741029364904,2012
p67_wind_g08,138,0.5320865619501522,2012
p67_wind_g08,139,0.2085505550083013,2012
p67_wind_g08,140,0.534109291027129,2012
p67_wind_g08,141,0.2944051415553903,2012
p67_wind_g08,142,0.3847441393644647,2012
p67_wind_g08,143,0.32231667644115236,2012
p67_wind_g08,144,0.3657110038517509,2012
p67_wind_g08,145,0.36920903944515865,2012
p67_wind_g08,146,0.3354863687953303,2012
p67_wind_g08,147,0.4421568982559757,2012
p67_wind_g08,148,0.1387784237554234,2012
p67_wind_g08,149,0.35387373247971154,2012
p67_wind_g08,150,0.1988879062602886,2012
p67_wind_g08,151,0.2827181567944039,2012
p67_wind_g08,152,0.17616903329819453,2012
p67_wind_g08,153,0.39897549925002224,2012
p67_wind_g08,154,0.2265865404931013,2012
p67_wind_g08,155,0.42514772260514677,2012
p67_wind_g08,156,0.17328454367564847,2012
p67_wind_g08,157,0.3093653820096555,2012
p67_wind_g08,158,0.25670804501867156,2012
p67_wind_g08,159,0.3104003371743328,2012
p67_wind_g08,160,0.15915574136753416,2012
p67_wind_g08,161,0.3286916598381619,2012
p67_wind_g08,162,0.18483129551080607,2012
p67_wind_g08,163,0.26722221486370407,2012
p67_wind_g08,164,0.29062944708963095,2012
p67_wind_g08,165,0.15282779288642379,2012
p67_wind_g08,166,0.2541975384219404,2012
p67_wind_g08,167,0.13329404275270254,2012
p67_wind_g08,168,0.48120880788593207,2012
p67_wind_g08,169,0.12826291938549295,2012
p67_wind_g08,170,0.21470768451012218,2012
p67_wind_g08,171,0.22195322200531106,2012
p67_wind_g08,172,0.20042846921903779,2012
p67_wind_g08,173,0.2042849182792771,2012
p67_wind_g08,174,0.46563726753220214,2012
p67_wind_g08,175,0.23638746546383269,2012
p67_wind_g08,176,0.4458168484166658,2012
p67_wind_g08,177,0.25925878385630247,2012
p67_wind_g08,178,0.1650987521902696,2012
p67_wind_g08,179,0.3476336148451909,2012
p67_wind_g08,180,0.25215726587281134,2012
p67_wind_g08,181,0.1814099826618382,2012
p67_wind_g08,182,0.2806015545780043,2012
p67_wind_g08,183,0.23145314411564447,2012
p67_wind_g08,184,0.18772020186326693,2012
p67_wind_g08,185,0.2367285527041954,2012
p67_wind_g08,186,0.17550209025864014,2012
p67_wind_g08,187,0.43484259775309186,2012
p67_wind_g08,188,0.09564335052080122,2012
p67_wind_g08,189,0.4285067802466107,2012
p67_wind_g08,190,0.18398469019730931,2012
p67_wind_g08,191,0.37157344389030406,2012
p67_wind_g08,192,0.20431601002233424,2012
p67_wind_g08,193,0.19819040635093427,2012
p67_wind_g08,194,0.16644407044606416,2012
p67_wind_g08,195,0.3092313011920551,2012
p67_wind_g08,196,0.31996648562112184,2012
p67_wind_g08,197,0.29619670320578123,2012
p67_wind_g08,198,0.18787288811414612,2012
p67_wind_g08,199,0.3297354577317871,2012
p67_wind_g08,200,0.37826813174950397,2012
p67_wind_g08,201,0.21466046463432975,2012
p67_wind_g08,202,0.38881038989160915,2012
p67_wind_g08,203,0.15640577679631404,2012
p67_wind_g08,204,0.3957198319617875,2012
p67_wind_g08,205,0.14181150887888508,2012
p67_wind_g08,206,0.33532088576415436,2012
p67_wind_g08,207,0.1830565339234324,2012
p67_wind_g08,208,0.3350384377630061,2012
p67_wind_g08,209,0.17773467386728595,2012
p67_wind_g08,210,0.21917760102267683,2012
p67_wind_g08,211,0.20709995335081005,2012
p67_wind_g08,212,0.2638856152676861,2012
p67_wind_g08,213,0.31392243230543654,2012
p67_wind_g08,214,0.26197765782218924,2012
p67_wind_g08,215,0.1596978392453924,2012
p67_wind_g08,216,0.3496125986989498,2012
p67_wind_g08,217,0.3369926243612421,2012
p67_wind_g08,218,0.1578715032467495,2012
p67_wind_g08,219,0.3288472361187456,2012
p67_wind_g08,220,0.21986104172509663,2012
p67_wind_g08,221,0.4202630048417004,2012
p67_wind_g08,222,0.23963300134535379,2012
p67_wind_g08,223,0.395351387409373,2012
p67_wind_g08,224,0.11750674387892085,2012
p67_wind_g08,225,0.5224882138014367,2012
p67_wind_g08,226,0.26953819575567367,2012
p67_wind_g08,227,0.5291088252392664,2012
p67_wind_g08,228,0.15126635198433908,2012
p67_wind_g08,229,0.5376766748267023,2012
p67_wind_g08,230,0.21779512482704222,2012
p67_wind_g08,231,0.4285348845708044,2012
p67_wind_g08,232,0.3963220027505486,2012
p67_wind_g08,233,0.30095000245121595,2012
p67_wind_g08,234,0.4469685038262283,2012
p67_wind_g08,235,0.3096791237069057,2012
p67_wind_g08,236,0.2134827280586494,2012
p67_wind_g08,237,0.2189267909026801,2012
p67_wind_g08,238,0.47661169335959785,2012
p67_wind_g08,239,0.2207084827758732,2012
p67_wind_g08,240,0.5228392153669879,2012
p67_wind_g09,1,0.5845640131405395,2012
p67_wind_g09,2,0.22545082234840758,2012
p67_wind_g09,3,0.3875119783024563,2012
p67_wind_g09,4,0.3117928998392554,2012
p67_wind_g09,5,0.4114519812871222,2012
p67_wind_g09,6,0.25487025928986035,2012
p67_wind_g09,7,0.3269730422760844,2012
p67_wind_g09,8,0.4069443678865279,2012
p67_wind_g09,9,0.3757920787092525,2012
p67_wind_g09,10,0.18131886142363837,2012
p67_wind_g09,11,0.22911539832713895,2012
p67_wind_g09,12,0.41564545487282567,2012
p67_wind_g09,13,0.3393004985081467,2012
p67_wind_g09,14,0.3954001533920936,2012
p67_wind_g09,15,0.3471188396293855,2012
p67_wind_g09,16,0.44247738890581134,2012
p67_wind_g09,17,0.3581616816649917,2012
p67_wind_g09,18,0.300974490580597,2012
p67_wind_g09,19,0.32102504921884634,2012
p67_wind_g09,20,0.3306861553019834,2012
p67_wind_g09,21,0.21096061340653094,2012
p67_wind_g09,22,0.29940647537741977,2012
p67_wind_g09,23,0.23367540867182654,2012
p67_wind_g09,24,0.3157178670138347,2012
p67_wind_g09,25,0.2825752643883197,2012
p67_wind_g09,26,0.363848954658027,2012
p67_wind_g09,27,0.4651098525561425,2012
p67_wind_g09,28,0.5636125540409607,2012
p67_wind_g09,29,0.2576556156657616,2012
p67_wind_g09,30,0.45037345180749716,2012
p67_wind_g09,31,0.2940467514026685,2012
p67_wind_g09,32,0.5035716102698881,2012
p67_wind_g09,33,0.6170892115982736,2012
p67_wind_g09,34,0.41912766009725266,2012
p67_wind_g09,35,0.38142781376293405,2012
p67_wind_g09,36,0.26954521124413383,2012
p67_wind_g09,37,0.36155202711257056,2012
p67_wind_g09,38,0.23262665231493607,2012
p67_wind_g09,39,0.4093006274091731,2012
p67_wind_g09,40,0.24847505615785587,2012
p67_wind_g09,41,0.5794707704387458,2012
p67_wind_g09,42,0.17483085244853977,2012
p67_wind_g09,43,0.47678616422599673,2012
p67_wind_g09,44,0.38073392260909733,2012
p67_wind_g09,45,0.7605268860515878,2012
p67_wind_g09,46,0.27651972015957704,2012
p67_wind_g09,47,0.31292293894406703,2012
p67_wind_g09,48,0.46524819137683426,2012
p67_wind_g09,49,0.5883254305255334,2012
p67_wind_g09,50,0.5533553086811376,2012
p67_wind_g09,51,0.5333575322617826,2012
p67_wind_g09,52,0.7437382530716854,2012
p67_wind_g09,53,0.2846756323198741,2012
p67_wind_g09,54,0.8369697227350831,2012
p67_wind_g09,55,0.4775498411172447,2012
p67_wind_g09,56,0.746135342310911,2012
p67_wind_g09,57,0.19464160293431287,2012
p67_wind_g09,58,0.8050538089728422,2012
p67_wind_g09,59,0.3069319136454693,2012
p67_wind_g09,60,0.6629527323735381,2012
p67_wind_g09,61,0.3893961269421719,2012
p67_wind_g09,62,0.36739469774221417,2012
p67_wind_g09,63,0.49235749844648447,2012
p67_wind_g09,64,0.5257485820974397,2012
p67_wind_g09,65,0.6003338227079142,2012
p67_wind_g09,66,0.42048366526329395,2012
p67_wind_g09,67,0.6000746173841148,2012
p67_wind_g09,68,0.3021680027422622,2012
p67_wind_g09,69,0.6894213962087244,2012
p67_wind_g09,70,0.25319714227920953,2012
p67_wind_g09,71,0.7446077311109881,2012
p67_wind_g09,72,0.47466726022716815,2012
p67_wind_g09,73,0.7253682062756923,2012
p67_wind_g09,74,0.3001801461653781,2012
p67_wind_g09,75,0.5249798306853092,2012
p67_wind_g09,76,0.32729988270764,2012
p67_wind_g09,77,0.4748318312515344,2012
p67_wind_g09,78,0.305055989153223,2012
p67_wind_g09,79,0.3798813685997712,2012
p67_wind_g09,80,0.44959344254069983,2012
p67_wind_g09,81,0.5834982025275113,2012
p67_wind_g09,82,0.2873869069891055,2012
p67_wind_g09,83,0.4101405476985152,2012
p67_wind_g09,84,0.3494963809004158,2012
p67_wind_g09,85,0.7465293458652876,2012
p67_wind_g09,86,0.5715611748084126,2012
p67_wind_g09,87,0.4097901399231637,2012
p67_wind_g09,88,0.47288097568794557,2012
p67_wind_g09,89,0.41585156359285175,2012
p67_wind_g09,90,0.7077909044384117,2012
p67_wind_g09,91,0.2224249339736404,2012
p67_wind_g09,92,0.34990005074841535,2012
p67_wind_g09,93,0.23475530714870246,2012
p67_wind_g09,94,0.43986982782757034,2012
p67_wind_g09,95,0.30013518051555693,2012
p67_wind_g09,96,0.36708303737597037,2012
p67_wind_g09,97,0.3289707896085987,2012
p67_wind_g09,98,0.6254311610635082,2012
p67_wind_g09,99,0.3067970896140821,2012
p67_wind_g09,100,0.6489782534951823,2012
p67_wind_g09,101,0.4863959523896346,2012
p67_wind_g09,102,0.32912545733931275,2012
p67_wind_g09,103,0.23856290502298225,2012
p67_wind_g09,104,0.48663579708919785,2012
p67_wind_g09,105,0.6225222409524751,2012
p67_wind_g09,106,0.42609194710133236,2012
p67_wind_g09,107,0.40872951305570876,2012
p67_wind_g09,108,0.38685481652690584,2012
p67_wind_g09,109,0.5872758941476777,2012
p67_wind_g09,110,0.2626014053218908,2012
p67_wind_g09,111,0.7432908255703616,2012
p67_wind_g09,112,0.3995698500070262,2012
p67_wind_g09,113,0.3512354598970258,2012
p67_wind_g09,114,0.22574276567059035,2012
p67_wind_g09,115,0.767690294460109,2012
p67_wind_g09,116,0.2078978678033155,2012
p67_wind_g09,117,0.6753237574770709,2012
p67_wind_g09,118,0.31695230064533014,2012
p67_wind_g09,119,0.35509125300734024,2012
p67_wind_g09,120,0.42579936368782906,2012
p67_wind_g09,121,0.35391924005122727,2012
p67_wind_g09,122,0.3470315196111678,2012
p67_wind_g09,123,0.5696781971071082,2012
p67_wind_g09,124,0.42981506499201616,2012
p67_wind_g09,125,0.43504537953382066,2012
p67_wind_g09,126,0.29712537768974406,2012
p67_wind_g09,127,0.17614673635914688,2012
p67_wind_g09,128,0.5599068923153344,2012
p67_wind_g09,129,0.18156103665419776,2012
p67_wind_g09,130,0.4864767549544058,2012
p67_wind_g09,131,0.29521202708296584,2012
p67_wind_g09,132,0.6703999671683838,2012
p67_wind_g09,133,0.209582832154974,2012
p67_wind_g09,134,0.6097295805258706,2012
p67_wind_g09,135,0.3051217246441556,2012
p67_wind_g09,136,0.38737713348265845,2012
p67_wind_g09,137,0.28729863393408983,2012
p67_wind_g09,138,0.2627070765876875,2012
p67_wind_g09,139,0.2740032285243103,2012
p67_wind_g09,140,0.51920222381118,2012
p67_wind_g09,141,0.3686905541913407,2012
p67_wind_g09,142,0.2425086523412855,2012
p67_wind_g09,143,0.2194719071409916,2012
p67_wind_g09,144,0.15806644431111264,2012
p67_wind_g09,145,0.38274698083000847,2012
p67_wind_g09,146,0.32359910037038525,2012
p67_wind_g09,147,0.4867304848833076,2012
p67_wind_g09,148,0.15354001920724866,2012
p67_wind_g09,149,0.2492643865266498,2012
p67_wind_g09,150,0.19208101857733384,2012
p67_wind_g09,151,0.5963687868197822,2012
p67_wind_g09,152,0.266974065051712,2012
p67_wind_g09,153,0.29689862928128924,2012
p67_wind_g09,154,0.17858254787244665,2012
p67_wind_g09,155,0.3027166788932061,2012
p67_wind_g09,156,0.26614616025053384,2012
p67_wind_g09,157,0.3988108024418575,2012
p67_wind_g09,158,0.28039025892489927,2012
p67_wind_g09,159,0.3078786322862375,2012
p67_wind_g09,160,0.27018706701682194,2012
p67_wind_g09,161,0.2859923102142311,2012
p67_wind_g09,162,0.3224082256397175,2012
p67_wind_g09,163,0.2923367516267333,2012
p67_wind_g09,164,0.3199224969938366,2012
p67_wind_g09,165,0.282091938358016,2012
p67_wind_g09,166,0.5032306496141589,2012
p67_wind_g09,167,0.23972051658426458,2012
p67_wind_g09,168,0.45912452428651646,2012
p67_wind_g09,169,0.1192057092883356,2012
p67_wind_g09,170,0.39506372940612255,2012
p67_wind_g09,171,0.2602138841958756,2012
p67_wind_g09,172,0.22583095771008851,2012
p67_wind_g09,173,0.1724485649732214,2012
p67_wind_g09,174,0.2591704067803168,2012
p67_wind_g09,175,0.3003047797590337,2012
p67_wind_g09,176,0.3031442227424997,2012
p67_wind_g09,177,0.2674565873913208,2012
p67_wind_g09,178,0.33866929027915044,2012
p67_wind_g09,179,0.28217153537809225,2012
p67_wind_g09,180,0.2987104239740106,2012
p67_wind_g09,181,0.3031666355737475,2012
p67_wind_g09,182,0.2212866516827926,2012
p67_wind_g09,183,0.3773447852895859,2012
p67_wind_g09,184,0.22753845493961763,2012
p67_wind_g09,185,0.44429236953586365,2012
p67_wind_g09,186,0.22521650231508192,2012
p67_wind_g09,187,0.4401993747882455,2012
p67_wind_g09,188,0.23423878743169,2012
p67_wind_g09,189,0.3773261419425623,2012
p67_wind_g09,190,0.18391310799312965,2012
p67_wind_g09,191,0.42749844908515855,2012
p67_wind_g09,192,0.24231273780237092,2012
p67_wind_g09,193,0.4160982454911846,2012
p67_wind_g09,194,0.2119384870328919,2012
p67_wind_g09,195,0.29144884804047283,2012
p67_wind_g09,196,0.3309808652955649,2012
p67_wind_g09,197,0.1930132202256803,2012
p67_wind_g09,198,0.2882976989244495,2012
p67_wind_g09,199,0.2594144133070042,2012
p67_wind_g09,200,0.38198820401958944,2012
p67_wind_g09,201,0.25687014319227724,2012
p67_wind_g09,202,0.23236068706047935,2012
p67_wind_g09,203,0.1693103134056272,2012
p67_wind_g09,204,0.2923461430752002,2012
p67_wind_g09,205,0.15784880318581127,2012
p67_wind_g09,206,0.4930499745592455,2012
p67_wind_g09,207,0.13117148246780838,2012
p67_wind_g09,208,0.21049492902463218,2012
p67_wind_g09,209,0.13319161557585765,2012
p67_wind_g09,210,0.20555819988925125,2012
p67_wind_g09,211,0.2508932046721987,2012
p67_wind_g09,212,0.3609072628468023,2012
p67_wind_g09,213,0.3053606009506156,2012
p67_wind_g09,214,0.3283431159458765,2012
p67_wind_g09,215,0.19555928507213102,2012
p67_wind_g09,216,0.19814558934395687,2012
p67_wind_g09,217,0.33913395780172795,2012
p67_wind_g09,218,0.14257549478040285,2012
p67_wind_g09,219,0.41169933124758723,2012
p67_wind_g09,220,0.299967015475866,2012
p67_wind_g09,221,0.4421629738678101,2012
p67_wind_g09,222,0.3015409523668316,2012
p67_wind_g09,223,0.29105353399768374,2012
p67_wind_g09,224,0.16761996665653514,2012
p67_wind_g09,225,0.5321609914170323,2012
p67_wind_g09,226,0.17793417925257948,2012
p67_wind_g09,227,0.40228054981591604,2012
p67_wind_g09,228,0.12709382245152445,2012
p67_wind_g09,229,0.3770963465634363,2012
p67_wind_g09,230,0.25294050151962577,2012
p67_wind_g09,231,0.22302591671560978,2012
p67_wind_g09,232,0.28282045011235546,2012
p67_wind_g09,233,0.33036565488872005,2012
p67_wind_g09,234,0.41333049045757153,2012
p67_wind_g09,235,0.2043882770067257,2012
p67_wind_g09,236,0.26283021037468046,2012
p67_wind_g09,237,0.2561185668667724,2012
p67_wind_g09,238,0.5458040132454867,2012
p67_wind_g09,239,0.276216484926364,2012
p67_wind_g09,240,0.4924977553444022,2012
p67_wind_g10,1,0.403093813873854,2012
p67_wind_g10,2,0.16562491031851986,2012
p67_wind_g10,3,0.6390198442522306,2012
p67_wind_g10,4,0.30109903432760515,2012
p67_wind_g10,5,0.35958958437979194,2012
p67_wind_g10,6,0.1505532868186267,2012
p67_wind_g10,7,0.6050277948439619,2012
p67_wind_g10,8,0.1655485367048826,2012
p67_wind_g10,9,0.3712515258083315,2012
p67_wind_g10,10,0.33070525523362887,2012
p67_wind_g10,11,0.463162178490653,2012
p67_wind_g10,12,0.43601917822995284,2012
p67_wind_g10,13,0.34706023652285534,2012
p67_wind_g10,14,0.4280069587373255,2012
p67_wind_g10,15,0.25760226857535634,2012
p67_wind_g10,16,0.5619208408834279,2012
p67_wind_g10,17,0.2095201133318737,2012
p67_wind_g10,18,0.30971452692511514,2012
p67_wind_g10,19,0.21062936408213084,2012
p67_wind_g10,20,0.42378092110678944,2012
p67_wind_g10,21,0.17010748326031852,2012
p67_wind_g10,22,0.49452516479910896,2012
p67_wind_g10,23,0.19290267918654108,2012
p67_wind_g10,24,0.3560959979397973,2012
p67_wind_g10,25,0.3808730910385705,2012
p67_wind_g10,26,0.37239463031080455,2012
p67_wind_g10,27,0.3167463049251522,2012
p67_wind_g10,28,0.584173216895484,2012
p67_wind_g10,29,0.29091144115552414,2012
p67_wind_g10,30,0.33390937997968223,2012
p67_wind_g10,31,0.3964235360803495,2012
p67_wind_g10,32,0.23451429812310065,2012
p67_wind_g10,33,0.366901393195425,2012
p67_wind_g10,34,0.31367067598875065,2012
p67_wind_g10,35,0.7091140728676028,2012
p67_wind_g10,36,0.3247990352415485,2012
p67_wind_g10,37,0.715690422867518,2012
p67_wind_g10,38,0.27605992777596705,2012
p67_wind_g10,39,0.4512546450972987,2012
p67_wind_g10,40,0.2381356924500731,2012
p67_wind_g10,41,0.5234231048624828,2012
p67_wind_g10,42,0.4073494064482918,2012
p67_wind_g10,43,0.6223155692485955,2012
p67_wind_g10,44,0.2630500129123129,2012
p67_wind_g10,45,0.41189233269101533,2012
p67_wind_g10,46,0.5100274613865239,2012
p67_wind_g10,47,0.5893404983162598,2012
p67_wind_g10,48,0.480764987905644,2012
p67_wind_g10,49,0.4353701724626107,2012
p67_wind_g10,50,0.6212362909027253,2012
p67_wind_g10,51,0.3641620323131513,2012
p67_wind_g10,52,0.28443746240479373,2012
p67_wind_g10,53,0.2248260611770712,2012
p67_wind_g10,54,0.40808924563890653,2012
p67_wind_g10,55,0.4569000609966565,2012
p67_wind_g10,56,0.4794070575495916,2012
p67_wind_g10,57,0.29994610907214264,2012
p67_wind_g10,58,0.38228998332257597,2012
p67_wind_g10,59,0.2923069994568267,2012
p67_wind_g10,60,0.3533467565155681,2012
p67_wind_g10,61,0.31719594235673626,2012
p67_wind_g10,62,0.360929276561909,2012
p67_wind_g10,63,0.2845646185968508,2012
p67_wind_g10,64,0.6176474911695821,2012
p67_wind_g10,65,0.2509297616002943,2012
p67_wind_g10,66,0.628827040466625,2012
p67_wind_g10,67,0.5857161053542447,2012
p67_wind_g10,68,0.5696413626479511,2012
p67_wind_g10,69,0.3158588679874701,2012
p67_wind_g10,70,0.38933809686741094,2012
p67_wind_g10,71,0.5025748066454244,2012
p67_wind_g10,72,0.4378890943495575,2012
p67_wind_g10,73,0.5807310249431326,2012
p67_wind_g10,74,0.4616790742617798,2012
p67_wind_g10,75,0.5335952093637695,2012
p67_wind_g10,76,0.25193540115730273,2012
p67_wind_g10,77,0.5796460311300321,2012
p67_wind_g10,78,0.4044849977166212,2012
p67_wind_g10,79,0.7723705654366082,2012
p67_wind_g10,80,0.2060557163516066,2012
p67_wind_g10,81,0.6756174142359949,2012
p67_wind_g10,82,0.29006768691199675,2012
p67_wind_g10,83,0.409528018140051,2012
p67_wind_g10,84,0.40565250205002684,2012
p67_wind_g10,85,0.6668219886192995,2012
p67_wind_g10,86,0.47102231186177107,2012
p67_wind_g10,87,0.46493928420308905,2012
p67_wind_g10,88,0.5464360101001294,2012
p67_wind_g10,89,0.5189063091575116,2012
p67_wind_g10,90,0.7672539113595142,2012
p67_wind_g10,91,0.3923087010265782,2012
p67_wind_g10,92,0.3228080803368041,2012
p67_wind_g10,93,0.3372972585826534,2012
p67_wind_g10,94,0.549285123629941,2012
p67_wind_g10,95,0.26733554465569087,2012
p67_wind_g10,96,0.463830290742431,2012
p67_wind_g10,97,0.4099275474307869,2012
p67_wind_g10,98,0.39049325266326956,2012
p67_wind_g10,99,0.4337329502788411,2012
p67_wind_g10,100,0.6504785305200097,2012
p67_wind_g10,101,0.41058378662331063,2012
p67_wind_g10,102,0.34186629526451856,2012
p67_wind_g10,103,0.2248704333794446,2012
p67_wind_g10,104,0.5311949304024413,2012
p67_wind_g10,105,0.4689875890813388,2012
p67_wind_g10,106,0.28464715880046265,2012
p67_wind_g10,107,0.49993397242161824,2012
p67_wind_g10,108,0.43728989437268406,2012
p67_wind_g10,109,0.5068967930229709,2012
p67_wind_g10,110,0.37155471825355746,2012
p67_wind_g10,111,0.6886246879041736,2012
p67_wind_g10,112,0.18186743764758587,2012
p67_wind_g10,113,0.43544147430230945,2012
p67_wind_g10,114,0.20479195280303164,2012
p67_wind_g10,115,0.6296581830483423,2012
p67_wind_g10,116,0.30638916518122006,2012
p67_wind_g10,117,0.5647232177397845,2012
p67_wind_g10,118,0.3810765010380469,2012
p67_wind_g10,119,0.6028594676383657,2012
p67_wind_g10,120,0.2901244237571536,2012
p67_wind_g10,121,0.3870740401056867,2012
p67_wind_g10,122,0.18780161886437416,2012
p67_wind_g10,123,0.4555415097444722,2012
p67_wind_g10,124,0.28212074337705634,2012
p67_wind_g10,125,0.2362749773036877,2012
p67_wind_g10,126,0.5935080908427589,2012
p67_wind_g10,127,0.19809119620596244,2012
p67_wind_g10,128,0.5166646415356725,2012
p67_wind_g10,129,0.23535891296803327,2012
p67_wind_g10,130,0.2955902462169313,2012
p67_wind_g10,131,0.291515628363768,2012
p67_wind_g10,132,0.5411682924453849,2012
p67_wind_g10,133,0.22636334397711727,2012
p67_wind_g10,134,0.5583323157399749,2012
p67_wind_g10,135,0.3249021130939161,2012
p67_wind_g10,136,0.5241167287313128,2012
p67_wind_g10,137,0.22003224223342327,2012
p67_wind_g10,138,0.5517572552197006,2012
p67_wind_g10,139,0.20638709004014016,2012
p67_wind_g10,140,0.2435109726119434,2012
p67_wind_g10,141,0.27489557973992995,2012
p67_wind_g10,142,0.41117600018290673,2012
p67_wind_g10,143,0.2471020100830063,2012
p67_wind_g10,144,0.2797331309267167,2012
p67_wind_g10,145,0.3588832321339012,2012
p67_wind_g10,146,0.14298818975641842,2012
p67_wind_g10,147,0.5004204587011499,2012
p67_wind_g10,148,0.135342905659339,2012
p67_wind_g10,149,0.4311820453356171,2012
p67_wind_g10,150,0.16267841757602367,2012
p67_wind_g10,151,0.46796655565030415,2012
p67_wind_g10,152,0.2602002080918597,2012
p67_wind_g10,153,0.396625241646119,2012
p67_wind_g10,154,0.24627356205781573,2012
p67_wind_g10,155,0.4233327392633609,2012
p67_wind_g10,156,0.2334252393199942,2012
p67_wind_g10,157,0.34645320676833574,2012
p67_wind_g10,158,0.21904687730824896,2012
p67_wind_g10,159,0.31682881549435865,2012
p67_wind_g10,160,0.38529793114390976,2012
p67_wind_g10,161,0.14389289233444744,2012
p67_wind_g10,162,0.19487454370144186,2012
p67_wind_g10,163,0.23567988670225762,2012
p67_wind_g10,164,0.2111711561264327,2012
p67_wind_g10,165,0.17995057388274827,2012
p67_wind_g10,166,0.2713778002564125,2012
p67_wind_g10,167,0.21296923696924924,2012
p67_wind_g10,168,0.21180237859570586,2012
p67_wind_g10,169,0.23223377787945573,2012
p67_wind_g10,170,0.492112678268124,2012
p67_wind_g10,171,0.17620534059474838,2012
p67_wind_g10,172,0.2564429905473419,2012
p67_wind_g10,173,0.27439671086137435,2012
p67_wind_g10,174,0.3339192569461364,2012
p67_wind_g10,175,0.22440187797877573,2012
p67_wind_g10,176,0.2587437427596416,2012
p67_wind_g10,177,0.29998819887634015,2012
p67_wind_g10,178,0.2753504633777156,2012
p67_wind_g10,179,0.15286527683015513,2012
p67_wind_g10,180,0.26455873183207307,2012
p67_wind_g10,181,0.19978121514828723,2012
p67_wind_g10,182,0.20696494536021973,2012
p67_wind_g10,183,0.35418485179920356,2012
p67_wind_g10,184,0.1877707780772045,2012
p67_wind_g10,185,0.4561684815874959,2012
p67_wind_g10,186,0.1577461598264178,2012
p67_wind_g10,187,0.21962039559962343,2012
p67_wind_g10,188,0.16440978830937464,2012
p67_wind_g10,189,0.4389533912986838,2012
p67_wind_g10,190,0.22094466489452297,2012
p67_wind_g10,191,0.25911384753226757,2012
p67_wind_g10,192,0.22684500885233116,2012
p67_wind_g10,193,0.24302026685596198,2012
p67_wind_g10,194,0.23252002016466242,2012
p67_wind_g10,195,0.17386318825069105,2012
p67_wind_g10,196,0.16837259590148904,2012
p67_wind_g10,197,0.276562469588801,2012
p67_wind_g10,198,0.2483296303237818,2012
p67_wind_g10,199,0.21798876878762583,2012
p67_wind_g10,200,0.3014809442843924,2012
p67_wind_g10,201,0.2528307198627814,2012
p67_wind_g10,202,0.2516847909693132,2012
p67_wind_g10,203,0.1393285785329922,2012
p67_wind_g10,204,0.4192787877543729,2012
p67_wind_g10,205,0.10168335538016077,2012
p67_wind_g10,206,0.4935972018323547,2012
p67_wind_g10,207,0.18790871075847945,2012
p67_wind_g10,208,0.3238765704289509,2012
p67_wind_g10,209,0.24406253185775284,2012
p67_wind_g10,210,0.32498436280553544,2012
p67_wind_g10,211,0.1436179774257688,2012
p67_wind_g10,212,0.39518195460959454,2012
p67_wind_g10,213,0.22168419049126376,2012
p67_wind_g10,214,0.17140801508727516,2012
p67_wind_g10,215,0.1705059651291986,2012
p67_wind_g10,216,0.34553889536413623,2012
p67_wind_g10,217,0.34828583129972374,2012
p67_wind_g10,218,0.274645526685131,2012
p67_wind_g10,219,0.2657866620558532,2012
p67_wind_g10,220,0.15906074851600852,2012
p67_wind_g10,221,0.5031491762534248,2012
p67_wind_g10,222,0.2400936571056659,2012
p67_wind_g10,223,0.41350029267946914,2012
p67_wind_g10,224,0.10480171368918603,2012
p67_wind_g10,225,0.47493928493573356,2012
p67_wind_g10,226,0.18504082184784212,2012
p67_wind_g10,227,0.3629068765028951,2012
p67_wind_g10,228,0.12370976812709243,2012
p67_wind_g10,229,0.4116124719004895,2012
p67_wind_g10,230,0.2468737938643718,2012
p67_wind_g10,231,0.23679132863719277,2012
p67_wind_g10,232,0.16201509671778497,2012
p67_wind_g10,233,0.39283956161320294,2012
p67_wind_g10,234,0.39954059650283585,2012
p67_wind_g10,235,0.41722952187990753,2012
p67_wind_g10,236,0.20944170052361905,2012
p67_wind_g10,237,0.1863904395100786,2012
p67_wind_g10,238,0.5262934209744663,2012
p67_wind_g10,239,0.2562567717461858,2012
p67_wind_g10,240,0.6006773830023179,2012
