site_id,time_index,value,weather_year
p60_solar_g01,1,0.0,2012
p60_solar_g01,2,0.6971092249992216,2012
p60_solar_g01,3,0.0,2012
p60_solar_g01,4,0.6041292432573055,2012
p60_solar_g01,5,0.0,2012
p60_solar_g01,6,0.4843529970352746,2012
p60_solar_g01,7,0.0,2012
p60_solar_g01,8,0.21719254647951486,2012
p60_solar_g01,9,0.0,2012
p60_solar_g01,10,0.06974022848094918,2012
p60_solar_g01,11,0.06706659977872446,2012
p60_solar_g01,12,6.679800905174896e-17,2012
p60_solar_g01,13,0.2975712040588208,2012
p60_solar_g01,14,6.284624814065541e-17,2012
p60_solar_g01,15,0.36840910131829374,2012
p60_solar_g01,16,5.901098649290434e-17,2012
p60_solar_g01,17,0.4086848155549567,2012
p60_solar_g01,18,5.530245032521211e-17,2012
p60_solar_g01,19,0.4320053242261169,2012
p60_solar_g01,20,0.0,2012
p60_solar_g01,21,0.39189683112811474,2012
p60_solar_g01,22,0.0,2012
p60_solar_g01,23,0.33336443572646757,2012
p60_solar_g01,24,0.0,2012
p60_solar_g01,25,0.1992022760851661,2012
p60_solar_g01,26,0.0,2012
p60_solar_g01,27,0.11568351126548616,2012
p60_solar_g01,28,0.037455923567869163,2012
p60_solar_g01,29,0.036552239325244304,2012
p60_solar_g01,30,0.10239478051461959,2012
p60_solar_g01,31,3.4506929360184487e-17,2012
p60_solar_g01,32,0.15242398597229184,2012
p60_solar_g01,33,3.2069023939053314e-17,2012
p60_solar_g01,34,0.1867457852092752,2012
p60_solar_g01,35,2.982968116924756e-17,2012
p60_solar_g01,36,0.2255618693980451,2012
p60_solar_g01,37,2.77948719613777e-17,2012
p60_solar_g01,38,0.21683529028453338,2012
p60_solar_g01,39,0.0,2012
p60_solar_g01,40,0.1971978776476685,2012
p60_solar_g01,41,0.0,2012
p60_solar_g01,42,0.14307180225376492,2012
p60_solar_g01,43,0.0,2012
p60_solar_g01,44,0.10281646389011471,2012
p60_solar_g01,45,0.0,2012
p60_solar_g01,46,0.06123445041457299,2012
p60_solar_g01,47,0.020271240824251354,2012
p60_solar_g01,48,0.02003706726271953,2012
p60_solar_g01,49,0.05779091420868635,2012
p60_solar_g01,50,1.9797272685266918e-17,2012
p60_solar_g01,51,0.09069470909854851,2012
p60_solar_g01,52,1.9468266296302286e-17,2012
p60_solar_g01,53,0.1401078180952082,2012
p60_solar_g01,54,1.937142080834743e-17,2012
p60_solar_g01,55,0.15409515596863163,2012
p60_solar_g01,56,0.0,2012
p60_solar_g01,57,0.16107783562684327,2012
p60_solar_g01,58,0.0,2012
p60_solar_g01,59,0.1464003253563111,2012
p60_solar_g01,60,0.0,2012
p60_solar_g01,61,0.12835366617151045,2012
p60_solar_g01,62,0.0,2012
p60_solar_g01,63,0.10195678849406425,2012
p60_solar_g01,64,0.0,2012
p60_solar_g01,65,0.022820508833237267,2012
p60_solar_g01,66,0.02373323852990587,2012
p60_solar_g01,67,2.4613226394045988e-17,2012
p60_solar_g01,68,0.07437743754838354,2012
p60_solar_g01,69,2.625936953636818e-17,2012
p60_solar_g01,70,0.1679348678096739,2012
p60_solar_g01,71,2.811956600325431e-17,2012
p60_solar_g01,72,0.21312160683563558,2012
p60_solar_g01,73,3.018885582744457e-17,2012
p60_solar_g01,74,0.2511844755187792,2012
p60_solar_g01,75,0.0,2012
p60_solar_g01,76,0.2702541109932102,2012
p60_solar_g01,77,0.0,2012
p60_solar_g01,78,0.2652472311813128,2012
p60_solar_g01,79,0.0,2012
p60_solar_g01,80,0.24124403983827364,2012
p60_solar_g01,81,0.0,2012
p60_solar_g01,82,0.12286974726186208,2012
p60_solar_g01,83,0.0,2012
p60_solar_g01,84,0.04485076467314344,2012
p60_solar_g01,85,0.04699691287130514,2012
p60_solar_g01,86,4.8865166425379274e-17,2012
p60_solar_g01,87,0.23726054550551695,2012
p60_solar_g01,88,5.2315952408762154e-17,2012
p60_solar_g01,89,0.33431335147223296,2012
p60_solar_g01,90,5.591131529298206e-17,2012
p60_solar_g01,91,0.4221324060020057,2012
p60_solar_g01,92,5.964166851957043e-17,2012
p60_solar_g01,93,0.5078906629926342,2012
p60_solar_g01,94,0.0,2012
p60_solar_g01,95,0.5243149904305333,2012
p60_solar_g01,96,0.0,2012
p60_solar_g01,97,0.5073683338721379,2012
p60_solar_g01,98,0.0,2012
p60_solar_g01,99,0.34469587340770996,2012
p60_solar_g01,100,0.0,2012
p60_solar_g01,101,0.2274006390562561,2012
p60_solar_g01,102,0.08011062727284625,2012
p60_solar_g01,103,0.08152833494509937,2012
p60_solar_g01,104,0.24824811503446653,2012
p60_solar_g01,105,8.719397340279756e-17,2012
p60_solar_g01,106,0.4180820603741604,2012
p60_solar_g01,107,9.160713496898631e-17,2012
p60_solar_g01,108,0.5780297397855458,2012
p60_solar_g01,109,9.606010870682047e-17,2012
p60_solar_g01,110,0.7852627200530999,2012
p60_solar_g01,111,1.0054102135218974e-16,2012
p60_solar_g01,112,0.8454512771645645,2012
p60_solar_g01,113,0.0,2012
p60_solar_g01,114,0.856568708367854,2012
p60_solar_g01,115,0.0,2012
p60_solar_g01,116,0.6878244592908858,2012
p60_solar_g01,117,0.0,2012
p60_solar_g01,118,0.5427934698628709,2012
p60_solar_g01,119,0.0,2012
p60_solar_g01,120,0.35172360758767435,2012
p60_solar_g01,121,0.12245814126719137,2012
p60_solar_g01,122,0.12390096451037164,2012
p60_solar_g01,123,0.3729404095361323,2012
p60_solar_g01,124,1.3024435861222064e-16,2012
p60_solar_g01,125,0.6174797386585309,2012
p60_solar_g01,126,1.345427320337373e-16,2012
p60_solar_g01,127,0.9932080647478346,2012
p60_solar_g01,128,1.387664355495968e-16,2012
p60_solar_g01,129,1.0,2012
p60_solar_g01,130,0.0,2012
p60_solar_g01,131,1.0,2012
p60_solar_g01,132,0.0,2012
p60_solar_g01,133,1.0,2012
p60_solar_g01,134,0.0,2012
p60_solar_g01,135,0.9378035161893494,2012
p60_solar_g01,136,0.0,2012
p60_solar_g01,137,0.7290276900320888,2012
p60_solar_g01,138,0.0,2012
p60_solar_g01,139,0.46549392375750015,2012
p60_solar_g01,140,0.1605105743613385,2012
p60_solar_g01,141,1.642115833053283e-16,2012
p60_solar_g01,142,0.4819014582507899,2012
p60_solar_g01,143,1.6750859132454422e-16,2012
p60_solar_g01,144,1.0,2012
p60_solar_g01,145,1.7064303034481709e-16,2012
p60_solar_g01,146,1.0,2012
p60_solar_g01,147,1.7360654280005385e-16,2012
p60_solar_g01,148,1.0,2012
p60_solar_g01,149,0.0,2012
p60_solar_g01,150,1.0,2012
p60_solar_g01,151,0.0,2012
p60_solar_g01,152,1.0,2012
p60_solar_g01,153,0.0,2012
p60_solar_g01,154,1.0,2012
p60_solar_g01,155,0.0,2012
p60_solar_g01,156,0.5355562215084638,2012
p60_solar_g01,157,0.0,2012
p60_solar_g01,158,0.1838762558992549,2012
p60_solar_g01,159,0.18498009513181793,2012
p60_solar_g01,160,1.884635233366616e-16,2012
p60_solar_g01,161,0.8787357796903853,2012
p60_solar_g01,162,1.8989122393197157e-16,2012
p60_solar_g01,163,1.0,2012
p60_solar_g01,164,1.9109667520591197e-16,2012
p60_solar_g01,165,1.0,2012
p60_solar_g01,166,1.9207666298247605e-16,2012
p60_solar_g01,167,1.0,2012
p60_solar_g01,168,0.0,2012
p60_solar_g01,169,1.0,2012
p60_solar_g01,170,0.0,2012
p60_solar_g01,171,1.0,2012
p60_solar_g01,172,0.0,2012
p60_solar_g01,173,0.8985216691977467,2012
p60_solar_g01,174,0.0,2012
p60_solar_g01,175,0.5606066536615611,2012
p60_solar_g01,176,0.0,2012
p60_solar_g01,177,0.19023661794374347,2012
p60_solar_g01,178,0.5586466013658276,2012
p60_solar_g01,179,1.9271918700738378e-16,2012
p60_solar_g01,180,0.8916219963361957,2012
p60_solar_g01,181,1.9192910725933945e-16,2012
p60_solar_g01,182,1.0,2012
p60_solar_g01,183,1.909113444442097e-16,2012
p60_solar_g01,184,1.0,2012
p60_solar_g01,185,1.89668612291609e-16,2012
p60_solar_g01,186,1.0,2012
p60_solar_g01,187,0.0,2012
p60_solar_g01,188,1.0,2012
p60_solar_g01,189,0.0,2012
p60_solar_g01,190,1.0,2012
p60_solar_g01,191,0.0,2012
p60_solar_g01,192,0.8500099756441479,2012
p60_solar_g01,193,0.0,2012
p60_solar_g01,194,0.5241202949525104,2012
p60_solar_g01,195,0.17657971233599648,2012
p60_solar_g01,196,0.1757585399826155,2012
p60_solar_g01,197,0.512044906460133,2012
p60_solar_g01,198,1.759398526496619e-16,2012
p60_solar_g01,199,0.8075028290466258,2012
p60_solar_g01,200,1.731248350893252e-16,2012
p60_solar_g01,201,1.0,2012
p60_solar_g01,202,1.7013227356063118e-16,2012
p60_solar_g01,203,1.0,2012
p60_solar_g01,204,0.0,2012
p60_solar_g01,205,1.0,2012
p60_solar_g01,206,0.0,2012
p60_solar_g01,207,1.0,2012
p60_solar_g01,208,0.0,2012
p60_solar_g01,209,0.9643250525163797,2012
p60_solar_g01,210,0.0,2012
p60_solar_g01,211,0.7146495531165336,2012
p60_solar_g01,212,0.0,2012
p60_solar_g01,213,0.4350027296341632,2012
p60_solar_g01,214,0.14528445091753694,2012
p60_solar_g01,215,1.4627874067895864e-16,2012
p60_solar_g01,216,0.415759363722769,2012
p60_solar_g01,217,1.422210173510797e-16,2012
p60_solar_g01,218,0.8524013208431489,2012
p60_solar_g01,219,1.3806815098770856e-16,2012
p60_solar_g01,220,0.9779134134156361,2012
p60_solar_g01,221,1.3383121465642882e-16,2012
p60_solar_g01,222,1.0,2012
p60_solar_g01,223,0.0,2012
p60_solar_g01,224,1.0,2012
p60_solar_g01,225,0.0,2012
p60_solar_g01,226,0.8836017854129713,2012
p60_solar_g01,227,0.0,2012
p60_solar_g01,228,0.7197620009628873,2012
p60_solar_g01,229,0.0,2012
p60_solar_g01,230,0.3280215431768007,2012
p60_solar_g01,231,0.0,2012
p60_solar_g01,232,0.1070762127437388,2012
p60_solar_g01,233,0.10412266680624058,2012
p60_solar_g01,234,1.042878392316981e-16,2012
p60_solar_g01,235,0.4698425554295057,2012
p60_solar_g01,236,9.979276871928456e-17,2012
p60_solar_g01,237,0.5916792863033454,2012
p60_solar_g01,238,9.531568447134768e-17,2012
p60_solar_g01,239,0.667695180667664,2012
p60_solar_g01,240,9.086852403947631e-17,2012
p60_solar_g02,1,0.0,2012
p60_solar_g02,2,0.6963710958888509,2012
p60_solar_g02,3,0.0,2012
p60_solar_g02,4,0.6034895653347033,2012
p60_solar_g02,5,0.0,2012
p60_solar_g02,6,0.4838401433331774,2012
p60_solar_g02,7,0.0,2012
p60_solar_g02,8,0.21696257370715305,2012
p60_solar_g02,9,0.0,2012
p60_solar_g02,10,0.069666384539484,2012
p60_solar_g02,11,0.06699558678986277,2012
p60_solar_g02,12,6.672728045825494e-17,2012
p60_solar_g02,13,0.2972561229205328,2012
p60_solar_g02,14,6.277970384090061e-17,2012
p60_solar_g02,15,0.3680190139798156,2012
p60_solar_g02,16,5.894850313247808e-17,2012
p60_solar_g02,17,0.40825208256490353,2012
p60_solar_g02,18,5.5243893721747415e-17,2012
p60_solar_g02,19,0.43154789848247294,2012
p60_solar_g02,20,0.0,2012
p60_solar_g02,21,0.39148187397514067,2012
p60_solar_g02,22,0.0,2012
p60_solar_g02,23,0.3330114551811703,2012
p60_solar_g02,24,0.0,2012
p60_solar_g02,25,0.1989913521817696,2012
p60_solar_g02,26,0.0,2012
p60_solar_g02,27,0.11556102060807873,2012
p60_solar_g02,28,0.037416263631449176,2012
p60_solar_g02,29,0.03651353624841266,2012
p60_solar_g02,30,0.10228636053459719,2012
p60_solar_g02,31,3.447039194516135e-17,2012
p60_solar_g02,32,0.15226259292636707,2012
p60_solar_g02,33,3.203506788272568e-17,2012
p60_solar_g02,34,0.18654805077203243,2012
p60_solar_g02,35,2.979809622497413e-17,2012
p60_solar_g02,36,0.22532303482805,2012
p60_solar_g02,37,2.776544156026124e-17,2012
p60_solar_g02,38,0.2166056957903351,2012
p60_solar_g02,39,0.0,2012
p60_solar_g02,40,0.19698907608720256,2012
p60_solar_g02,41,0.0,2012
p60_solar_g02,42,0.14292031170059258,2012
p60_solar_g02,43,0.0,2012
p60_solar_g02,44,0.10270759741367017,2012
p60_solar_g02,45,0.0,2012
p60_solar_g02,46,0.061169612755297156,2012
p60_solar_g02,47,0.02024977676608209,2012
p60_solar_g02,48,0.0200158511575488,2012
p60_solar_g02,49,0.057729722713060386,2012
p60_solar_g02,50,1.977631048486718e-17,2012
p60_solar_g02,51,0.09059867765535207,2012
p60_solar_g02,52,1.9447652461961245e-17,2012
p60_solar_g02,53,0.13995946593543482,2012
p60_solar_g02,54,1.9350909518157728e-17,2012
p60_solar_g02,55,0.15393199341632474,2012
p60_solar_g02,56,0.0,2012
p60_solar_g02,57,0.16090727951418848,2012
p60_solar_g02,58,0.0,2012
p60_solar_g02,59,0.14624531042028965,2012
p60_solar_g02,60,0.0,2012
p60_solar_g02,61,0.12821775981132122,2012
p60_solar_g02,62,0.0,2012
p60_solar_g02,63,0.10184883227875603,2012
p60_solar_g02,64,0.0,2012
p60_solar_g02,65,0.022796345500893902,2012
p60_solar_g02,66,0.023708108760259927,2012
p60_solar_g02,67,2.458716485555235e-17,2012
p60_solar_g02,68,0.07429868353130782,2012
p60_solar_g02,69,2.6231564990997552e-17,2012
p60_solar_g02,70,0.16775705117760065,2012
p60_solar_g02,71,2.8089791802176975e-17,2012
p60_solar_g02,72,0.21289594454856067,2012
p60_solar_g02,73,3.015689057365663e-17,2012
p60_solar_g02,74,0.2509185106357958,2012
p60_solar_g02,75,0.0,2012
p60_solar_g02,76,0.26996795436327653,2012
p60_solar_g02,77,0.0,2012
p60_solar_g02,78,0.26496637605021006,2012
p60_solar_g02,79,0.0,2012
p60_solar_g02,80,0.24098860031441963,2012
p60_solar_g02,81,0.0,2012
p60_solar_g02,82,0.12273964750993589,2012
p60_solar_g02,83,0.0,2012
p60_solar_g02,84,0.0448032747621791,2012
p60_solar_g02,85,0.04694715052669136,2012
p60_solar_g02,86,4.8813425893869716e-17,2012
p60_solar_g02,87,0.23700932387610843,2012
p60_solar_g02,88,5.2260558037227745e-17,2012
p60_solar_g02,89,0.33395936617429417,2012
p60_solar_g02,90,5.585211399720677e-17,2012
p60_solar_g02,91,0.4216854341271159,2012
p60_solar_g02,92,5.957851736599702e-17,2012
p60_solar_g02,93,0.5073528866015089,2012
p60_solar_g02,94,0.0,2012
p60_solar_g02,95,0.5237598232579272,2012
p60_solar_g02,96,0.0,2012
p60_solar_g02,97,0.5068311105454609,2012
p60_solar_g02,98,0.0,2012
p60_solar_g02,99,0.3443308946507768,2012
p60_solar_g02,100,0.0,2012
p60_solar_g02,101,0.2271598575181772,2012
p60_solar_g02,102,0.08002580270889044,2012
p60_solar_g02,103,0.08144200925152806,2012
p60_solar_g02,104,0.24798525929575246,2012
p60_solar_g02,105,8.710164868852118e-17,2012
p60_solar_g02,106,0.4176393771787311,2012
p60_solar_g02,107,9.151013741019151e-17,2012
p60_solar_g02,108,0.5774176971352766,2012
p60_solar_g02,109,9.595839614867444e-17,2012
p60_solar_g02,110,0.7844312502458246,2012
p60_solar_g02,111,1.0043456421178032e-16,2012
p60_solar_g02,112,0.8445560771346469,2012
p60_solar_g02,113,0.0,2012
p60_solar_g02,114,0.855661736725527,2012
p60_solar_g02,115,0.0,2012
p60_solar_g02,116,0.6870961612881904,2012
p60_solar_g02,117,0.0,2012
p60_solar_g02,118,0.542218736884656,2012
p60_solar_g02,119,0.0,2012
p60_solar_g02,120,0.3513511875647356,2012
p60_solar_g02,121,0.12232847734132482,2012
p60_solar_g02,122,0.12376977286144718,2012
p60_solar_g02,123,0.3725455242543998,2012
p60_solar_g02,124,1.3010645030588122e-16,2012
p60_solar_g02,125,0.6168259246594859,2012
p60_solar_g02,126,1.3440027242548435e-16,2012
p60_solar_g02,127,0.9921564135015811,2012
p60_solar_g02,128,1.3861950370312518e-16,2012
p60_solar_g02,129,1.0,2012
p60_solar_g02,130,0.0,2012
p60_solar_g02,131,1.0,2012
p60_solar_g02,132,0.0,2012
p60_solar_g02,133,1.0,2012
p60_solar_g02,134,0.0,2012
p60_solar_g02,135,0.9368105296525437,2012
p60_solar_g02,136,0.0,2012
p60_solar_g02,137,0.7282557642836102,2012
p60_solar_g02,138,0.0,2012
p60_solar_g02,139,0.4650010388500792,2012
p60_solar_g02,140,0.1603406188892121,2012
p60_solar_g02,141,1.6403770904638726e-16,2012
p60_solar_g02,142,0.4813912003429773,2012
p60_solar_g02,143,1.6733122605227436e-16,2012
p60_solar_g02,144,1.0,2012
p60_solar_g02,145,1.7046234619423866e-16,2012
p60_solar_g02,146,1.0,2012
p60_solar_g02,147,1.7342272075553614e-16,2012
p60_solar_g02,148,1.0,2012
p60_solar_g02,149,0.0,2012
p60_solar_g02,150,1.0,2012
p60_solar_g02,151,0.0,2012
p60_solar_g02,152,1.0,2012
p60_solar_g02,153,0.0,2012
p60_solar_g02,154,1.0,2012
p60_solar_g02,155,0.0,2012
p60_solar_g02,156,0.5349891516388378,2012
p60_solar_g02,157,0.0,2012
p60_solar_g02,158,0.1836815598425712,2012
p60_solar_g02,159,0.18478423028286825,2012
p60_solar_g02,160,1.8826397008470463e-16,2012
p60_solar_g02,161,0.8778053366033435,2012
p60_solar_g02,162,1.896901589694641e-16,2012
p60_solar_g02,163,1.0,2012
p60_solar_g02,164,1.9089433385995623e-16,2012
p60_solar_g02,165,1.0,2012
p60_solar_g02,166,1.918732839834815e-16,2012
p60_solar_g02,167,1.0,2012
p60_solar_g02,168,0.0,2012
p60_solar_g02,169,1.0,2012
p60_solar_g02,170,0.0,2012
p60_solar_g02,171,1.0,2012
p60_solar_g02,172,0.0,2012
p60_solar_g02,173,0.8975702759633015,2012
p60_solar_g02,174,0.0,2012
p60_solar_g02,175,0.5600130593212546,2012
p60_solar_g02,176,0.0,2012
p60_solar_g02,177,0.19003518726326024,2012
p60_solar_g02,178,0.5580550824128568,2012
p60_solar_g02,179,1.9251512767642705e-16,2012
p60_solar_g02,180,0.8906779087709461,2012
p60_solar_g02,181,1.917258844986656e-16,2012
p60_solar_g02,182,1.0,2012
p60_solar_g02,183,1.907091993344037e-16,2012
p60_solar_g02,184,1.0,2012
p60_solar_g02,185,1.8946778303984262e-16,2012
p60_solar_g02,186,1.0,2012
p60_solar_g02,187,0.0,2012
p60_solar_g02,188,1.0,2012
p60_solar_g02,189,0.0,2012
p60_solar_g02,190,1.0,2012
p60_solar_g02,191,0.0,2012
p60_solar_g02,192,0.8491099486689935,2012
p60_solar_g02,193,0.0,2012
p60_solar_g02,194,0.5235653339318169,2012
p60_solar_g02,195,0.1763927421722087,2012
p60_solar_g02,196,0.1755724393112931,2012
p60_solar_g02,197,0.5115027313780637,2012
p60_solar_g02,198,1.757535599967205e-16,2012
p60_solar_g02,199,0.8066478104592207,2012
p60_solar_g02,200,1.7294152309756712e-16,2012
p60_solar_g02,201,1.0,2012
p60_solar_g02,202,1.699521302212158e-16,2012
p60_solar_g02,203,1.0,2012
p60_solar_g02,204,0.0,2012
p60_solar_g02,205,1.0,2012
p60_solar_g02,206,0.0,2012
p60_solar_g02,207,1.0,2012
p60_solar_g02,208,0.0,2012
p60_solar_g02,209,0.9633039838407748,2012
p60_solar_g02,210,0.0,2012
p60_solar_g02,211,0.7138928515553554,2012
p60_solar_g02,212,0.0,2012
p60_solar_g02,213,0.43454213010926956,2012
p60_solar_g02,214,0.14513061751717338,2012
p60_solar_g02,215,1.4612385448200205e-16,2012
p60_solar_g02,216,0.41531913989805447,2012
p60_solar_g02,217,1.4207042764540847e-16,2012
p60_solar_g02,218,0.8514987618092567,2012
p60_solar_g02,219,1.3792195851484438e-16,2012
p60_solar_g02,220,0.9768779568014093,2012
p60_solar_g02,221,1.3368950843325514e-16,2012
p60_solar_g02,222,1.0,2012
p60_solar_g02,223,0.0,2012
p60_solar_g02,224,1.0,2012
p60_solar_g02,225,0.0,2012
p60_solar_g02,226,0.8826661899906191,2012
p60_solar_g02,227,0.0,2012
p60_solar_g02,228,0.7189998861229211,2012
p60_solar_g02,229,0.0,2012
p60_solar_g02,230,0.3276742199150152,2012
p60_solar_g02,231,0.0,2012
p60_solar_g02,232,0.10696283586272783,2012
p60_solar_g02,233,0.10401241726619298,2012
p60_solar_g02,234,1.0417741480001073e-16,2012
p60_solar_g02,235,0.46934506600458265,2012
p60_solar_g02,236,9.96871038608167e-17,2012
p60_solar_g02,237,0.5910527909285004,2012
p60_solar_g02,238,9.5214760141472e-17,2012
p60_solar_g02,239,0.6669881964074779,2012
p60_solar_g02,240,9.077230855357448e-17,2012
p60_solar_g03,1,0.0,2012
p60_solar_g03,2,0.6976497644548251,2012
p60_solar_g03,3,0.0,2012
p60_solar_g03,4,0.6045976859066836,2012
p60_solar_g03,5,0.0,2012
p60_solar_g03,6,0.48472856501795003,2012
p60_solar_g03,7,0.0,2012
p60_solar_g03,8,0.21736095787994542,2012
p60_solar_g03,9,0.0,2012
p60_solar_g03,10,0.06979430515040769,2012
p60_solar_g03,11,0.06711860331279562,2012
p60_solar_g03,12,6.684980432019956e-17,2012
p60_solar_g03,13,0.29780194118132186,2012
p60_solar_g03,14,6.289497920823914e-17,2012
p60_solar_g03,15,0.36869476624413977,2012
p60_solar_g03,16,5.905674369331084e-17,2012
p60_solar_g03,17,0.40900171032523286,2012
p60_solar_g03,18,5.534533192155358e-17,2012
p60_solar_g03,19,0.4323403017510167,2012
p60_solar_g03,20,0.0,2012
p60_solar_g03,21,0.39220070847208616,2012
p60_solar_g03,22,0.0,2012
p60_solar_g03,23,0.33362292697022544,2012
p60_solar_g03,24,0.0,2012
p60_solar_g03,25,0.19935673780509267,2012
p60_solar_g03,26,0.0,2012
p60_solar_g03,27,0.11577321241985236,2012
p60_solar_g03,28,0.03748496694272126,2012
p60_solar_g03,29,0.0365805819820869,2012
p60_solar_g03,30,0.10247417756881304,2012
p60_solar_g03,31,3.453368608085609e-17,2012
p60_solar_g03,32,0.15254217574147538,2012
p60_solar_g03,33,3.2093890304495216e-17,2012
p60_solar_g03,34,0.18689058814897722,2012
p60_solar_g03,35,2.985281114521377e-17,2012
p60_solar_g03,36,0.2257367703830227,2012
p60_solar_g03,37,2.781642414347455e-17,2012
p60_solar_g03,38,0.2170034246680171,2012
p60_solar_g03,39,0.0,2012
p60_solar_g03,40,0.19735078515427906,2012
p60_solar_g03,41,0.0,2012
p60_solar_g03,42,0.14318274032678002,2012
p60_solar_g03,43,0.0,2012
p60_solar_g03,44,0.10289618791817977,2012
p60_solar_g03,45,0.0,2012
p60_solar_g03,46,0.06128193169197441,2012
p60_solar_g03,47,0.020286959172376155,2012
p60_solar_g03,48,0.02005260403234138,2012
p60_solar_g03,49,0.057835725363359035,2012
p60_solar_g03,50,1.9812623517842316e-17,2012
p60_solar_g03,51,0.09076503390121098,2012
p60_solar_g03,52,1.9483362016869404e-17,2012
p60_solar_g03,53,0.14021645789081422,2012
p60_solar_g03,54,1.938644143478947e-17,2012
p60_solar_g03,55,0.15421464156533782,2012
p60_solar_g03,56,0.0,2012
p60_solar_g03,57,0.16120273560299783,2012
p60_solar_g03,58,0.0,2012
p60_solar_g03,59,0.1465138443707358,2012
p60_solar_g03,60,0.0,2012
p60_solar_g03,61,0.12845319178148518,2012
p60_solar_g03,62,0.0,2012
p60_solar_g03,63,0.1020358459286402,2012
p60_solar_g03,64,0.0,2012
p60_solar_g03,65,0.022838203887296158,2012
p60_solar_g03,66,0.023751641315831816,2012
p60_solar_g03,67,2.4632311523776842e-17,2012
p60_solar_g03,68,0.0744351099161558,2012
p60_solar_g03,69,2.6279731087764513e-17,2012
p60_solar_g03,70,0.16806508473805093,2012
p60_solar_g03,71,2.814136995355955e-17,2012
p60_solar_g03,72,0.21328686162384528,2012
p60_solar_g03,73,3.021226430793668e-17,2012
p60_solar_g03,74,0.2513792443079214,2012
p60_solar_g03,75,0.0,2012
p60_solar_g03,76,0.2704636664040298,2012
p60_solar_g03,77,0.0,2012
p60_solar_g03,78,0.2654529042506131,2012
p60_solar_g03,79,0.0,2012
p60_solar_g03,80,0.24143110079986388,2012
p60_solar_g03,81,0.0,2012
p60_solar_g03,82,0.12296502063354231,2012
p60_solar_g03,83,0.0,2012
p60_solar_g03,84,0.04488554201799905,2012
p60_solar_g03,85,0.04703335434243691,2012
p60_solar_g03,86,4.890305654289648e-17,2012
p60_solar_g03,87,0.23744451766010133,2012
p60_solar_g03,88,5.2356518270495576e-17,2012
p60_solar_g03,89,0.33457257850657035,2012
p60_solar_g03,90,5.595466900406022e-17,2012
p60_solar_g03,91,0.42245972805248233,2012
p60_solar_g03,92,5.968791475169121e-17,2012
p60_solar_g03,93,0.5082844821139928,2012
p60_solar_g03,94,0.0,2012
p60_solar_g03,95,0.5247215449980653,2012
p60_solar_g03,96,0.0,2012
p60_solar_g03,97,0.5077617479787752,2012
p60_solar_g03,98,0.0,2012
p60_solar_g03,99,0.34496315106389186,2012
p60_solar_g03,100,0.0,2012
p60_solar_g03,101,0.22757696582576556,2012
p60_solar_g03,102,0.08017274516384701,2012
p60_solar_g03,103,0.0815915521285867,2012
p60_solar_g03,104,0.24844060696563483,2012
p60_solar_g03,105,8.726158373016787e-17,2012
p60_solar_g03,106,0.4184062417810447,2012
p60_solar_g03,107,9.167816726792855e-17,2012
p60_solar_g03,108,0.5784779448438947,2012
p60_solar_g03,109,9.61345938477475e-17,2012
p60_solar_g03,110,0.785871613850487,2012
p60_solar_g03,111,1.0061898099896905e-16,2012
p60_solar_g03,112,0.8461068412522416,2012
p60_solar_g03,113,0.0,2012
p60_solar_g03,114,0.8572328929270365,2012
p60_solar_g03,115,0.0,2012
p60_solar_g03,116,0.6883577993263391,2012
p60_solar_g03,117,0.0,2012
p60_solar_g03,118,0.5432143526688691,2012
p60_solar_g03,119,0.0,2012
p60_solar_g03,120,0.35199633455864304,2012
p60_solar_g03,121,0.12255309547901501,2012
p60_solar_g03,122,0.12399703748933022,2012
p60_solar_g03,123,0.3732295880446271,2012
p60_solar_g03,124,1.3034535026772451e-16,2012
p60_solar_g03,125,0.6179585333004769,2012
p60_solar_g03,126,1.346470566539272e-16,2012
p60_solar_g03,127,0.9939781996526201,2012
p60_solar_g03,128,1.3887403523532482e-16,2012
p60_solar_g03,129,1.0,2012
p60_solar_g03,130,0.0,2012
p60_solar_g03,131,1.0,2012
p60_solar_g03,132,0.0,2012
p60_solar_g03,133,1.0,2012
p60_solar_g03,134,0.0,2012
p60_solar_g03,135,0.9385306903306824,2012
p60_solar_g03,136,0.0,2012
p60_solar_g03,137,0.7295929791095506,2012
p60_solar_g03,138,0.0,2012
p60_solar_g03,139,0.4658548683887162,2012
p60_solar_g03,140,0.16063503448232455,2012
p60_solar_g03,141,1.6433891319375973e-16,2012
p60_solar_g03,142,0.4822751253069068,2012
p60_solar_g03,143,1.676384777175461e-16,2012
p60_solar_g03,144,1.0,2012
p60_solar_g03,145,1.7077534718616319e-16,2012
p60_solar_g03,146,1.0,2012
p60_solar_g03,147,1.7374115755304962e-16,2012
p60_solar_g03,148,1.0,2012
p60_solar_g03,149,0.0,2012
p60_solar_g03,150,1.0,2012
p60_solar_g03,151,0.0,2012
p60_solar_g03,152,1.0,2012
p60_solar_g03,153,0.0,2012
p60_solar_g03,154,1.0,2012
p60_solar_g03,155,0.0,2012
p60_solar_g03,156,0.5359714925420951,2012
p60_solar_g03,157,0.0,2012
p60_solar_g03,158,0.1840188338019678,2012
p60_solar_g03,159,0.18512352895299589,2012
p60_solar_g03,160,1.8860965821287936e-16,2012
p60_solar_g03,161,0.8794171526272787,2012
p60_solar_g03,162,1.9003846584920224e-16,2012
p60_solar_g03,163,1.0,2012
p60_solar_g03,164,1.912448518317249e-16,2012
p60_solar_g03,165,1.0,2012
p60_solar_g03,166,1.9222559949216406e-16,2012
p60_solar_g03,167,1.0,2012
p60_solar_g03,168,0.0,2012
p60_solar_g03,169,1.0,2012
p60_solar_g03,170,0.0,2012
p60_solar_g03,171,1.0,2012
p60_solar_g03,172,0.0,2012
p60_solar_g03,173,0.8992183841406837,2012
p60_solar_g03,174,0.0,2012
p60_solar_g03,175,0.5610413488348724,2012
p60_solar_g03,176,0.0,2012
p60_solar_g03,177,0.19038412767996776,2012
p60_solar_g03,178,0.5590797767118824,2012
p60_solar_g03,179,1.9286862173108785e-16,2012
p60_solar_g03,180,0.892313361263269,2012
p60_solar_g03,181,1.92077929354116e-16,2012
p60_solar_g03,182,1.0,2012
p60_solar_g03,183,1.9105937736429411e-16,2012
p60_solar_g03,184,1.0,2012
p60_solar_g03,185,1.8981568159546636e-16,2012
p60_solar_g03,186,1.0,2012
p60_solar_g03,187,0.0,2012
p60_solar_g03,188,1.0,2012
p60_solar_g03,189,0.0,2012
p60_solar_g03,190,1.0,2012
p60_solar_g03,191,0.0,2012
p60_solar_g03,192,0.8506690745529205,2012
p60_solar_g03,193,0.0,2012
p60_solar_g03,194,0.5245266985528999,2012
p60_solar_g03,195,0.17671663248875566,2012
p60_solar_g03,196,0.17589482339719806,2012
p60_solar_g03,197,0.5124419467876123,2012
p60_solar_g03,198,1.7607627665433682e-16,2012
p60_solar_g03,199,0.8081289678552347,2012
p60_solar_g03,200,1.7325907632549697e-16,2012
p60_solar_g03,201,1.0,2012
p60_solar_g03,202,1.702641943604616e-16,2012
p60_solar_g03,203,1.0,2012
p60_solar_g03,204,0.0,2012
p60_solar_g03,205,1.0,2012
p60_solar_g03,206,0.0,2012
p60_solar_g03,207,1.0,2012
p60_solar_g03,208,0.0,2012
p60_solar_g03,209,0.9650727914936005,2012
p60_solar_g03,210,0.0,2012
p60_solar_g03,211,0.7152036933667782,2012
p60_solar_g03,212,0.0,2012
p60_solar_g03,213,0.4353400313513551,2012
p60_solar_g03,214,0.1453971046813811,2012
p60_solar_g03,215,1.4639216541645664e-16,2012
p60_solar_g03,216,0.4160817441074627,2012
p60_solar_g03,217,1.4233129572430654e-16,2012
p60_solar_g03,218,0.8530622740042906,2012
p60_solar_g03,219,1.3817520922262314e-16,2012
p60_solar_g03,220,0.9786716888266603,2012
p60_solar_g03,221,1.3393498756506192e-16,2012
p60_solar_g03,222,1.0,2012
p60_solar_g03,223,0.0,2012
p60_solar_g03,224,1.0,2012
p60_solar_g03,225,0.0,2012
p60_solar_g03,226,0.8842869314574208,2012
p60_solar_g03,227,0.0,2012
p60_solar_g03,228,0.7203201054122511,2012
p60_solar_g03,229,0.0,2012
p60_solar_g03,230,0.32827589153429837,2012
p60_solar_g03,231,0.0,2012
p60_solar_g03,232,0.10715923978694664,2012
p60_solar_g03,233,0.10420340366585033,2012
p60_solar_g03,234,1.0436870416623462e-16,2012
p60_solar_g03,235,0.4702068719957246,2012
p60_solar_g03,236,9.987014816993916e-17,2012
p60_solar_g03,237,0.5921380752389109,2012
p60_solar_g03,238,9.538959238469466e-17,2012
p60_solar_g03,239,0.6682129124326791,2012
p60_solar_g03,240,9.093898361848397e-17,2012
p60_solar_g04,1,0.0,2012
p60_solar_g04,2,0.6954255212942343,2012
p60_solar_g04,3,0.0,2012
p60_solar_g04,4,0.6026701108736183,2012
p60_solar_g04,5,0.0,2012
p60_solar_g04,6,0.483183156060023,2012
p60_solar_g04,7,0.0,2012
p60_solar_g04,8,0.21666796886371356,2012
p60_solar_g04,9,0.0,2012
p60_solar_g04,10,0.0695717873287321,2012
p60_solar_g04,11,0.0669046161490738,2012
p60_solar_g04,12,6.663667413995471e-17,2012
p60_solar_g04,13,0.29685249066240593,2012
p60_solar_g04,14,6.269445777977031e-17,2012
p60_solar_g04,15,0.367519295608376,2012
p60_solar_g04,16,5.886845930630289e-17,2012
p60_solar_g04,17,0.4076977333109616,2012
p60_solar_g04,18,5.51688802372427e-17,2012
p60_solar_g04,19,0.4309619167673008,2012
p60_solar_g04,20,0.0,2012
p60_solar_g04,21,0.39095029631996625,2012
p60_solar_g04,22,0.0,2012
p60_solar_g04,23,0.3325592721804762,2012
p60_solar_g04,24,0.0,2012
p60_solar_g04,25,0.19872114974476102,2012
p60_solar_g04,26,0.0,2012
p60_solar_g04,27,0.11540410489767651,2012
p60_solar_g04,28,0.03736545757628082,2012
p60_solar_g04,29,0.03646395597082798,2012
p60_solar_g04,30,0.10214746995675972,2012
p60_solar_g04,31,3.4423585971906213e-17,2012
p60_solar_g04,32,0.15205584161168498,2012
p60_solar_g04,33,3.1991568739085805e-17,2012
p60_solar_g04,34,0.18629474459874826,2012
p60_solar_g04,35,2.9757634576113884e-17,2012
p60_solar_g04,36,0.22501707764721182,2012
p60_solar_g04,37,2.772773997226786e-17,2012
p60_solar_g04,38,0.2163115755372146,2012
p60_solar_g04,39,0.0,2012
p60_solar_g04,40,0.19672159246120954,2012
p60_solar_g04,41,0.0,2012
p60_solar_g04,42,0.1427262458977518,2012
p60_solar_g04,43,0.0,2012
p60_solar_g04,44,0.10256813485504038,2012
p60_solar_g04,45,0.0,2012
p60_solar_g04,46,0.06108655297276824,2012
p60_solar_g04,47,0.02022228040017933,2012
p60_solar_g04,48,0.01998867242991932,2012
p60_solar_g04,49,0.057651333820307654,2012
p60_solar_g04,50,1.9749457019983097e-17,2012
p60_solar_g04,51,0.09047565731691108,2012
p60_solar_g04,52,1.942124526872544e-17,2012
p60_solar_g04,53,0.13976942054721297,2012
p60_solar_g04,54,1.9324633688314818e-17,2012
p60_solar_g04,55,0.15372297528916168,2012
p60_solar_g04,56,0.0,2012
p60_solar_g04,57,0.16068878992365873,2012
p60_solar_g04,58,0.0,2012
p60_solar_g04,59,0.14604672973402674,2012
p60_solar_g04,60,0.0,2012
p60_solar_g04,61,0.12804365801850986,2012
p60_solar_g04,62,0.0,2012
p60_solar_g04,63,0.10171053580312296,2012
p60_solar_g04,64,0.0,2012
p60_solar_g04,65,0.022765391250662945,2012
p60_solar_g04,66,0.02367591646298846,2012
p60_solar_g04,67,2.4553778922996682e-17,2012
p60_solar_g04,68,0.07419779630612654,2012
p60_solar_g04,69,2.6195946192947264e-17,2012
p60_solar_g04,70,0.1675292605547591,2012
p60_solar_g04,71,2.8051649791899676e-17,2012
p60_solar_g04,72,0.2126068616189984,2012
p60_solar_g04,73,3.0115941732230795e-17,2012
p60_solar_g04,74,0.25057779837709204,2012
p60_solar_g04,75,0.0,2012
p60_solar_g04,76,0.26960137562312836,2012
p60_solar_g04,77,0.0,2012
p60_solar_g04,78,0.26460658875418375,2012
p60_solar_g04,79,0.0,2012
p60_solar_g04,80,0.24066137148571776,2012
p60_solar_g04,81,0.0,2012
p60_solar_g04,82,0.12257298422778248,2012
p60_solar_g04,83,0.0,2012
p60_solar_g04,84,0.044742438178609144,2012
p60_solar_g04,85,0.04688340285954985,2012
p60_solar_g04,86,4.874714408568735e-17,2012
p60_solar_g04,87,0.23668749834850167,2012
p60_solar_g04,88,5.218959550550834e-17,2012
p60_solar_g04,89,0.33350589604299063,2012
p60_solar_g04,90,5.577627463459797e-17,2012
p60_solar_g04,91,0.42111284425975276,2012
p60_solar_g04,92,5.949761806856953e-17,2012
p60_solar_g04,93,0.5066639723101087,2012
p60_solar_g04,94,0.0,2012
p60_solar_g04,95,0.5230486306402591,2012
p60_solar_g04,96,0.0,2012
p60_solar_g04,97,0.5061429047529998,2012
p60_solar_g04,98,0.0,2012
p60_solar_g04,99,0.34386334143375563,2012
p60_solar_g04,100,0.0,2012
p60_solar_g04,101,0.22685140618891608,2012
p60_solar_g04,102,0.07991713885652484,2012
p60_solar_g04,103,0.0813314223886651,2012
p60_solar_g04,104,0.2476485299822961,2012
p60_solar_g04,105,8.698337682652787e-17,2012
p60_solar_g04,106,0.4170722812910598,2012
p60_solar_g04,107,9.138587943682673e-17,2012
p60_solar_g04,108,0.5766336446263247,2012
p60_solar_g04,109,9.582809806181525e-17,2012
p60_solar_g04,110,0.7833661022725172,2012
p60_solar_g04,111,1.0029818811446565e-16,2012
p60_solar_g04,112,0.8434092880519548,2012
p60_solar_g04,113,0.0,2012
p60_solar_g04,114,0.8544998677096964,2012
p60_solar_g04,115,0.0,2012
p60_solar_g04,116,0.6861631807581132,2012
p60_solar_g04,117,0.0,2012
p60_solar_g04,118,0.5414824796428634,2012
p60_solar_g04,119,0.0,2012
p60_solar_g04,120,0.3508741017713835,2012
p60_solar_g04,121,0.12216237237077825,2012
p60_solar_g04,122,0.1236017108130793,2012
p60_solar_g04,123,0.37203965951481943,2012
p60_solar_g04,124,1.299297839354197e-16,2012
p60_solar_g04,125,0.6159883612868786,2012
p60_solar_g04,126,1.3421777564486642e-16,2012
p60_solar_g04,127,0.990809203796825,2012
p60_solar_g04,128,1.3843127779628632e-16,2012
p60_solar_g04,129,1.0,2012
p60_solar_g04,130,0.0,2012
p60_solar_g04,131,1.0,2012
p60_solar_g04,132,0.0,2012
p60_solar_g04,133,1.0,2012
p60_solar_g04,134,0.0,2012
p60_solar_g04,135,0.9355384719206269,2012
p60_solar_g04,136,0.0,2012
p60_solar_g04,137,0.7272668947668323,2012
p60_solar_g04,138,0.0,2012
p60_solar_g04,139,0.4643696324470811,2012
p60_solar_g04,140,0.16012289874459118,2012
p60_solar_g04,141,1.6381496877019098e-16,2012
p60_solar_g04,142,0.48073753839203814,2012
p60_solar_g04,143,1.6710401364042213e-16,2012
p60_solar_g04,144,1.0,2012
p60_solar_g04,145,1.7023088215896838e-16,2012
p60_solar_g04,146,1.0,2012
p60_solar_g04,147,1.7318723694547586e-16,2012
p60_solar_g04,148,1.0,2012
p60_solar_g04,149,0.0,2012
p60_solar_g04,150,1.0,2012
p60_solar_g04,151,0.0,2012
p60_solar_g04,152,1.0,2012
p60_solar_g04,153,0.0,2012
p60_solar_g04,154,1.0,2012
p60_solar_g04,155,0.0,2012
p60_solar_g04,156,0.5342627111631033,2012
p60_solar_g04,157,0.0,2012
p60_solar_g04,158,0.18343214596323001,2012
p60_solar_g04,159,0.18453331913122392,2012
p60_solar_g04,160,1.8800833393288165e-16,2012
p60_solar_g04,161,0.8766133996745833,2012
p60_solar_g04,162,1.894325862525187e-16,2012
p60_solar_g04,163,1.0,2012
p60_solar_g04,164,1.906351260418548e-16,2012
p60_solar_g04,165,1.0,2012
p60_solar_g04,166,1.9161274688797087e-16,2012
p60_solar_g04,167,1.0,2012
p60_solar_g04,168,0.0,2012
p60_solar_g04,169,1.0,2012
p60_solar_g04,170,0.0,2012
p60_solar_g04,171,1.0,2012
p60_solar_g04,172,0.0,2012
p60_solar_g04,173,0.8963515010100552,2012
p60_solar_g04,174,0.0,2012
p60_solar_g04,175,0.5592526398772628,2012
p60_solar_g04,176,0.0,2012
p60_solar_g04,177,0.1897771460461273,2012
p60_solar_g04,178,0.5572973216277789,2012
p60_solar_g04,179,1.9225371904691197e-16,2012
p60_solar_g04,180,0.889468492688785,2012
p60_solar_g04,181,1.914655475510487e-16,2012
p60_solar_g04,182,1.0,2012
p60_solar_g04,183,1.9045024290310592e-16,2012
p60_solar_g04,184,1.0,2012
p60_solar_g04,185,1.8921051227832121e-16,2012
p60_solar_g04,186,1.0,2012
p60_solar_g04,187,0.0,2012
p60_solar_g04,188,1.0,2012
p60_solar_g04,189,0.0,2012
p60_solar_g04,190,1.0,2012
p60_solar_g04,191,0.0,2012
p60_solar_g04,192,0.847956976065395,2012
p60_solar_g04,193,0.0,2012
p60_solar_g04,194,0.5228544054034637,2012
p60_solar_g04,195,0.17615322548827755,2012
p60_solar_g04,196,0.17533403648396764,2012
p60_solar_g04,197,0.5108081821776108,2012
p60_solar_g04,198,1.7551491123282514e-16,2012
p60_solar_g04,199,0.8055524955030481,2012
p60_solar_g04,200,1.7270669268665433e-16,2012
p60_solar_g04,201,1.0,2012
p60_solar_g04,202,1.69721358987908e-16,2012
p60_solar_g04,203,1.0,2012
p60_solar_g04,204,0.0,2012
p60_solar_g04,205,1.0,2012
p60_solar_g04,206,0.0,2012
p60_solar_g04,207,1.0,2012
p60_solar_g04,208,0.0,2012
p60_solar_g04,209,0.9619959517018901,2012
p60_solar_g04,210,0.0,2012
p60_solar_g04,211,0.7129234848661082,2012
p60_solar_g04,212,0.0,2012
p60_solar_g04,213,0.43395208264614576,2012
p60_solar_g04,214,0.14493355042803738,2012
p60_solar_g04,215,1.4592543871592362e-16,2012
p60_solar_g04,216,0.41475519456823806,2012
p60_solar_g04,217,1.418775158662997e-16,2012
p60_solar_g04,218,0.8503425455313729,2012
p60_solar_g04,219,1.3773467977685348e-16,2012
p60_solar_g04,220,0.9755514931049036,2012
p60_solar_g04,221,1.335079767707729e-16,2012
p60_solar_g04,222,1.0,2012
p60_solar_g04,223,0.0,2012
p60_solar_g04,224,1.0,2012
p60_solar_g04,225,0.0,2012
p60_solar_g04,226,0.8814676527025128,2012
p60_solar_g04,227,0.0,2012
p60_solar_g04,228,0.7180235847947013,2012
p60_solar_g04,229,0.0,2012
p60_solar_g04,230,0.32722928413366004,2012
p60_solar_g04,231,0.0,2012
p60_solar_g04,232,0.10681759528517219,2012
p60_solar_g04,233,0.103871182944619,2012
p60_solar_g04,234,1.040359564348527e-16,2012
p60_solar_g04,235,0.4687077610200095,2012
p60_solar_g04,236,9.95517427101627e-17,2012
p60_solar_g04,237,0.5902502238683816,2012
p60_solar_g04,238,9.50854718083493e-17,2012
p60_solar_g04,239,0.6660825196825887,2012
p60_solar_g04,240,9.064905244864755e-17,2012
p60_solar_g05,1,0.0,2012
p60_solar_g05,2,0.693527934216403,2012
p60_solar_g05,3,0.0,2012
p60_solar_g05,4,0.6010256227443064,2012
p60_solar_g05,5,0.0,2012
p60_solar_g05,6,0.4818647084547944,2012
p60_solar_g05,7,0.0,2012
p60_solar_g05,8,0.21607675337721463,2012
p60_solar_g05,9,0.0,2012
p60_solar_g05,10,0.06938194884772418,2012
p60_solar_g05,11,0.06672205549927844,2012
p60_solar_g05,12,6.645484461560492e-17,2012
p60_solar_g05,13,0.2960424780398397,2012
p60_solar_g05,14,6.252338526475371e-17,2012
p60_solar_g05,15,0.36651645656257537,2012
p60_solar_g05,16,5.870782668030496e-17,2012
p60_solar_g05,17,0.4065852605490299,2012
p60_solar_g05,18,5.5018342543368905e-17,2012
p60_solar_g05,19,0.4297859637151708,2012
p60_solar_g05,20,0.0,2012
p60_solar_g05,21,0.3898835217946506,2012
p60_solar_g05,22,0.0,2012
p60_solar_g05,23,0.33165182751792166,2012
p60_solar_g05,24,0.0,2012
p60_solar_g05,25,0.1981789052134622,2012
p60_solar_g05,26,0.0,2012
p60_solar_g05,27,0.11508920512555575,2012
p60_solar_g05,28,0.037263499555927976,2012
p60_solar_g05,29,0.036364457851276545,2012
p60_solar_g05,30,0.10186874317281545,2012
p60_solar_g05,31,3.4329655349700494e-17,2012
p60_solar_g05,32,0.15164093132824571,2012
p60_solar_g05,33,3.19042742904641e-17,2012
p60_solar_g05,34,0.18578640763210869,2012
p60_solar_g05,35,2.967643579765467e-17,2012
p60_solar_g05,36,0.2244030801941991,2012
p60_solar_g05,37,2.7652080107253244e-17,2012
p60_solar_g05,38,0.21572133253065823,2012
p60_solar_g05,39,0.0,2012
p60_solar_g05,40,0.19618480406280558,2012
p60_solar_g05,41,0.0,2012
p60_solar_g05,42,0.1423367930065509,2012
p60_solar_g05,43,0.0,2012
p60_solar_g05,44,0.10228826021521417,2012
p60_solar_g05,45,0.0,2012
p60_solar_g05,46,0.06091986790010273,2012
p60_solar_g05,47,0.020167100460995842,2012
p60_solar_g05,48,0.019934129929903753,2012
p60_solar_g05,49,0.05749402232867076,2012
p60_solar_g05,50,1.9695567259990455e-17,2012
p60_solar_g05,51,0.09022877906334434,2012
p60_solar_g05,52,1.9368251090443432e-17,2012
p60_solar_g05,53,0.13938803585800463,2012
p60_solar_g05,54,1.9271903131198474e-17,2012
p60_solar_g05,55,0.15330351594730202,2012
p60_solar_g05,56,0.0,2012
p60_solar_g05,57,0.16025032316916862,2012
p60_solar_g05,58,0.0,2012
p60_solar_g05,59,0.1456482163366653,2012
p60_solar_g05,60,0.0,2012
p60_solar_g05,61,0.12769426907114714,2012
p60_solar_g05,62,0.0,2012
p60_solar_g05,63,0.10143300126849715,2012
p60_solar_g05,64,0.0,2012
p60_solar_g05,65,0.02270327200002251,2012
p60_solar_g05,66,0.02361131268909709,2012
p60_solar_g05,67,2.4486779751741805e-17,2012
p60_solar_g05,68,0.07399533497106936,2012
p60_solar_g05,69,2.6124466088370733e-17,2012
p60_solar_g05,70,0.1670721284101181,2012
p60_solar_g05,71,2.7975106083728176e-17,2012
p60_solar_g05,72,0.21202672755587737,2012
p60_solar_g05,73,3.003376525161869e-17,2012
p60_solar_g05,74,0.24989405414045998,2012
p60_solar_g05,75,0.0,2012
p60_solar_g05,76,0.2688657223132011,2012
p60_solar_g05,77,0.0,2012
p60_solar_g05,78,0.2638845645716451,2012
p60_solar_g05,79,0.0,2012
p60_solar_g05,80,0.24000468591022356,2012
p60_solar_g05,81,0.0,2012
p60_solar_g05,82,0.12223852294639466,2012
p60_solar_g05,83,0.0,2012
p60_solar_g05,84,0.044620350809194825,2012
p60_solar_g05,85,0.04675547350305245,2012
p60_solar_g05,86,4.8614129193559106e-17,2012
p60_solar_g05,87,0.23604165616325304,2012
p60_solar_g05,88,5.204718729787715e-17,2012
p60_solar_g05,89,0.33259586835586474,2012
p60_solar_g05,90,5.56240795615739e-17,2012
p60_solar_g05,91,0.4199637660808431,2012
p60_solar_g05,92,5.933526867564167e-17,2012
p60_solar_g05,93,0.5052814532951766,2012
p60_solar_g05,94,0.0,2012
p60_solar_g05,95,0.5216214032921268,2012
p60_solar_g05,96,0.0,2012
p60_solar_g05,97,0.5047618075597191,2012
p60_solar_g05,98,0.0,2012
p60_solar_g05,99,0.34292505169133974,2012
p60_solar_g05,100,0.0,2012
p60_solar_g05,101,0.2262324034577957,2012
p60_solar_g05,102,0.07969907132039364,2012
p60_solar_g05,103,0.08110949573883616,2012
p60_solar_g05,104,0.2469727787538055,2012
p60_solar_g05,105,8.674602785557701e-17,2012
p60_solar_g05,106,0.4159342284769689,2012
p60_solar_g05,107,9.113651748704836e-17,2012
p60_solar_g05,108,0.5750602014333726,2012
p60_solar_g05,109,9.556661476129325e-17,2012
p60_solar_g05,110,0.7812285543290409,2012
p60_solar_g05,111,1.0002450741125866e-16,2012
p60_solar_g05,112,0.8411079020410536,2012
p60_solar_g05,113,0.0,2012
p60_solar_g05,114,0.8521682191616868,2012
p60_solar_g05,115,0.0,2012
p60_solar_g05,116,0.6842908675553032,2012
p60_solar_g05,117,0.0,2012
p60_solar_g05,118,0.5400049523954737,2012
p60_solar_g05,119,0.0,2012
p60_solar_g05,120,0.3499166819743247,2012
p60_solar_g05,121,0.12182903151383562,2012
p60_solar_g05,122,0.12326444247584567,2012
p60_solar_g05,123,0.371024485885554,2012
p60_solar_g05,124,1.2957524837198162e-16,2012
p60_solar_g05,125,0.6143075320410708,2012
p60_solar_g05,126,1.3385153956511347e-16,2012
p60_solar_g05,127,0.9881056119898662,2012
p60_solar_g05,128,1.3805354445767514e-16,2012
p60_solar_g05,129,1.0,2012
p60_solar_g05,130,0.0,2012
p60_solar_g05,131,1.0,2012
p60_solar_g05,132,0.0,2012
p60_solar_g05,133,1.0,2012
p60_solar_g05,134,0.0,2012
p60_solar_g05,135,0.9329856957271004,2012
p60_solar_g05,136,0.0,2012
p60_solar_g05,137,0.7252824230737662,2012
p60_solar_g05,138,0.0,2012
p60_solar_g05,139,0.46310252074800384,2012
p60_solar_g05,140,0.15968597612064556,2012
p60_solar_g05,141,1.633679717038263e-16,2012
p60_solar_g05,142,0.4794257640714992,2012
p60_solar_g05,143,1.666480418544749e-16,2012
p60_solar_g05,144,1.0,2012
p60_solar_g05,145,1.6976637817925894e-16,2012
p60_solar_g05,146,1.0,2012
p60_solar_g05,147,1.7271466604778805e-16,2012
p60_solar_g05,148,1.0,2012
p60_solar_g05,149,0.0,2012
p60_solar_g05,150,1.0,2012
p60_solar_g05,151,0.0,2012
p60_solar_g05,152,1.0,2012
p60_solar_g05,153,0.0,2012
p60_solar_g05,154,1.0,2012
p60_solar_g05,155,0.0,2012
p60_solar_g05,156,0.5328048842847002,2012
p60_solar_g05,157,0.0,2012
p60_solar_g05,158,0.18293162008492908,2012
p60_solar_g05,159,0.18402978851422697,2012
p60_solar_g05,160,1.874953211456436e-16,2012
p60_solar_g05,161,0.8742214105851113,2012
p60_solar_g05,162,1.8891568715004694e-16,2012
p60_solar_g05,163,1.0,2012
p60_solar_g05,164,1.901149456045816e-16,2012
p60_solar_g05,165,1.0,2012
p60_solar_g05,166,1.9108989884557275e-16,2012
p60_solar_g05,167,1.0,2012
p60_solar_g05,168,0.0,2012
p60_solar_g05,169,1.0,2012
p60_solar_g05,170,0.0,2012
p60_solar_g05,171,1.0,2012
p60_solar_g05,172,0.0,2012
p60_solar_g05,173,0.8939056531465114,2012
p60_solar_g05,174,0.0,2012
p60_solar_g05,175,0.5577266237185531,2012
p60_solar_g05,176,0.0,2012
p60_solar_g05,177,0.18925930675352465,2012
p60_solar_g05,178,0.5557766408882185,2012
p60_solar_g05,179,1.917291220027174e-16,2012
p60_solar_g05,180,0.8870414262867308,2012
p60_solar_g05,181,1.9094310116713313e-16,2012
p60_solar_g05,182,1.0,2012
p60_solar_g05,183,1.8993056695099219e-16,2012
p60_solar_g05,184,1.0,2012
p60_solar_g05,185,1.8869421914254302e-16,2012
p60_solar_g05,186,1.0,2012
p60_solar_g05,187,0.0,2012
p60_solar_g05,188,1.0,2012
p60_solar_g05,189,0.0,2012
p60_solar_g05,190,1.0,2012
p60_solar_g05,191,0.0,2012
p60_solar_g05,192,0.8456431809125453,2012
p60_solar_g05,193,0.0,2012
p60_solar_g05,194,0.5214277080319979,2012
p60_solar_g05,195,0.1756725613852651,2012
p60_solar_g05,196,0.1748556076777933,2012
p60_solar_g05,197,0.5094143549796287,2012
p60_solar_g05,198,1.7503598887906643e-16,2012
p60_solar_g05,199,0.803354408203726,2012
p60_solar_g05,200,1.722354330358908e-16,2012
p60_solar_g05,201,1.0,2012
p60_solar_g05,202,1.6925824532902467e-16,2012
p60_solar_g05,203,1.0,2012
p60_solar_g05,204,0.0,2012
p60_solar_g05,205,1.0,2012
p60_solar_g05,206,0.0,2012
p60_solar_g05,207,1.0,2012
p60_solar_g05,208,0.0,2012
p60_solar_g05,209,0.9593709817648102,2012
p60_solar_g05,210,0.0,2012
p60_solar_g05,211,0.7109781516119494,2012
p60_solar_g05,212,0.0,2012
p60_solar_g05,213,0.43276797041670845,2012
p60_solar_g05,214,0.14453807453016607,2012
p60_solar_g05,215,1.455272562817805e-16,2012
p60_solar_g05,216,0.41362346432024344,2012
p60_solar_g05,217,1.4149037887966503e-16,2012
p60_solar_g05,218,0.8480222409455885,2012
p60_solar_g05,219,1.3735884722468115e-16,2012
p60_solar_g05,220,0.9728895345624133,2012
p60_solar_g05,221,1.33143677498241e-16,2012
p60_solar_g05,222,1.0,2012
p60_solar_g05,223,0.0,2012
p60_solar_g05,224,0.9986788575280456,2012
p60_solar_g05,225,0.0,2012
p60_solar_g05,226,0.8790624179561928,2012
p60_solar_g05,227,0.0,2012
p60_solar_g05,228,0.7160643350485189,2012
p60_solar_g05,229,0.0,2012
p60_solar_g05,230,0.3263363832520467,2012
p60_solar_g05,231,0.0,2012
p60_solar_g05,232,0.10652612526819479,2012
p60_solar_g05,233,0.1035877527159614,2012
p60_solar_g05,234,1.0375207659363954e-16,2012
p60_solar_g05,235,0.4674288119976389,2012
p60_solar_g05,236,9.928009881048122e-17,2012
p60_solar_g05,237,0.5886396255178706,2012
p60_solar_g05,238,9.482601489014875e-17,2012
p60_solar_g05,239,0.6642649999864944,2012
p60_solar_g05,240,9.040170105690673e-17,2012
p60_solar_g06,1,0.0,2012
p60_solar_g06,2,0.6916987658901095,2012
p60_solar_g06,3,0.0,2012
p60_solar_g06,4,0.599440427717293,2012
p60_solar_g06,5,0.0,2012
p60_solar_g06,6,0.4805937983460905,2012
p60_solar_g06,7,0.0,2012
p60_solar_g06,8,0.21550685455436117,2012
p60_solar_g06,9,0.0,2012
p60_solar_g06,10,0.06919895511814621,2012
p60_solar_g06,11,0.06654607719391664,2012
p60_solar_g06,12,6.627957107447934e-17,2012
p60_solar_g06,13,0.29526167095572453,2012
p60_solar_g06,14,6.235848088190697e-17,2012
p60_solar_g06,15,0.3655497755388801,2012
p60_solar_g06,16,5.855298576940427e-17,2012
p60_solar_g06,17,0.4055128987250258,2012
p60_solar_g06,18,5.4873232585167724e-17,2012
p60_solar_g06,19,0.42865241042462954,2012
p60_solar_g06,20,0.0,2012
p60_solar_g06,21,0.3888552105272518,2012
p60_solar_g06,22,0.0,2012
p60_solar_g06,23,0.33077710137017313,2012
p60_solar_g06,24,0.0,2012
p60_solar_g06,25,0.19765621166577466,2012
p60_solar_g06,26,0.0,2012
p60_solar_g06,27,0.11478565927206129,2012
p60_solar_g06,28,0.037165217699132155,2012
p60_solar_g06,29,0.03626854720193905,2012
p60_solar_g06,30,0.10160006606659105,2012
p60_solar_g06,31,3.423911145792605e-17,2012
p60_solar_g06,32,0.15124098090826923,2012
p60_solar_g06,33,3.182012730066558e-17,2012
p60_solar_g06,34,0.1852963990895105,2012
p60_solar_g06,35,2.959816469461729e-17,2012
p60_solar_g06,36,0.22381122082363503,2012
p60_solar_g06,37,2.7579148208489182e-17,2012
p60_solar_g06,38,0.21515237112434263,2012
p60_solar_g06,39,0.0,2012
p60_solar_g06,40,0.19566736992354883,2012
p60_solar_g06,41,0.0,2012
p60_solar_g06,42,0.14196138209577344,2012
p60_solar_g06,43,0.0,2012
p60_solar_g06,44,0.10201847663980745,2012
p60_solar_g06,45,0.0,2012
p60_solar_g06,46,0.06075919276748423,2012
p60_solar_g06,47,0.020113910070852274,2012
p60_solar_g06,48,0.01988155399563919,2012
p60_solar_g06,49,0.05734238280644498,2012
p60_solar_g06,50,1.9643620530777503e-17,2012
p60_solar_g06,51,0.08999080216776438,2012
p60_solar_g06,52,1.931716765215285e-17,2012
p60_solar_g06,53,0.1390204022448845,2012
p60_solar_g06,54,1.9221073809038848e-17,2012
p60_solar_g06,55,0.15289918048820178,2012
p60_solar_g06,56,0.0,2012
p60_solar_g06,57,0.15982766562221554,2012
p60_solar_g06,58,0.0,2012
p60_solar_g06,59,0.14526407160224278,2012
p60_solar_g06,60,0.0,2012
p60_solar_g06,61,0.1273574775723331,2012
p60_solar_g06,62,0.0,2012
p60_solar_g06,63,0.10116547342425702,2012
p60_solar_g06,64,0.0,2012
p60_solar_g06,65,0.022643392499865692,2012
p60_solar_g06,66,0.023549038246811062,2012
p60_solar_g06,67,2.4422196279721435e-17,2012
p60_solar_g06,68,0.07380017351275625,2012
p60_solar_g06,69,2.6055563246030044e-17,2012
p60_solar_g06,70,0.16663147846594603,2012
p60_solar_g06,71,2.790132220935421e-17,2012
p60_solar_g06,72,0.21146751060838545,2012
p60_solar_g06,73,2.99545516981233e-17,2012
p60_solar_g06,74,0.24923496275248402,2012
p60_solar_g06,75,0.0,2012
p60_solar_g06,76,0.2681565934677466,2012
p60_solar_g06,77,0.0,2012
p60_solar_g06,78,0.26318857344641733,2012
p60_solar_g06,79,0.0,2012
p60_solar_g06,80,0.23937167756554165,2012
p60_solar_g06,81,0.0,2012
p60_solar_g06,82,0.12191612088672986,2012
p60_solar_g06,83,0.0,2012
p60_solar_g06,84,0.04450266538027191,2012
p60_solar_g06,85,0.04663215672373733,2012
p60_solar_g06,86,4.848591024094883e-17,2012
p60_solar_g06,87,0.23541910024324167,2012
p60_solar_g06,88,5.190991371193932e-17,2012
p60_solar_g06,89,0.33171865231619646,2012
p60_solar_g06,90,5.547737198211898e-17,2012
p60_solar_g06,91,0.4188561186722727,2012
p60_solar_g06,92,5.91787728969731e-17,2012
p60_solar_g06,93,0.5039487819136332,2012
p60_solar_g06,94,0.0,2012
p60_solar_g06,95,0.5202456355657744,2012
p60_solar_g06,96,0.0,2012
p60_solar_g06,97,0.5034305067351112,2012
p60_solar_g06,98,0.0,2012
p60_solar_g06,99,0.34202059260339385,2012
p60_solar_g06,100,0.0,2012
p60_solar_g06,101,0.2256357192777218,2012
p60_solar_g06,102,0.07948886635286197,2012
p60_solar_g06,103,0.08089557080049213,2012
p60_solar_g06,104,0.2463213921807995,2012
p60_solar_g06,105,8.651723665805378e-17,2012
p60_solar_g06,106,0.41483720890642917,2012
p60_solar_g06,107,9.089614644655905e-17,2012
p60_solar_g06,108,0.5735434897707595,2012
p60_solar_g06,109,9.531455941334255e-17,2012
p60_solar_g06,110,0.7791680770841131,2012
p60_solar_g06,111,9.976069444600801e-17,2012
p60_solar_g06,112,0.8388894940180991,2012
p60_solar_g06,113,0.0,2012
p60_solar_g06,114,0.8499206397373258,2012
p60_solar_g06,115,0.0,2012
p60_solar_g06,116,0.6824860618378258,2012
p60_solar_g06,117,0.0,2012
p60_solar_g06,118,0.5385806983658514,2012
p60_solar_g06,119,0.0,2012
p60_solar_g06,120,0.34899378257845204,2012
p60_solar_g06,121,0.12150770948097488,2012
p60_solar_g06,122,0.12293933457058184,2012
p60_solar_g06,123,0.3700459150099223,2012
p60_solar_g06,124,1.2923349582172359e-16,2012
p60_solar_g06,125,0.6126873062004453,2012
p60_solar_g06,126,1.3349850836836036e-16,2012
p60_solar_g06,127,0.9854994999656593,2012
p60_solar_g06,128,1.3768943054330217e-16,2012
p60_solar_g06,129,1.0,2012
p60_solar_g06,130,0.0,2012
p60_solar_g06,131,1.0,2012
p60_solar_g06,132,0.0,2012
p60_solar_g06,133,1.0,2012
p60_solar_g06,134,0.0,2012
p60_solar_g06,135,0.9305249615600807,2012
p60_solar_g06,136,0.0,2012
p60_solar_g06,137,0.7233695028142487,2012
p60_solar_g06,138,0.0,2012
p60_solar_g06,139,0.4618810955955534,2012
p60_solar_g06,140,0.1592648070295935,2012
p60_solar_g06,141,1.6293709141101e-16,2012
p60_solar_g06,142,0.4781612866378116,2012
p60_solar_g06,143,1.662085104314999e-16,2012
p60_solar_g06,144,1.0,2012
p60_solar_g06,145,1.693186221963858e-16,2012
p60_solar_g06,146,1.0,2012
p60_solar_g06,147,1.7225913400497577e-16,2012
p60_solar_g06,148,1.0,2012
p60_solar_g06,149,0.0,2012
p60_solar_g06,150,1.0,2012
p60_solar_g06,151,0.0,2012
p60_solar_g06,152,1.0,2012
p60_solar_g06,153,0.0,2012
p60_solar_g06,154,1.0,2012
p60_solar_g06,155,0.0,2012
p60_solar_g06,156,0.531399620314289,2012
p60_solar_g06,157,0.0,2012
p60_solar_g06,158,0.18244914099673637,2012
p60_solar_g06,159,0.18354441302517033,2012
p60_solar_g06,160,1.8700080537223741e-16,2012
p60_solar_g06,161,0.8719156662372406,2012
p60_solar_g06,162,1.8841742518506167e-16,2012
p60_solar_g06,163,1.0,2012
p60_solar_g06,164,1.8961352061548175e-16,2012
p60_solar_g06,165,1.0,2012
p60_solar_g06,166,1.905859024336072e-16,2012
p60_solar_g06,167,1.0,2012
p60_solar_g06,168,0.0,2012
p60_solar_g06,169,1.0,2012
p60_solar_g06,170,0.0,2012
p60_solar_g06,171,1.0,2012
p60_solar_g06,172,0.0,2012
p60_solar_g06,173,0.8915479919381308,2012
p60_solar_g06,174,0.0,2012
p60_solar_g06,175,0.5562556290772351,2012
p60_solar_g06,176,0.0,2012
p60_solar_g06,177,0.18876013849758272,2012
p60_solar_g06,178,0.5543107892939996,2012
p60_solar_g06,179,1.9122343965036677e-16,2012
p60_solar_g06,180,0.8847018693618793,2012
p60_solar_g06,181,1.9043949193158907e-16,2012
p60_solar_g06,182,1.0,2012
p60_solar_g06,183,1.8942962825750718e-16,2012
p60_solar_g06,184,1.0,2012
p60_solar_g06,185,1.881965412957232e-16,2012
p60_solar_g06,186,1.0,2012
p60_solar_g06,187,0.0,2012
p60_solar_g06,188,1.0,2012
p60_solar_g06,189,0.0,2012
p60_solar_g06,190,1.0,2012
p60_solar_g06,191,0.0,2012
p60_solar_g06,192,0.8434128111674261,2012
p60_solar_g06,193,0.0,2012
p60_solar_g06,194,0.5200524511736543,2012
p60_solar_g06,195,0.17520922794297508,2012
p60_solar_g06,196,0.17439442893724205,2012
p60_solar_g06,197,0.5080707831390211,2012
p60_solar_g06,198,1.7457433438611397e-16,2012
p60_solar_g06,199,0.8012355743892887,2012
p60_solar_g06,200,1.7178116496213156e-16,2012
p60_solar_g06,201,1.0,2012
p60_solar_g06,202,1.6881182953804477e-16,2012
p60_solar_g06,203,1.0,2012
p60_solar_g06,204,0.0,2012
p60_solar_g06,205,1.0,2012
p60_solar_g06,206,0.0,2012
p60_solar_g06,207,1.0,2012
p60_solar_g06,208,0.0,2012
p60_solar_g06,209,0.956840656847196,2012
p60_solar_g06,210,0.0,2012
p60_solar_g06,211,0.709102958629154,2012
p60_solar_g06,212,0.0,2012
p60_solar_g06,213,0.43162655213337003,2012
p60_solar_g06,214,0.14415685777618956,2012
p60_solar_g06,215,1.451434305774795e-16,2012
p60_solar_g06,216,0.4125325393515164,2012
p60_solar_g06,217,1.4111720037198982e-16,2012
p60_solar_g06,218,0.8457855964694252,2012
p60_solar_g06,219,1.3699656556264043e-16,2012
p60_solar_g06,220,0.9703235546879118,2012
p60_solar_g06,221,1.327925132758493e-16,2012
p60_solar_g06,222,1.0,2012
p60_solar_g06,223,0.0,2012
p60_solar_g06,224,0.9960448587455838,2012
p60_solar_g06,225,0.0,2012
p60_solar_g06,226,0.8767439055323534,2012
p60_solar_g06,227,0.0,2012
p60_solar_g06,228,0.7141757273419828,2012
p60_solar_g06,229,0.0,2012
p60_solar_g06,230,0.3254756764996413,2012
p60_solar_g06,231,0.0,2012
p60_solar_g06,232,0.10624516439459492,2012
p60_solar_g06,233,0.10331454175081975,2012
p60_solar_g06,234,1.0347843222701905e-16,2012
p60_solar_g06,235,0.46619597632438065,2012
p60_solar_g06,236,9.901824921046388e-17,2012
p60_solar_g06,237,0.5870870983513693,2012
p60_solar_g06,238,9.457591286197065e-17,2012
p60_solar_g06,239,0.6625130121597697,2012
p60_solar_g06,240,9.016326808246112e-17,2012
p60_solar_g07,1,0.0,2012
p60_solar_g07,2,0.685619619476608,2012
p60_solar_g07,3,0.0,2012
p60_solar_g07,4,0.594172113957074,2012
p60_solar_g07,5,0.0,2012
p60_solar_g07,6,0.47636999427177346,2012
p60_solar_g07,7,0.0,2012
p60_solar_g07,8,0.2136128252650892,2012
p60_solar_g07,9,0.0,2012
p60_solar_g07,10,0.06859078491376079,2012
p60_solar_g07,11,0.06596122238940444,2012
p60_solar_g07,12,6.569705851748882e-17,2012
p60_solar_g07,13,0.29266669895844893,2012
p60_solar_g07,14,6.181042968664884e-17,2012
p60_solar_g07,15,0.3623370611081065,2012
p60_solar_g07,16,5.80383800031473e-17,2012
p60_solar_g07,17,0.4019489596152885,2012
p60_solar_g07,18,5.439096713737834e-17,2012
p60_solar_g07,19,0.424885104637813,2012
p60_solar_g07,20,0.0,2012
p60_solar_g07,21,0.3854376711661599,2012
p60_solar_g07,22,0.0,2012
p60_solar_g07,23,0.327869994218008,2012
p60_solar_g07,24,0.0,2012
p60_solar_g07,25,0.19591906666927023,2012
p60_solar_g07,26,0.0,2012
p60_solar_g07,27,0.11377684031315048,2012
p60_solar_g07,28,0.03683858302660684,2012
p60_solar_g07,29,0.03594979311487363,2012
p60_solar_g07,30,0.10070713158745342,2012
p60_solar_g07,31,3.3938193512304045e-17,2012
p60_solar_g07,32,0.1499117663541854,2012
p60_solar_g07,33,3.154046912821232e-17,2012
p60_solar_g07,34,0.1836678810184826,2012
p60_solar_g07,35,2.933803472818896e-17,2012
p60_solar_g07,36,0.22184420678881808,2012
p60_solar_g07,37,2.7336762811569595e-17,2012
p60_solar_g07,38,0.2132614572904951,2012
p60_solar_g07,39,0.0,2012
p60_solar_g07,40,0.1939477042991938,2012
p60_solar_g07,41,0.0,2012
p60_solar_g07,42,0.14071372333247828,2012
p60_solar_g07,43,0.0,2012
p60_solar_g07,44,0.1011218648675171,2012
p60_solar_g07,45,0.0,2012
p60_solar_g07,46,0.06022519726682091,2012
p60_solar_g07,47,0.019937134557726464,2012
p60_solar_g07,48,0.019706820594876367,2012
p60_solar_g07,49,0.05683841669002312,2012
p60_solar_g07,50,1.947097826049068e-17,2012
p60_solar_g07,51,0.08919989825232613,2012
p60_solar_g07,52,1.9147394484637542e-17,2012
p60_solar_g07,53,0.1377985909284757,2012
p60_solar_g07,54,1.905214518335379e-17,2012
p60_solar_g07,55,0.151555392483179,2012
p60_solar_g07,56,0.0,2012
p60_solar_g07,57,0.15842298510497435,2012
p60_solar_g07,58,0.0,2012
p60_solar_g07,59,0.14398738642736755,2012
p60_solar_g07,60,0.0,2012
p60_solar_g07,61,0.1262381684291107,2012
p60_solar_g07,62,0.0,2012
p60_solar_g07,63,0.10027635845793807,2012
p60_solar_g07,64,0.0,2012
p60_solar_g07,65,0.022444386075258404,2012
p60_solar_g07,66,0.023342072355791596,2012
p60_solar_g07,67,2.4207556447694776e-17,2012
p60_solar_g07,68,0.07315156449066477,2012
p60_solar_g07,69,2.582656820993939e-17,2012
p60_solar_g07,70,0.1651670011462718,2012
p60_solar_g07,71,2.7656105315519403e-17,2012
p60_solar_g07,72,0.20960898197991124,2012
p60_solar_g07,73,2.96912895462972e-17,2012
p60_solar_g07,74,0.24704450658189045,2012
p60_solar_g07,75,0.0,2012
p60_solar_g07,76,0.2657998403928174,2012
p60_solar_g07,77,0.0,2012
p60_solar_g07,78,0.2608754829057938,2012
p60_solar_g07,79,0.0,2012
p60_solar_g07,80,0.2372679070415422,2012
p60_solar_g07,81,0.0,2012
p60_solar_g07,82,0.1208446343009719,2012
p60_solar_g07,83,0.0,2012
p60_solar_g07,84,0.04411154393842634,2012
p60_solar_g07,85,0.04622231977985303,2012
p60_solar_g07,86,4.805978117742893e-17,2012
p60_solar_g07,87,0.23335006781252482,2012
p60_solar_g07,88,5.145369204243696e-17,2012
p60_solar_g07,89,0.32880327013689686,2012
p60_solar_g07,90,5.4989796922646965e-17,2012
p60_solar_g07,91,0.41517490974554716,2012
p60_solar_g07,92,5.865866726320187e-17,2012
p60_solar_g07,93,0.4995197174404354,2012
p60_solar_g07,94,0.0,2012
p60_solar_g07,95,0.515673342617529,2012
p60_solar_g07,96,0.0,2012
p60_solar_g07,97,0.4990059972370674,2012
p60_solar_g07,98,0.0,2012
p60_solar_g07,99,0.33901466956087845,2012
p60_solar_g07,100,0.0,2012
p60_solar_g07,101,0.22365267023781227,2012
p60_solar_g07,102,0.0787902610052285,2012
p60_solar_g07,103,0.08018460232208646,2012
p60_solar_g07,104,0.2441565425646264,2012
p60_solar_g07,105,8.575686093545283e-17,2012
p60_solar_g07,106,0.4111913210502245,2012
p60_solar_g07,107,9.009728571422763e-17,2012
p60_solar_g07,108,0.5685027769333725,2012
p60_solar_g07,109,9.447686648892847e-17,2012
p60_solar_g07,110,0.7723201874319965,2012
p60_solar_g07,111,9.8883925688051e-17,2012
p60_solar_g07,112,0.831516729585996,2012
p60_solar_g07,113,0.0,2012
p60_solar_g07,114,0.8424509256600262,2012
p60_solar_g07,115,0.0,2012
p60_solar_g07,116,0.6764878832958313,2012
p60_solar_g07,117,0.0,2012
p60_solar_g07,118,0.5338472636941289,2012
p60_solar_g07,119,0.0,2012
p60_solar_g07,120,0.3459265741254111,2012
p60_solar_g07,121,0.12043981230849185,2012
p60_solar_g07,122,0.12185885524679518,2012
p60_solar_g07,123,0.3667936852706244,2012
p60_solar_g07,124,1.2809769888038034e-16,2012
p60_solar_g07,125,0.6073025693413397,2012
p60_solar_g07,126,1.323252274281942e-16,2012
p60_solar_g07,127,0.9768382213192904,2012
p60_solar_g07,128,1.3647931676380562e-16,2012
p60_solar_g07,129,1.0,2012
p60_solar_g07,130,0.0,2012
p60_solar_g07,131,1.0,2012
p60_solar_g07,132,0.0,2012
p60_solar_g07,133,1.0,2012
p60_solar_g07,134,0.0,2012
p60_solar_g07,135,0.9223468387099377,2012
p60_solar_g07,136,0.0,2012
p60_solar_g07,137,0.7170120111784053,2012
p60_solar_g07,138,0.0,2012
p60_solar_g07,139,0.45782175221629984,2012
p60_solar_g07,140,0.15786507331862606,2012
p60_solar_g07,141,1.6150508302278777e-16,2012
p60_solar_g07,142,0.47395886122651437,2012
p60_solar_g07,143,1.6474775045922665e-16,2012
p60_solar_g07,144,1.0,2012
p60_solar_g07,145,1.6783052832428003e-16,2012
p60_solar_g07,146,1.0,2012
p60_solar_g07,147,1.7074519679947612e-16,2012
p60_solar_g07,148,1.0,2012
p60_solar_g07,149,0.0,2012
p60_solar_g07,150,1.0,2012
p60_solar_g07,151,0.0,2012
p60_solar_g07,152,1.0,2012
p60_solar_g07,153,0.0,2012
p60_solar_g07,154,1.0,2012
p60_solar_g07,155,0.0,2012
p60_solar_g07,156,0.5267292981230782,2012
p60_solar_g07,157,0.0,2012
p60_solar_g07,158,0.1808456466783542,2012
p60_solar_g07,159,0.18193129266818323,2012
p60_solar_g07,160,1.8535730775252193e-16,2012
p60_solar_g07,161,0.8642526440422234,2012
p60_solar_g07,162,1.8676147729121084e-16,2012
p60_solar_g07,163,1.0,2012
p60_solar_g07,164,1.8794706057442954e-16,2012
p60_solar_g07,165,1.0,2012
p60_solar_g07,166,1.8891089640153444e-16,2012
p60_solar_g07,167,1.0,2012
p60_solar_g07,168,0.0,2012
p60_solar_g07,169,1.0,2012
p60_solar_g07,170,0.0,2012
p60_solar_g07,171,1.0,2012
p60_solar_g07,172,0.0,2012
p60_solar_g07,173,0.8837124267399182,2012
p60_solar_g07,174,0.0,2012
p60_solar_g07,175,0.5513668543977787,2012
p60_solar_g07,176,0.0,2012
p60_solar_g07,177,0.18710117859256833,2012
p60_solar_g07,178,0.5494391072658186,2012
p60_solar_g07,179,1.8954283048254205e-16,2012
p60_solar_g07,180,0.8769264728144699,2012
p60_solar_g07,181,1.887657726603465e-16,2012
p60_solar_g07,182,1.0,2012
p60_solar_g07,183,1.877647843948025e-16,2012
p60_solar_g07,184,1.0,2012
p60_solar_g07,185,1.8654253468841195e-16,2012
p60_solar_g07,186,1.0,2012
p60_solar_g07,187,0.0,2012
p60_solar_g07,188,1.0,2012
p60_solar_g07,189,0.0,2012
p60_solar_g07,190,1.0,2012
p60_solar_g07,191,0.0,2012
p60_solar_g07,192,0.8360002925698083,2012
p60_solar_g07,193,0.0,2012
p60_solar_g07,194,0.5154818560688378,2012
p60_solar_g07,195,0.17366936318943418,2012
p60_solar_g07,196,0.17286172522358975,2012
p60_solar_g07,197,0.5036054915533843,2012
p60_solar_g07,198,1.730400495339398e-16,2012
p60_solar_g07,199,0.794193739693877,2012
p60_solar_g07,200,1.7027142849246644e-16,2012
p60_solar_g07,201,1.0,2012
p60_solar_g07,202,1.6732818972444438e-16,2012
p60_solar_g07,203,1.0,2012
p60_solar_g07,204,0.0,2012
p60_solar_g07,205,1.0,2012
p60_solar_g07,206,0.0,2012
p60_solar_g07,207,1.0,2012
p60_solar_g07,208,0.0,2012
p60_solar_g07,209,0.9484312527334272,2012
p60_solar_g07,210,0.0,2012
p60_solar_g07,211,0.702870851648008,2012
p60_solar_g07,212,0.0,2012
p60_solar_g07,213,0.42783310744940123,2012
p60_solar_g07,214,0.14288990359302856,2012
p60_solar_g07,215,1.438678056827279e-16,2012
p60_solar_g07,216,0.40890690658950873,2012
p60_solar_g07,217,1.3987696088504957e-16,2012
p60_solar_g07,218,0.8383522241274176,2012
p60_solar_g07,219,1.3579254117909185e-16,2012
p60_solar_g07,220,0.9617956531673325,2012
p60_solar_g07,221,1.316254371285008e-16,2012
p60_solar_g07,222,1.0,2012
p60_solar_g07,223,0.0,2012
p60_solar_g07,224,0.9872908998991518,2012
p60_solar_g07,225,0.0,2012
p60_solar_g07,226,0.869038449296621,2012
p60_solar_g07,227,0.0,2012
p60_solar_g07,228,0.7078990372196664,2012
p60_solar_g07,229,0.0,2012
p60_solar_g07,230,0.32261516208347263,2012
p60_solar_g07,231,0.0,2012
p60_solar_g07,232,0.10531140544932611,2012
p60_solar_g07,233,0.10240653922584947,2012
p60_solar_g07,234,1.025689893146291e-16,2012
p60_solar_g07,235,0.46209871066884034,2012
p60_solar_g07,236,9.814800559540642e-17,2012
p60_solar_g07,237,0.5819273545375098,2012
p60_solar_g07,238,9.374471169488656e-17,2012
p60_solar_g07,239,0.6566903711484237,2012
p60_solar_g07,240,8.937084841247988e-17,2012
p60_solar_g08,1,0.0,2012
p60_solar_g08,2,0.6831262052761513,2012
p60_solar_g08,3,0.0,2012
p60_solar_g08,4,0.5920112697449628,2012
p60_solar_g08,5,0.0,2012
p60_solar_g08,6,0.4746375646932625,2012
p60_solar_g08,7,0.0,2012
p60_solar_g08,8,0.2128359728577409,2012
p60_solar_g08,9,0.0,2012
p60_solar_g08,10,0.06834133867233759,2012
p60_solar_g08,11,0.06572133915982187,2012
p60_solar_g08,12,6.545813598087764e-17,2012
p60_solar_g08,13,0.29160234886919556,2012
p60_solar_g08,14,6.158564177402366e-17,2012
p60_solar_g08,15,0.36101933864530944,2012
p60_solar_g08,16,5.782731002095831e-17,2012
p60_solar_g08,17,0.40048717932882494,2012
p60_solar_g08,18,5.4193161815032923e-17,2012
p60_solar_g08,19,0.4233399117591798,2012
p60_solar_g08,20,0.0,2012
p60_solar_g08,21,0.3840359379960819,2012
p60_solar_g08,22,0.0,2012
p60_solar_g08,23,0.3266776192096748,2012
p60_solar_g08,24,0.0,2012
p60_solar_g08,25,0.1952065617042777,2012
p60_solar_g08,26,0.0,2012
p60_solar_g08,27,0.11336306453827334,2012
p60_solar_g08,28,0.03670461100562914,2012
p60_solar_g08,29,0.03581905338381906,2012
p60_solar_g08,30,0.10034088682891062,2012
p60_solar_g08,31,3.3814769428106997e-17,2012
p60_solar_g08,32,0.14936657756958147,2012
p60_solar_g08,33,3.142576492287849e-17,2012
p60_solar_g08,34,0.1829999303214928,2012
p60_solar_g08,35,2.923134018455761e-17,2012
p60_solar_g08,36,0.221037419060196,2012
p60_solar_g08,37,2.7237346355778966e-17,2012
p60_solar_g08,38,0.21248588271399138,2012
p60_solar_g08,39,0.0,2012
p60_solar_g08,40,0.19324236864906355,2012
p60_solar_g08,41,0.0,2012
p60_solar_g08,42,0.14020198535709164,2012
p60_solar_g08,43,0.0,2012
p60_solar_g08,44,0.10075411183555194,2012
p60_solar_g08,45,0.0,2012
p60_solar_g08,46,0.06000617441825506,2012
p60_solar_g08,47,0.019864628560216358,2012
p60_solar_g08,48,0.019635152187320256,2012
p60_solar_g08,49,0.05663171065174702,2012
p60_solar_g08,50,1.9400167548089317e-17,2012
p60_solar_g08,51,0.08887550220725463,2012
p60_solar_g08,52,1.9077760559420837e-17,2012
p60_solar_g08,53,0.13729745450579534,2012
p60_solar_g08,54,1.8982857654234364e-17,2012
p60_solar_g08,55,0.15100422627229693,2012
p60_solar_g08,56,0.0,2012
p60_solar_g08,57,0.15784684330634696,2012
p60_solar_g08,58,0.0,2012
p60_solar_g08,59,0.1434637430195568,2012
p60_solar_g08,60,0.0,2012
p60_solar_g08,61,0.12577907415459,2012
p60_solar_g08,62,0.0,2012
p60_solar_g08,63,0.09991168030543715,2012
p60_solar_g08,64,0.0,2012
p60_solar_g08,65,0.02236276187815141,2012
p60_solar_g08,66,0.023257183515060276,2012
p60_solar_g08,67,2.4119520074040366e-17,2012
p60_solar_g08,68,0.07288553192026388,2012
p60_solar_g08,69,2.5732643925840164e-17,2012
p60_solar_g08,70,0.16456633317469402,2012
p60_solar_g08,71,2.75555274969096e-17,2012
p60_solar_g08,72,0.20884669047400164,2012
p60_solar_g08,73,2.9583310309878726e-17,2012
p60_solar_g08,74,0.24614607213900458,2012
p60_solar_g08,75,0.0,2012
p60_solar_g08,76,0.2648331978439643,2012
p60_solar_g08,77,0.0,2012
p60_solar_g08,78,0.2599267489210154,2012
p60_solar_g08,79,0.0,2012
p60_solar_g08,80,0.23640502746236441,2012
p60_solar_g08,81,0.0,2012
p60_solar_g08,82,0.1204051548598132,2012
p60_solar_g08,83,0.0,2012
p60_solar_g08,84,0.0439511221142316,2012
p60_solar_g08,85,0.04605422163148744,2012
p60_solar_g08,86,4.788500067603354e-17,2012
p60_solar_g08,87,0.23250143636115905,2012
p60_solar_g08,88,5.126656879981086e-17,2012
p60_solar_g08,89,0.3276075010549943,2012
p60_solar_g08,90,5.478981381739128e-17,2012
p60_solar_g08,91,0.41366503023477247,2012
p60_solar_g08,92,5.844534146303649e-17,2012
p60_solar_g08,93,0.4977030985434661,2012
p60_solar_g08,94,0.0,2012
p60_solar_g08,95,0.5137979773293229,2012
p60_solar_g08,96,0.0,2012
p60_solar_g08,97,0.49719124660234404,2012
p60_solar_g08,98,0.0,2012
p60_solar_g08,99,0.3377817643650039,2012
p60_solar_g08,100,0.0,2012
p60_solar_g08,101,0.2228393056139021,2012
p60_solar_g08,102,0.07850372201178764,2012
p60_solar_g08,103,0.07989299248419926,2012
p60_solar_g08,104,0.24326861087032953,2012
p60_solar_g08,105,8.544498629130792e-17,2012
p60_solar_g08,106,0.4096959287803915,2012
p60_solar_g08,107,8.976962611225482e-17,2012
p60_solar_g08,108,0.5664352851978139,2012
p60_solar_g08,109,9.41332795292992e-17,2012
p60_solar_g08,110,0.7695114665787158,2012
p60_solar_g08,111,9.85243114391243e-17,2012
p60_solar_g08,112,0.8284927268262008,2012
p60_solar_g08,113,0.0,2012
p60_solar_g08,114,0.8393871581691948,2012
p60_solar_g08,115,0.0,2012
p60_solar_g08,116,0.6740276787644406,2012
p60_solar_g08,117,0.0,2012
p60_solar_g08,118,0.5319058047417349,2012
p60_solar_g08,119,0.0,2012
p60_solar_g08,120,0.34466853219117055,2012
p60_solar_g08,121,0.12000180509606759,2012
p60_solar_g08,122,0.12141568735676936,2012
p60_solar_g08,123,0.36545975526408553,2012
p60_solar_g08,124,1.2763184199361564e-16,2012
p60_solar_g08,125,0.605093973193631,2012
p60_solar_g08,126,1.3184399615683706e-16,2012
p60_solar_g08,127,0.9732857233694131,2012
p60_solar_g08,128,1.3598297818652383e-16,2012
p60_solar_g08,129,1.0,2012
p60_solar_g08,130,0.0,2012
p60_solar_g08,131,1.0,2012
p60_solar_g08,132,0.0,2012
p60_solar_g08,133,1.0,2012
p60_solar_g08,134,0.0,2012
p60_solar_g08,135,0.9189925112664767,2012
p60_solar_g08,136,0.0,2012
p60_solar_g08,137,0.7144044312903982,2012
p60_solar_g08,138,0.0,2012
p60_solar_g08,139,0.45615677760672624,2012
p60_solar_g08,140,0.15729096049514926,2012
p60_solar_g08,141,1.6091773246277555e-16,2012
p60_solar_g08,142,0.4722352002905619,2012
p60_solar_g08,143,1.6414860718966574e-16,2012
p60_solar_g08,144,1.0,2012
p60_solar_g08,145,1.6722017382054902e-16,2012
p60_solar_g08,146,1.0,2012
p60_solar_g08,147,1.7012424243022312e-16,2012
p60_solar_g08,148,1.0,2012
p60_solar_g08,149,0.0,2012
p60_solar_g08,150,1.0,2012
p60_solar_g08,151,0.0,2012
p60_solar_g08,152,1.0,2012
p60_solar_g08,153,0.0,2012
p60_solar_g08,154,1.0,2012
p60_solar_g08,155,0.0,2012
p60_solar_g08,156,0.5248137252975233,2012
p60_solar_g08,157,0.0,2012
p60_solar_g08,158,0.18018795968879167,2012
p60_solar_g08,159,0.18126965747607396,2012
p60_solar_g08,160,1.846832130647687e-16,2012
p60_solar_g08,161,0.8611095895638784,2012
p60_solar_g08,162,1.8608227601641118e-16,2012
p60_solar_g08,163,1.0,2012
p60_solar_g08,164,1.8726354765201913e-16,2012
p60_solar_g08,165,1.0,2012
p60_solar_g08,166,1.8822387826738572e-16,2012
p60_solar_g08,167,1.0,2012
p60_solar_g08,168,0.0,2012
p60_solar_g08,169,1.0,2012
p60_solar_g08,170,0.0,2012
p60_solar_g08,171,1.0,2012
p60_solar_g08,172,0.0,2012
p60_solar_g08,173,0.8804986022644234,2012
p60_solar_g08,174,0.0,2012
p60_solar_g08,175,0.5493616814048208,2012
p60_solar_g08,176,0.0,2012
p60_solar_g08,177,0.18642074191547758,2012
p60_solar_g08,178,0.5474409449708296,2012
p60_solar_g08,179,1.8885351417406082e-16,2012
p60_solar_g08,180,0.8737373270287335,2012
p60_solar_g08,181,1.8807928230222231e-16,2012
p60_solar_g08,182,1.0,2012
p60_solar_g08,183,1.8708193436184535e-16,2012
p60_solar_g08,184,1.0,2012
p60_solar_g08,185,1.8586412964898741e-16,2012
p60_solar_g08,186,1.0,2012
p60_solar_g08,187,0.0,2012
p60_solar_g08,188,1.0,2012
p60_solar_g08,189,0.0,2012
p60_solar_g08,190,1.0,2012
p60_solar_g08,191,0.0,2012
p60_solar_g08,192,0.8329599842970218,2012
p60_solar_g08,193,0.0,2012
p60_solar_g08,194,0.5136071871657206,2012
p60_solar_g08,195,0.1730377744132971,2012
p60_solar_g08,196,0.17223307360956946,2012
p60_solar_g08,197,0.501774013794586,2012
p60_solar_g08,198,1.724107494023522e-16,2012
p60_solar_g08,199,0.7913054706125776,2012
p60_solar_g08,200,1.6965219709115494e-16,2012
p60_solar_g08,201,1.0,2012
p60_solar_g08,202,1.667196620911276e-16,2012
p60_solar_g08,203,1.0,2012
p60_solar_g08,204,0.0,2012
p60_solar_g08,205,1.0,2012
p60_solar_g08,206,0.0,2012
p60_solar_g08,207,1.0,2012
p60_solar_g08,208,0.0,2012
p60_solar_g08,209,0.944982063289975,2012
p60_solar_g08,210,0.0,2012
p60_solar_g08,211,0.7003146993548107,2012
p60_solar_g08,212,0.0,2012
p60_solar_g08,213,0.42627719347722787,2012
p60_solar_g08,214,0.14237025143518522,2012
p60_solar_g08,215,1.4334459715793144e-16,2012
p60_solar_g08,216,0.40741982212081546,2012
p60_solar_g08,217,1.3936826598968798e-16,2012
p60_solar_g08,218,0.8353033625119646,2012
p60_solar_g08,219,1.3529870021994528e-16,2012
p60_solar_g08,220,0.9582978609930426,2012
p60_solar_g08,221,1.3114675080629775e-16,2012
p60_solar_g08,222,1.0,2012
p60_solar_g08,223,0.0,2012
p60_solar_g08,224,0.9837003883678899,2012
p60_solar_g08,225,0.0,2012
p60_solar_g08,226,0.8658779901314163,2012
p60_solar_g08,227,0.0,2012
p60_solar_g08,228,0.7053245987675688,2012
p60_solar_g08,229,0.0,2012
p60_solar_g08,230,0.3214418974866461,2012
p60_solar_g08,231,0.0,2012
p60_solar_g08,232,0.10492841618478632,2012
p60_solar_g08,233,0.10203411417867786,2012
p60_solar_g08,234,1.0219597348016564e-16,2012
p60_solar_g08,235,0.46041818191140194,2012
p60_solar_g08,236,9.779106768997585e-17,2012
p60_solar_g08,237,0.5798110412229263,2012
p60_solar_g08,238,9.340378738537484e-17,2012
p60_solar_g08,239,0.6543021648453797,2012
p60_solar_g08,240,8.904583066764252e-17,2012
p60_solar_g09,1,0.0,2012
p60_solar_g09,2,0.6812069155523741,2012
p60_solar_g09,3,0.0,2012
p60_solar_g09,4,0.5903479736547147,2012
p60_solar_g09,5,0.0,2012
p60_solar_g09,6,0.4733040380426985,2012
p60_solar_g09,7,0.0,2012
p60_solar_g09,8,0.21223799565762622,2012
p60_solar_g09,9,0.0,2012
p60_solar_g09,10,0.06814932901437114,2012
p60_solar_g09,11,0.06553669056940316,2012
p60_solar_g09,12,6.527422687776407e-17,2012
p60_solar_g09,13,0.2907830721567941,2012
p60_solar_g09,14,6.141261270783329e-17,2012
p60_solar_g09,15,0.3600050301597102,2012
p60_solar_g09,16,5.766484024448116e-17,2012
p60_solar_g09,17,0.3993619832496032,2012
p60_solar_g09,18,5.4040902426112924e-17,2012
p60_solar_g09,19,0.4221505093676032,2012
p60_solar_g09,20,0.0,2012
p60_solar_g09,21,0.3829569628028245,2012
p60_solar_g09,22,0.0,2012
p60_solar_g09,23,0.3257597961299942,2012
p60_solar_g09,24,0.0,2012
p60_solar_g09,25,0.1946581155386948,2012
p60_solar_g09,26,0.0,2012
p60_solar_g09,27,0.11304456326699472,2012
p60_solar_g09,28,0.036601486894485044,2012
p60_solar_g09,29,0.03571841730728735,2012
p60_solar_g09,30,0.10005897225517887,2012
p60_solar_g09,31,3.3719764524219544e-17,2012
p60_solar_g09,32,0.14894692196979492,2012
p60_solar_g09,33,3.1337472090291376e-17,2012
p60_solar_g09,34,0.18248577952035938,2012
p60_solar_g09,35,2.9149212738128033e-17,2012
p60_solar_g09,36,0.2204163993369064,2012
p60_solar_g09,37,2.716082117117933e-17,2012
p60_solar_g09,38,0.21188888911604292,2012
p60_solar_g09,39,0.0,2012
p60_solar_g09,40,0.1926994410180022,2012
p60_solar_g09,41,0.0,2012
p60_solar_g09,42,0.13980807830496755,2012
p60_solar_g09,43,0.0,2012
p60_solar_g09,44,0.10047103627794528,2012
p60_solar_g09,45,0.0,2012
p60_solar_g09,46,0.059837582973461076,2012
p60_solar_g09,47,0.019808817529739405,2012
p60_solar_g09,48,0.01957998588638368,2012
p60_solar_g09,49,0.05647259999334403,2012
p60_solar_g09,50,1.9345661452543545e-17,2012
p60_solar_g09,51,0.08862580041457788,2012
p60_solar_g09,52,1.90241602883266e-17,2012
p60_solar_g09,53,0.13691170793144572,2012
p60_solar_g09,54,1.892952401933308e-17,2012
p60_solar_g09,55,0.1505799695866466,2012
p60_solar_g09,56,0.0,2012
p60_solar_g09,57,0.15740336182086354,2012
p60_solar_g09,58,0.0,2012
p60_solar_g09,59,0.14306067183653765,2012
p60_solar_g09,60,0.0,2012
p60_solar_g09,61,0.12542568925641656,2012
p60_solar_g09,62,0.0,2012
p60_solar_g09,63,0.09963097161674321,2012
p60_solar_g09,64,0.0,2012
p60_solar_g09,65,0.022299932171522513,2012
p60_solar_g09,66,0.023191840869763263,2012
p60_solar_g09,67,2.4051754635292734e-17,2012
p60_solar_g09,68,0.07268075504104865,2012
p60_solar_g09,69,2.5660346305472172e-17,2012
p60_solar_g09,70,0.1641039728235577,2012
p60_solar_g09,71,2.747810836066566e-17,2012
p60_solar_g09,72,0.2082599214351685,2012
p60_solar_g09,73,2.9500193979346345e-17,2012
p60_solar_g09,74,0.24545450794024348,2012
p60_solar_g09,75,0.0,2012
p60_solar_g09,76,0.26408913088940866,2012
p60_solar_g09,77,0.0,2012
p60_solar_g09,78,0.2591964669697656,2012
p60_solar_g09,79,0.0,2012
p60_solar_g09,80,0.23574083139382923,2012
p60_solar_g09,81,0.0,2012
p60_solar_g09,82,0.12006686835487838,2012
p60_solar_g09,83,0.0,2012
p60_solar_g09,84,0.04382763843527038,2012
p60_solar_g09,85,0.04592482915081377,2012
p60_solar_g09,86,4.7750464496612013e-17,2012
p60_solar_g09,87,0.23184820769839531,2012
p60_solar_g09,88,5.112253187382144e-17,2012
p60_solar_g09,89,0.3266870654087684,2012
p60_solar_g09,90,5.463587809392584e-17,2012
p60_solar_g09,91,0.4125028100835273,2012
p60_solar_g09,92,5.828113528501803e-17,2012
p60_solar_g09,93,0.4963047677004261,2012
p60_solar_g09,94,0.0,2012
p60_solar_g09,95,0.5123544268252296,2012
p60_solar_g09,96,0.0,2012
p60_solar_g09,97,0.4957943538422865,2012
p60_solar_g09,98,0.0,2012
p60_solar_g09,99,0.33683274343121755,2012
p60_solar_g09,100,0.0,2012
p60_solar_g09,101,0.22221322336729074,2012
p60_solar_g09,102,0.0782831604438493,2012
p60_solar_g09,103,0.07966852766599666,2012
p60_solar_g09,104,0.24258513109550192,2012
p60_solar_g09,105,8.520492276736376e-17,2012
p60_solar_g09,106,0.4085448600907287,2012
p60_solar_g09,107,8.951741221740808e-17,2012
p60_solar_g09,108,0.5648438465827114,2012
p60_solar_g09,109,9.386880565218744e-17,2012
p60_solar_g09,110,0.7673494715641398,2012
p60_solar_g09,111,9.824750065800239e-17,2012
p60_solar_g09,112,0.826165019933184,2012
p60_solar_g09,113,0.0,2012
p60_solar_g09,114,0.8370288426273494,2012
p60_solar_g09,115,0.0,2012
p60_solar_g09,116,0.672133951972228,2012
p60_solar_g09,117,0.0,2012
p60_solar_g09,118,0.5304113790599597,2012
p60_solar_g09,119,0.0,2012
p60_solar_g09,120,0.34370016241288565,2012
p60_solar_g09,121,0.11966465182983842,2012
p60_solar_g09,122,0.12107456169177604,2012
p60_solar_g09,123,0.36443297112476397,2012
p60_solar_g09,124,1.2727325161767468e-16,2012
p60_solar_g09,125,0.6033939203546383,2012
p60_solar_g09,126,1.3147357144613044e-16,2012
p60_solar_g09,127,0.970551210664829,2012
p60_solar_g09,128,1.3560092472315755e-16,2012
p60_solar_g09,129,1.0,2012
p60_solar_g09,130,0.0,2012
p60_solar_g09,131,1.0,2012
p60_solar_g09,132,0.0,2012
p60_solar_g09,133,1.0,2012
p60_solar_g09,134,0.0,2012
p60_solar_g09,135,0.9164105390489289,2012
p60_solar_g09,136,0.0,2012
p60_solar_g09,137,0.712397263254673,2012
p60_solar_g09,138,0.0,2012
p60_solar_g09,139,0.4548751739895176,2012
p60_solar_g09,140,0.1568490408003846,2012
p60_solar_g09,141,1.6046562310449893e-16,2012
p60_solar_g09,142,0.47090842324684246,2012
p60_solar_g09,143,1.6368742046821052e-16,2012
p60_solar_g09,144,1.0,2012
p60_solar_g09,145,1.6675035732288986e-16,2012
p60_solar_g09,146,1.0,2012
p60_solar_g09,147,1.6964626675348898e-16,2012
p60_solar_g09,148,1.0,2012
p60_solar_g09,149,0.0,2012
p60_solar_g09,150,1.0,2012
p60_solar_g09,151,0.0,2012
p60_solar_g09,152,1.0,2012
p60_solar_g09,153,0.0,2012
p60_solar_g09,154,1.0,2012
p60_solar_g09,155,0.0,2012
p60_solar_g09,156,0.5233392252972583,2012
p60_solar_g09,157,0.0,2012
p60_solar_g09,158,0.17968170931117766,2012
p60_solar_g09,159,0.18076036799465844,2012
p60_solar_g09,160,1.8416433296581823e-16,2012
p60_solar_g09,161,0.8586902433676249,2012
p60_solar_g09,162,1.8555946515455733e-16,2012
p60_solar_g09,163,1.0,2012
p60_solar_g09,164,1.867374179268371e-16,2012
p60_solar_g09,165,1.0,2012
p60_solar_g09,166,1.8769505042775973e-16,2012
p60_solar_g09,167,1.0,2012
p60_solar_g09,168,0.0,2012
p60_solar_g09,169,1.0,2012
p60_solar_g09,170,0.0,2012
p60_solar_g09,171,1.0,2012
p60_solar_g09,172,0.0,2012
p60_solar_g09,173,0.8780247813129302,2012
p60_solar_g09,174,0.0,2012
p60_solar_g09,175,0.5478182122455152,2012
p60_solar_g09,176,0.0,2012
p60_solar_g09,177,0.1858969801105668,2012
p60_solar_g09,178,0.5459028722517006,2012
p60_solar_g09,179,1.883229173293578e-16,2012
p60_solar_g09,180,0.8712825023417361,2012
p60_solar_g09,181,1.8755086071483477e-16,2012
p60_solar_g09,182,1.0,2012
p60_solar_g09,183,1.8655631489160427e-16,2012
p60_solar_g09,184,1.0,2012
p60_solar_g09,185,1.8534193168424985e-16,2012
p60_solar_g09,186,1.0,2012
p60_solar_g09,187,0.0,2012
p60_solar_g09,188,1.0,2012
p60_solar_g09,189,0.0,2012
p60_solar_g09,190,1.0,2012
p60_solar_g09,191,0.0,2012
p60_solar_g09,192,0.8306197263390759,2012
p60_solar_g09,193,0.0,2012
p60_solar_g09,194,0.5121641726996209,2012
p60_solar_g09,195,0.17255161296949412,2012
p60_solar_g09,196,0.17174917302762682,2012
p60_solar_g09,197,0.5003642454371489,2012
p60_solar_g09,198,1.7192634962813642e-16,2012
p60_solar_g09,199,0.7890822438553763,2012
p60_solar_g09,200,1.6917554765803643e-16,2012
p60_solar_g09,201,1.0,2012
p60_solar_g09,202,1.6625125181535177e-16,2012
p60_solar_g09,203,1.0,2012
p60_solar_g09,204,0.0,2012
p60_solar_g09,205,1.0,2012
p60_solar_g09,206,0.0,2012
p60_solar_g09,207,1.0,2012
p60_solar_g09,208,0.0,2012
p60_solar_g09,209,0.9423270716512148,2012
p60_solar_g09,210,0.0,2012
p60_solar_g09,211,0.6983471173831333,2012
p60_solar_g09,212,0.0,2012
p60_solar_g09,213,0.42507953859208014,2012
p60_solar_g09,214,0.14197025249144588,2012
p60_solar_g09,215,1.429418607233469e-16,2012
p60_solar_g09,216,0.4062751483082459,2012
p60_solar_g09,217,1.3897670132906057e-16,2012
p60_solar_g09,218,0.8329565206728967,2012
p60_solar_g09,219,1.3491856928225482e-16,2012
p60_solar_g09,220,0.9556054577113121,2012
p60_solar_g09,221,1.307782850540177e-16,2012
p60_solar_g09,222,1.0,2012
p60_solar_g09,223,0.0,2012
p60_solar_g09,224,0.9809366149507848,2012
p60_solar_g09,225,0.0,2012
p60_solar_g09,226,0.8634452467881386,2012
p60_solar_g09,227,0.0,2012
p60_solar_g09,228,0.7033429411413699,2012
p60_solar_g09,229,0.0,2012
p60_solar_g09,230,0.32053878452468887,2012
p60_solar_g09,231,0.0,2012
p60_solar_g09,232,0.1046336126340511,2012
p60_solar_g09,233,0.10174744236707801,2012
p60_solar_g09,234,1.0190884691380503e-16,2012
p60_solar_g09,235,0.459124605587792,2012
p60_solar_g09,236,9.751631700723971e-17,2012
p60_solar_g09,237,0.5781820225078532,2012
p60_solar_g09,238,9.314136306625778e-17,2012
p60_solar_g09,239,0.6524638582315597,2012
p60_solar_g09,240,8.879565032552474e-17,2012
p60_solar_g10,1,0.0,2012
p60_solar_g10,2,0.6792479360650872,2012
p60_solar_g10,3,0.0,2012
p60_solar_g10,4,0.5886502815961818,2012
p60_solar_g10,5,0.0,2012
p60_solar_g10,6,0.4719429348586184,2012
p60_solar_g10,7,0.0,2012
p60_solar_g10,8,0.21162765264667918,2012
p60_solar_g10,9,0.0,2012
p60_solar_g10,10,0.067953348711524,2012
p60_solar_g10,11,0.0653482235565778,2012
p60_solar_g10,12,6.508651464439903e-17,2012
p60_solar_g10,13,0.28994685329201125,2012
p60_solar_g10,14,6.123600550404735e-17,2012
p60_solar_g10,15,0.35896974638131357,2012
p60_solar_g10,16,5.749901069020393e-17,2012
p60_solar_g10,17,0.3982135187884727,2012
p60_solar_g10,18,5.388549440410042e-17,2012
p60_solar_g10,19,0.42093651084598177,2012
p60_solar_g10,20,0.0,2012
p60_solar_g10,21,0.38185567504793416,2012
p60_solar_g10,22,0.0,2012
p60_solar_g10,23,0.32482299301799994,2012
p60_solar_g10,24,0.0,2012
p60_solar_g10,25,0.19409832783444783,2012
p60_solar_g10,26,0.0,2012
p60_solar_g10,27,0.11271947557993008,2012
p60_solar_g10,28,0.036496230238403746,2012
p60_solar_g10,29,0.03561570013688606,2012
p60_solar_g10,30,0.09977122785668291,2012
p60_solar_g10,31,3.362279497574465e-17,2012
p60_solar_g10,32,0.14851858814321192,2012
p60_solar_g10,33,3.1247353414736634e-17,2012
p60_solar_g10,34,0.1819609963881857,2012
p60_solar_g10,35,2.906538694522889e-17,2012
p60_solar_g10,36,0.2197825372971875,2012
p60_solar_g10,37,2.708271349153391e-17,2012
p60_solar_g10,38,0.21127955004756654,2012
p60_solar_g10,39,0.0,2012
p60_solar_g10,40,0.19214528596826988,2012
p60_solar_g10,41,0.0,2012
p60_solar_g10,42,0.1394060254906118,2012
p60_solar_g10,43,0.0,2012
p60_solar_g10,44,0.10018210688712229,2012
p60_solar_g10,45,0.0,2012
p60_solar_g10,46,0.05966550515842776,2012
p60_solar_g10,47,0.019751852360534238,2012
p60_solar_g10,48,0.01952367877934016,2012
p60_solar_g10,49,0.05631019902169357,2012
p60_solar_g10,50,1.9290028203543422e-17,2012
p60_solar_g10,51,0.08837093493818182,2012
p60_solar_g10,52,1.8969451595685878e-17,2012
p60_solar_g10,53,0.13651798434866375,2012
p60_solar_g10,54,1.8875087476762298e-17,2012
p60_solar_g10,55,0.1501469395264962,2012
p60_solar_g10,56,0.0,2012
p60_solar_g10,57,0.1569507094035183,2012
p60_solar_g10,58,0.0,2012
p60_solar_g10,59,0.1426492653825412,2012
p60_solar_g10,60,0.0,2012
p60_solar_g10,61,0.12506499656991776,2012
p60_solar_g10,62,0.0,2012
p60_solar_g10,63,0.09934445804026637,2012
p60_solar_g10,64,0.0,2012
p60_solar_g10,65,0.02223580318414064,2012
p60_solar_g10,66,0.02312514697764467,2012
p60_solar_g10,67,2.39825878478041e-17,2012
p60_solar_g10,68,0.07247174349845371,2012
p60_solar_g10,69,2.558655361355809e-17,2012
p60_solar_g10,70,0.16363205113690987,2012
p60_solar_g10,71,2.739908824299063e-17,2012
p60_solar_g10,72,0.20766101836357437,2012
p60_solar_g10,73,2.941535885281263e-17,2012
p60_solar_g10,74,0.24474864260749485,2012
p60_solar_g10,75,0.0,2012
p60_solar_g10,76,0.26332967707527893,2012
p60_solar_g10,77,0.0,2012
p60_solar_g10,78,0.25845108322456495,2012
p60_solar_g10,79,0.0,2012
p60_solar_g10,80,0.23506290014786996,2012
p60_solar_g10,81,0.0,2012
p60_solar_g10,82,0.11972158628735964,2012
p60_solar_g10,83,0.0,2012
p60_solar_g10,84,0.04370160118768709,2012
p60_solar_g10,85,0.045792760911032834,2012
p60_solar_g10,86,4.7613146189469703e-17,2012
p60_solar_g10,87,0.23118147065759898,2012
p60_solar_g10,88,5.097551635035485e-17,2012
p60_solar_g10,89,0.32574759570391554,2012
p60_solar_g10,90,5.447875907177216e-17,2012
p60_solar_g10,91,0.411316555914709,2012
p60_solar_g10,92,5.81135334214542e-17,2012
p60_solar_g10,93,0.49487752021193065,2012
p60_solar_g10,94,0.0,2012
p60_solar_g10,95,0.5108810245601375,2012
p60_solar_g10,96,0.0,2012
p60_solar_g10,97,0.4943685741754695,2012
p60_solar_g10,98,0.0,2012
p60_solar_g10,99,0.3358640973121551,2012
p60_solar_g10,100,0.0,2012
p60_solar_g10,101,0.22157419411429577,2012
p60_solar_g10,102,0.07805803779460968,2012
p60_solar_g10,103,0.079439421049612,2012
p60_solar_g10,104,0.24188751736773823,2012
p60_solar_g10,105,8.495989487333279e-17,2012
p60_solar_g10,106,0.4073699879890483,2012
p60_solar_g10,107,8.925998269007172e-17,2012
p60_solar_g10,108,0.56321949796893,2012
p60_solar_g10,109,9.359886261348583e-17,2012
p60_solar_g10,110,0.7651427677858088,2012
p60_solar_g10,111,9.796496559549474e-17,2012
p60_solar_g10,112,0.8237891774538828,2012
p60_solar_g10,113,0.0,2012
p60_solar_g10,114,0.8346217585306694,2012
p60_solar_g10,115,0.0,2012
p60_solar_g10,116,0.6702010640426405,2012
p60_solar_g10,117,0.0,2012
p60_solar_g10,118,0.528886049548941,2012
p60_solar_g10,119,0.0,2012
p60_solar_g10,120,0.34271176732679337,2012
p60_solar_g10,121,0.11932052643572391,2012
p60_solar_g10,122,0.12072638175206694,2012
p60_solar_g10,123,0.363384953703588,2012
p60_solar_g10,124,1.2690724580724166e-16,2012
p60_solar_g10,125,0.6016587114397818,2012
p60_solar_g10,126,1.3109548657396723e-16,2012
p60_solar_g10,127,0.9677601498730984,2012
p60_solar_g10,128,1.3521097062268517e-16,2012
p60_solar_g10,129,1.0,2012
p60_solar_g10,130,0.0,2012
p60_solar_g10,131,1.0,2012
p60_solar_g10,132,0.0,2012
p60_solar_g10,133,1.0,2012
p60_solar_g10,134,0.0,2012
p60_solar_g10,135,0.913775173190268,2012
p60_solar_g10,136,0.0,2012
p60_solar_g10,137,0.7103485881845093,2012
p60_solar_g10,138,0.0,2012
p60_solar_g10,139,0.4535670675760662,2012
p60_solar_g10,140,0.15639798247065606,2012
p60_solar_g10,141,1.6000416439511174e-16,2012
p60_solar_g10,142,0.4695542092474394,2012
p60_solar_g10,143,1.6321669668120357e-16,2012
p60_solar_g10,144,1.0,2012
p60_solar_g10,145,1.6627082530106883e-16,2012
p60_solar_g10,146,1.0,2012
p60_solar_g10,147,1.6915840682564984e-16,2012
p60_solar_g10,148,1.0,2012
p60_solar_g10,149,0.0,2012
p60_solar_g10,150,1.0,2012
p60_solar_g10,151,0.0,2012
p60_solar_g10,152,1.0,2012
p60_solar_g10,153,0.0,2012
p60_solar_g10,154,1.0,2012
p60_solar_g10,155,0.0,2012
p60_solar_g10,156,0.5218342335189252,2012
p60_solar_g10,157,0.0,2012
p60_solar_g10,158,0.17916498997855634,2012
p60_solar_g10,159,0.18024054671138676,2012
p60_solar_g10,160,1.8363472273677734e-16,2012
p60_solar_g10,161,0.8562208665391079,2012
p60_solar_g10,162,1.8502584287678736e-16,2012
p60_solar_g10,163,1.0,2012
p60_solar_g10,164,1.8620040815363042e-16,2012
p60_solar_g10,165,1.0,2012
p60_solar_g10,166,1.871552867447162e-16,2012
p60_solar_g10,167,1.0,2012
p60_solar_g10,168,0.0,2012
p60_solar_g10,169,1.0,2012
p60_solar_g10,170,0.0,2012
p60_solar_g10,171,1.0,2012
p60_solar_g10,172,0.0,2012
p60_solar_g10,173,0.8754998032238176,2012
p60_solar_g10,174,0.0,2012
p60_solar_g10,175,0.5462428250671848,2012
p60_solar_g10,176,0.0,2012
p60_solar_g10,177,0.18536238722480622,2012
p60_solar_g10,178,0.544332993108702,2012
p60_solar_g10,179,1.877813480592703e-16,2012
p60_solar_g10,180,0.868776913348507,2012
p60_solar_g10,181,1.87011511685083e-16,2012
p60_solar_g10,182,1.0,2012
p60_solar_g10,183,1.860198259251055e-16,2012
p60_solar_g10,184,1.0,2012
p60_solar_g10,185,1.8480893497794195e-16,2012
p60_solar_g10,186,1.0,2012
p60_solar_g10,187,0.0,2012
p60_solar_g10,188,1.0,2012
p60_solar_g10,189,0.0,2012
p60_solar_g10,190,1.0,2012
p60_solar_g10,191,0.0,2012
p60_solar_g10,192,0.8282310732463299,2012
p60_solar_g10,193,0.0,2012
p60_solar_g10,194,0.5106913175574674,2012
p60_solar_g10,195,0.1720553979978193,2012
p60_solar_g10,196,0.17125526567108335,2012
p60_solar_g10,197,0.49892532391329975,2012
p60_solar_g10,198,1.7143193275632219e-16,2012
p60_solar_g10,199,0.7868130420986067,2012
p60_solar_g10,200,1.6868904139973767e-16,2012
p60_solar_g10,201,1.0,2012
p60_solar_g10,202,1.6577315509524147e-16,2012
p60_solar_g10,203,1.0,2012
p60_solar_g10,204,0.0,2012
p60_solar_g10,205,1.0,2012
p60_solar_g10,206,0.0,2012
p60_solar_g10,207,1.0,2012
p60_solar_g10,208,0.0,2012
p60_solar_g10,209,0.9396171763733856,2012
p60_solar_g10,210,0.0,2012
p60_solar_g10,211,0.6963388469931443,2012
p60_solar_g10,212,0.0,2012
p60_solar_g10,213,0.42385711692025657,2012
p60_solar_g10,214,0.14156198180879997,2012
p60_solar_g10,215,1.4253079594018242e-16,2012
p60_solar_g10,216,0.4051068033258921,2012
p60_solar_g10,217,1.3857703934545656e-16,2012
p60_solar_g10,218,0.8305611475483051,2012
p60_solar_g10,219,1.3453057746413928e-16,2012
p60_solar_g10,220,0.952857377140113,2012
p60_solar_g10,221,1.304021996503696e-16,2012
p60_solar_g10,222,1.0,2012
p60_solar_g10,223,0.0,2012
p60_solar_g10,224,0.9781156883524998,2012
p60_solar_g10,225,0.0,2012
p60_solar_g10,226,0.8609621957676101,2012
p60_solar_g10,227,0.0,2012
p60_solar_g10,228,0.7013203040207429,2012
p60_solar_g10,229,0.0,2012
p60_solar_g10,230,0.3196169957268541,2012
p60_solar_g10,231,0.0,2012
p60_solar_g10,232,0.1043327127222165,2012
p60_solar_g10,233,0.10145484235388028,2012
p60_solar_g10,234,1.0161578274179009e-16,2012
p60_solar_g10,235,0.457804278879532,2012
p60_solar_g10,236,9.723588464472024e-17,2012
p60_solar_g10,237,0.5765193166601116,2012
p60_solar_g10,238,9.28735119691843e-17,2012
p60_solar_g10,239,0.6505875365365058,2012
p60_solar_g10,240,8.854029640357144e-17,2012
p61_solar_g01,1,0.0,2012
p61_solar_g01,2,0.6811435125758639,2012
p61_solar_g01,3,0.0,2012
p61_solar_g01,4,0.5902930273265846,2012
p61_solar_g01,5,0.0,2012
p61_solar_g01,6,0.47325998551750964,2012
p61_solar_g01,7,0.0,2012
p61_solar_g01,8,0.21221824171745615,2012
p61_solar_g01,9,0.0,2012
p61_solar_g01,10,0.06814298605130363,2012
p61_solar_g01,11,0.0655305907762891,2012
p61_solar_g01,12,6.526815151332052e-17,2012
p61_solar_g01,13,0.29075600767480986,2012
p61_solar_g01,14,6.140689676110395e-17,2012
p61_solar_g01,15,0.35997152288027773,2012
p61_solar_g01,16,5.76594731197089e-17,2012
p61_solar_g01,17,0.39932481284239657,2012
p61_solar_g01,18,5.40358725974531e-17,2012
p61_solar_g01,19,0.42211121793027606,2012
p61_solar_g01,20,0.0,2012
p61_solar_g01,21,0.38292131928429485,2012
p61_solar_g01,22,0.0,2012
p61_solar_g01,23,0.32572947620776427,2012
p61_solar_g01,24,0.0,2012
p61_solar_g01,25,0.19463999783664973,2012
p61_solar_g01,26,0.0,2012
p61_solar_g01,27,0.11303404170353758,2012
p61_solar_g01,28,0.03659808023028239,2012
p61_solar_g01,29,0.03571509283432354,2012
p61_solar_g01,30,0.10004965931879685,2012
p61_solar_g01,31,3.371662607481563e-17,2012
p61_solar_g01,32,0.14893305881312502,2012
p61_solar_g01,33,3.133455537150672e-17,2012
p61_solar_g01,34,0.18246879475210728,2012
p61_solar_g01,35,2.914649969043528e-17,2012
p61_solar_g01,36,0.2203958841961018,2012
p61_solar_g01,37,2.7158293191989165e-17,2012
p61_solar_g01,38,0.21186916766878117,2012
p61_solar_g01,39,0.0,2012
p61_solar_g01,40,0.1926815056185612,2012
p61_solar_g01,41,0.0,2012
p61_solar_g01,42,0.1397950657413803,2012
p61_solar_g01,43,0.0,2012
p61_solar_g01,44,0.10046168498892039,2012
p61_solar_g01,45,0.0,2012
p61_solar_g01,46,0.05983201362179849,2012
p61_solar_g01,47,0.01980697383443353,2012
p61_solar_g01,48,0.019578163489463035,2012
p61_solar_g01,49,0.056467343835708075,2012
p61_solar_g01,50,1.9343860865246724e-17,2012
p61_solar_g01,51,0.08861755161467054,2012
p61_solar_g01,52,1.9022389624582078e-17,2012
p61_solar_g01,53,0.1368989649460124,2012
p61_solar_g01,54,1.8927762163809674e-17,2012
p61_solar_g01,55,0.15056595443492596,2012
p61_solar_g01,56,0.0,2012
p61_solar_g01,57,0.15738871158548817,2012
p61_solar_g01,58,0.0,2012
p61_solar_g01,59,0.14304735653951275,2012
p61_solar_g01,60,0.0,2012
p61_solar_g01,61,0.12541401532614935,2012
p61_solar_g01,62,0.0,2012
p61_solar_g01,63,0.09962169851629622,2012
p61_solar_g01,64,0.0,2012
p61_solar_g01,65,0.022297856617027437,2012
p61_solar_g01,66,0.023189682301333725,2012
p61_solar_g01,67,2.404951603084032e-17,2012
p61_solar_g01,68,0.07267399031787951,2012
p61_solar_g01,69,2.5657957982193433e-17,2012
p61_solar_g01,70,0.1640886989323264,2012
p61_solar_g01,71,2.7475550850136685e-17,2012
p61_solar_g01,72,0.208240537752171,2012
p61_solar_g01,73,2.9497448264258585e-17,2012
p61_solar_g01,74,0.245431662390608,2012
p61_solar_g01,75,0.0,2012
p61_solar_g01,76,0.2640645509320123,2012
p61_solar_g01,77,0.0,2012
p61_solar_g01,78,0.2591723423944984,2012
p61_solar_g01,79,0.0,2012
p61_solar_g01,80,0.23571888993954548,2012
p61_solar_g01,81,0.0,2012
p61_solar_g01,82,0.12005569319405697,2012
p61_solar_g01,83,0.0,2012
p61_solar_g01,84,0.043823559200801714,2012
p61_solar_g01,85,0.045920554721418816,2012
p61_solar_g01,86,4.7746020147164425e-17,2012
p61_solar_g01,87,0.23182662854802114,2012
p61_solar_g01,88,5.111777367097068e-17,2012
p61_solar_g01,89,0.3266566591814366,2012
p61_solar_g01,90,5.463079288821768e-17,2012
p61_solar_g01,91,0.41246441660075284,2012
p61_solar_g01,92,5.8275710798908e-17,2012
p61_solar_g01,93,0.49625857439438353,2012
p61_solar_g01,94,0.0,2012
p61_solar_g01,95,0.5123067397055788,2012
p61_solar_g01,96,0.0,2012
p61_solar_g01,97,0.49574820804274616,2012
p61_solar_g01,98,0.0,2012
p61_solar_g01,99,0.33680139290022315,2012
p61_solar_g01,100,0.0,2012
p61_solar_g01,101,0.22219254098803157,2012
p61_solar_g01,102,0.07827587427973462,2012
p61_solar_g01,103,0.07966111255955413,2012
p61_solar_g01,104,0.2425625526116119,2012
p61_solar_g01,105,8.519699236384988e-17,2012
p61_solar_g01,106,0.40850683499207463,2012
p61_solar_g01,107,8.950908043119967e-17,2012
p61_solar_g01,108,0.5647912740378367,2012
p61_solar_g01,109,9.386006886231651e-17,2012
p61_solar_g01,110,0.767278050914393,2012
p61_solar_g01,111,9.823835632338954e-17,2012
p61_solar_g01,112,0.8260881250571097,2012
p61_solar_g01,113,0.0,2012
p61_solar_g01,114,0.8369509366066736,2012
p61_solar_g01,115,0.0,2012
p61_solar_g01,116,0.672071393457046,2012
p61_solar_g01,117,0.0,2012
p61_solar_g01,118,0.5303620112989469,2012
p61_solar_g01,119,0.0,2012
p61_solar_g01,120,0.34366817270047006,2012
p61_solar_g01,121,0.11965351410510919,2012
p61_solar_g01,122,0.12106329274042563,2012
p61_solar_g01,123,0.3643990517170477,2012
p61_solar_g01,124,1.2726140572650938e-16,2012
p61_solar_g01,125,0.603337759781859,2012
p61_solar_g01,126,1.314613346123993e-16,2012
p61_solar_g01,127,0.9704608771197535,2012
p61_solar_g01,128,1.3558830373818413e-16,2012
p61_solar_g01,129,1.0,2012
p61_solar_g01,130,0.0,2012
p61_solar_g01,131,1.0,2012
p61_solar_g01,132,0.0,2012
p61_solar_g01,133,1.0,2012
p61_solar_g01,134,0.0,2012
p61_solar_g01,135,0.9163252446184783,2012
p61_solar_g01,136,0.0,2012
p61_solar_g01,137,0.7123309572529034,2012
p61_solar_g01,138,0.0,2012
p61_solar_g01,139,0.4548328367211883,2012
p61_solar_g01,140,0.1568344421581476,2012
p61_solar_g01,141,1.6045068785076015e-16,2012
p61_solar_g01,142,0.4708645936922447,2012
p61_solar_g01,143,1.6367218534737128e-16,2012
p61_solar_g01,144,1.0,2012
p61_solar_g01,145,1.6673483712080878e-16,2012
p61_solar_g01,146,1.0,2012
p61_solar_g01,147,1.6963047701615593e-16,2012
p61_solar_g01,148,1.0,2012
p61_solar_g01,149,0.0,2012
p61_solar_g01,150,1.0,2012
p61_solar_g01,151,0.0,2012
p61_solar_g01,152,1.0,2012
p61_solar_g01,153,0.0,2012
p61_solar_g01,154,1.0,2012
p61_solar_g01,155,0.0,2012
p61_solar_g01,156,0.523290515773249,2012
p61_solar_g01,157,0.0,2012
p61_solar_g01,158,0.17966498553029014,2012
p61_solar_g01,159,0.18074354381817948,2012
p61_solar_g01,160,1.8414719196708426e-16,2012
p61_solar_g01,161,0.8586103212234323,2012
p61_solar_g01,162,1.8554219430462636e-16,2012
p61_solar_g01,163,1.0,2012
p61_solar_g01,164,1.8672003743956943e-16,2012
p61_solar_g01,165,1.0,2012
p61_solar_g01,166,1.8767758080934914e-16,2012
p61_solar_g01,167,1.0,2012
p61_solar_g01,168,0.0,2012
p61_solar_g01,169,1.0,2012
p61_solar_g01,170,0.0,2012
p61_solar_g01,171,1.0,2012
p61_solar_g01,172,0.0,2012
p61_solar_g01,173,0.8779430596167552,2012
p61_solar_g01,174,0.0,2012
p61_solar_g01,175,0.5477672243526299,2012
p61_solar_g01,176,0.0,2012
p61_solar_g01,177,0.18587967784660825,2012
p61_solar_g01,178,0.5458520626280812,2012
p61_solar_g01,179,1.8830538927256453e-16,2012
p61_solar_g01,180,0.8712014081796415,2012
p61_solar_g01,181,1.8753340451680612e-16,2012
p61_solar_g01,182,1.0,2012
p61_solar_g01,183,1.8653895126040666e-16,2012
p61_solar_g01,184,1.0,2012
p61_solar_g01,185,1.8532468108113258e-16,2012
p61_solar_g01,186,1.0,2012
p61_solar_g01,187,0.0,2012
p61_solar_g01,188,1.0,2012
p61_solar_g01,189,0.0,2012
p61_solar_g01,190,1.0,2012
p61_solar_g01,191,0.0,2012
p61_solar_g01,192,0.8305424168435385,2012
p61_solar_g01,193,0.0,2012
p61_solar_g01,194,0.5121165032877731,2012
p61_solar_g01,195,0.1725355528185853,2012
p61_solar_g01,196,0.17173318756339487,2012
p61_solar_g01,197,0.5003176742973443,2012
p61_solar_g01,198,1.7191034767328528e-16,2012
p61_solar_g01,199,0.7890088004392429,2012
p61_solar_g01,200,1.6915980173263642e-16,2012
p61_solar_g01,201,1.0,2012
p61_solar_g01,202,1.662357780672541e-16,2012
p61_solar_g01,203,1.0,2012
p61_solar_g01,204,0.0,2012
p61_solar_g01,205,1.0,2012
p61_solar_g01,206,0.0,2012
p61_solar_g01,207,1.0,2012
p61_solar_g01,208,0.0,2012
p61_solar_g01,209,0.9422393650530801,2012
p61_solar_g01,210,0.0,2012
p61_solar_g01,211,0.6982821190913242,2012
p61_solar_g01,212,0.0,2012
p61_solar_g01,213,0.4250399745368936,2012
p61_solar_g01,214,0.14195703868462983,2012
p61_solar_g01,215,1.4292855648460405e-16,2012
p61_solar_g01,216,0.40623733446182597,2012
p61_solar_g01,217,1.3896376614544946e-16,2012
p61_solar_g01,218,0.8328789936814518,2012
p61_solar_g01,219,1.349060118071563e-16,2012
p61_solar_g01,220,0.9555165152343568,2012
p61_solar_g01,221,1.3076611293370297e-16,2012
p61_solar_g01,222,1.0,2012
p61_solar_g01,223,0.0,2012
p61_solar_g01,224,0.9808453147896504,2012
p61_solar_g01,225,0.0,2012
p61_solar_g01,226,0.8633648820744957,2012
p61_solar_g01,227,0.0,2012
p61_solar_g01,228,0.7032774778658838,2012
p61_solar_g01,229,0.0,2012
p61_solar_g01,230,0.3205089505453768,2012
p61_solar_g01,231,0.0,2012
p61_solar_g01,232,0.10462387391541429,2012
p61_solar_g01,233,0.10173797227722559,2012
p61_solar_g01,234,1.0189936180130904e-16,2012
p61_solar_g01,235,0.4590818728058446,2012
p61_solar_g01,236,9.750724072716179e-17,2012
p61_solar_g01,237,0.5781282085192475,2012
p61_solar_g01,238,9.313269398272414e-17,2012
p61_solar_g01,239,0.6524031305000397,2012
p61_solar_g01,240,8.878738571692598e-17,2012
p61_solar_g02,1,0.0,2012
p61_solar_g02,2,0.6825921898785822,2012
p61_solar_g02,3,0.0,2012
p61_solar_g02,4,0.5915484809789389,2012
p61_solar_g02,5,0.0,2012
p61_solar_g02,6,0.4742665296402177,2012
p61_solar_g02,7,0.0,2012
p61_solar_g02,8,0.2126695941040277,2012
p61_solar_g02,9,0.0,2012
p61_solar_g02,10,0.06828791468294933,2012
p61_solar_g02,11,0.0656699632840479,2012
p61_solar_g02,12,6.540696585705574e-17,2012
p61_solar_g02,13,0.29137439663568326,2012
p61_solar_g02,14,6.153749886759948e-17,2012
p61_solar_g02,15,0.36073712156130966,2012
p61_solar_g02,16,5.778210508852754e-17,2012
p61_solar_g02,17,0.4001741093299889,2012
p61_solar_g02,18,5.415079777947307e-17,2012
p61_solar_g02,19,0.4230089772560984,2012
p61_solar_g02,20,0.0,2012
p61_solar_g02,21,0.3837357283093126,2012
p61_solar_g02,22,0.0,2012
p61_solar_g02,23,0.32642224783414886,2012
p61_solar_g02,24,0.0,2012
p61_solar_g02,25,0.19505396426495902,2012
p61_solar_g02,26,0.0,2012
p61_solar_g02,27,0.11327444603482331,2012
p61_solar_g02,28,0.03667591817070726,2012
p61_solar_g02,29,0.03579105280956854,2012
p61_solar_g02,30,0.10026244805997081,2012
p61_solar_g02,31,3.378833564852075e-17,2012
p61_solar_g02,32,0.1492498142955505,2012
p61_solar_g02,33,3.140119868281978e-17,2012
p61_solar_g02,34,0.18285687508544568,2012
p61_solar_g02,35,2.920848937656697e-17,2012
p61_solar_g02,36,0.22086462904818147,2012
p61_solar_g02,37,2.7216054298424745e-17,2012
p61_solar_g02,38,0.21231977763376028,2012
p61_solar_g02,39,0.0,2012
p61_solar_g02,40,0.1930913066644342,2012
p61_solar_g02,41,0.0,2012
p61_solar_g02,42,0.14009238625465317,2012
p61_solar_g02,43,0.0,2012
p61_solar_g02,44,0.100675350039162,2012
p61_solar_g02,45,0.0,2012
p61_solar_g02,46,0.05995926621763111,2012
p61_solar_g02,47,0.01984909992519077,2012
p61_solar_g02,48,0.019619802939230137,2012
p61_solar_g02,49,0.05658744034672118,2012
p61_solar_g02,50,1.93850019928726e-17,2012
p61_solar_g02,51,0.08880602619201937,2012
p61_solar_g02,52,1.9062847037129957e-17,2012
p61_solar_g02,53,0.13719012594163418,2012
p61_solar_g02,54,1.896801831971765e-17,2012
p61_solar_g02,55,0.15088618281077457,2012
p61_solar_g02,56,0.0,2012
p61_solar_g02,57,0.15772345081440003,2012
p61_solar_g02,58,0.0,2012
p61_solar_g02,59,0.14335159412646262,2012
p61_solar_g02,60,0.0,2012
p61_solar_g02,61,0.12568074977210872,2012
p61_solar_g02,62,0.0,2012
p61_solar_g02,63,0.09983357705706514,2012
p61_solar_g02,64,0.0,2012
p61_solar_g02,65,0.022345280395106443,2012
p61_solar_g02,66,0.02323900284214038,2012
p61_solar_g02,67,2.4100665292885673e-17,2012
p61_solar_g02,68,0.07282855563095625,2012
p61_solar_g02,69,2.5712528128831603e-17,2012
p61_solar_g02,70,0.1644376879036474,2012
p61_solar_g02,71,2.7533986710071326e-17,2012
p61_solar_g02,72,0.2086834302336784,2012
p61_solar_g02,73,2.956018435878136e-17,2012
p61_solar_g02,74,0.24595365411791537,2012
p61_solar_g02,75,0.0,2012
p61_solar_g02,76,0.2646261716687951,2012
p61_solar_g02,77,0.0,2012
p61_solar_g02,78,0.259723558229322,2012
p61_solar_g02,79,0.0,2012
p61_solar_g02,80,0.23622022423895908,2012
p61_solar_g02,81,0.0,2012
p61_solar_g02,82,0.12031103139310201,2012
p61_solar_g02,83,0.0,2012
p61_solar_g02,84,0.0439167645156383,2012
p61_solar_g02,85,0.04601821999184263,2012
p61_solar_g02,86,4.78475678744866e-17,2012
p61_solar_g02,87,0.23231968466430586,2012
p61_solar_g02,88,5.1226492549027045e-17,2012
p61_solar_g02,89,0.32735140276953645,2012
p61_solar_g02,90,5.474698336529845e-17,2012
p61_solar_g02,91,0.41334165880812374,2012
p61_solar_g02,92,5.839965340127515e-17,2012
p61_solar_g02,93,0.49731403263443297,2012
p61_solar_g02,94,0.0,2012
p61_solar_g02,95,0.5133963296849862,2012
p61_solar_g02,96,0.0,2012
p61_solar_g02,97,0.4968025808196942,2012
p61_solar_g02,98,0.0,2012
p61_solar_g02,99,0.3375177126249362,2012
p61_solar_g02,100,0.0,2012
p61_solar_g02,101,0.22266510702590717,2012
p61_solar_g02,102,0.07844235385463455,2012
p61_solar_g02,103,0.07983053830250497,2012
p61_solar_g02,104,0.24307844222660502,2012
p61_solar_g02,105,8.537819198891953e-17,2012
p61_solar_g02,106,0.4093756600912381,2012
p61_solar_g02,107,8.969945113988849e-17,2012
p61_solar_g02,108,0.565992489764575,2012
p61_solar_g02,109,9.405969338913347e-17,2012
p61_solar_g02,110,0.7689099218442506,2012
p61_solar_g02,111,9.844729272876443e-17,2012
p61_solar_g02,112,0.8278450750899884,2012
p61_solar_g02,113,0.0,2012
p61_solar_g02,114,0.8387309900065301,2012
p61_solar_g02,115,0.0,2012
p61_solar_g02,116,0.6735007758933927,2012
p61_solar_g02,117,0.0,2012
p61_solar_g02,118,0.5314900017940588,2012
p61_solar_g02,119,0.0,2012
p61_solar_g02,120,0.34439909690699305,2012
p61_solar_g02,121,0.11990799693710304,2012
p61_solar_g02,122,0.12132077393366512,2012
p61_solar_g02,123,0.3651740670047338,2012
p61_solar_g02,124,1.2753206926008808e-16,2012
p61_solar_g02,125,0.6046209573787406,2012
p61_solar_g02,126,1.3174093068594602e-16,2012
p61_solar_g02,127,0.9725248836321885,2012
p61_solar_g02,128,1.3587667717860163e-16,2012
p61_solar_g02,129,1.0,2012
p61_solar_g02,130,0.0,2012
p61_solar_g02,131,1.0,2012
p61_solar_g02,132,0.0,2012
p61_solar_g02,133,1.0,2012
p61_solar_g02,134,0.0,2012
p61_solar_g02,135,0.9182741137764131,2012
p61_solar_g02,136,0.0,2012
p61_solar_g02,137,0.7138459649873137,2012
p61_solar_g02,138,0.0,2012
p61_solar_g02,139,0.45580018940813843,2012
p61_solar_g02,140,0.157168002549525,2012
p61_solar_g02,141,1.6079193938645475e-16,2012
p61_solar_g02,142,0.47186604322078235,2012
p61_solar_g02,143,1.6402028846458714e-16,2012
p61_solar_g02,144,1.0,2012
p61_solar_g02,145,1.6708945398149924e-16,2012
p61_solar_g02,146,1.0,2012
p61_solar_g02,147,1.6999125241424093e-16,2012
p61_solar_g02,148,1.0,2012
p61_solar_g02,149,0.0,2012
p61_solar_g02,150,1.0,2012
p61_solar_g02,151,0.0,2012
p61_solar_g02,152,1.0,2012
p61_solar_g02,153,0.0,2012
p61_solar_g02,154,1.0,2012
p61_solar_g02,155,0.0,2012
p61_solar_g02,156,0.5244034663907504,2012
p61_solar_g02,157,0.0,2012
p61_solar_g02,158,0.18004710263457943,2012
p61_solar_g02,159,0.1811279548339316,2012
p61_solar_g02,160,1.8453884196805566e-16,2012
p61_solar_g02,161,0.8604364404791706,2012
p61_solar_g02,162,1.859368112401517e-16,2012
p61_solar_g02,163,1.0,2012
p61_solar_g02,164,1.8711715944867215e-16,2012
p61_solar_g02,165,1.0,2012
p61_solar_g02,166,1.880767393516061e-16,2012
p61_solar_g02,167,1.0,2012
p61_solar_g02,168,0.0,2012
p61_solar_g02,169,1.0,2012
p61_solar_g02,170,0.0,2012
p61_solar_g02,171,1.0,2012
p61_solar_g02,172,0.0,2012
p61_solar_g02,173,0.8798102963444986,2012
p61_solar_g02,174,0.0,2012
p61_solar_g02,175,0.5489322327986352,2012
p61_solar_g02,176,0.0,2012
p61_solar_g02,177,0.18627501255267426,2012
p61_solar_g02,178,0.5470129978482975,2012
p61_solar_g02,179,1.8870588305747493e-16,2012
p61_solar_g02,180,0.8730543065524868,2012
p61_solar_g02,181,1.8793225642041976e-16,2012
p61_solar_g02,182,1.0,2012
p61_solar_g02,183,1.8693568812976605e-16,2012
p61_solar_g02,184,1.0,2012
p61_solar_g02,185,1.8571883540273866e-16,2012
p61_solar_g02,186,1.0,2012
p61_solar_g02,187,0.0,2012
p61_solar_g02,188,1.0,2012
p61_solar_g02,189,0.0,2012
p61_solar_g02,190,1.0,2012
p61_solar_g02,191,0.0,2012
p61_solar_g02,192,0.8323088404033487,2012
p61_solar_g02,193,0.0,2012
p61_solar_g02,194,0.5132056886664238,2012
p61_solar_g02,195,0.17290250682264677,2012
p61_solar_g02,196,0.17209843507196426,2012
p61_solar_g02,197,0.5013817655578812,2012
p61_solar_g02,198,1.7227597197151119e-16,2012
p61_solar_g02,199,0.7906868890060983,2012
p61_solar_g02,200,1.6951957608382366e-16,2012
p61_solar_g02,201,1.0,2012
p61_solar_g02,202,1.6658933351355796e-16,2012
p61_solar_g02,203,1.0,2012
p61_solar_g02,204,0.0,2012
p61_solar_g02,205,1.0,2012
p61_solar_g02,206,0.0,2012
p61_solar_g02,207,1.0,2012
p61_solar_g02,208,0.0,2012
p61_solar_g02,209,0.94424334917196,2012
p61_solar_g02,210,0.0,2012
p61_solar_g02,211,0.6997672473178209,2012
p61_solar_g02,212,0.0,2012
p61_solar_g02,213,0.4259439628337666,2012
p61_solar_g02,214,0.1422589573495024,2012
p61_solar_g02,215,1.432325414038856e-16,2012
p61_solar_g02,216,0.40710133271635834,2012
p61_solar_g02,217,1.3925931862477037e-16,2012
p61_solar_g02,218,0.8346503867458799,2012
p61_solar_g02,219,1.3519293412777883e-16,2012
p61_solar_g02,220,0.9575487376110446,2012
p61_solar_g02,221,1.3104423038806344e-16,2012
p61_solar_g02,222,1.0,2012
p61_solar_g02,223,0.0,2012
p61_solar_g02,224,0.9829314072485505,2012
p61_solar_g02,225,0.0,2012
p61_solar_g02,226,0.8652011134787931,2012
p61_solar_g02,227,0.0,2012
p61_solar_g02,228,0.7047732303774864,2012
p61_solar_g02,229,0.0,2012
p61_solar_g02,230,0.3211906189946838,2012
p61_solar_g02,231,0.0,2012
p61_solar_g02,232,0.1048463912390992,2012
p61_solar_g02,233,0.10195435177514553,2012
p61_solar_g02,234,1.0211608454751091e-16,2012
p61_solar_g02,235,0.46005826247548726,2012
p61_solar_g02,236,9.771462217304524e-17,2012
p61_solar_g02,237,0.5793577896549111,2012
p61_solar_g02,238,9.333077150592266e-17,2012
p61_solar_g02,239,0.6537906818602569,2012
p61_solar_g02,240,8.897622150274943e-17,2012
p61_solar_g03,1,0.0,2012
p61_solar_g03,2,0.6815638724214791,2012
p61_solar_g03,3,0.0,2012
p61_solar_g03,4,0.5906573198453466,2012
p61_solar_g03,5,0.0,2012
p61_solar_g03,6,0.4735520524472755,2012
p61_solar_g03,7,0.0,2012
p61_solar_g03,8,0.2123492097523534,2012
p61_solar_g03,9,0.0,2012
p61_solar_g03,10,0.0681850397074971,2012
p61_solar_g03,11,0.06557103222293464,2012
p61_solar_g03,12,6.530843099860839e-17,2012
p61_solar_g03,13,0.29093544438416885,2012
p61_solar_g03,14,6.144479331765279e-17,2012
p61_solar_g03,15,0.3601936751448006,2012
p61_solar_g03,16,5.769505699707302e-17,2012
p61_solar_g03,17,0.39957125153494455,2012
p61_solar_g03,18,5.4069220211639204e-17,2012
p61_solar_g03,19,0.42237171898934156,2012
p61_solar_g03,20,0.0,2012
p61_solar_g03,21,0.3831576347503974,2012
p61_solar_g03,22,0.0,2012
p61_solar_g03,23,0.32593049638897864,2012
p61_solar_g03,24,0.0,2012
p61_solar_g03,25,0.19476011766151854,2012
p61_solar_g03,26,0.0,2012
p61_solar_g03,27,0.11310379935584211,2012
p61_solar_g03,28,0.03662066631246826,2012
p61_solar_g03,29,0.03573713399104423,2012
p61_solar_g03,30,0.10011140380959593,2012
p61_solar_g03,31,3.373743390087548e-17,2012
p61_solar_g03,32,0.1490249711288908,2012
p61_solar_g03,33,3.135389313016579e-17,2012
p61_solar_g03,34,0.18258140325967645,2012
p61_solar_g03,35,2.916448711582198e-17,2012
p61_solar_g03,36,0.22053189896853137,2012
p61_solar_g03,37,2.717505361871654e-17,2012
p61_solar_g03,38,0.21199992027666414,2012
p61_solar_g03,39,0.0,2012
p61_solar_g03,40,0.19280041678259538,2012
p61_solar_g03,41,0.0,2012
p61_solar_g03,42,0.13988133865034566,2012
p61_solar_g03,43,0.0,2012
p61_solar_g03,44,0.10052368375659929,2012
p61_solar_g03,45,0.0,2012
p61_solar_g03,46,0.059868938257421594,2012
p61_solar_g03,47,0.019819197479391492,2012
p61_solar_g03,48,0.019590245926761358,2012
p61_solar_g03,49,0.05650219200426408,2012
p61_solar_g03,50,1.935579870538876e-17,2012
p61_solar_g03,51,0.08867224091234097,2012
p61_solar_g03,52,1.9034129072463745e-17,2012
p61_solar_g03,53,0.13698345055984723,2012
p61_solar_g03,54,1.8939443213447702e-17,2012
p61_solar_g03,55,0.1506588744733505,2012
p61_solar_g03,56,0.0,2012
p61_solar_g03,57,0.15748584220962558,2012
p61_solar_g03,58,0.0,2012
p61_solar_g03,59,0.14313563656215175,2012
p61_solar_g03,60,0.0,2012
p61_solar_g03,61,0.125491413136078,2012
p61_solar_g03,62,0.0,2012
p61_solar_g03,63,0.09968317889603273,2012
p61_solar_g03,64,0.0,2012
p61_solar_g03,65,0.022311617481503173,2012
p61_solar_g03,66,0.023203993545722133,2012
p61_solar_g03,67,2.4064357911676287e-17,2012
p61_solar_g03,68,0.07271884023098334,2012
p61_solar_g03,69,2.5673792494388094e-17,2012
p61_solar_g03,70,0.1641899643762114,2012
p61_solar_g03,71,2.7492507068760684e-17,2012
p61_solar_g03,72,0.20836905099304337,2012
p61_solar_g03,73,2.9515652273501095e-17,2012
p61_solar_g03,74,0.2455831277041679,2012
p61_solar_g03,75,0.0,2012
p61_solar_g03,76,0.26422751531736255,2012
p61_solar_g03,77,0.0,2012
p61_solar_g03,78,0.2593322876098975,2012
p61_solar_g03,79,0.0,2012
p61_solar_g03,80,0.23586436112785475,2012
p61_solar_g03,81,0.0,2012
p61_solar_g03,82,0.12012978417741733,2012
p61_solar_g03,83,0.0,2012
p61_solar_g03,84,0.043850604403816704,2012
p61_solar_g03,85,0.04594889406098069,2012
p61_solar_g03,86,4.7775486051613693e-17,2012
p61_solar_g03,87,0.23196969767220232,2012
p61_solar_g03,88,5.114932041413389e-17,2012
p61_solar_g03,89,0.3268582515629061,2012
p61_solar_g03,90,5.466450765058469e-17,2012
p61_solar_g03,91,0.4127189642478828,2012
p61_solar_g03,92,5.831167498023288e-17,2012
p61_solar_g03,93,0.49656483463743967,2012
p61_solar_g03,94,0.0,2012
p61_solar_g03,95,0.51262290388836,2012
p61_solar_g03,96,0.0,2012
p61_solar_g03,97,0.4960541533191076,2012
p61_solar_g03,98,0.0,2012
p61_solar_g03,99,0.33700924598684673,2012
p61_solar_g03,100,0.0,2012
p61_solar_g03,101,0.2223296645464332,2012
p61_solar_g03,102,0.07832418133077469,2012
p61_solar_g03,103,0.07971027449438697,2012
p61_solar_g03,104,0.242712247287235,2012
p61_solar_g03,105,8.524957070291606e-17,2012
p61_solar_g03,106,0.40875894026345955,2012
p61_solar_g03,107,8.956431992557425e-17,2012
p61_solar_g03,108,0.5651398284443251,2012
p61_solar_g03,109,9.391799351890933e-17,2012
p61_solar_g03,110,0.7677515676947358,2012
p61_solar_g03,111,9.829898298948141e-17,2012
p61_solar_g03,112,0.8265979357949383,2012
p61_solar_g03,113,0.0,2012
p61_solar_g03,114,0.8374674512030895,2012
p61_solar_g03,115,0.0,2012
p61_solar_g03,116,0.6724861545492095,2012
p61_solar_g03,117,0.0,2012
p61_solar_g03,118,0.5306893180838954,2012
p61_solar_g03,119,0.0,2012
p61_solar_g03,120,0.3438802635408759,2012
p61_solar_g03,121,0.11972735688829349,2012
p61_solar_g03,122,0.12113800555219942,2012
p61_solar_g03,123,0.3646239363798155,2012
p61_solar_g03,124,1.2733994363207008e-16,2012
p61_solar_g03,125,0.603710102706475,2012
p61_solar_g03,126,1.3154246445552597e-16,2012
p61_solar_g03,127,0.9710597858327483,2012
p61_solar_g03,128,1.3567198049260415e-16,2012
p61_solar_g03,129,1.0,2012
p61_solar_g03,130,0.0,2012
p61_solar_g03,131,1.0,2012
p61_solar_g03,132,0.0,2012
p61_solar_g03,133,1.0,2012
p61_solar_g03,134,0.0,2012
p61_solar_g03,135,0.9168907441516155,2012
p61_solar_g03,136,0.0,2012
p61_solar_g03,137,0.712770564069513,2012
p61_solar_g03,138,0.0,2012
p61_solar_g03,139,0.4551135315490694,2012
p61_solar_g03,140,0.1569312307213146,2012
p61_solar_g03,141,1.6054970813815704e-16,2012
p61_solar_g03,142,0.47115518233363335,2012
p61_solar_g03,143,1.6377319374471169e-16,2012
p61_solar_g03,144,1.0,2012
p61_solar_g03,145,1.6683773559829073e-16,2012
p61_solar_g03,146,1.0,2012
p61_solar_g03,147,1.6973516250432932e-16,2012
p61_solar_g03,148,1.0,2012
p61_solar_g03,149,0.0,2012
p61_solar_g03,150,1.0,2012
p61_solar_g03,151,0.0,2012
p61_solar_g03,152,1.0,2012
p61_solar_g03,153,0.0,2012
p61_solar_g03,154,1.0,2012
p61_solar_g03,155,0.0,2012
p61_solar_g03,156,0.5236134584664716,2012
p61_solar_g03,157,0.0,2012
p61_solar_g03,158,0.1797758636994066,2012
p61_solar_g03,159,0.1808550876070765,2012
p61_solar_g03,160,1.8426083627809445e-16,2012
p61_solar_g03,161,0.8591402026587089,2012
p61_solar_g03,162,1.8565669952520468e-16,2012
p61_solar_g03,163,1.0,2012
p61_solar_g03,164,1.868352695524241e-16,2012
p61_solar_g03,165,1.0,2012
p61_solar_g03,166,1.8779340385902644e-16,2012
p61_solar_g03,167,1.0,2012
p61_solar_g03,168,0.0,2012
p61_solar_g03,169,1.0,2012
p61_solar_g03,170,0.0,2012
p61_solar_g03,171,1.0,2012
p61_solar_g03,172,0.0,2012
p61_solar_g03,173,0.8784848720280689,2012
p61_solar_g03,174,0.0,2012
p61_solar_g03,175,0.548105272563632,2012
p61_solar_g03,176,0.0,2012
p61_solar_g03,177,0.18599439134125362,2012
p61_solar_g03,178,0.5461889289191617,2012
p61_solar_g03,179,1.884215997669782e-16,2012
p61_solar_g03,180,0.8717390600586958,2012
p61_solar_g03,181,1.8764913858975098e-16,2012
p61_solar_g03,182,1.0,2012
p61_solar_g03,183,1.8665407161801896e-16,2012
p61_solar_g03,184,1.0,2012
p61_solar_g03,185,1.854390520659392e-16,2012
p61_solar_g03,186,1.0,2012
p61_solar_g03,187,0.0,2012
p61_solar_g03,188,1.0,2012
p61_solar_g03,189,0.0,2012
p61_solar_g03,190,1.0,2012
p61_solar_g03,191,0.0,2012
p61_solar_g03,192,0.831054976496057,2012
p61_solar_g03,193,0.0,2012
p61_solar_g03,194,0.512432550068348,2012
p61_solar_g03,195,0.17264203114071108,2012
p61_solar_g03,196,0.17183917071507776,2012
p61_solar_g03,197,0.5006264395669875,2012
p61_solar_g03,198,1.7201644015728223e-16,2012
p61_solar_g03,199,0.7894957281004745,2012
p61_solar_g03,200,1.69264196748999e-16,2012
p61_solar_g03,201,1.0,2012
p61_solar_g03,202,1.6633836855620967e-16,2012
p61_solar_g03,203,1.0,2012
p61_solar_g03,204,0.0,2012
p61_solar_g03,205,1.0,2012
p61_solar_g03,206,0.0,2012
p61_solar_g03,207,1.0,2012
p61_solar_g03,208,0.0,2012
p61_solar_g03,209,0.9428208571861086,2012
p61_solar_g03,210,0.0,2012
p61_solar_g03,211,0.6987130558298494,2012
p61_solar_g03,212,0.0,2012
p61_solar_g03,213,0.4253022830442461,2012
p61_solar_g03,214,0.1420446458302074,2012
p61_solar_g03,215,1.4301676319116235e-16,2012
p61_solar_g03,216,0.4064880391371913,2012
p61_solar_g03,217,1.3904952602747797e-16,2012
p61_solar_g03,218,0.8333929953253579,2012
p61_solar_g03,219,1.3498926749299751e-16,2012
p61_solar_g03,220,0.9561062012071523,2012
p61_solar_g03,221,1.3084681372880654e-16,2012
p61_solar_g03,222,1.0,2012
p61_solar_g03,223,0.0,2012
p61_solar_g03,224,0.9814506321383221,2012
p61_solar_g03,225,0.0,2012
p61_solar_g03,226,0.8638976977320447,2012
p61_solar_g03,227,0.0,2012
p61_solar_g03,228,0.7037114974323365,2012
p61_solar_g03,229,0.0,2012
p61_solar_g03,230,0.3207067489395214,2012
p61_solar_g03,231,0.0,2012
p61_solar_g03,232,0.10468844132987946,2012
p61_solar_g03,233,0.10180075869085217,2012
p61_solar_g03,234,1.0196224781461496e-16,2012
p61_solar_g03,235,0.4593651898772318,2012
p61_solar_g03,236,9.756741619371424e-17,2012
p61_solar_g03,237,0.5784849936606927,2012
p61_solar_g03,238,9.319016974831757e-17,2012
p61_solar_g03,239,0.6528057535510599,2012
p61_solar_g03,240,8.884217982574954e-17,2012
p61_solar_g04,1,0.0,2012
p61_solar_g04,2,0.6767627904166336,2012
p61_solar_g04,3,0.0,2012
p61_solar_g04,4,0.5864966030819057,2012
p61_solar_g04,5,0.0,2012
p61_solar_g04,6,0.4702162502879199,2012
p61_solar_g04,7,0.0,2012
p61_solar_g04,8,0.21085337640358293,2012
p61_solar_g04,9,0.0,2012
p61_solar_g04,10,0.06770472967290521,2012
p61_solar_g04,11,0.06510913581735463,2012
p61_solar_g04,12,6.48483844123389e-17,2012
p61_solar_g04,13,0.28888603275435054,2012
p61_solar_g04,14,6.101196302334633e-17,2012
p61_solar_g04,15,0.3576563936925826,2012
p61_solar_g04,16,5.72886406491333e-17,2012
p61_solar_g04,17,0.39675658599438063,2012
p61_solar_g04,18,5.3688345035183837e-17,2012
p61_solar_g04,19,0.41939644206893956,2012
p61_solar_g04,20,0.0,2012
p61_solar_g04,21,0.3804585902445851,2012
p61_solar_g04,22,0.0,2012
p61_solar_g04,23,0.32363457211194213,2012
p61_solar_g04,24,0.0,2012
p61_solar_g04,25,0.1933881856475105,2012
p61_solar_g04,26,0.0,2012
p61_solar_g04,27,0.1123070719503273,2012
p61_solar_g04,28,0.036362702489630076,2012
p61_solar_g04,29,0.03548539395925591,2012
p61_solar_g04,30,0.09940619762312006,2012
p61_solar_g04,31,3.349978018514127e-17,2012
p61_solar_g04,32,0.14797520729000424,2012
p61_solar_g04,33,3.1133029586512464e-17,2012
p61_solar_g04,34,0.18129526072032043,2012
p61_solar_g04,35,2.895904621741454e-17,2012
p61_solar_g04,36,0.21897842500303122,2012
p61_solar_g04,37,2.698362671628112e-17,2012
p61_solar_g04,38,0.21050654739782768,2012
p61_solar_g04,39,0.0,2012
p61_solar_g04,40,0.19144228932162394,2012
p61_solar_g04,41,0.0,2012
p61_solar_g04,42,0.13889598451849905,2012
p61_solar_g04,43,0.0,2012
p61_solar_g04,44,0.09981557338180796,2012
p61_solar_g04,45,0.0,2012
p61_solar_g04,46,0.05944720862393074,2012
p61_solar_g04,47,0.01967958680426764,2012
p61_solar_g04,48,0.019452248035448087,2012
p61_solar_g04,49,0.05610417845301434,2012
p61_solar_g04,50,1.9219452310554632e-17,2012
p61_solar_g04,51,0.08804761464120213,2012
p61_solar_g04,52,1.8900048587471136e-17,2012
p61_solar_g04,53,0.13601850977284813,2012
p61_solar_g04,54,1.8806029715941123e-17,2012
p61_solar_g04,55,0.1495976010690921,2012
p61_solar_g04,56,0.0,2012
p61_solar_g04,57,0.1563764781813295,2012
p61_solar_g04,58,0.0,2012
p61_solar_g04,59,0.14212735845828287,2012
p61_solar_g04,60,0.0,2012
p61_solar_g04,61,0.12460742472391391,2012
p61_solar_g04,62,0.0,2012
p61_solar_g04,63,0.09898098921763443,2012
p61_solar_g04,64,0.0,2012
p61_solar_g04,65,0.022154449665655093,2012
p61_solar_g04,66,0.02304053964160436,2012
p61_solar_g04,67,2.3894843416552833e-17,2012
p61_solar_g04,68,0.07220659313372182,2012
p61_solar_g04,69,2.5492940797095192e-17,2012
p61_solar_g04,70,0.1630333750744014,2012
p61_solar_g04,71,2.7298843956179663e-17,2012
p61_solar_g04,72,0.20690125473568716,2012
p61_solar_g04,73,2.930773769245365e-17,2012
p61_solar_g04,74,0.24385318751393284,2012
p61_solar_g04,75,0.0,2012
p61_solar_g04,76,0.26236624006451176,2012
p61_solar_g04,77,0.0,2012
p61_solar_g04,78,0.2575054953902692,2012
p61_solar_g04,79,0.0,2012
p61_solar_g04,80,0.23420288201251946,2012
p61_solar_g04,81,0.0,2012
p61_solar_g04,82,0.11928356422885833,2012
p61_solar_g04,83,0.0,2012
p61_solar_g04,84,0.043541711347386367,2012
p61_solar_g04,85,0.04562522020245448,2012
p61_solar_g04,86,4.743894528759076e-17,2012
p61_solar_g04,87,0.23033565340103712,2012
p61_solar_g04,88,5.0789013637708227e-17,2012
p61_solar_g04,89,0.32455579197956785,2012
p61_solar_g04,90,5.427943914181451e-17,2012
p61_solar_g04,91,0.4098116834008668,2012
p61_solar_g04,92,5.79009150430529e-17,2012
p61_solar_g04,93,0.49306692550773945,2012
p61_solar_g04,94,0.0,2012
p61_solar_g04,95,0.5090118782769436,2012
p61_solar_g04,96,0.0,2012
p61_solar_g04,97,0.49255984153807403,2012
p61_solar_g04,98,0.0,2012
p61_solar_g04,99,0.33463528062300557,2012
p61_solar_g04,100,0.0,2012
p61_solar_g04,101,0.22076352673486627,2012
p61_solar_g04,102,0.07777244900934834,2012
p61_solar_g04,103,0.07914877823561867,2012
p61_solar_g04,104,0.24100253019400597,2012
p61_solar_g04,105,8.464905445435311e-17,2012
p61_solar_g04,106,0.4058795546741878,2012
p61_solar_g04,107,8.893340965865653e-17,2012
p61_solar_g04,108,0.5611588623597735,2012
p61_solar_g04,109,9.325641504202669e-17,2012
p61_solar_g04,110,0.7623433610907747,2012
p61_solar_g04,111,9.760654388373965e-17,2012
p61_solar_g04,112,0.8207752027608531,2012
p61_solar_g04,113,0.0,2012
p61_solar_g04,114,0.8315681509726798,2012
p61_solar_g04,115,0.0,2012
p61_solar_g04,116,0.6677490179347889,2012
p61_solar_g04,117,0.0,2012
p61_solar_g04,118,0.5269510287785011,2012
p61_solar_g04,119,0.0,2012
p61_solar_g04,120,0.3414578972566391,2012
p61_solar_g04,121,0.11888397172381598,2012
p61_solar_g04,122,0.12028468347617265,2012
p61_solar_g04,123,0.36205544721786864,2012
p61_solar_g04,124,1.2644293377487518e-16,2012
p61_solar_g04,125,0.5994574393428055,2012
p61_solar_g04,126,1.3061585114087554e-16,2012
p61_solar_g04,127,0.9642194325628091,2012
p61_solar_g04,128,1.3471627798186134e-16,2012
p61_solar_g04,129,1.0,2012
p61_solar_g04,130,0.0,2012
p61_solar_g04,131,1.0,2012
p61_solar_g04,132,0.0,2012
p61_solar_g04,133,1.0,2012
p61_solar_g04,134,0.0,2012
p61_solar_g04,135,0.9104319692219586,2012
p61_solar_g04,136,0.0,2012
p61_solar_g04,137,0.7077496554398056,2012
p61_solar_g04,138,0.0,2012
p61_solar_g04,139,0.45190761428306336,2012
p61_solar_g04,140,0.15582577349521848,2012
p61_solar_g04,141,1.5941876158154637e-16,2012
p61_solar_g04,142,0.46783626424110736,2012
p61_solar_g04,143,1.626195402645613e-16,2012
p61_solar_g04,144,1.0,2012
p61_solar_g04,145,1.6566249482846484e-16,2012
p61_solar_g04,146,1.0,2012
p61_solar_g04,147,1.685395116383381e-16,2012
p61_solar_g04,148,1.0,2012
p61_solar_g04,149,0.0,2012
p61_solar_g04,150,1.0,2012
p61_solar_g04,151,0.0,2012
p61_solar_g04,152,1.0,2012
p61_solar_g04,153,0.0,2012
p61_solar_g04,154,1.0,2012
p61_solar_g04,155,0.0,2012
p61_solar_g04,156,0.5199250130328736,2012
p61_solar_g04,157,0.0,2012
p61_solar_g04,158,0.17850948398205702,2012
p61_solar_g04,159,0.17958110560519872,2012
p61_solar_g04,160,1.829628634525843e-16,2012
p61_solar_g04,161,0.853088234921673,2012
p61_solar_g04,162,1.8434889393979028e-16,2012
p61_solar_g04,163,1.0,2012
p61_solar_g04,164,1.8551916186712133e-16,2012
p61_solar_g04,165,1.0,2012
p61_solar_g04,166,1.8647054687029992e-16,2012
p61_solar_g04,167,1.0,2012
p61_solar_g04,168,0.0,2012
p61_solar_g04,169,1.0,2012
p61_solar_g04,170,0.0,2012
p61_solar_g04,171,1.0,2012
p61_solar_g04,172,0.0,2012
p61_solar_g04,173,0.8722966362936273,2012
p61_solar_g04,174,0.0,2012
p61_solar_g04,175,0.5442443015419184,2012
p61_solar_g04,176,0.0,2012
p61_solar_g04,177,0.18468420698230553,2012
p61_solar_g04,178,0.542341457032832,2012
p61_solar_g04,179,1.8709431763162754e-16,2012
p61_solar_g04,180,0.8655983432696748,2012
p61_solar_g04,181,1.8632729783650327e-16,2012
p61_solar_g04,182,1.0,2012
p61_solar_g04,183,1.853392403298044e-16,2012
p61_solar_g04,184,1.0,2012
p61_solar_g04,185,1.8413277963587878e-16,2012
p61_solar_g04,186,1.0,2012
p61_solar_g04,187,0.0,2012
p61_solar_g04,188,1.0,2012
p61_solar_g04,189,0.0,2012
p61_solar_g04,190,1.0,2012
p61_solar_g04,191,0.0,2012
p61_solar_g04,192,0.8252008471119437,2012
p61_solar_g04,193,0.0,2012
p61_solar_g04,194,0.5088228653500405,2012
p61_solar_g04,195,0.17142590366898222,2012
p61_solar_g04,196,0.17062869876427347,2012
p61_solar_g04,197,0.49709991962159256,2012
p61_solar_g04,198,1.7080471948253086e-16,2012
p61_solar_g04,199,0.7839343509699367,2012
p61_solar_g04,200,1.680718634667359e-16,2012
p61_solar_g04,201,1.0,2012
p61_solar_g04,202,1.6516664543486334e-16,2012
p61_solar_g04,203,1.0,2012
p61_solar_g04,204,0.0,2012
p61_solar_g04,205,1.0,2012
p61_solar_g04,206,0.0,2012
p61_solar_g04,207,1.0,2012
p61_solar_g04,208,0.0,2012
p61_solar_g04,209,0.9361794249823341,2012
p61_solar_g04,210,0.0,2012
p61_solar_g04,211,0.6937911713012914,2012
p61_solar_g04,212,0.0,2012
p61_solar_g04,213,0.42230636260249954,2012
p61_solar_g04,214,0.14104405289889907,2012
p61_solar_g04,215,1.4200932245679824e-16,2012
p61_solar_g04,216,0.4036246502622016,2012
p61_solar_g04,217,1.3807003136203892e-16,2012
p61_solar_g04,218,0.8275223964354764,2012
p61_solar_g04,219,1.3403837415895775e-16,2012
p61_solar_g04,220,0.9493711841924912,2012
p61_solar_g04,221,1.29925100726982e-16,2012
p61_solar_g04,222,1.0,2012
p61_solar_g04,223,0.0,2012
p61_solar_g04,224,0.9745370835198154,2012
p61_solar_g04,225,0.0,2012
p61_solar_g04,226,0.8578122171799829,2012
p61_solar_g04,227,0.0,2012
p61_solar_g04,228,0.6987544028097565,2012
p61_solar_g04,229,0.0,2012
p61_solar_g04,230,0.31844762185918535,2012
p61_solar_g04,231,0.0,2012
p61_solar_g04,232,0.10395099351006104,2012
p61_solar_g04,233,0.10108365232649366,2012
p61_solar_g04,234,1.0124400388625482e-16,2012
p61_solar_g04,235,0.45612932301865483,2012
p61_solar_g04,236,9.688013040128708e-17,2012
p61_solar_g04,237,0.5744100213719326,2012
p61_solar_g04,238,9.253371821807791e-17,2012
p61_solar_g04,239,0.6482072498995994,2012
p61_solar_g04,240,8.821635646847967e-17,2012
p61_solar_g05,1,0.0,2012
p61_solar_g05,2,0.6742691334898697,2012
p61_solar_g05,3,0.0,2012
p61_solar_g05,4,0.5843355485181666,2012
p61_solar_g05,5,0.0,2012
p61_solar_g05,6,0.46848365206264586,2012
p61_solar_g05,7,0.0,2012
p61_solar_g05,8,0.21007644837200978,2012
p61_solar_g05,9,0.0,2012
p61_solar_g05,10,0.06745525914864725,2012
p61_solar_g05,11,0.06486922923586748,2012
p61_solar_g05,12,6.460943861734369e-17,2012
p61_solar_g05,13,0.28782157905384537,2012
p61_solar_g05,14,6.078715322829989e-17,2012
p61_solar_g05,15,0.35633854295350187,2012
p61_solar_g05,16,5.707755011992195e-17,2012
p61_solar_g05,17,0.39529466340804137,2012
p61_solar_g05,18,5.349052045709045e-17,2012
p61_solar_g05,19,0.41785109877046794,2012
p61_solar_g05,20,0.0,2012
p61_solar_g05,21,0.379056720620036,2012
p61_solar_g05,22,0.0,2012
p61_solar_g05,23,0.3224420810295196,2012
p61_solar_g05,24,0.0,2012
p61_solar_g05,25,0.19267561132232144,2012
p61_solar_g05,26,0.0,2012
p61_solar_g05,27,0.11189325589563391,2012
p61_solar_g05,28,0.03622871742688261,2012
p61_solar_g05,29,0.0353546415010852,2012
p61_solar_g05,30,0.09903991721176124,2012
p61_solar_g05,31,3.337634408598411e-17,2012
p61_solar_g05,32,0.14742996543292627,2012
p61_solar_g05,33,3.101831421507227e-17,2012
p61_solar_g05,34,0.1806272450003569,2012
p61_solar_g05,35,2.8852341287393086e-17,2012
p61_solar_g05,36,0.21817155873607158,2012
p61_solar_g05,37,2.688420058260016e-17,2012
p61_solar_g05,38,0.2097308973214921,2012
p61_solar_g05,39,0.0,2012
p61_solar_g05,40,0.1907368850092082,2012
p61_solar_g05,41,0.0,2012
p61_solar_g05,42,0.13838419672697314,2012
p61_solar_g05,43,0.0,2012
p61_solar_g05,44,0.09944778455020092,2012
p61_solar_g05,45,0.0,2012
p61_solar_g05,46,0.05922816445415512,2012
p61_solar_g05,47,0.01960707374851867,2012
p61_solar_g05,48,0.019380572651189944,2012
p61_solar_g05,49,0.055897452292532575,2012
p61_solar_g05,50,1.9148634704945264e-17,2012
p61_solar_g05,51,0.08772318701715989,2012
p61_solar_g05,52,1.8830407883603084e-17,2012
p61_solar_g05,53,0.1355173245660575,2012
p61_solar_g05,54,1.873673544189096e-17,2012
p61_solar_g05,55,0.14904638120385164,2012
p61_solar_g05,56,0.0,2012
p61_solar_g05,57,0.15580028029704607,2012
p61_solar_g05,58,0.0,2012
p61_solar_g05,59,0.14160366407537514,2012
p61_solar_g05,60,0.0,2012
p61_solar_g05,61,0.1241482857579585,2012
p61_solar_g05,62,0.0,2012
p61_solar_g05,63,0.09861627556482183,2012
p61_solar_g05,64,0.0,2012
p61_solar_g05,65,0.022072817522680165,2012
p61_solar_g05,66,0.022955642537201955,2012
p61_solar_g05,67,2.3806798472824556e-17,2012
p61_solar_g05,68,0.07194053466585737,2012
p61_solar_g05,69,2.5399007369751882e-17,2012
p61_solar_g05,70,0.16243264862961906,2012
p61_solar_g05,71,2.719825634662438e-17,2012
p61_solar_g05,72,0.20613888902301233,2012
p61_solar_g05,73,2.919974794458413e-17,2012
p61_solar_g05,74,0.24295466561117987,2012
p61_solar_g05,75,0.0,2012
p61_solar_g05,76,0.26139950341593937,2012
p61_solar_g05,77,0.0,2012
p61_solar_g05,78,0.2565566690491159,2012
p61_solar_g05,79,0.0,2012
p61_solar_g05,80,0.23333991843463267,2012
p61_solar_g05,81,0.0,2012
p61_solar_g05,82,0.11884404200570943,2012
p61_solar_g05,83,0.0,2012
p61_solar_g05,84,0.043381273906613775,2012
p61_solar_g05,85,0.04545710569024417,2012
p61_solar_g05,86,4.7264147771843855e-17,2012
p61_solar_g05,87,0.2294869393379744,2012
p61_solar_g05,88,5.06018721792022e-17,2012
p61_solar_g05,89,0.32335990649317325,2012
p61_solar_g05,90,5.4079436568810294e-17,2012
p61_solar_g05,91,0.4083016569079029,2012
p61_solar_g05,92,5.768756847626811e-17,2012
p61_solar_g05,93,0.49125012976843235,2012
p61_solar_g05,94,0.0,2012
p61_solar_g05,95,0.5071363304276167,2012
p61_solar_g05,96,0.0,2012
p61_solar_g05,97,0.4907449142428825,2012
p61_solar_g05,98,0.0,2012
p61_solar_g05,99,0.333402255407551,2012
p61_solar_g05,100,0.0,2012
p61_solar_g05,101,0.2199500829323778,2012
p61_solar_g05,102,0.07748588212220586,2012
p61_solar_g05,103,0.07885714001039851,2012
p61_solar_g05,104,0.24011451206225273,2012
p61_solar_g05,105,8.433714945015784e-17,2012
p61_solar_g05,106,0.4043840168324545,2012
p61_solar_g05,107,8.860571816001562e-17,2012
p61_solar_g05,108,0.5590911693601673,2012
p61_solar_g05,109,9.291279463524937e-17,2012
p61_solar_g05,110,0.7595343668170409,2012
p61_solar_g05,111,9.724689462745692e-17,2012
p61_solar_g05,112,0.8177509056235645,2012
p61_solar_g05,113,0.0,2012
p61_solar_g05,114,0.8285040852333789,2012
p61_solar_g05,115,0.0,2012
p61_solar_g05,116,0.6652885739099517,2012
p61_solar_g05,117,0.0,2012
p61_solar_g05,118,0.5250093808309686,2012
p61_solar_g05,119,0.0,2012
p61_solar_g05,120,0.34019973285583327,2012
p61_solar_g05,121,0.11844592187271856,2012
p61_solar_g05,122,0.11984147244509734,2012
p61_solar_g05,123,0.36072138735729087,2012
p61_solar_g05,124,1.2597703153835602e-16,2012
p61_solar_g05,125,0.5972486281949629,2012
p61_solar_g05,126,1.3013457302311422e-16,2012
p61_solar_g05,127,0.9606665887880348,2012
p61_solar_g05,128,1.3421989108752498e-16,2012
p61_solar_g05,129,1.0,2012
p61_solar_g05,130,0.0,2012
p61_solar_g05,131,1.0,2012
p61_solar_g05,132,0.0,2012
p61_solar_g05,133,1.0,2012
p61_solar_g05,134,0.0,2012
p61_solar_g05,135,0.9070773152448982,2012
p61_solar_g05,136,0.0,2012
p61_solar_g05,137,0.7051418217118082,2012
p61_solar_g05,138,0.0,2012
p61_solar_g05,139,0.4502424775932632,2012
p61_solar_g05,140,0.15525160478360026,2012
p61_solar_g05,141,1.588313538447392e-16,2012
p61_solar_g05,142,0.46611243551199244,2012
p61_solar_g05,143,1.6202033867022095e-16,2012
p61_solar_g05,144,1.0,2012
p61_solar_g05,145,1.6505208090857475e-16,2012
p61_solar_g05,146,1.0,2012
p61_solar_g05,147,1.6791849682106127e-16,2012
p61_solar_g05,148,1.0,2012
p61_solar_g05,149,0.0,2012
p61_solar_g05,150,1.0,2012
p61_solar_g05,151,0.0,2012
p61_solar_g05,152,1.0,2012
p61_solar_g05,153,0.0,2012
p61_solar_g05,154,1.0,2012
p61_solar_g05,155,0.0,2012
p61_solar_g05,156,0.5180092537321161,2012
p61_solar_g05,157,0.0,2012
p61_solar_g05,158,0.17785173296866152,2012
p61_solar_g05,159,0.17891940600491094,2012
p61_solar_g05,160,1.822887031437585e-16,2012
p61_solar_g05,161,0.8499448744765109,2012
p61_solar_g05,162,1.8366962654680727e-16,2012
p61_solar_g05,163,1.0,2012
p61_solar_g05,164,1.8483558240680177e-16,2012
p61_solar_g05,165,1.0,2012
p61_solar_g05,166,1.8578346185702028e-16,2012
p61_solar_g05,167,1.0,2012
p61_solar_g05,168,0.0,2012
p61_solar_g05,169,1.0,2012
p61_solar_g05,170,0.0,2012
p61_solar_g05,171,1.0,2012
p61_solar_g05,172,0.0,2012
p61_solar_g05,173,0.8690824989620709,2012
p61_solar_g05,174,0.0,2012
p61_solar_g05,175,0.5422389333514535,2012
p61_solar_g05,176,0.0,2012
p61_solar_g05,177,0.18400370406676878,2012
p61_solar_g05,178,0.5403431002228063,2012
p61_solar_g05,179,1.8640493422029511e-16,2012
p61_solar_g05,180,0.8624088870302724,2012
p61_solar_g05,181,1.8564074065062556e-16,2012
p61_solar_g05,182,1.0,2012
p61_solar_g05,183,1.8465632382346836e-16,2012
p61_solar_g05,184,1.0,2012
p61_solar_g05,185,1.83454308555782e-16,2012
p61_solar_g05,186,1.0,2012
p61_solar_g05,187,0.0,2012
p61_solar_g05,188,1.0,2012
p61_solar_g05,189,0.0,2012
p61_solar_g05,190,1.0,2012
p61_solar_g05,191,0.0,2012
p61_solar_g05,192,0.8221602428743715,2012
p61_solar_g05,193,0.0,2012
p61_solar_g05,194,0.5069480139535936,2012
p61_solar_g05,195,0.1707942534095941,2012
p61_solar_g05,196,0.16999998595292598,2012
p61_solar_g05,197,0.4952682635739913,2012
p61_solar_g05,198,1.7017535809048483e-16,2012
p61_solar_g05,199,0.7810458007244055,2012
p61_solar_g05,200,1.6745257178512628e-16,2012
p61_solar_g05,201,1.0,2012
p61_solar_g05,202,1.645580585632278e-16,2012
p61_solar_g05,203,1.0,2012
p61_solar_g05,204,0.0,2012
p61_solar_g05,205,1.0,2012
p61_solar_g05,206,0.0,2012
p61_solar_g05,207,1.0,2012
p61_solar_g05,208,0.0,2012
p61_solar_g05,209,0.9327298997707547,2012
p61_solar_g05,210,0.0,2012
p61_solar_g05,211,0.6912347701744239,2012
p61_solar_g05,212,0.0,2012
p61_solar_g05,213,0.4207502971668218,2012
p61_solar_g05,214,0.14052435015449485,2012
p61_solar_g05,215,1.4148606299923935e-16,2012
p61_solar_g05,216,0.4021374210303472,2012
p61_solar_g05,217,1.3756128694677269e-16,2012
p61_solar_g05,218,0.8244732380225956,2012
p61_solar_g05,219,1.3354448512589215e-16,2012
p61_solar_g05,220,0.9458730515187458,2012
p61_solar_g05,221,1.2944636780611785e-16,2012
p61_solar_g05,222,1.0,2012
p61_solar_g05,223,0.0,2012
p61_solar_g05,224,0.9709462224631498,2012
p61_solar_g05,225,0.0,2012
p61_solar_g05,226,0.8546514503536676,2012
p61_solar_g05,227,0.0,2012
p61_solar_g05,228,0.6961797137438867,2012
p61_solar_g05,229,0.0,2012
p61_solar_g05,230,0.3172742430486101,2012
p61_solar_g05,231,0.0,2012
p61_solar_g05,232,0.10356796696267838,2012
p61_solar_g05,233,0.10071119102487368,2012
p61_solar_g05,234,1.0087095173983164e-16,2012
p61_solar_g05,235,0.45444863066684077,2012
p61_solar_g05,236,9.652315774903439e-17,2012
p61_solar_g05,237,0.5722935020406691,2012
p61_solar_g05,238,9.219276072061906e-17,2012
p61_solar_g05,239,0.645818811111918,2012
p61_solar_g05,240,8.789130708415098e-17,2012
p61_solar_g06,1,0.0,2012
p61_solar_g06,2,0.6740217858419246,2012
p61_solar_g06,3,0.0,2012
p61_solar_g06,4,0.5841211919410109,2012
p61_solar_g06,5,0.0,2012
p61_solar_g06,6,0.4683117943819618,2012
p61_solar_g06,7,0.0,2012
p61_solar_g06,8,0.2099993843143322,2012
p61_solar_g06,9,0.0,2012
p61_solar_g06,10,0.06743051398553176,2012
p61_solar_g06,11,0.06484543272720565,2012
p61_solar_g06,12,6.458573740979421e-17,2012
p61_solar_g06,13,0.28771599511551743,2012
p61_solar_g06,14,6.076485418088765e-17,2012
p61_solar_g06,15,0.35620782437824167,2012
p61_solar_g06,16,5.705661189648652e-17,2012
p61_solar_g06,17,0.3951496542412519,2012
p61_solar_g06,18,5.3470898093014644e-17,2012
p61_solar_g06,19,0.41769781504244496,2012
p61_solar_g06,20,0.0,2012
p61_solar_g06,21,0.3789176681502931,2012
p61_solar_g06,22,0.0,2012
p61_solar_g06,23,0.3223237969699656,2012
p61_solar_g06,24,0.0,2012
p61_solar_g06,25,0.19260493055568115,2012
p61_solar_g06,26,0.0,2012
p61_solar_g06,27,0.11185220917957936,2012
p61_solar_g06,28,0.03621542735086026,2012
p61_solar_g06,29,0.035341672069466736,2012
p61_solar_g06,30,0.09900358559081307,2012
p61_solar_g06,31,3.3364100369348376e-17,2012
p61_solar_g06,32,0.14737588249574995,2012
p61_solar_g06,33,3.1006935513774446e-17,2012
p61_solar_g06,34,0.18056098403424328,2012
p61_solar_g06,35,2.884175714761761e-17,2012
p61_solar_g06,36,0.21809152508300703,2012
p61_solar_g06,37,2.6874338431938492e-17,2012
p61_solar_g06,38,0.20965396002512593,2012
p61_solar_g06,39,0.0,2012
p61_solar_g06,40,0.1906669154413604,2012
p61_solar_g06,41,0.0,2012
p61_solar_g06,42,0.1383334321229403,2012
p61_solar_g06,43,0.0,2012
p61_solar_g06,44,0.099411303307949,2012
p61_solar_g06,45,0.0,2012
p61_solar_g06,46,0.0592064373033155,2012
p61_solar_g06,47,0.019599881125671348,2012
p61_solar_g06,48,0.019373463117588297,2012
p61_solar_g06,49,0.05587694697401218,2012
p61_solar_g06,50,1.9141610255032936e-17,2012
p61_solar_g06,51,0.087691006804688,2012
p61_solar_g06,52,1.8823500171432206e-17,2012
p61_solar_g06,53,0.1354676116401317,2012
p61_solar_g06,54,1.8729862092346197e-17,2012
p61_solar_g06,55,0.14899170530368894,2012
p61_solar_g06,56,0.0,2012
p61_solar_g06,57,0.15574312680897046,2012
p61_solar_g06,58,0.0,2012
p61_solar_g06,59,0.1415517184478656,2012
p61_solar_g06,60,0.0,2012
p61_solar_g06,61,0.1241027434293045,2012
p61_solar_g06,62,0.0,2012
p61_solar_g06,63,0.09858009935179572,2012
p61_solar_g06,64,0.0,2012
p61_solar_g06,65,0.022064720370924905,2012
p61_solar_g06,66,0.022947221531543195,2012
p61_solar_g06,67,2.3798065230688915e-17,2012
p61_solar_g06,68,0.07191414413252625,2012
p61_solar_g06,69,2.5389690044634935e-17,2012
p61_solar_g06,70,0.16237306213575114,2012
p61_solar_g06,71,2.7188278988324253e-17,2012
p61_solar_g06,72,0.20606326941235933,2012
p61_solar_g06,73,2.918903636278993e-17,2012
p61_solar_g06,74,0.24286554056880225,2012
p61_solar_g06,75,0.0,2012
p61_solar_g06,76,0.26130361210320896,2012
p61_solar_g06,77,0.0,2012
p61_solar_g06,78,0.25646255427283143,2012
p61_solar_g06,79,0.0,2012
p61_solar_g06,80,0.23325432044841346,2012
p61_solar_g06,81,0.0,2012
p61_solar_g06,82,0.1188004454760711,2012
p61_solar_g06,83,0.0,2012
p61_solar_g06,84,0.0433653599999366,2012
p61_solar_g06,85,0.045440430289256026,2012
p61_solar_g06,86,4.7246809478864334e-17,2012
p61_solar_g06,87,0.22940275477151564,2012
p61_solar_g06,88,5.058330948154413e-17,2012
p61_solar_g06,89,0.3232412857402154,2012
p61_solar_g06,90,5.405959816783195e-17,2012
p61_solar_g06,91,0.4081518762795571,2012
p61_solar_g06,92,5.766640647482156e-17,2012
p61_solar_g06,93,0.49106992047496817,2012
p61_solar_g06,94,0.0,2012
p61_solar_g06,95,0.506950293469541,2012
p61_solar_g06,96,0.0,2012
p61_solar_g06,97,0.4905648902817518,2012
p61_solar_g06,98,0.0,2012
p61_solar_g06,99,0.3332799507378002,2012
p61_solar_g06,100,0.0,2012
p61_solar_g06,101,0.2198693968487704,2012
p61_solar_g06,102,0.07745745734382,2012
p61_solar_g06,103,0.07882821220229273,2012
p61_solar_g06,104,0.24002642889657574,2012
p61_solar_g06,105,8.430621136547506e-17,2012
p61_solar_g06,106,0.40423567334398364,2012
p61_solar_g06,107,8.857321420144357e-17,2012
p61_solar_g06,108,0.5588860733846,2012
p61_solar_g06,109,9.287871067667028e-17,2012
p61_solar_g06,110,0.7592557406278317,2012
p61_solar_g06,111,9.721122075561354e-17,2012
p61_solar_g06,112,0.8174509233864063,2012
p61_solar_g06,113,0.0,2012
p61_solar_g06,114,0.8282001583196039,2012
p61_solar_g06,115,0.0,2012
p61_solar_g06,116,0.6650445206739543,2012
p61_solar_g06,117,0.0,2012
p61_solar_g06,118,0.5248167873559781,2012
p61_solar_g06,119,0.0,2012
p61_solar_g06,120,0.34007493461196603,2012
p61_solar_g06,121,0.11840247138873708,2012
p61_solar_g06,122,0.1197975100199124,2012
p61_solar_g06,123,0.3605890609874562,2012
p61_solar_g06,124,1.2593081835596574e-16,2012
p61_solar_g06,125,0.5970295346074249,2012
p61_solar_g06,126,1.3008683469585757e-16,2012
p61_solar_g06,127,0.9603141796246993,2012
p61_solar_g06,128,1.3417065410970857e-16,2012
p61_solar_g06,129,1.0,2012
p61_solar_g06,130,0.0,2012
p61_solar_g06,131,1.0,2012
p61_solar_g06,132,0.0,2012
p61_solar_g06,133,1.0,2012
p61_solar_g06,134,0.0,2012
p61_solar_g06,135,0.9067445646720388,2012
p61_solar_g06,136,0.0,2012
p61_solar_g06,137,0.7048831487837366,2012
p61_solar_g06,138,0.0,2012
p61_solar_g06,139,0.45007731147144886,2012
p61_solar_g06,140,0.15519465257064016,2012
p61_solar_g06,141,1.58773088443222e-16,2012
p61_solar_g06,142,0.4659414476840236,2012
p61_solar_g06,143,1.6196090342737966e-16,2012
p61_solar_g06,144,1.0,2012
p61_solar_g06,145,1.6499153350699065e-16,2012
p61_solar_g06,146,1.0,2012
p61_solar_g06,147,1.6785689790873945e-16,2012
p61_solar_g06,148,1.0,2012
p61_solar_g06,149,0.0,2012
p61_solar_g06,150,1.0,2012
p61_solar_g06,151,0.0,2012
p61_solar_g06,152,1.0,2012
p61_solar_g06,153,0.0,2012
p61_solar_g06,154,1.0,2012
p61_solar_g06,155,0.0,2012
p61_solar_g06,156,0.517819228170867,2012
p61_solar_g06,157,0.0,2012
p61_solar_g06,158,0.17778649016627332,2012
p61_solar_g06,159,0.17885377153931115,2012
p61_solar_g06,160,1.8222183269139745e-16,2012
p61_solar_g06,161,0.8496330822630713,2012
p61_solar_g06,162,1.8360224951904662e-16,2012
p61_solar_g06,163,1.0,2012
p61_solar_g06,164,1.8476777766193936e-16,2012
p61_solar_g06,165,1.0,2012
p61_solar_g06,166,1.8571530939380494e-16,2012
p61_solar_g06,167,1.0,2012
p61_solar_g06,168,0.0,2012
p61_solar_g06,169,1.0,2012
p61_solar_g06,170,0.0,2012
p61_solar_g06,171,1.0,2012
p61_solar_g06,172,0.0,2012
p61_solar_g06,173,0.8687636863376876,2012
p61_solar_g06,174,0.0,2012
p61_solar_g06,175,0.5420400194191272,2012
p61_solar_g06,176,0.0,2012
p61_solar_g06,177,0.18393620448662557,2012
p61_solar_g06,178,0.5401448817544156,2012
p61_solar_g06,179,1.8633655377730183e-16,2012
p61_solar_g06,180,0.8620925225414076,2012
p61_solar_g06,181,1.8557264054299487e-16,2012
p61_solar_g06,182,1.0,2012
p61_solar_g06,183,1.8458858483749474e-16,2012
p61_solar_g06,184,1.0,2012
p61_solar_g06,185,1.8338701051487687e-16,2012
p61_solar_g06,186,1.0,2012
p61_solar_g06,187,0.0,2012
p61_solar_g06,188,1.0,2012
p61_solar_g06,189,0.0,2012
p61_solar_g06,190,1.0,2012
p61_solar_g06,191,0.0,2012
p61_solar_g06,192,0.8218586431240517,2012
p61_solar_g06,193,0.0,2012
p61_solar_g06,194,0.5067620460771866,2012
p61_solar_g06,195,0.17073159956001813,2012
p61_solar_g06,196,0.16993762347096195,2012
p61_solar_g06,197,0.49508658027571717,2012
p61_solar_g06,198,1.7011293127532865e-16,2012
p61_solar_g06,199,0.7807592833203734,2012
p61_solar_g06,200,1.673911437918871e-16,2012
p61_solar_g06,201,1.0,2012
p61_solar_g06,202,1.6449769238789163e-16,2012
p61_solar_g06,203,1.0,2012
p61_solar_g06,204,0.0,2012
p61_solar_g06,205,1.0,2012
p61_solar_g06,206,0.0,2012
p61_solar_g06,207,1.0,2012
p61_solar_g06,208,0.0,2012
p61_solar_g06,209,0.9323877388510011,2012
p61_solar_g06,210,0.0,2012
p61_solar_g06,211,0.6909811988835426,2012
p61_solar_g06,212,0.0,2012
p61_solar_g06,213,0.420595949902195,2012
p61_solar_g06,214,0.14047280046051758,2012
p61_solar_g06,215,1.4143416051229214e-16,2012
p61_solar_g06,216,0.4019899016789456,2012
p61_solar_g06,217,1.3751082421744906e-16,2012
p61_solar_g06,218,0.8241707897773927,2012
p61_solar_g06,219,1.3349549591275562e-16,2012
p61_solar_g06,220,0.9455260691893947,2012
p61_solar_g06,221,1.2939888193879636e-16,2012
p61_solar_g06,222,1.0,2012
p61_solar_g06,223,0.0,2012
p61_solar_g06,224,0.9705900423379165,2012
p61_solar_g06,225,0.0,2012
p61_solar_g06,226,0.8543379315885957,2012
p61_solar_g06,227,0.0,2012
p61_solar_g06,228,0.6959243284590074,2012
p61_solar_g06,229,0.0,2012
p61_solar_g06,230,0.3171578547492297,2012
p61_solar_g06,231,0.0,2012
p61_solar_g06,232,0.1035299742802934,2012
p61_solar_g06,233,0.10067424631691586,2012
p61_solar_g06,234,1.0083394842554719e-16,2012
p61_solar_g06,235,0.4542819215675743,2012
p61_solar_g06,236,9.648774937149546e-17,2012
p61_solar_g06,237,0.5720835629456799,2012
p61_solar_g06,238,9.215894089795599e-17,2012
p61_solar_g06,239,0.6455819001278715,2012
p61_solar_g06,240,8.785906519882315e-17,2012
p61_solar_g07,1,0.0,2012
p61_solar_g07,2,0.672779436267541,2012
p61_solar_g07,3,0.0,2012
p61_solar_g07,4,0.5830445461567949,2012
p61_solar_g07,5,0.0,2012
p61_solar_g07,6,0.46744860721108644,2012
p61_solar_g07,7,0.0,2012
p61_solar_g07,8,0.20961231574888836,2012
p61_solar_g07,9,0.0,2012
p61_solar_g07,10,0.06730622680059196,2012
p61_solar_g07,11,0.0647259103357317,2012
p61_solar_g07,12,6.446669368588537e-17,2012
p61_solar_g07,13,0.28718568014412726,2012
p61_solar_g07,14,6.065285306710345e-17,2012
p61_solar_g07,15,0.3555512660172154,2012
p61_solar_g07,16,5.695144577427159e-17,2012
p61_solar_g07,17,0.394421318725878,2012
p61_solar_g07,18,5.337234111921477e-17,2012
p61_solar_g07,19,0.41692791900400944,2012
p61_solar_g07,20,0.0,2012
p61_solar_g07,21,0.3782192512539239,2012
p61_solar_g07,22,0.0,2012
p61_solar_g07,23,0.3217296932771908,2012
p61_solar_g07,24,0.0,2012
p61_solar_g07,25,0.19224992325691684,2012
p61_solar_g07,26,0.0,2012
p61_solar_g07,27,0.11164604441252433,2012
p61_solar_g07,28,0.03614867547176594,2012
p61_solar_g07,29,0.03527653068653849,2012
p61_solar_g07,30,0.09882110326605029,2012
p61_solar_g07,31,3.3302604024921205e-17,2012
p61_solar_g07,32,0.1471042408830619,2012
p61_solar_g07,33,3.094978386979552e-17,2012
p61_solar_g07,34,0.1802281760058128,2012
p61_solar_g07,35,2.87885963366921e-17,2012
p61_solar_g07,36,0.2176895411723162,2012
p61_solar_g07,37,2.682480394564432e-17,2012
p61_solar_g07,38,0.20926752814194918,2012
p61_solar_g07,39,0.0,2012
p61_solar_g07,40,0.19031548027083142,2012
p61_solar_g07,41,0.0,2012
p61_solar_g07,42,0.1380784574557546,2012
p61_solar_g07,43,0.0,2012
p61_solar_g07,44,0.09922806948235495,2012
p61_solar_g07,45,0.0,2012
p61_solar_g07,46,0.05909730864645366,2012
p61_solar_g07,47,0.01956375483942078,2012
p61_solar_g07,48,0.0193377541625307,2012
p61_solar_g07,49,0.05577395519726374,2012
p61_solar_g07,50,1.9106328648632556e-17,2012
p61_solar_g07,51,0.08752937570125861,2012
p61_solar_g07,52,1.8788804902054262e-17,2012
p61_solar_g07,53,0.13521791922187604,2012
p61_solar_g07,54,1.8695339415650183e-17,2012
p61_solar_g07,55,0.14871708542409628,2012
p61_solar_g07,56,0.0,2012
p61_solar_g07,57,0.1554560627831948,2012
p61_solar_g07,58,0.0,2012
p61_solar_g07,59,0.14129081187056958,2012
p61_solar_g07,60,0.0,2012
p61_solar_g07,61,0.12387399861167721,2012
p61_solar_g07,62,0.0,2012
p61_solar_g07,63,0.09839839759223105,2012
p61_solar_g07,64,0.0,2012
p61_solar_g07,65,0.022024050919970183,2012
p61_solar_g07,66,0.02290492546411358,2012
p61_solar_g07,67,2.375420089747071e-17,2012
p61_solar_g07,68,0.0717815927696002,2012
p61_solar_g07,69,2.5342892045989708e-17,2012
p61_solar_g07,70,0.16207377788578622,2012
p61_solar_g07,71,2.7138165850234545e-17,2012
p61_solar_g07,72,0.20568345585079803,2012
p61_solar_g07,73,2.91352354506181e-17,2012
p61_solar_g07,74,0.24241789346407075,2012
p61_solar_g07,75,0.0,2012
p61_solar_g07,76,0.2608219801469424,2012
p61_solar_g07,77,0.0,2012
p61_solar_g07,78,0.25598984530134294,2012
p61_solar_g07,79,0.0,2012
p61_solar_g07,80,0.23282438863935442,2012
p61_solar_g07,81,0.0,2012
p61_solar_g07,82,0.11858147379596522,2012
p61_solar_g07,83,0.0,2012
p61_solar_g07,84,0.04328542944328312,2012
p61_solar_g07,85,0.045356674985769584,2012
p61_solar_g07,86,4.715972467703745e-17,2012
p61_solar_g07,87,0.22897992212613338,2012
p61_solar_g07,88,5.0490074879450647e-17,2012
p61_solar_g07,89,0.32264549094218675,2012
p61_solar_g07,90,5.395995610850109e-17,2012
p61_solar_g07,91,0.4073995752109108,2012
p61_solar_g07,92,5.756011638591778e-17,2012
p61_solar_g07,93,0.4901647857753047,2012
p61_solar_g07,94,0.0,2012
p61_solar_g07,95,0.5060158882402815,2012
p61_solar_g07,96,0.0,2012
p61_solar_g07,97,0.48966068644820987,2012
p61_solar_g07,98,0.0,2012
p61_solar_g07,99,0.33266565278238247,2012
p61_solar_g07,100,0.0,2012
p61_solar_g07,101,0.2194641359843106,2012
p61_solar_g07,102,0.07731468860668826,2012
p61_solar_g07,103,0.07868291690481713,2012
p61_solar_g07,104,0.23958401481138708,2012
p61_solar_g07,105,8.415081907993201e-17,2012
p61_solar_g07,106,0.4034905905777015,2012
p61_solar_g07,107,8.840995702300163e-17,2012
p61_solar_g07,108,0.557855940694555,2012
p61_solar_g07,109,9.270751765427512e-17,2012
p61_solar_g07,110,0.7578562887613923,2012
p61_solar_g07,111,9.703204209808663e-17,2012
p61_solar_g07,112,0.8159442067964076,2012
p61_solar_g07,113,0.0,2012
p61_solar_g07,114,0.8266736288574923,2012
p61_solar_g07,115,0.0,2012
p61_solar_g07,116,0.6638187178964173,2012
p61_solar_g07,117,0.0,2012
p61_solar_g07,118,0.5238494508008449,2012
p61_solar_g07,119,0.0,2012
p61_solar_g07,120,0.339448112216684,2012
p61_solar_g07,121,0.11818423325011071,2012
p61_solar_g07,122,0.11957670056135825,2012
p61_solar_g07,123,0.3599244271790911,2012
p61_solar_g07,124,1.2569870405065305e-16,2012
p61_solar_g07,125,0.5959290963073669,2012
p61_solar_g07,126,1.2984706006674016e-16,2012
p61_solar_g07,127,0.958544139045312,2012
p61_solar_g07,128,1.3392335222936986e-16,2012
p61_solar_g07,129,1.0,2012
p61_solar_g07,130,0.0,2012
p61_solar_g07,131,1.0,2012
p61_solar_g07,132,0.0,2012
p61_solar_g07,133,1.0,2012
p61_solar_g07,134,0.0,2012
p61_solar_g07,135,0.9050732630202861,2012
p61_solar_g07,136,0.0,2012
p61_solar_g07,137,0.7035839158831445,2012
p61_solar_g07,138,0.0,2012
p61_solar_g07,139,0.4492477338997865,2012
p61_solar_g07,140,0.15490859948657418,2012
p61_solar_g07,141,1.584804396253435e-16,2012
p61_solar_g07,142,0.465082629510224,2012
p61_solar_g07,143,1.6166237886383244e-16,2012
p61_solar_g07,144,1.0,2012
p61_solar_g07,145,1.646874229192694e-16,2012
p61_solar_g07,146,1.0,2012
p61_solar_g07,147,1.675475059127318e-16,2012
p61_solar_g07,148,1.0,2012
p61_solar_g07,149,0.0,2012
p61_solar_g07,150,1.0,2012
p61_solar_g07,151,0.0,2012
p61_solar_g07,152,1.0,2012
p61_solar_g07,153,0.0,2012
p61_solar_g07,154,1.0,2012
p61_solar_g07,155,0.0,2012
p61_solar_g07,156,0.5168647894401928,2012
p61_solar_g07,157,0.0,2012
p61_solar_g07,158,0.17745879605455656,2012
p61_solar_g07,159,0.1785241102262555,2012
p61_solar_g07,160,1.8188596340491023e-16,2012
p61_solar_g07,161,0.8480670478702612,2012
p61_solar_g07,162,1.8326383586337978e-16,2012
p61_solar_g07,163,1.0,2012
p61_solar_g07,164,1.8442721571756334e-16,2012
p61_solar_g07,165,1.0,2012
p61_solar_g07,166,1.8537300096931727e-16,2012
p61_solar_g07,167,1.0,2012
p61_solar_g07,168,0.0,2012
p61_solar_g07,169,1.0,2012
p61_solar_g07,170,0.0,2012
p61_solar_g07,171,1.0,2012
p61_solar_g07,172,0.0,2012
p61_solar_g07,173,0.8671623906249484,2012
p61_solar_g07,174,0.0,2012
p61_solar_g07,175,0.5410409371912686,2012
p61_solar_g07,176,0.0,2012
p61_solar_g07,177,0.18359717528881966,2012
p61_solar_g07,178,0.5391492926235467,2012
p61_solar_g07,179,1.859931002819698e-16,2012
p61_solar_g07,180,0.860503523044721,2012
p61_solar_g07,181,1.8523059508417064e-16,2012
p61_solar_g07,182,1.0,2012
p61_solar_g07,183,1.842483531793704e-16,2012
p61_solar_g07,184,1.0,2012
p61_solar_g07,185,1.830489935853854e-16,2012
p61_solar_g07,186,1.0,2012
p61_solar_g07,187,0.0,2012
p61_solar_g07,188,1.0,2012
p61_solar_g07,189,0.0,2012
p61_solar_g07,190,1.0,2012
p61_solar_g07,191,0.0,2012
p61_solar_g07,192,0.8203438022733018,2012
p61_solar_g07,193,0.0,2012
p61_solar_g07,194,0.5058279878234592,2012
p61_solar_g07,195,0.17041690894540798,2012
p61_solar_g07,196,0.16962439630438425,2012
p61_solar_g07,197,0.49417404211269583,2012
p61_solar_g07,198,1.6979938098332575e-16,2012
p61_solar_g07,199,0.7793201963595305,2012
p61_solar_g07,200,1.670826102687671e-16,2012
p61_solar_g07,201,1.0,2012
p61_solar_g07,202,1.64194492042713e-16,2012
p61_solar_g07,203,1.0,2012
p61_solar_g07,204,0.0,2012
p61_solar_g07,205,1.0,2012
p61_solar_g07,206,0.0,2012
p61_solar_g07,207,1.0,2012
p61_solar_g07,208,0.0,2012
p61_solar_g07,209,0.9306691719814227,2012
p61_solar_g07,210,0.0,2012
p61_solar_g07,211,0.6897075899047649,2012
p61_solar_g07,212,0.0,2012
p61_solar_g07,213,0.4198207120533238,2012
p61_solar_g07,214,0.14021388253304048,2012
p61_solar_g07,215,1.4117347061649559e-16,2012
p61_solar_g07,216,0.4012489582944027,2012
p61_solar_g07,217,1.372573657721463e-16,2012
p61_solar_g07,218,0.822651687203252,2012
p61_solar_g07,219,1.332494384766118e-16,2012
p61_solar_g07,220,0.9437832858932158,2012
p61_solar_g07,221,1.2916037533666692e-16,2012
p61_solar_g07,222,1.0,2012
p61_solar_g07,223,0.0,2012
p61_solar_g07,224,0.9688010614009082,2012
p61_solar_g07,225,0.0,2012
p61_solar_g07,226,0.852763225269032,2012
p61_solar_g07,227,0.0,2012
p61_solar_g07,228,0.694641608357929,2012
p61_solar_g07,229,0.0,2012
p61_solar_g07,230,0.3165732728645834,2012
p61_solar_g07,231,0.0,2012
p61_solar_g07,232,0.1033391489654671,2012
p61_solar_g07,233,0.10048868464859831,2012
p61_solar_g07,234,1.0064809239605191e-16,2012
p61_solar_g07,235,0.45344459410462784,2012
p61_solar_g07,236,9.630990420850096e-17,2012
p61_solar_g07,237,0.5710291047874029,2012
p61_solar_g07,238,9.198907454733469e-17,2012
p61_solar_g07,239,0.644391970639388,2012
p61_solar_g07,240,8.769712433200213e-17,2012
p61_solar_g08,1,0.0,2012
p61_solar_g08,2,0.6695473343367172,2012
p61_solar_g08,3,0.0,2012
p61_solar_g08,4,0.5802435399104621,2012
p61_solar_g08,5,0.0,2012
p61_solar_g08,6,0.46520293580009664,2012
p61_solar_g08,7,0.0,2012
p61_solar_g08,8,0.20860531652457345,2012
p61_solar_g08,9,0.0,2012
p61_solar_g08,10,0.06698288073221993,2012
p61_solar_g08,11,0.06441496037428363,2012
p61_solar_g08,12,6.415698902800828e-17,2012
p61_solar_g08,13,0.2858060104615217,2012
p61_solar_g08,14,6.036147049364709e-17,2012
p61_solar_g08,15,0.35384316099578883,2012
p61_solar_g08,16,5.667784514392024e-17,2012
p61_solar_g08,17,0.3925264779547563,2012
p61_solar_g08,18,5.311593487745888e-17,2012
p61_solar_g08,19,0.41492495419952136,2012
p61_solar_g08,20,0.0,2012
p61_solar_g08,21,0.3764022468891139,2012
p61_solar_g08,22,0.0,2012
p61_solar_g08,23,0.32018407058602544,2012
p61_solar_g08,24,0.0,2012
p61_solar_g08,25,0.19132633476020733,2012
p61_solar_g08,26,0.0,2012
p61_solar_g08,27,0.1111096852786654,2012
p61_solar_g08,28,0.03597501349951957,2012
p61_solar_g08,29,0.03510705858795998,2012
p61_solar_g08,30,0.09834635647467344,2012
p61_solar_g08,31,3.3142614873992984e-17,2012
p61_solar_g08,32,0.1463975369094264,2012
p61_solar_g08,33,3.080109791001187e-17,2012
p61_solar_g08,34,0.17936234122511718,2012
p61_solar_g08,35,2.865029294513521e-17,2012
p61_solar_g08,36,0.2166437381224391,2012
p61_solar_g08,37,2.6695934815654725e-17,2012
p61_solar_g08,38,0.20826218531292526,2012
p61_solar_g08,39,0.0,2012
p61_solar_g08,40,0.18940118503811507,2012
p61_solar_g08,41,0.0,2012
p61_solar_g08,42,0.1374151142783474,2012
p61_solar_g08,43,0.0,2012
p61_solar_g08,44,0.09875136758322273,2012
p61_solar_g08,45,0.0,2012
p61_solar_g08,46,0.058813399069130114,2012
p61_solar_g08,47,0.01946976853962919,2012
p61_solar_g08,48,0.019244853593343773,2012
p61_solar_g08,49,0.05550601135331564,2012
p61_solar_g08,50,1.9014539871527838e-17,2012
p61_solar_g08,51,0.0871088755358889,2012
p61_solar_g08,52,1.8698541541838163e-17,2012
p61_solar_g08,53,0.1345683183657268,2012
p61_solar_g08,54,1.8605525073288654e-17,2012
p61_solar_g08,55,0.14800263317862877,2012
p61_solar_g08,56,0.0,2012
p61_solar_g08,57,0.15470923579414866,2012
p61_solar_g08,58,0.0,2012
p61_solar_g08,59,0.1406120362106177,2012
p61_solar_g08,60,0.0,2012
p61_solar_g08,61,0.12327889512231839,2012
p61_solar_g08,62,0.0,2012
p61_solar_g08,63,0.09792568152258985,2012
p61_solar_g08,64,0.0,2012
p61_solar_g08,65,0.0219182451035827,2012
p61_solar_g08,66,0.022794887835394358,2012
p61_solar_g08,67,2.364008326181313e-17,2012
p61_solar_g08,68,0.07143674658066886,2012
p61_solar_g08,69,2.5221142173893543e-17,2012
p61_solar_g08,70,0.16129515870957192,2012
p61_solar_g08,71,2.700779129727529e-17,2012
p61_solar_g08,72,0.20469533127540668,2012
p61_solar_g08,73,2.899526676893934e-17,2012
p61_solar_g08,74,0.24125329285457783,2012
p61_solar_g08,75,0.0,2012
p61_solar_g08,76,0.25956896440331173,2012
p61_solar_g08,77,0.0,2012
p61_solar_g08,78,0.25476004363281995,2012
p61_solar_g08,79,0.0,2012
p61_solar_g08,80,0.23170587621834624,2012
p61_solar_g08,81,0.0,2012
p61_solar_g08,82,0.11801179614270313,2012
p61_solar_g08,83,0.0,2012
p61_solar_g08,84,0.043077481767509425,2012
p61_solar_g08,85,0.04513877683238584,2012
p61_solar_g08,86,4.693316448662586e-17,2012
p61_solar_g08,87,0.22787987891950742,2012
p61_solar_g08,88,5.024751534253814e-17,2012
p61_solar_g08,89,0.3210954686644084,2012
p61_solar_g08,90,5.370072690361781e-17,2012
p61_solar_g08,91,0.4054423855545784,2012
p61_solar_g08,92,5.728359163905351e-17,2012
p61_solar_g08,93,0.48780998349520616,2012
p61_solar_g08,94,0.0,2012
p61_solar_g08,95,0.5035849356260305,2012
p61_solar_g08,96,0.0,2012
p61_solar_g08,97,0.4873083059133678,2012
p61_solar_g08,98,0.0,2012
p61_solar_g08,99,0.33106749261173013,2012
p61_solar_g08,100,0.0,2012
p61_solar_g08,101,0.21840980759758596,2012
p61_solar_g08,102,0.07694326085361504,2012
p61_solar_g08,103,0.07830491604161925,2012
p61_solar_g08,104,0.23843302844776929,2012
p61_solar_g08,105,8.37465498496809e-17,2012
p61_solar_g08,106,0.4015521800874664,2012
p61_solar_g08,107,8.798522645397088e-17,2012
p61_solar_g08,108,0.5551759431116273,2012
p61_solar_g08,109,9.226214115990037e-17,2012
p61_solar_g08,110,0.7542154688401089,2012
p61_solar_g08,111,9.656589014142622e-17,2012
p61_solar_g08,112,0.8120243265145993,2012
p61_solar_g08,113,0.0,2012
p61_solar_g08,114,0.8227022033234203,2012
p61_solar_g08,115,0.0,2012
p61_solar_g08,116,0.6606296641825686,2012
p61_solar_g08,117,0.0,2012
p61_solar_g08,118,0.5213328239092924,2012
p61_solar_g08,119,0.0,2012
p61_solar_g08,120,0.33781736841007076,2012
p61_solar_g08,121,0.1176164639814782,2012
p61_solar_g08,122,0.11900224173587741,2012
p61_solar_g08,123,0.35819531303955965,2012
p61_solar_g08,124,1.250948344878167e-16,2012
p61_solar_g08,125,0.5930661913507368,2012
p61_solar_g08,126,1.292232613729486e-16,2012
p61_solar_g08,127,0.9539391939539816,2012
p61_solar_g08,128,1.3327997060682154e-16,2012
p61_solar_g08,129,1.0,2012
p61_solar_g08,130,0.0,2012
p61_solar_g08,131,1.0,2012
p61_solar_g08,132,0.0,2012
p61_solar_g08,133,1.0,2012
p61_solar_g08,134,0.0,2012
p61_solar_g08,135,0.9007251975425808,2012
p61_solar_g08,136,0.0,2012
p61_solar_g08,137,0.7002038260491885,2012
p61_solar_g08,138,0.0,2012
p61_solar_g08,139,0.4470895013648992,2012
p61_solar_g08,140,0.15416440256777497,2012
p61_solar_g08,141,1.577190832174357e-16,2012
p61_solar_g08,142,0.46284832450058805,2012
p61_solar_g08,143,1.6088573609102988e-16,2012
p61_solar_g08,144,0.9957183816758006,2012
p61_solar_g08,145,1.6389624752224358e-16,2012
p61_solar_g08,146,1.0,2012
p61_solar_g08,147,1.6674259038147006e-16,2012
p61_solar_g08,148,1.0,2012
p61_solar_g08,149,0.0,2012
p61_solar_g08,150,1.0,2012
p61_solar_g08,151,0.0,2012
p61_solar_g08,152,1.0,2012
p61_solar_g08,153,0.0,2012
p61_solar_g08,154,1.0,2012
p61_solar_g08,155,0.0,2012
p61_solar_g08,156,0.5143817175835491,2012
p61_solar_g08,157,0.0,2012
p61_solar_g08,158,0.17660626566130963,2012
p61_solar_g08,159,0.17766646195364774,2012
p61_solar_g08,160,1.8101216444224843e-16,2012
p61_solar_g08,161,0.8439928461406478,2012
p61_solar_g08,162,1.823834174590505e-16,2012
p61_solar_g08,163,1.0,2012
p61_solar_g08,164,1.8354120831620135e-16,2012
p61_solar_g08,165,1.0,2012
p61_solar_g08,166,1.8448244991787686e-16,2012
p61_solar_g08,167,1.0,2012
p61_solar_g08,168,0.0,2012
p61_solar_g08,169,1.0,2012
p61_solar_g08,170,0.0,2012
p61_solar_g08,171,1.0,2012
p61_solar_g08,172,0.0,2012
p61_solar_g08,173,0.8629964528956,2012
p61_solar_g08,174,0.0,2012
p61_solar_g08,175,0.5384417206226824,2012
p61_solar_g08,176,0.0,2012
p61_solar_g08,177,0.18271515548744627,2012
p61_solar_g08,178,0.5365591637109295,2012
p61_solar_g08,179,1.8509957020935591e-16,2012
p61_solar_g08,180,0.8563695752032956,2012
p61_solar_g08,181,1.8434072816531742e-16,2012
p61_solar_g08,182,1.0,2012
p61_solar_g08,183,1.833632050521239e-16,2012
p61_solar_g08,184,1.0,2012
p61_solar_g08,185,1.821696073055595e-16,2012
p61_solar_g08,186,1.0,2012
p61_solar_g08,187,0.0,2012
p61_solar_g08,188,1.0,2012
p61_solar_g08,189,0.0,2012
p61_solar_g08,190,1.0,2012
p61_solar_g08,191,0.0,2012
p61_solar_g08,192,0.8164027858802079,2012
p61_solar_g08,193,0.0,2012
p61_solar_g08,194,0.5033979379022264,2012
p61_solar_g08,195,0.16959820850547888,2012
p61_solar_g08,196,0.1688095031770738,2012
p61_solar_g08,197,0.49179997895087185,2012
p61_solar_g08,198,1.689836472115363e-16,2012
p61_solar_g08,199,0.7755762616082579,2012
p61_solar_g08,200,1.6627992814421712e-16,2012
p61_solar_g08,201,1.0,2012
p61_solar_g08,202,1.6340568473655323e-16,2012
p61_solar_g08,203,1.0,2012
p61_solar_g08,204,0.0,2012
p61_solar_g08,205,1.0,2012
p61_solar_g08,206,0.0,2012
p61_solar_g08,207,1.0,2012
p61_solar_g08,208,0.0,2012
p61_solar_g08,209,0.9261981411122164,2012
p61_solar_g08,210,0.0,2012
p61_solar_g08,211,0.6863941633746642,2012
p61_solar_g08,212,0.0,2012
p61_solar_g08,213,0.41780384997211145,2012
p61_solar_g08,214,0.13954028055290635,2012
p61_solar_g08,215,1.404952586760533e-16,2012
p61_solar_g08,216,0.3993213168372868,2012
p61_solar_g08,217,1.365979672040314e-16,2012
p61_solar_g08,218,0.8186995834924784,2012
p61_solar_g08,219,1.3260929440536794e-16,2012
p61_solar_g08,220,0.9392492534656823,2012
p61_solar_g08,221,1.2853987554727448e-16,2012
p61_solar_g08,222,0.9972856440960122,2012
p61_solar_g08,223,0.0,2012
p61_solar_g08,224,0.9641468409947231,2012
p61_solar_g08,225,0.0,2012
p61_solar_g08,226,0.8486664626179341,2012
p61_solar_g08,227,0.0,2012
p61_solar_g08,228,0.6913044782933421,2012
p61_solar_g08,229,0.0,2012
p61_solar_g08,230,0.3150524221498984,2012
p61_solar_g08,231,0.0,2012
p61_solar_g08,232,0.10284269701569593,2012
p61_solar_g08,233,0.10000592662394678,2012
p61_solar_g08,234,1.0016456856010985e-16,2012
p61_solar_g08,235,0.4512661994196506,2012
p61_solar_g08,236,9.584722147688137e-17,2012
p61_solar_g08,237,0.5682858219629766,2012
p61_solar_g08,238,9.154714952788314e-17,2012
p61_solar_g08,239,0.641296245026748,2012
p61_solar_g08,240,8.727581828487668e-17,2012
p61_solar_g09,1,0.0,2012
p61_solar_g09,2,0.6763058905849814,2012
p61_solar_g09,3,0.0,2012
p61_solar_g09,4,0.5861006442570303,2012
p61_solar_g09,5,0.0,2012
p61_solar_g09,6,0.4698987952968375,2012
p61_solar_g09,7,0.0,2012
p61_solar_g09,8,0.21071102390792817,2012
p61_solar_g09,9,0.0,2012
p61_solar_g09,10,0.06765902048199275,2012
p61_solar_g09,11,0.06506517897809688,2012
p61_solar_g09,12,6.480460361300938e-17,2012
p61_solar_g09,13,0.28869099842090135,2012
p61_solar_g09,14,6.097077229000686e-17,2012
p61_solar_g09,15,0.35741493073335745,2012
p61_solar_g09,16,5.724996362575255e-17,2012
p61_solar_g09,17,0.39648872549744624,2012
p61_solar_g09,18,5.3652098663256157e-17,2012
p61_solar_g09,19,0.41911329682737153,2012
p61_solar_g09,20,0.0,2012
p61_solar_g09,21,0.3802017329405269,2012
p61_solar_g09,22,0.0,2012
p61_solar_g09,23,0.323416078152746,2012
p61_solar_g09,24,0.0,2012
p61_solar_g09,25,0.19325762434786892,2012
p61_solar_g09,26,0.0,2012
p61_solar_g09,27,0.11223125057983518,2012
p61_solar_g09,28,0.03633815310115719,2012
p61_solar_g09,29,0.0354614368641619,2012
p61_solar_g09,30,0.09933908596213288,2012
p61_solar_g09,31,3.3477163628581546e-17,2012
p61_solar_g09,32,0.14787530545104843,2012
p61_solar_g09,33,3.1112010883684344e-17,2012
p61_solar_g09,34,0.1811728636629239,2012
p61_solar_g09,35,2.8939495226241696e-17,2012
p61_solar_g09,36,0.21883058707970546,2012
p61_solar_g09,37,2.6965409381228696e-17,2012
p61_solar_g09,38,0.21036442905528624,2012
p61_solar_g09,39,0.0,2012
p61_solar_g09,40,0.1913130417462537,2012
p61_solar_g09,41,0.0,2012
p61_solar_g09,42,0.1388022122945495,2012
p61_solar_g09,43,0.0,2012
p61_solar_g09,44,0.0997481853407983,2012
p61_solar_g09,45,0.0,2012
p61_solar_g09,46,0.059407074296220816,2012
p61_solar_g09,47,0.01966630061296815,2012
p61_solar_g09,48,0.019439115326353396,2012
p61_solar_g09,49,0.056066301090291155,2012
p61_solar_g09,50,1.920647676779506e-17,2012
p61_solar_g09,51,0.08798817144947144,2012
p61_solar_g09,52,1.8887288682316602e-17,2012
p61_solar_g09,53,0.13592668020553617,2012
p61_solar_g09,54,1.8793333285326242e-17,2012
p61_solar_g09,55,0.14949660391069045,2012
p61_solar_g09,56,0.0,2012
p61_solar_g09,57,0.15627090442998387,2012
p61_solar_g09,58,0.0,2012
p61_solar_g09,59,0.14203140465131783,2012
p61_solar_g09,60,0.0,2012
p61_solar_g09,61,0.12452329907134381,2012
p61_solar_g09,62,0.0,2012
p61_solar_g09,63,0.09891416462569363,2012
p61_solar_g09,64,0.0,2012
p61_solar_g09,65,0.02213949263127625,2012
p61_solar_g09,66,0.023024984385268617,2012
p61_solar_g09,67,2.387871139793571e-17,2012
p61_solar_g09,68,0.07215784461989372,2012
p61_solar_g09,69,2.5475729862151002e-17,2012
p61_solar_g09,70,0.16292330708207087,2012
p61_solar_g09,71,2.7280413809923843e-17,2012
p61_solar_g09,72,0.20676157041823354,2012
p61_solar_g09,73,2.928795129076696e-17,2012
p61_solar_g09,74,0.2436885560036006,2012
p61_solar_g09,75,0.0,2012
p61_solar_g09,76,0.2621891099199261,2012
p61_solar_g09,77,0.0,2012
p61_solar_g09,78,0.25733164685846543,2012
p61_solar_g09,79,0.0,2012
p61_solar_g09,80,0.2340447656697192,2012
p61_solar_g09,81,0.0,2012
p61_solar_g09,82,0.11920303285038009,2012
p61_solar_g09,83,0.0,2012
p61_solar_g09,84,0.043512315226816235,2012
p61_solar_g09,85,0.04559441745188251,2012
p61_solar_g09,86,4.740691804492526e-17,2012
p61_solar_g09,87,0.23018014792296906,2012
p61_solar_g09,88,5.075472467840158e-17,2012
p61_solar_g09,89,0.3243366760813284,2012
p61_solar_g09,90,5.424279370716998e-17,2012
p61_solar_g09,91,0.4095350090744907,2012
p61_solar_g09,92,5.786182465760278e-17,2012
p61_solar_g09,93,0.492734043442638,2012
p61_solar_g09,94,0.0,2012
p61_solar_g09,95,0.5086682313672922,2012
p61_solar_g09,96,0.0,2012
p61_solar_g09,97,0.4922273018183019,2012
p61_solar_g09,98,0.0,2012
p61_solar_g09,99,0.3344093598047416,2012
p61_solar_g09,100,0.0,2012
p61_solar_g09,101,0.22061448364380332,2012
p61_solar_g09,102,0.07771994284417091,2012
p61_solar_g09,103,0.07909534287545493,2012
p61_solar_g09,104,0.2408398232351828,2012
p61_solar_g09,105,8.459190571734011e-17,2012
p61_solar_g09,106,0.40560553502826796,2012
p61_solar_g09,107,8.887336844410294e-17,2012
p61_solar_g09,108,0.5607800096903109,2012
p61_solar_g09,109,9.319345525621022e-17,2012
p61_solar_g09,110,0.7618286836317361,2012
p61_solar_g09,111,9.754064721492136e-17,2012
p61_solar_g09,112,0.8202210764742487,2012
p61_solar_g09,113,0.0,2012
p61_solar_g09,114,0.8310067380912878,2012
p61_solar_g09,115,0.0,2012
p61_solar_g09,116,0.6672982035309821,2012
p61_solar_g09,117,0.0,2012
p61_solar_g09,118,0.5265952706905164,2012
p61_solar_g09,119,0.0,2012
p61_solar_g09,120,0.341227370315764,2012
p61_solar_g09,121,0.118803710120436,2012
p61_solar_g09,122,0.1202034762165407,2012
p61_solar_g09,123,0.3618110143453392,2012
p61_solar_g09,124,1.2635756892330026e-16,2012
p61_solar_g09,125,0.5990527303265936,2012
p61_solar_g09,126,1.305276690462887e-16,2012
p61_solar_g09,127,0.9635684634157872,2012
p61_solar_g09,128,1.3462532758446608e-16,2012
p61_solar_g09,129,1.0,2012
p61_solar_g09,130,0.0,2012
p61_solar_g09,131,1.0,2012
p61_solar_g09,132,0.0,2012
p61_solar_g09,133,1.0,2012
p61_solar_g09,134,0.0,2012
p61_solar_g09,135,0.909817313364162,2012
p61_solar_g09,136,0.0,2012
p61_solar_g09,137,0.7072718355847524,2012
p61_solar_g09,138,0.0,2012
p61_solar_g09,139,0.4516025199194073,2012
p61_solar_g09,140,0.15572057153866115,2012
p61_solar_g09,141,1.5931113390703434e-16,2012
p61_solar_g09,142,0.46752041603934535,2012
p61_solar_g09,143,1.6250975166267246e-16,2012
p61_solar_g09,144,1.0,2012
p61_solar_g09,145,1.6555065185028987e-16,2012
p61_solar_g09,146,1.0,2012
p61_solar_g09,147,1.6842572631268968e-16,2012
p61_solar_g09,148,1.0,2012
p61_solar_g09,149,0.0,2012
p61_solar_g09,150,1.0,2012
p61_solar_g09,151,0.0,2012
p61_solar_g09,152,1.0,2012
p61_solar_g09,153,0.0,2012
p61_solar_g09,154,1.0,2012
p61_solar_g09,155,0.0,2012
p61_solar_g09,156,0.5195739983874316,2012
p61_solar_g09,157,0.0,2012
p61_solar_g09,158,0.17838896767363305,2012
p61_solar_g09,159,0.17945986581766782,2012
p61_solar_g09,160,1.828393405540239e-16,2012
p61_solar_g09,161,0.8525122932823872,2012
p61_solar_g09,162,1.8422443529667471e-16,2012
p61_solar_g09,163,1.0,2012
p61_solar_g09,164,1.8539391314626133e-16,2012
p61_solar_g09,165,1.0,2012
p61_solar_g09,166,1.863446558451437e-16,2012
p61_solar_g09,167,1.0,2012
p61_solar_g09,168,0.0,2012
p61_solar_g09,169,1.0,2012
p61_solar_g09,170,0.0,2012
p61_solar_g09,171,1.0,2012
p61_solar_g09,172,0.0,2012
p61_solar_g09,173,0.8717077265723527,2012
p61_solar_g09,174,0.0,2012
p61_solar_g09,175,0.5438768683241448,2012
p61_solar_g09,176,0.0,2012
p61_solar_g09,177,0.18455952196079736,2012
p61_solar_g09,178,0.5419753084739496,2012
p61_solar_g09,179,1.8696800548291094e-16,2012
p61_solar_g09,180,0.8650139557369696,2012
p61_solar_g09,181,1.8620150352242568e-16,2012
p61_solar_g09,182,1.0,2012
p61_solar_g09,183,1.8521411307856607e-16,2012
p61_solar_g09,184,1.0,2012
p61_solar_g09,185,1.840084668970453e-16,2012
p61_solar_g09,186,1.0,2012
p61_solar_g09,187,0.0,2012
p61_solar_g09,188,1.0,2012
p61_solar_g09,189,0.0,2012
p61_solar_g09,190,1.0,2012
p61_solar_g09,191,0.0,2012
p61_solar_g09,192,0.8246437329598898,2012
p61_solar_g09,193,0.0,2012
p61_solar_g09,194,0.50847934604784,2012
p61_solar_g09,195,0.17131016966640955,2012
p61_solar_g09,196,0.17051350297507764,2012
p61_solar_g09,197,0.4967643147792377,2012
p61_solar_g09,198,1.7068940485725584e-16,2012
p61_solar_g09,199,0.7834050968826013,2012
p61_solar_g09,200,1.679583938623031e-16,2012
p61_solar_g09,201,1.0,2012
p61_solar_g09,202,1.650551372172687e-16,2012
p61_solar_g09,203,1.0,2012
p61_solar_g09,204,0.0,2012
p61_solar_g09,205,1.0,2012
p61_solar_g09,206,0.0,2012
p61_solar_g09,207,1.0,2012
p61_solar_g09,208,0.0,2012
p61_solar_g09,209,0.9355473863600462,2012
p61_solar_g09,210,0.0,2012
p61_solar_g09,211,0.6933227751751182,2012
p61_solar_g09,212,0.0,2012
p61_solar_g09,213,0.4220212527993144,2012
p61_solar_g09,214,0.1409488304591645,2012
p61_solar_g09,215,1.4191344833895024e-16,2012
p61_solar_g09,216,0.4033521529597983,2012
p61_solar_g09,217,1.3797681676014467e-16,2012
p61_solar_g09,218,0.8269637149462252,2012
p61_solar_g09,219,1.339478814317343e-16,2012
p61_solar_g09,220,0.9487302394768903,2012
p61_solar_g09,221,1.2983738497562842e-16,2012
p61_solar_g09,222,1.0,2012
p61_solar_g09,223,0.0,2012
p61_solar_g09,224,0.9738791486633129,2012
p61_solar_g09,225,0.0,2012
p61_solar_g09,226,0.8572330862597126,2012
p61_solar_g09,227,0.0,2012
p61_solar_g09,228,0.698282655879324,2012
p61_solar_g09,229,0.0,2012
p61_solar_g09,230,0.3182326297424824,2012
p61_solar_g09,231,0.0,2012
p61_solar_g09,232,0.10388081354138165,2012
p61_solar_g09,233,0.10101540817302546,2012
p61_solar_g09,234,1.0117565147535625e-16,2012
p61_solar_g09,235,0.4558213784716881,2012
p61_solar_g09,236,9.681472415274978e-17,2012
p61_solar_g09,237,0.5740222225068347,2012
p61_solar_g09,238,9.247124634333143e-17,2012
p61_solar_g09,239,0.6477696286421238,2012
p61_solar_g09,240,8.815679935483487e-17,2012
p61_solar_g10,1,0.0,2012
p61_solar_g10,2,0.6955379249404555,2012
p61_solar_g10,3,0.0,2012
p61_solar_g10,4,0.6027675221935318,2012
p61_solar_g10,5,0.0,2012
p61_solar_g10,6,0.48326125435649153,2012
p61_solar_g10,7,0.0,2012
p61_solar_g10,8,0.21670298953663092,2012
p61_solar_g10,9,0.0,2012
p61_solar_g10,10,0.06958303241872436,2012
p61_solar_g10,11,0.06691543013644399,2012
p61_solar_g10,12,6.664744481907999e-17,2012
p61_solar_g10,13,0.2969004717924027,2012
p61_solar_g10,14,6.27045912670188e-17,2012
p61_solar_g10,15,0.367578698819242,2012
p61_solar_g10,16,5.887797438630908e-17,2012
p61_solar_g10,17,0.40776363067937427,2012
p61_solar_g10,18,5.5177797343541975e-17,2012
p61_solar_g10,19,0.4310315743932346,2012
p61_solar_g10,20,0.0,2012
p61_solar_g10,21,0.39101348675151076,2012
p61_solar_g10,22,0.0,2012
p61_solar_g10,23,0.3326130247012468,2012
p61_solar_g10,24,0.0,2012
p61_solar_g10,25,0.1987532696211944,2012
p61_solar_g10,26,0.0,2012
p61_solar_g10,27,0.11542275799823465,2012
p61_solar_g10,28,0.03737149706368197,2012
p61_solar_g10,29,0.03646984974590708,2012
p61_solar_g10,30,0.10216398034892082,2012
p61_solar_g10,31,3.442914995605803e-17,2012
p61_solar_g10,32,0.15208041883886897,2012
p61_solar_g10,33,3.199673962923076e-17,2012
p61_solar_g10,34,0.186324855959237,2012
p61_solar_g10,35,2.97624443889937e-17,2012
p61_solar_g10,36,0.22505344781082406,2012
p61_solar_g10,37,2.7732221687388924e-17,2012
p61_solar_g10,38,0.21634653860524378,2012
p61_solar_g10,39,0.0,2012
p61_solar_g10,40,0.19675338914339335,2012
p61_solar_g10,41,0.0,2012
p61_solar_g10,42,0.14274931515529143,2012
p61_solar_g10,43,0.0,2012
p61_solar_g10,44,0.10258471324049044,2012
p61_solar_g10,45,0.0,2012
p61_solar_g10,46,0.06109642656969412,2012
p61_solar_g10,47,0.020225548986077153,2012
p61_solar_g10,48,0.019991903257082614,2012
p61_solar_g10,49,0.05766065217278753,2012
p61_solar_g10,50,1.9752649182065103e-17,2012
p61_solar_g10,51,0.09049028116010532,2012
p61_solar_g10,52,1.9424384380989108e-17,2012
p61_solar_g10,53,0.13979201188448587,2012
p61_solar_g10,54,1.9327757184968223e-17,2012
p61_solar_g10,55,0.15374782198000259,2012
p61_solar_g10,56,0.0,2012
p61_solar_g10,57,0.16071476251934474,2012
p61_solar_g10,58,0.0,2012
p61_solar_g10,59,0.1460703356910101,2012
p61_solar_g10,60,0.0,2012
p61_solar_g10,61,0.12806435408673872,2012
p61_solar_g10,62,0.0,2012
p61_solar_g10,63,0.10172697557234815,2012
p61_solar_g10,64,0.0,2012
p61_solar_g10,65,0.022769070886951622,2012
p61_solar_g10,66,0.02367974327011098,2012
p61_solar_g10,67,2.4557747621577542e-17,2012
p61_solar_g10,68,0.07420978911138176,2012
p61_solar_g10,69,2.6200180319792108e-17,2012
p61_solar_g10,70,0.167556338795575,2012
p61_solar_g10,71,2.8056183861505375e-17,2012
p61_solar_g10,72,0.2126412258833601,2012
p61_solar_g10,73,3.0120809459336625e-17,2012
p61_solar_g10,74,0.25061829999421315,2012
p61_solar_g10,75,0.0,2012
p61_solar_g10,76,0.2696449520762759,2012
p61_solar_g10,77,0.0,2012
p61_solar_g10,78,0.264649357885427,2012
p61_solar_g10,79,0.0,2012
p61_solar_g10,80,0.24070027028196736,2012
p61_solar_g10,81,0.0,2012
p61_solar_g10,82,0.12259279605512206,2012
p61_solar_g10,83,0.0,2012
p61_solar_g10,84,0.04474967002880461,2012
p61_solar_g10,85,0.046890980760083134,2012
p61_solar_g10,86,4.875502322812651e-17,2012
p61_solar_g10,87,0.2367257548360977,2012
p61_solar_g10,88,5.2198031061365867e-17,2012
p61_solar_g10,89,0.3335598015693247,2012
p61_solar_g10,90,5.57852899158173e-17,2012
p61_solar_g10,91,0.42118090995149976,2012
p61_solar_g10,92,5.950723484133326e-17,2012
p61_solar_g10,93,0.5067458658790859,2012
p61_solar_g10,94,0.0,2012
p61_solar_g10,95,0.5231331725091362,2012
p61_solar_g10,96,0.0,2012
p61_solar_g10,97,0.5062247141003149,2012
p61_solar_g10,98,0.0,2012
p61_solar_g10,99,0.34391892106406174,2012
p61_solar_g10,100,0.0,2012
p61_solar_g10,101,0.2268880728403766,2012
p61_solar_g10,102,0.07993005609572297,2012
p61_solar_g10,103,0.081344568222617,2012
p61_solar_g10,104,0.2476885581332612,2012
p61_solar_g10,105,8.699743620228639e-17,2012
p61_solar_g10,106,0.4171396938948821,2012
p61_solar_g10,107,9.140065040186512e-17,2012
p61_solar_g10,108,0.5767268475966,2012
p61_solar_g10,109,9.584358703554827e-17,2012
p61_solar_g10,110,0.7834927200101833,2012
p61_solar_g10,111,1.0031439960183309e-16,2012
p61_solar_g10,112,0.8435456107440779,2012
p61_solar_g10,113,0.0,2012
p61_solar_g10,114,0.8546379830044117,2012
p61_solar_g10,115,0.0,2012
p61_solar_g10,116,0.6862740873053398,2012
p61_solar_g10,117,0.0,2012
p61_solar_g10,118,0.5415700010282786,2012
p61_solar_g10,119,0.0,2012
p61_solar_g10,120,0.3509308145712392,2012
p61_solar_g10,121,0.12218211782973115,2012
p61_solar_g10,122,0.12362168891648384,2012
p61_solar_g10,123,0.3720997933652288,2012
p61_solar_g10,124,1.2995078486365698e-16,2012
p61_solar_g10,125,0.6160879252742768,2012
p61_solar_g10,126,1.3423946965365418e-16,2012
p61_solar_g10,127,0.9909693511653155,2012
p61_solar_g10,128,1.3845365284566102e-16,2012
p61_solar_g10,129,1.0,2012
p61_solar_g10,130,0.0,2012
p61_solar_g10,131,1.0,2012
p61_solar_g10,132,0.0,2012
p61_solar_g10,133,1.0,2012
p61_solar_g10,134,0.0,2012
p61_solar_g10,135,0.9356896857202418,2012
p61_solar_g10,136,0.0,2012
p61_solar_g10,137,0.7273844450267014,2012
p61_solar_g10,138,0.0,2012
p61_solar_g10,139,0.4644446898591018,2012
p61_solar_g10,140,0.16014877987364282,2012
p61_solar_g10,141,1.6384144665924102e-16,2012
p61_solar_g10,142,0.480815241396222,2012
p61_solar_g10,143,1.671310231473445e-16,2012
p61_solar_g10,144,1.0,2012
p61_solar_g10,145,1.7025839707072847e-16,2012
p61_solar_g10,146,1.0,2012
p61_solar_g10,147,1.7321522970144408e-16,2012
p61_solar_g10,148,1.0,2012
p61_solar_g10,149,0.0,2012
p61_solar_g10,150,1.0,2012
p61_solar_g10,151,0.0,2012
p61_solar_g10,152,1.0,2012
p61_solar_g10,153,0.0,2012
p61_solar_g10,154,1.0,2012
p61_solar_g10,155,0.0,2012
p61_solar_g10,156,0.5343490655963761,2012
p61_solar_g10,157,0.0,2012
p61_solar_g10,158,0.18346179463358955,2012
p61_solar_g10,159,0.18456314578739993,2012
p61_solar_g10,160,1.8803872226578999e-16,2012
p61_solar_g10,161,0.8767550892436783,2012
p61_solar_g10,162,1.8946320479146486e-16,2012
p61_solar_g10,163,1.0,2012
p61_solar_g10,164,1.9066593895079877e-16,2012
p61_solar_g10,165,1.0,2012
p61_solar_g10,166,1.9164371781261078e-16,2012
p61_solar_g10,167,1.0,2012
p61_solar_g10,168,0.0,2012
p61_solar_g10,169,1.0,2012
p61_solar_g10,170,0.0,2012
p61_solar_g10,171,1.0,2012
p61_solar_g10,172,0.0,2012
p61_solar_g10,173,0.8964963809057799,2012
p61_solar_g10,174,0.0,2012
p61_solar_g10,175,0.5593430335052736,2012
p61_solar_g10,176,0.0,2012
p61_solar_g10,177,0.18980782027727336,2012
p61_solar_g10,178,0.5573873992120236,2012
p61_solar_g10,179,1.9228479357374305e-16,2012
p61_solar_g10,180,0.8896122600638895,2012
p61_solar_g10,181,1.9149649468343236e-16,2012
p61_solar_g10,182,1.0,2012
p61_solar_g10,183,1.9048102592885135e-16,2012
p61_solar_g10,184,1.0,2012
p61_solar_g10,185,1.8924109492280613e-16,2012
p61_solar_g10,186,1.0,2012
p61_solar_g10,187,0.0,2012
p61_solar_g10,188,1.0,2012
p61_solar_g10,189,0.0,2012
p61_solar_g10,190,1.0,2012
p61_solar_g10,191,0.0,2012
p61_solar_g10,192,0.8480940338135362,2012
p61_solar_g10,193,0.0,2012
p61_solar_g10,194,0.5229389158791518,2012
p61_solar_g10,195,0.17618169764558586,2012
p61_solar_g10,196,0.1753623762333786,2012
p61_solar_g10,197,0.5108907455872619,2012
p61_solar_g10,198,1.7554328021754697e-16,2012
p61_solar_g10,199,0.8056826992918718,2012
p61_solar_g10,200,1.727346077708587e-16,2012
p61_solar_g10,201,1.0,2012
p61_solar_g10,202,1.6974879154395853e-16,2012
p61_solar_g10,203,1.0,2012
p61_solar_g10,204,0.0,2012
p61_solar_g10,205,1.0,2012
p61_solar_g10,206,0.0,2012
p61_solar_g10,207,1.0,2012
p61_solar_g10,208,0.0,2012
p61_solar_g10,209,0.9621514419007833,2012
p61_solar_g10,210,0.0,2012
p61_solar_g10,211,0.7130387167589881,2012
p61_solar_g10,212,0.0,2012
p61_solar_g10,213,0.43402222358127274,2012
p61_solar_g10,214,0.1449569764586173,2012
p61_solar_g10,215,1.4594902506828754e-16,2012
p61_solar_g10,216,0.41482223265460555,2012
p61_solar_g10,217,1.4190044794114003e-16,2012
p61_solar_g10,218,0.8504799888660336,2012
p61_solar_g10,219,1.3775694223306764e-16,2012
p61_solar_g10,220,0.975709174325313,2012
p61_solar_g10,221,1.335295560527077e-16,2012
p61_solar_g10,222,1.0,2012
p61_solar_g10,223,0.0,2012
p61_solar_g10,224,1.0,2012
p61_solar_g10,225,0.0,2012
p61_solar_g10,226,0.8816101268786193,2012
p61_solar_g10,227,0.0,2012
p61_solar_g10,228,0.7181396410315412,2012
p61_solar_g10,229,0.0,2012
p61_solar_g10,230,0.32728217515298663,2012
p61_solar_g10,231,0.0,2012
p61_solar_g10,232,0.10683486052325016,2012
p61_solar_g10,233,0.10388797194551526,2012
p61_solar_g10,234,1.0405277206856662e-16,2012
p61_solar_g10,235,0.46878351961634745,2012
p61_solar_g10,236,9.956783354739208e-17,2012
p61_solar_g10,237,0.5903456277258964,2012
p61_solar_g10,238,9.510084074924471e-17,2012
p61_solar_g10,239,0.6661901805342602,2012
p61_solar_g10,240,9.06637043182004e-17,2012
p62_solar_g01,1,0.0,2012
p62_solar_g01,2,0.7113062548849892,2012
p62_solar_g01,3,0.0,2012
p62_solar_g01,4,0.6164326823939771,2012
p62_solar_g01,5,0.0,2012
p62_solar_g01,6,0.49421712410112806,2012
p62_solar_g01,7,0.0,2012
p62_solar_g01,8,0.22161579747485077,2012
p62_solar_g01,9,0.0,2012
p62_solar_g01,10,0.07116052830266709,2012
p62_solar_g01,11,0.06843244961580908,2012
p62_solar_g01,12,6.815838888436201e-17,2012
p62_solar_g01,13,0.303631412596689,2012
p62_solar_g01,14,6.41261480918607e-17,2012
p62_solar_g01,15,0.3759119643332115,2012
p62_solar_g01,16,6.021277913713356e-17,2012
p62_solar_g01,17,0.417007916630401,2012
p62_solar_g01,18,5.642871649967579e-17,2012
p62_solar_g01,19,0.44080336085926547,2012
p62_solar_g01,20,0.0,2012
p62_solar_g01,21,0.39987803525530113,2012
p62_solar_g01,22,0.0,2012
p62_solar_g01,23,0.34015359399196893,2012
p62_solar_g01,24,0.0,2012
p62_solar_g01,25,0.20325914488775182,2012
p62_solar_g01,26,0.0,2012
p62_solar_g01,27,0.11803947243746532,2012
p62_solar_g01,28,0.03821873497133706,2012
p62_solar_g01,29,0.03729664667990642,2012
p62_solar_g01,30,0.10448010904992093,2012
p62_solar_g01,31,3.5209682802291294e-17,2012
p62_solar_g01,32,0.15552818802062776,2012
p62_solar_g01,33,3.272212803657928e-17,2012
p62_solar_g01,34,0.19054897041839391,2012
p62_solar_g01,35,3.043717976466954e-17,2012
p62_solar_g01,36,0.23015556646314597,2012
p62_solar_g01,37,2.836093049819768e-17,2012
p62_solar_g01,38,0.22125126555219976,2012
p62_solar_g01,39,0.0,2012
p62_solar_g01,40,0.20121392572446312,2012
p62_solar_g01,41,0.0,2012
p62_solar_g01,42,0.14598554170744898,2012
p62_solar_g01,43,0.0,2012
p62_solar_g01,44,0.10491038024963291,2012
p62_solar_g01,45,0.0,2012
p62_solar_g01,46,0.06248152517904082,2012
p62_solar_g01,47,0.020684076290320264,2012
p62_solar_g01,48,0.020445133649665253,2012
p62_solar_g01,49,0.05896785937986447,2012
p62_solar_g01,50,2.0200455517870718e-17,2012
p62_solar_g01,51,0.09254175895727694,2012
p62_solar_g01,52,1.9864748724766773e-17,2012
p62_solar_g01,53,0.1429611943085693,2012
p62_solar_g01,54,1.97659309228079e-17,2012
p62_solar_g01,55,0.1572333923541007,2012
p62_solar_g01,56,0.0,2012
p62_solar_g01,57,0.16435827829539584,2012
p62_solar_g01,58,0.0,2012
p62_solar_g01,59,0.14938185209535546,2012
p62_solar_g01,60,0.0,2012
p62_solar_g01,61,0.1309676623276893,2012
p62_solar_g01,62,0.0,2012
p62_solar_g01,63,0.10403319707022209,2012
p62_solar_g01,64,0.0,2012
p62_solar_g01,65,0.02328526160697119,2012
p62_solar_g01,66,0.024216579568314165,2012
p62_solar_g01,67,2.511448889089765e-17,2012
p62_solar_g01,68,0.07589217679703199,2012
p62_solar_g01,69,2.679415668409191e-17,2012
p62_solar_g01,70,0.1713549578782841,2012
p62_solar_g01,71,2.8692237120787526e-17,2012
p62_solar_g01,72,0.21746195080619732,2012
p62_solar_g01,73,3.080366922114172e-17,2012
p62_solar_g01,74,0.25629999167879697,2012
p62_solar_g01,75,0.0,2012
p62_solar_g01,76,0.2757579912359748,2012
p62_solar_g01,77,0.0,2012
p62_solar_g01,78,0.27064914344004454,2012
p62_solar_g01,79,0.0,2012
p62_solar_g01,80,0.24615711331445825,2012
p62_solar_g01,81,0.0,2012
p62_solar_g01,82,0.12537206025870318,2012
p62_solar_g01,83,0.0,2012
p62_solar_g01,84,0.04576417626436841,2012
p62_solar_g01,85,0.04795403200363836,2012
p62_solar_g01,86,4.9860333614731697e-17,2012
p62_solar_g01,87,0.24209249283092946,2012
p62_solar_g01,88,5.3381396837288294e-17,2012
p62_solar_g01,89,0.341121834952089,2012
p62_solar_g01,90,5.704998135233299e-17,2012
p62_solar_g01,91,0.43072937498311215,2012
p62_solar_g01,92,6.085630536562613e-17,2012
p62_solar_g01,93,0.5182341481490914,2012
p62_solar_g01,94,0.0,2012
p62_solar_g01,95,0.5349929664517323,2012
p62_solar_g01,96,0.0,2012
p62_solar_g01,97,0.5177011814959559,2012
p62_solar_g01,98,0.0,2012
p62_solar_g01,99,0.35171580291197885,2012
p62_solar_g01,100,0.0,2012
p62_solar_g01,101,0.23203178372189717,2012
p62_solar_g01,102,0.08174212622419273,2012
p62_solar_g01,103,0.08318870632772415,2012
p62_solar_g01,104,0.2533038305261583,2012
p62_solar_g01,105,8.896972876776169e-17,2012
p62_solar_g01,106,0.4265965417394614,2012
p62_solar_g01,107,9.347276690479337e-17,2012
p62_solar_g01,108,0.5898016475387491,2012
p62_solar_g01,109,9.801642801121978e-17,2012
p62_solar_g01,110,0.8012550465135417,2012
p62_solar_g01,111,1.0258859701708535e-16,2012
p62_solar_g01,112,0.8626693781714464,2012
p62_solar_g01,113,0.0,2012
p62_solar_g01,114,0.8740132222486242,2012
p62_solar_g01,115,0.0,2012
p62_solar_g01,116,0.7018323995885136,2012
p62_solar_g01,117,0.0,2012
p62_solar_g01,118,0.5538477707343754,2012
p62_solar_g01,119,0.0,2012
p62_solar_g01,120,0.358886660936248,2012
p62_solar_g01,121,0.12495207167146599,2012
p62_solar_g01,122,0.12642427883895643,2012
p62_solar_g01,123,0.38053555524633403,2012
p62_solar_g01,124,1.3289685980623712e-16,2012
p62_solar_g01,125,0.6300550683044712,2012
p62_solar_g01,126,1.3728277207207982e-16,2012
p62_solar_g01,127,1.0,2012
p62_solar_g01,128,1.4159249373673567e-16,2012
p62_solar_g01,129,1.0,2012
p62_solar_g01,130,0.0,2012
p62_solar_g01,131,1.0,2012
p62_solar_g01,132,0.0,2012
p62_solar_g01,133,1.0,2012
p62_solar_g01,134,0.0,2012
p62_solar_g01,135,0.9569024236042284,2012
p62_solar_g01,136,0.0,2012
p62_solar_g01,137,0.7438747577967555,2012
p62_solar_g01,138,0.0,2012
p62_solar_g01,139,0.4749739749607185,2012
p62_solar_g01,140,0.16377946442830355,2012
p62_solar_g01,141,1.675558465458235e-16,2012
p62_solar_g01,142,0.49171565832078484,2012
p62_solar_g01,143,1.7092000002762093e-16,2012
p62_solar_g01,144,1.0,2012
p62_solar_g01,145,1.741182736994091e-16,2012
p62_solar_g01,146,1.0,2012
p62_solar_g01,147,1.7714213978845967e-16,2012
p62_solar_g01,148,1.0,2012
p62_solar_g01,149,0.0,2012
p62_solar_g01,150,1.0,2012
p62_solar_g01,151,0.0,2012
p62_solar_g01,152,1.0,2012
p62_solar_g01,153,0.0,2012
p62_solar_g01,154,1.0,2012
p62_solar_g01,155,0.0,2012
p62_solar_g01,156,0.5464631316591264,2012
p62_solar_g01,157,0.0,2012
p62_solar_g01,158,0.1876210014953094,2012
p62_solar_g01,159,0.18874732104804576,2012
p62_solar_g01,160,1.9230169126965753e-16,2012
p62_solar_g01,161,0.8966317387145565,2012
p62_solar_g01,162,1.9375846780786522e-16,2012
p62_solar_g01,163,1.0,2012
p62_solar_g01,164,1.9498846878958203e-16,2012
p62_solar_g01,165,1.0,2012
p62_solar_g01,166,1.9598841458026015e-16,2012
p62_solar_g01,167,1.0,2012
p62_solar_g01,168,0.0,2012
p62_solar_g01,169,1.0,2012
p62_solar_g01,170,0.0,2012
p62_solar_g01,171,1.0,2012
p62_solar_g01,172,0.0,2012
p62_solar_g01,173,0.9168205792295635,2012
p62_solar_g01,174,0.0,2012
p62_solar_g01,175,0.5720237302555515,2012
p62_solar_g01,176,0.0,2012
p62_solar_g01,177,0.19411089596713027,2012
p62_solar_g01,178,0.5700237603686825,2012
p62_solar_g01,179,1.9664402397609229e-16,2012
p62_solar_g01,180,0.9097803905660338,2012
p62_solar_g01,181,1.958378538000449e-16,2012
p62_solar_g01,182,1.0,2012
p62_solar_g01,183,1.9479936366043736e-16,2012
p62_solar_g01,184,1.0,2012
p62_solar_g01,185,1.9353132255354689e-16,2012
p62_solar_g01,186,1.0,2012
p62_solar_g01,187,0.0,2012
p62_solar_g01,188,1.0,2012
p62_solar_g01,189,0.0,2012
p62_solar_g01,190,1.0,2012
p62_solar_g01,191,0.0,2012
p62_solar_g01,192,0.8673209171647311,2012
p62_solar_g01,193,0.0,2012
p62_solar_g01,194,0.5347943058884387,2012
p62_solar_g01,195,0.1801758596302131,2012
p62_solar_g01,196,0.17933796363005738,2012
p62_solar_g01,197,0.5224729951715938,2012
p62_solar_g01,198,1.7952296883373994e-16,2012
p62_solar_g01,199,0.8239480881046016,2012
p62_solar_g01,200,1.7665062182344065e-16,2012
p62_solar_g01,201,1.0,2012
p62_solar_g01,202,1.7359711505986192e-16,2012
p62_solar_g01,203,1.0,2012
p62_solar_g01,204,0.0,2012
p62_solar_g01,205,1.0,2012
p62_solar_g01,206,0.0,2012
p62_solar_g01,207,1.0,2012
p62_solar_g01,208,0.0,2012
p62_solar_g01,209,0.9839640862563002,2012
p62_solar_g01,210,0.0,2012
p62_solar_g01,211,0.7292038018620688,2012
p62_solar_g01,212,0.0,2012
p62_solar_g01,213,0.44386181015058246,2012
p62_solar_g01,214,0.14824325223251872,2012
p62_solar_g01,215,1.4925779127619318e-16,2012
p62_solar_g01,216,0.4242265420362772,2012
p62_solar_g01,217,1.4511743008140877e-16,2012
p62_solar_g01,218,0.8697609634826384,2012
p62_solar_g01,219,1.4087998820855064e-16,2012
p62_solar_g01,220,0.9978291819323565,2012
p62_solar_g01,221,1.365567642345857e-16,2012
p62_solar_g01,222,1.0,2012
p62_solar_g01,223,0.0,2012
p62_solar_g01,224,1.0,2012
p62_solar_g01,225,0.0,2012
p62_solar_g01,226,0.9015968434394084,2012
p62_solar_g01,227,0.0,2012
p62_solar_g01,228,0.7344203676461305,2012
p62_solar_g01,229,0.0,2012
p62_solar_g01,230,0.334701890365811,2012
p62_solar_g01,231,0.0,2012
p62_solar_g01,232,0.10925688133606647,2012
p62_solar_g01,233,0.10624318473861434,2012
p62_solar_g01,234,1.0641172099541484e-16,2012
p62_solar_g01,235,0.4794111690151968,2012
p62_solar_g01,236,1.0182510578940835e-16,2012
p62_solar_g01,237,0.6037291749136241,2012
p62_solar_g01,238,9.725684314848846e-17,2012
p62_solar_g01,239,0.6812931766410101,2012
p62_solar_g01,240,9.271911373934076e-17,2012
p62_solar_g02,1,0.0,2012
p62_solar_g02,2,0.7135973198532845,2012
p62_solar_g02,3,0.0,2012
p62_solar_g02,4,0.6184181665848527,2012
p62_solar_g02,5,0.0,2012
p62_solar_g02,6,0.495808960995551,2012
p62_solar_g02,7,0.0,2012
p62_solar_g02,8,0.22232960560816675,2012
p62_solar_g02,9,0.0,2012
p62_solar_g02,10,0.07138973111425488,2012
p62_solar_g02,11,0.06865286548721845,2012
p62_solar_g02,12,6.837792202637502e-17,2012
p62_solar_g02,13,0.3046093869753717,2012
p62_solar_g02,14,6.433269368377137e-17,2012
p62_solar_g02,15,0.3771227490363295,2012
p62_solar_g02,16,6.040672005636123e-17,2012
p62_solar_g02,17,0.41835106836389474,2012
p62_solar_g02,18,5.661046923232845e-17,2012
p62_solar_g02,19,0.44222315596304224,2012
p62_solar_g02,20,0.0,2012
p62_solar_g02,21,0.4011660129046925,2012
p62_solar_g02,22,0.0,2012
p62_solar_g02,23,0.34124920362239564,2012
p62_solar_g02,24,0.0,2012
p62_solar_g02,25,0.20391382759740023,2012
p62_solar_g02,26,0.0,2012
p62_solar_g02,27,0.11841966886948076,2012
p62_solar_g02,28,0.03834183469698132,2012
p62_solar_g02,29,0.03741677642719373,2012
p62_solar_g02,30,0.10481663177284657,2012
p62_solar_g02,31,3.5323090592900644e-17,2012
p62_solar_g02,32,0.15602913283969747,2012
p62_solar_g02,33,3.282752359681486e-17,2012
p62_solar_g02,34,0.19116271459380665,2012
p62_solar_g02,35,3.053521567510001e-17,2012
p62_solar_g02,36,0.23089688056232696,2012
p62_solar_g02,37,2.8452278962922176e-17,2012
p62_solar_g02,38,0.2219638995550873,2012
p62_solar_g02,39,0.0,2012
p62_solar_g02,40,0.2018620209340786,2012
p62_solar_g02,41,0.0,2012
p62_solar_g02,42,0.14645575036678044,2012
p62_solar_g02,43,0.0,2012
p62_solar_g02,44,0.10524828884434831,2012
p62_solar_g02,45,0.0,2012
p62_solar_g02,46,0.06268277356188613,2012
p62_solar_g02,47,0.020750698174023453,2012
p62_solar_g02,48,0.020510985916751583,2012
p62_solar_g02,49,0.05915779050440156,2012
p62_solar_g02,50,2.0265519694746378e-17,2012
p62_solar_g02,51,0.09283982913534071,2012
p62_solar_g02,52,1.9928731614829592e-17,2012
p62_solar_g02,53,0.14342166176805898,2012
p62_solar_g02,54,1.982959552802118e-17,2012
p62_solar_g02,55,0.15773982951052207,2012
p62_solar_g02,56,0.0,2012
p62_solar_g02,57,0.16488766418377496,2012
p62_solar_g02,58,0.0,2012
p62_solar_g02,59,0.14986300001987365,2012
p62_solar_g02,60,0.0,2012
p62_solar_g02,61,0.1313894995055263,2012
p62_solar_g02,62,0.0,2012
p62_solar_g02,63,0.10436828032263336,2012
p62_solar_g02,64,0.0,2012
p62_solar_g02,65,0.023360261716669294,2012
p62_solar_g02,66,0.02429457938445506,2012
p62_solar_g02,67,2.5195380806720714e-17,2012
p62_solar_g02,68,0.07613661989932899,2012
p62_solar_g02,69,2.6880458685954475e-17,2012
p62_solar_g02,70,0.17190687955539927,2012
p62_solar_g02,71,2.8784652699700277e-17,2012
p62_solar_g02,72,0.2181623797058557,2012
p62_solar_g02,73,3.0902885567072667e-17,2012
p62_solar_g02,74,0.25712551504271647,2012
p62_solar_g02,75,0.0,2012
p62_solar_g02,76,0.27664618738089747,2012
p62_solar_g02,77,0.0,2012
p62_solar_g02,78,0.2715208843631366,2012
p62_solar_g02,79,0.0,2012
p62_solar_g02,80,0.24694996721548662,2012
p62_solar_g02,81,0.0,2012
p62_solar_g02,82,0.1257758744151078,2012
p62_solar_g02,83,0.0,2012
p62_solar_g02,84,0.04591157929973064,2012
p62_solar_g02,85,0.04810848840277379,2012
p62_solar_g02,86,5.0020930070713506e-17,2012
p62_solar_g02,87,0.24287225488925956,2012
p62_solar_g02,88,5.3553334378133275e-17,2012
p62_solar_g02,89,0.3422205632152134,2012
p62_solar_g02,90,5.723373513324042e-17,2012
p62_solar_g02,91,0.4321167225216194,2012
p62_solar_g02,92,6.105231903535775e-17,2012
p62_solar_g02,93,0.5199033421060469,2012
p62_solar_g02,94,0.0,2012
p62_solar_g02,95,0.53671613932601,2012
p62_solar_g02,96,0.0,2012
p62_solar_g02,97,0.519368658806643,2012
p62_solar_g02,98,0.0,2012
p62_solar_g02,99,0.35284865356430123,2012
p62_solar_g02,100,0.0,2012
p62_solar_g02,101,0.2327791409784452,2012
p62_solar_g02,102,0.08200541158199758,2012
p62_solar_g02,103,0.08345665101331681,2012
p62_solar_g02,104,0.2541197034760557,2012
p62_solar_g02,105,8.925629370012195e-17,2012
p62_solar_g02,106,0.42797057772700264,2012
p62_solar_g02,107,9.377383579076827e-17,2012
p62_solar_g02,108,0.5917013551311382,2012
p62_solar_g02,109,9.833213169439665e-17,2012
p62_solar_g02,110,0.8038358299034386,2012
p62_solar_g02,111,1.0291902731930504e-16,2012
p62_solar_g02,112,0.8654479725925924,2012
p62_solar_g02,113,0.0,2012
p62_solar_g02,114,0.8768283543546176,2012
p62_solar_g02,115,0.0,2012
p62_solar_g02,116,0.7040929499678602,2012
p62_solar_g02,117,0.0,2012
p62_solar_g02,118,0.5556316735421796,2012
p62_solar_g02,119,0.0,2012
p62_solar_g02,120,0.36004260839321567,2012
p62_solar_g02,121,0.125354533075617,2012
p62_solar_g02,122,0.12683148211377757,2012
p62_solar_g02,123,0.3817612321946643,2012
p62_solar_g02,124,1.3332491078682036e-16,2012
p62_solar_g02,125,0.6320844291953335,2012
p62_solar_g02,126,1.377249497524879e-16,2012
p62_solar_g02,127,1.0,2012
p62_solar_g02,128,1.4204855271266334e-16,2012
p62_solar_g02,129,1.0,2012
p62_solar_g02,130,0.0,2012
p62_solar_g02,131,1.0,2012
p62_solar_g02,132,0.0,2012
p62_solar_g02,133,1.0,2012
p62_solar_g02,134,0.0,2012
p62_solar_g02,135,0.9599845357123962,2012
p62_solar_g02,136,0.0,2012
p62_solar_g02,137,0.7462707235100935,2012
p62_solar_g02,138,0.0,2012
p62_solar_g02,139,0.47650383109147953,2012
p62_solar_g02,140,0.16430698599992044,2012
p62_solar_g02,141,1.6809553156562732e-16,2012
p62_solar_g02,142,0.4932994381784822,2012
p62_solar_g02,143,1.714705207375894e-16,2012
p62_solar_g02,144,1.0,2012
p62_solar_g02,145,1.7467909581291246e-16,2012
p62_solar_g02,146,1.0,2012
p62_solar_g02,147,1.7771270155154133e-16,2012
p62_solar_g02,148,1.0,2012
p62_solar_g02,149,0.0,2012
p62_solar_g02,150,1.0,2012
p62_solar_g02,151,0.0,2012
p62_solar_g02,152,1.0,2012
p62_solar_g02,153,0.0,2012
p62_solar_g02,154,1.0,2012
p62_solar_g02,155,0.0,2012
p62_solar_g02,156,0.5482232490892923,2012
p62_solar_g02,157,0.0,2012
p62_solar_g02,158,0.1882253148988403,2012
p62_solar_g02,159,0.18935526224375854,2012
p62_solar_g02,160,1.929210808296201e-16,2012
p62_solar_g02,161,0.8995197233933397,2012
p62_solar_g02,162,1.9438254953757943e-16,2012
p62_solar_g02,163,1.0,2012
p62_solar_g02,164,1.9561651226171145e-16,2012
p62_solar_g02,165,1.0,2012
p62_solar_g02,166,1.9661967880400745e-16,2012
p62_solar_g02,167,1.0,2012
p62_solar_g02,168,0.0,2012
p62_solar_g02,169,1.0,2012
p62_solar_g02,170,0.0,2012
p62_solar_g02,171,1.0,2012
p62_solar_g02,172,0.0,2012
p62_solar_g02,173,0.9197735906741552,2012
p62_solar_g02,174,0.0,2012
p62_solar_g02,175,0.573866176487989,2012
p62_solar_g02,176,0.0,2012
p62_solar_g02,177,0.19473611284194406,2012
p62_solar_g02,178,0.571859764845668,2012
p62_solar_g02,179,1.9727739986933404e-16,2012
p62_solar_g02,180,0.9127107260823506,2012
p62_solar_g02,181,1.9646863307862717e-16,2012
p62_solar_g02,182,1.0,2012
p62_solar_g02,183,1.954267980388976e-16,2012
p62_solar_g02,184,1.0,2012
p62_solar_g02,185,1.9415467266515524e-16,2012
p62_solar_g02,186,1.0,2012
p62_solar_g02,187,0.0,2012
p62_solar_g02,188,1.0,2012
p62_solar_g02,189,0.0,2012
p62_solar_g02,190,1.0,2012
p62_solar_g02,191,0.0,2012
p62_solar_g02,192,0.8701144938497937,2012
p62_solar_g02,193,0.0,2012
p62_solar_g02,194,0.5365168388916989,2012
p62_solar_g02,195,0.18075619278108354,2012
p62_solar_g02,196,0.17991559797972953,2012
p62_solar_g02,197,0.5241558421420757,2012
p62_solar_g02,198,1.8010119907152387e-16,2012
p62_solar_g02,199,0.8266019641072182,2012
p62_solar_g02,200,1.7721960044342017e-16,2012
p62_solar_g02,201,1.0,2012
p62_solar_g02,202,1.741562585598373e-16,2012
p62_solar_g02,203,1.0,2012
p62_solar_g02,204,0.0,2012
p62_solar_g02,205,1.0,2012
p62_solar_g02,206,0.0,2012
p62_solar_g02,207,1.0,2012
p62_solar_g02,208,0.0,2012
p62_solar_g02,209,0.9871333619833174,2012
p62_solar_g02,210,0.0,2012
p62_solar_g02,211,0.7315525135087336,2012
p62_solar_g02,212,0.0,2012
p62_solar_g02,213,0.44529145629388056,2012
p62_solar_g02,214,0.14872073281088224,2012
p62_solar_g02,215,1.497385396099658e-16,2012
p62_solar_g02,216,0.42559294442962814,2012
p62_solar_g02,217,1.455848426172402e-16,2012
p62_solar_g02,218,0.8725623993768694,2012
p62_solar_g02,219,1.413337522567392e-16,2012
p62_solar_g02,220,1.0,2012
p62_solar_g02,221,1.3699660349731257e-16,2012
p62_solar_g02,222,1.0,2012
p62_solar_g02,223,0.0,2012
p62_solar_g02,224,1.0,2012
p62_solar_g02,225,0.0,2012
p62_solar_g02,226,0.9045008203541954,2012
p62_solar_g02,227,0.0,2012
p62_solar_g02,228,0.7367858814663184,2012
p62_solar_g02,229,0.0,2012
p62_solar_g02,230,0.33577994046107307,2012
p62_solar_g02,231,0.0,2012
p62_solar_g02,232,0.10960878969010551,2012
p62_solar_g02,233,0.10658538619825723,2012
p62_solar_g02,234,1.0675446529790662e-16,2012
p62_solar_g02,235,0.48095531702064037,2012
p62_solar_g02,236,1.0215307694271249e-16,2012
p62_solar_g02,237,0.6056737420441437,2012
p62_solar_g02,238,9.757010026486306e-17,2012
p62_solar_g02,239,0.6834875716985838,2012
p62_solar_g02,240,9.301775516407269e-17,2012
p62_solar_g03,1,0.0,2012
p62_solar_g03,2,0.7154251222081729,2012
p62_solar_g03,3,0.0,2012
p62_solar_g03,4,0.6200021778328518,2012
p62_solar_g03,5,0.0,2012
p62_solar_g03,6,0.4970789220243687,2012
p62_solar_g03,7,0.0,2012
p62_solar_g03,8,0.22289907884662508,2012
p62_solar_g03,9,0.0,2012
p62_solar_g03,10,0.07157258818926789,2012
p62_solar_g03,11,0.06882871237693655,2012
p62_solar_g03,12,6.8553064678155e-17,2012
p62_solar_g03,13,0.30538961097474043,2012
p62_solar_g03,14,6.449747492066794e-17,2012
p62_solar_g03,15,0.37808870816985357,2012
p62_solar_g03,16,6.056144533642927e-17,2012
p62_solar_g03,17,0.41942262937828145,2012
p62_solar_g03,18,5.675547082649848e-17,2012
p62_solar_g03,19,0.44335586274790184,2012
p62_solar_g03,20,0.0,2012
p62_solar_g03,21,0.40219355625818937,2012
p62_solar_g03,22,0.0,2012
p62_solar_g03,23,0.3421232765492853,2012
p62_solar_g03,24,0.0,2012
p62_solar_g03,25,0.20443613081226303,2012
p62_solar_g03,26,0.0,2012
p62_solar_g03,27,0.11872298804347828,2012
p62_solar_g03,28,0.03844004315965365,2012
p62_solar_g03,29,0.03751261545315871,2012
p62_solar_g03,30,0.10508510823857276,2012
p62_solar_g03,31,3.5413566869046014e-17,2012
p62_solar_g03,32,0.15642878458796108,2012
p62_solar_g03,33,3.291160774801059e-17,2012
p62_solar_g03,34,0.1916523572118216,2012
p62_solar_g03,35,3.0613428327481395e-17,2012
p62_solar_g03,36,0.23148829794897716,2012
p62_solar_g03,37,2.8525156398197667e-17,2012
p62_solar_g03,38,0.22253243607704398,2012
p62_solar_g03,39,0.0,2012
p62_solar_g03,40,0.20237906866808872,2012
p62_solar_g03,41,0.0,2012
p62_solar_g03,42,0.14683088093125954,2012
p62_solar_g03,43,0.0,2012
p62_solar_g03,44,0.1055178709529768,2012
p62_solar_g03,45,0.0,2012
p62_solar_g03,46,0.06284332870683947,2012
p62_solar_g03,47,0.020803848843081257,2012
p62_solar_g03,48,0.020563522588788734,2012
p62_solar_g03,49,0.05930931678650163,2012
p62_solar_g03,50,2.0317427631604538e-17,2012
p62_solar_g03,51,0.0930776283164754,2012
p62_solar_g03,52,1.9979776905446734e-17,2012
p62_solar_g03,53,0.14378902084274775,2012
p62_solar_g03,54,1.9880386892274137e-17,2012
p62_solar_g03,55,0.1581438630232857,2012
p62_solar_g03,56,0.0,2012
p62_solar_g03,57,0.16531000610197208,2012
p62_solar_g03,58,0.0,2012
p62_solar_g03,59,0.1502468578858243,2012
p62_solar_g03,60,0.0,2012
p62_solar_g03,61,0.13172603949793152,2012
p62_solar_g03,62,0.0,2012
p62_solar_g03,63,0.10463560838461176,2012
p62_solar_g03,64,0.0,2012
p62_solar_g03,65,0.023420096500501326,2012
p62_solar_g03,66,0.024356807321940954,2012
p62_solar_g03,67,2.5259916049622556e-17,2012
p62_solar_g03,68,0.0763316356165599,2012
p62_solar_g03,69,2.6949310073592492e-17,2012
p62_solar_g03,70,0.1723472004345997,2012
p62_solar_g03,71,2.885838147435427e-17,2012
p62_solar_g03,72,0.21872117904587624,2012
p62_solar_g03,73,3.0982039966116596e-17,2012
p62_solar_g03,74,0.2577841142398009,2012
p62_solar_g03,75,0.0,2012
p62_solar_g03,76,0.277354786668896,2012
p62_solar_g03,77,0.0,2012
p62_solar_g03,78,0.272216355741788,2012
p62_solar_g03,79,0.0,2012
p62_solar_g03,80,0.24758250284735936,2012
p62_solar_g03,81,0.0,2012
p62_solar_g03,82,0.1260980357139918,2012
p62_solar_g03,83,0.0,2012
p62_solar_g03,84,0.04602917684448872,2012
p62_solar_g03,85,0.04823171309259016,2012
p62_solar_g03,86,5.014905327302004e-17,2012
p62_solar_g03,87,0.24349434590203822,2012
p62_solar_g03,88,5.369050545202212e-17,2012
p62_solar_g03,89,0.3430971241746416,2012
p62_solar_g03,90,5.738033315560562e-17,2012
p62_solar_g03,91,0.43322354277029146,2012
p62_solar_g03,92,6.120869794738502e-17,2012
p62_solar_g03,93,0.5212350182861245,2012
p62_solar_g03,94,0.0,2012
p62_solar_g03,95,0.5380908796677597,2012
p62_solar_g03,96,0.0,2012
p62_solar_g03,97,0.5206989654532783,2012
p62_solar_g03,98,0.0,2012
p62_solar_g03,99,0.3537524372276657,2012
p62_solar_g03,100,0.0,2012
p62_solar_g03,101,0.2333753795715733,2012
p62_solar_g03,102,0.08221545957437791,2012
p62_solar_g03,103,0.08367041619854006,2012
p62_solar_g03,104,0.25477060361190906,2012
p62_solar_g03,105,8.94849140428206e-17,2012
p62_solar_g03,106,0.4290667780742142,2012
p62_solar_g03,107,9.401402732893228e-17,2012
p62_solar_g03,108,0.5932169341561851,2012
p62_solar_g03,109,9.858399881451025e-17,2012
p62_solar_g03,110,0.8058947684419736,2012
p62_solar_g03,111,1.03182643276461e-16,2012
p62_solar_g03,112,0.8676647239708954,2012
p62_solar_g03,113,0.0,2012
p62_solar_g03,114,0.8790742553499462,2012
p62_solar_g03,115,0.0,2012
p62_solar_g03,116,0.7058964079072428,2012
p62_solar_g03,117,0.0,2012
p62_solar_g03,118,0.5570548639789931,2012
p62_solar_g03,119,0.0,2012
p62_solar_g03,120,0.36096481859380414,2012
p62_solar_g03,121,0.12567561515423056,2012
p62_solar_g03,122,0.1271563472376113,2012
p62_solar_g03,123,0.38273907230111814,2012
p62_solar_g03,124,1.3366640812589606e-16,2012
p62_solar_g03,125,0.6337034450969193,2012
p62_solar_g03,126,1.38077717315483e-16,2012
p62_solar_g03,127,1.0,2012
p62_solar_g03,128,1.4241239471701683e-16,2012
p62_solar_g03,129,1.0,2012
p62_solar_g03,130,0.0,2012
p62_solar_g03,131,1.0,2012
p62_solar_g03,132,0.0,2012
p62_solar_g03,133,1.0,2012
p62_solar_g03,134,0.0,2012
p62_solar_g03,135,0.962443432272423,2012
p62_solar_g03,136,0.0,2012
p62_solar_g03,137,0.7481822152546204,2012
p62_solar_g03,138,0.0,2012
p62_solar_g03,139,0.4777243441180159,2012
p62_solar_g03,140,0.1647278405737535,2012
p62_solar_g03,141,1.6852609008917255e-16,2012
p62_solar_g03,142,0.4945629713360242,2012
p62_solar_g03,143,1.719097239308729e-16,2012
p62_solar_g03,144,1.0,2012
p62_solar_g03,145,1.7512651742422437e-16,2012
p62_solar_g03,146,1.0,2012
p62_solar_g03,147,1.7816789341584974e-16,2012
p62_solar_g03,148,1.0,2012
p62_solar_g03,149,0.0,2012
p62_solar_g03,150,1.0,2012
p62_solar_g03,151,0.0,2012
p62_solar_g03,152,1.0,2012
p62_solar_g03,153,0.0,2012
p62_solar_g03,154,1.0,2012
p62_solar_g03,155,0.0,2012
p62_solar_g03,156,0.5496274636481363,2012
p62_solar_g03,157,0.0,2012
p62_solar_g03,158,0.18870743368523435,2012
p62_solar_g03,159,0.18984027526806588,2012
p62_solar_g03,160,1.9341522731257004e-16,2012
p62_solar_g03,161,0.9018237458762507,2012
p62_solar_g03,162,1.9488043941455801e-16,2012
p62_solar_g03,163,1.0,2012
p62_solar_g03,164,1.961175628007473e-16,2012
p62_solar_g03,165,1.0,2012
p62_solar_g03,166,1.9712329884564276e-16,2012
p62_solar_g03,167,1.0,2012
p62_solar_g03,168,0.0,2012
p62_solar_g03,169,1.0,2012
p62_solar_g03,170,0.0,2012
p62_solar_g03,171,1.0,2012
p62_solar_g03,172,0.0,2012
p62_solar_g03,173,0.9221294912475262,2012
p62_solar_g03,174,0.0,2012
p62_solar_g03,175,0.5753360726319252,2012
p62_solar_g03,176,0.0,2012
p62_solar_g03,177,0.19523490833308674,2012
p62_solar_g03,178,0.5733245217831882,2012
p62_solar_g03,179,1.9778270459234164e-16,2012
p62_solar_g03,180,0.9150485358919618,2012
p62_solar_g03,181,1.9697186623297346e-16,2012
p62_solar_g03,182,1.0,2012
p62_solar_g03,183,1.9592736264547043e-16,2012
p62_solar_g03,184,1.0,2012
p62_solar_g03,185,1.9465197886017138e-16,2012
p62_solar_g03,186,1.0,2012
p62_solar_g03,187,0.0,2012
p62_solar_g03,188,1.0,2012
p62_solar_g03,189,0.0,2012
p62_solar_g03,190,1.0,2012
p62_solar_g03,191,0.0,2012
p62_solar_g03,192,0.8723431980175843,2012
p62_solar_g03,193,0.0,2012
p62_solar_g03,194,0.5378910687469416,2012
p62_solar_g03,195,0.1812191802190042,2012
p62_solar_g03,196,0.18037643232498202,2012
p62_solar_g03,197,0.5254984106410616,2012
p62_solar_g03,198,1.805625088138991e-16,2012
p62_solar_g03,199,0.8287192156362194,2012
p62_solar_g03,200,1.77673529282572e-16,2012
p62_solar_g03,201,1.0,2012
p62_solar_g03,202,1.746023409800735e-16,2012
p62_solar_g03,203,1.0,2012
p62_solar_g03,204,0.0,2012
p62_solar_g03,205,1.0,2012
p62_solar_g03,206,0.0,2012
p62_solar_g03,207,1.0,2012
p62_solar_g03,208,0.0,2012
p62_solar_g03,209,0.9896617973255254,2012
p62_solar_g03,210,0.0,2012
p62_solar_g03,211,0.7334263061502064,2012
p62_solar_g03,212,0.0,2012
p62_solar_g03,213,0.4464320221981821,2012
p62_solar_g03,214,0.14910166488292023,2012
p62_solar_g03,215,1.501220786840376e-16,2012
p62_solar_g03,216,0.42668305472630397,2012
p62_solar_g03,217,1.4595774244571288e-16,2012
p62_solar_g03,218,0.8747973735899116,2012
p62_solar_g03,219,1.4169576337703489e-16,2012
p62_solar_g03,220,1.0,2012
p62_solar_g03,221,1.3734750548015016e-16,2012
p62_solar_g03,222,1.0,2012
p62_solar_g03,223,0.0,2012
p62_solar_g03,224,1.0,2012
p62_solar_g03,225,0.0,2012
p62_solar_g03,226,0.9068176013782354,2012
p62_solar_g03,227,0.0,2012
p62_solar_g03,228,0.7386730788137938,2012
p62_solar_g03,229,0.0,2012
p62_solar_g03,230,0.33664000446190934,2012
p62_solar_g03,231,0.0,2012
p62_solar_g03,232,0.10988954075003554,2012
p62_solar_g03,233,0.10685839313714249,2012
p62_solar_g03,234,1.0702790531461869e-16,2012
p62_solar_g03,235,0.4821872320469288,2012
p62_solar_g03,236,1.0241473100082102e-16,2012
p62_solar_g03,237,0.6072251098270692,2012
p62_solar_g03,238,9.782001552388826e-17,2012
p62_solar_g03,239,0.6852382511901274,2012
p62_solar_g03,240,9.325601008348617e-17,2012
p62_solar_g04,1,0.0,2012
p62_solar_g04,2,0.7125826203244262,2012
p62_solar_g04,3,0.0,2012
p62_solar_g04,4,0.6175388070289619,2012
p62_solar_g04,5,0.0,2012
p62_solar_g04,6,0.4951039455686021,2012
p62_solar_g04,7,0.0,2012
p62_solar_g04,8,0.22201346408158668,2012
p62_solar_g04,9,0.0,2012
p62_solar_g04,10,0.07128821850411525,2012
p62_solar_g04,11,0.06855524456246641,2012
p62_solar_g04,12,6.828069205740774e-17,2012
p62_solar_g04,13,0.3041762477344434,2012
p62_solar_g04,14,6.424121582622485e-17,2012
p62_solar_g04,15,0.3765864994385204,2012
p62_solar_g04,16,6.032082473602333e-17,2012
p62_solar_g04,17,0.4177561941678236,2012
p62_solar_g04,18,5.652997198989163e-17,2012
p62_solar_g04,19,0.4415943368580347,2012
p62_solar_g04,20,0.0,2012
p62_solar_g04,21,0.40059557499389425,2012
p62_solar_g04,22,0.0,2012
p62_solar_g04,23,0.3407639644034337,2012
p62_solar_g04,24,0.0,2012
p62_solar_g04,25,0.20362387238171456,2012
p62_solar_g04,26,0.0,2012
p62_solar_g04,27,0.1182512820512201,2012
p62_solar_g04,28,0.038287314534811163,2012
p62_solar_g04,29,0.037363571651396824,2012
p62_solar_g04,30,0.10466758778975217,2012
p62_solar_g04,31,3.5272862933147376e-17,2012
p62_solar_g04,32,0.15580726725363672,2012
p62_solar_g04,33,3.278084450792181e-17,2012
p62_solar_g04,34,0.19089089082003813,2012
p62_solar_g04,35,3.049179613287768e-17,2012
p62_solar_g04,36,0.23056855680128813,2012
p62_solar_g04,37,2.841182125203201e-17,2012
p62_solar_g04,38,0.2216482780441371,2012
p62_solar_g04,39,0.0,2012
p62_solar_g04,40,0.20157498328435994,2012
p62_solar_g04,41,0.0,2012
p62_solar_g04,42,0.1462474976495108,2012
p62_solar_g04,43,0.0,2012
p62_solar_g04,44,0.10509863106659004,2012
p62_solar_g04,45,0.0,2012
p62_solar_g04,46,0.06259364180784051,2012
p62_solar_g04,47,0.020721191723992234,2012
p62_solar_g04,48,0.020481820325504087,2012
p62_solar_g04,49,0.05907367109912484,2012
p62_solar_g04,50,2.0236703144131312e-17,2012
p62_solar_g04,51,0.09270781556373385,2012
p62_solar_g04,52,1.990039395993976e-17,2012
p62_solar_g04,53,0.14321772337230654,2012
p62_solar_g04,54,1.9801398839664963e-17,2012
p62_solar_g04,55,0.15751553139976204,2012
p62_solar_g04,56,0.0,2012
p62_solar_g04,57,0.16465320221130536,2012
p62_solar_g04,58,0.0,2012
p62_solar_g04,59,0.1496499023648198,2012
p62_solar_g04,60,0.0,2012
p62_solar_g04,61,0.13120267023986623,2012
p62_solar_g04,62,0.0,2012
p62_solar_g04,63,0.10421987387277043,2012
p62_solar_g04,64,0.0,2012
p62_solar_g04,65,0.023327044598417244,2012
p62_solar_g04,66,0.02426003371343112,2012
p62_solar_g04,67,2.515955424134174e-17,2012
p62_solar_g04,68,0.0760283574518795,2012
p62_solar_g04,69,2.6842236024510424e-17,2012
p62_solar_g04,70,0.17166243661140357,2012
p62_solar_g04,71,2.874372237005899e-17,2012
p62_solar_g04,72,0.21785216376509564,2012
p62_solar_g04,73,3.085894321674024e-17,2012
p62_solar_g04,74,0.2567598954814982,2012
p62_solar_g04,75,0.0,2012
p62_solar_g04,76,0.2762528104045748,2012
p62_solar_g04,77,0.0,2012
p62_solar_g04,78,0.2711347953101464,2012
p62_solar_g04,79,0.0,2012
p62_solar_g04,80,0.24659881677193304,2012
p62_solar_g04,81,0.0,2012
p62_solar_g04,82,0.1255970274422282,2012
p62_solar_g04,83,0.0,2012
p62_solar_g04,84,0.04584629534113315,2012
p62_solar_g04,85,0.04804008054983172,2012
p62_solar_g04,86,4.994980282182439e-17,2012
p62_solar_g04,87,0.24252690274771907,2012
p62_solar_g04,88,5.347718422783078e-17,2012
p62_solar_g04,89,0.34173394277172364,2012
p62_solar_g04,90,5.71523516380131e-17,2012
p62_solar_g04,91,0.4315022742570931,2012
p62_solar_g04,92,6.096550570571461e-17,2012
p62_solar_g04,93,0.5191640656799593,2012
p62_solar_g04,94,0.0,2012
p62_solar_g04,95,0.5359529559471589,2012
p62_solar_g04,96,0.0,2012
p62_solar_g04,97,0.5186301426733378,2012
p62_solar_g04,98,0.0,2012
p62_solar_g04,99,0.35234692051042205,2012
p62_solar_g04,100,0.0,2012
p62_solar_g04,101,0.23244814073768275,2012
p62_solar_g04,102,0.08188880400769616,2012
p62_solar_g04,103,0.08333797984947232,2012
p62_solar_g04,104,0.253758358027836,2012
p62_solar_g04,105,8.912937573582274e-17,2012
p62_solar_g04,106,0.4273620250720206,2012
p62_solar_g04,107,9.364049410863345e-17,2012
p62_solar_g04,108,0.5908599855385508,2012
p62_solar_g04,109,9.819230834455216e-17,2012
p62_solar_g04,110,0.80269281574799,2012
p62_solar_g04,111,1.0277268163438441e-16,2012
p62_solar_g04,112,0.8642173490663975,2012
p62_solar_g04,113,0.0,2012
p62_solar_g04,114,0.8755815484974485,2012
p62_solar_g04,115,0.0,2012
p62_solar_g04,116,0.7030917651753615,2012
p62_solar_g04,117,0.0,2012
p62_solar_g04,118,0.5548415932242238,2012
p62_solar_g04,119,0.0,2012
p62_solar_g04,120,0.35953064589708317,2012
p62_solar_g04,121,0.12517628522894875,2012
p62_solar_g04,122,0.12665113411979728,2012
p62_solar_g04,123,0.381218386906899,2012
p62_solar_g04,124,1.3313532946357733e-16,2012
p62_solar_g04,125,0.6311856369007729,2012
p62_solar_g04,126,1.3752911179494817e-16,2012
p62_solar_g04,127,1.0,2012
p62_solar_g04,128,1.4184656680898563e-16,2012
p62_solar_g04,129,1.0,2012
p62_solar_g04,130,0.0,2012
p62_solar_g04,131,1.0,2012
p62_solar_g04,132,0.0,2012
p62_solar_g04,133,1.0,2012
p62_solar_g04,134,0.0,2012
p62_solar_g04,135,0.9586194859441334,2012
p62_solar_g04,136,0.0,2012
p62_solar_g04,137,0.7452095640431519,2012
p62_solar_g04,138,0.0,2012
p62_solar_g04,139,0.47582626658912525,2012
p62_solar_g04,140,0.16407334972264778,2012
p62_solar_g04,141,1.6785650816694373e-16,2012
p62_solar_g04,142,0.49259799116686964,2012
p62_solar_g04,143,1.7122669827390455e-16,2012
p62_solar_g04,144,1.0,2012
p62_solar_g04,145,1.7443071091670908e-16,2012
p62_solar_g04,146,1.0,2012
p62_solar_g04,147,1.774600030204236e-16,2012
p62_solar_g04,148,1.0,2012
p62_solar_g04,149,0.0,2012
p62_solar_g04,150,1.0,2012
p62_solar_g04,151,0.0,2012
p62_solar_g04,152,1.0,2012
p62_solar_g04,153,0.0,2012
p62_solar_g04,154,1.0,2012
p62_solar_g04,155,0.0,2012
p62_solar_g04,156,0.5474437031786176,2012
p62_solar_g04,157,0.0,2012
p62_solar_g04,158,0.18795766795982666,2012
p62_solar_g04,159,0.18908600857640298,2012
p62_solar_g04,160,1.9264675674742638e-16,2012
p62_solar_g04,161,0.8982406515496932,2012
p62_solar_g04,162,1.9410614732032528e-16,2012
p62_solar_g04,163,1.0,2012
p62_solar_g04,164,1.9533835541147316e-16,2012
p62_solar_g04,165,1.0,2012
p62_solar_g04,166,1.9634009550135753e-16,2012
p62_solar_g04,167,1.0,2012
p62_solar_g04,168,0.0,2012
p62_solar_g04,169,1.0,2012
p62_solar_g04,170,0.0,2012
p62_solar_g04,171,1.0,2012
p62_solar_g04,172,0.0,2012
p62_solar_g04,173,0.9184657188490406,2012
p62_solar_g04,174,0.0,2012
p62_solar_g04,175,0.5730501676231717,2012
p62_solar_g04,176,0.0,2012
p62_solar_g04,177,0.19445920787543852,2012
p62_solar_g04,178,0.5710466089973792,2012
p62_solar_g04,179,1.969968813203813e-16,2012
p62_solar_g04,180,0.9114128972957597,2012
p62_solar_g04,181,1.9618926455540835e-16,2012
p62_solar_g04,182,1.0,2012
p62_solar_g04,183,1.9514891095275055e-16,2012
p62_solar_g04,184,1.0,2012
p62_solar_g04,185,1.938785944773623e-16,2012
p62_solar_g04,186,1.0,2012
p62_solar_g04,187,0.0,2012
p62_solar_g04,188,1.0,2012
p62_solar_g04,189,0.0,2012
p62_solar_g04,190,1.0,2012
p62_solar_g04,191,0.0,2012
p62_solar_g04,192,0.8688772347648749,2012
p62_solar_g04,193,0.0,2012
p62_solar_g04,194,0.53575393890805,2012
p62_solar_g04,195,0.1804991665583801,2012
p62_solar_g04,196,0.17965976704059172,2012
p62_solar_g04,197,0.5234105188746351,2012
p62_solar_g04,198,1.7984510421696042e-16,2012
p62_solar_g04,199,0.8254265776529845,2012
p62_solar_g04,200,1.7696760307729865e-16,2012
p62_solar_g04,201,1.0,2012
p62_solar_g04,202,1.7390861711193398e-16,2012
p62_solar_g04,203,1.0,2012
p62_solar_g04,204,0.0,2012
p62_solar_g04,205,1.0,2012
p62_solar_g04,206,0.0,2012
p62_solar_g04,207,1.0,2012
p62_solar_g04,208,0.0,2012
p62_solar_g04,209,0.9857297079483908,2012
p62_solar_g04,210,0.0,2012
p62_solar_g04,211,0.7305122825967887,2012
p62_solar_g04,212,0.0,2012
p62_solar_g04,213,0.44465827421999193,2012
p62_solar_g04,214,0.1485092594023979,2012
p62_solar_g04,215,1.495256189313604e-16,2012
p62_solar_g04,216,0.4249877726497131,2012
p62_solar_g04,217,1.4537782828702523e-16,2012
p62_solar_g04,218,0.8713216594933042,2012
p62_solar_g04,219,1.411327827633894e-16,2012
p62_solar_g04,220,0.9996196831033127,2012
p62_solar_g04,221,1.3680180121154655e-16,2012
p62_solar_g04,222,1.0,2012
p62_solar_g04,223,0.0,2012
p62_solar_g04,224,1.0,2012
p62_solar_g04,225,0.0,2012
p62_solar_g04,226,0.9032146656409825,2012
p62_solar_g04,227,0.0,2012
p62_solar_g04,228,0.735738208968127,2012
p62_solar_g04,229,0.0,2012
p62_solar_g04,230,0.335302478259483,2012
p62_solar_g04,231,0.0,2012
p62_solar_g04,232,0.10945293149927016,2012
p62_solar_g04,233,0.10643382713525404,2012
p62_solar_g04,234,1.0660266581292036e-16,2012
p62_solar_g04,235,0.48027142272899265,2012
p62_solar_g04,236,1.0200782040073652e-16,2012
p62_solar_g04,237,0.604812504419512,2012
p62_solar_g04,238,9.743136048541746e-17,2012
p62_solar_g04,239,0.6825156867185145,2012
p62_solar_g04,240,9.288548859059418e-17,2012
p62_solar_g05,1,0.0,2012
p62_solar_g05,2,0.7080626547106403,2012
p62_solar_g05,3,0.0,2012
p62_solar_g05,4,0.6136217115324728,2012
p62_solar_g05,5,0.0,2012
p62_solar_g05,6,0.4919634636856719,2012
p62_solar_g05,7,0.0,2012
p62_solar_g05,8,0.22060521583805054,2012
p62_solar_g05,9,0.0,2012
p62_solar_g05,10,0.07083603192656449,2012
p62_solar_g05,11,0.0681203934459377,2012
p62_solar_g05,12,6.784758244824483e-17,2012
p62_solar_g05,13,0.30224683472172614,2012
p62_solar_g05,14,6.383372892121146e-17,2012
p62_solar_g05,15,0.3741977827065531,2012
p62_solar_g05,16,5.993820516907697e-17,2012
p62_solar_g05,17,0.41510633493925453,2012
p62_solar_g05,18,5.617139808946973e-17,2012
p62_solar_g05,19,0.43879327048213546,2012
p62_solar_g05,20,0.0,2012
p62_solar_g05,21,0.3980545668744669,2012
p62_solar_g05,22,0.0,2012
p62_solar_g05,23,0.338602472728518,2012
p62_solar_g05,24,0.0,2012
p62_solar_g05,25,0.2023322707132761,2012
p62_solar_g05,26,0.0,2012
p62_solar_g05,27,0.11750120519919939,2012
p62_solar_g05,28,0.03804445519442652,2012
p62_solar_g05,29,0.03712657168219234,2012
p62_solar_g05,30,0.10400367334082525,2012
p62_solar_g05,31,3.504912448793379e-17,2012
p62_solar_g05,32,0.15481896993866187,2012
p62_solar_g05,33,3.2572913124611884e-17,2012
p62_solar_g05,34,0.18968005541950772,2012
p62_solar_g05,35,3.029838435704679e-17,2012
p62_solar_g05,36,0.22910604295568301,2012
p62_solar_g05,37,2.8231602914647145e-17,2012
p62_solar_g05,38,0.22024234620333774,2012
p62_solar_g05,39,0.0,2012
p62_solar_g05,40,0.20029637787488483,2012
p62_solar_g05,41,0.0,2012
p62_solar_g05,42,0.14531983867829276,2012
p62_solar_g05,43,0.0,2012
p62_solar_g05,44,0.10443198247746127,2012
p62_solar_g05,45,0.0,2012
p62_solar_g05,46,0.062196605589802716,2012
p62_solar_g05,47,0.020589755633077654,2012
p62_solar_g05,48,0.020351902585527677,2012
p62_solar_g05,49,0.058698962322300374,2012
p62_solar_g05,50,2.010834020102975e-17,2012
p62_solar_g05,51,0.09211976285724699,2012
p62_solar_g05,52,1.977416425150431e-17,2012
p62_solar_g05,53,0.1423092824891528,2012
p62_solar_g05,54,1.967579706478671e-17,2012
p62_solar_g05,55,0.15651639843572765,2012
p62_solar_g05,56,0.0,2012
p62_solar_g05,57,0.1636087944598842,2012
p62_solar_g05,58,0.0,2012
p62_solar_g05,59,0.1487006616824026,2012
p62_solar_g05,60,0.0,2012
p62_solar_g05,61,0.13037044175013532,2012
p62_solar_g05,62,0.0,2012
p62_solar_g05,63,0.10355879930718033,2012
p62_solar_g05,64,0.0,2012
p62_solar_g05,65,0.023179079385052807,2012
p62_solar_g05,66,0.02410615047933811,2012
p62_solar_g05,67,2.499996528030692e-17,2012
p62_solar_g05,68,0.07554610381341907,2012
p62_solar_g05,69,2.667197368528487e-17,2012
p62_solar_g05,70,0.170573568754496,2012
p62_solar_g05,71,2.856139875870607e-17,2012
p62_solar_g05,72,0.2164703109651231,2012
p62_solar_g05,73,3.066320259910641e-17,2012
p62_solar_g05,74,0.2551312479878963,2012
p62_solar_g05,75,0.0,2012
p62_solar_g05,76,0.27450051787297763,2012
p62_solar_g05,77,0.0,2012
p62_solar_g05,78,0.2694149667365211,2012
p62_solar_g05,79,0.0,2012
p62_solar_g05,80,0.24503462177135618,2012
p62_solar_g05,81,0.0,2012
p62_solar_g05,82,0.12480035596997965,2012
p62_solar_g05,83,0.0,2012
p62_solar_g05,84,0.04555548881210632,2012
p62_solar_g05,85,0.04773535867481619,2012
p62_solar_g05,86,4.9632967433575324e-17,2012
p62_solar_g05,87,0.2409885362066735,2012
p62_solar_g05,88,5.313797439175333e-17,2012
p62_solar_g05,89,0.33956629845044,2012
p62_solar_g05,90,5.678982993627246e-17,2012
p62_solar_g05,91,0.4287652225998067,2012
p62_solar_g05,92,6.057879687847513e-17,2012
p62_solar_g05,93,0.5158709686300785,2012
p62_solar_g05,94,0.0,2012
p62_solar_g05,95,0.5325533656927893,2012
p62_solar_g05,96,0.0,2012
p62_solar_g05,97,0.515340432337589,2012
p62_solar_g05,98,0.0,2012
p62_solar_g05,99,0.35011195726629274,2012
p62_solar_g05,100,0.0,2012
p62_solar_g05,101,0.23097370454859292,2012
p62_solar_g05,102,0.08136937711218709,2012
p62_solar_g05,103,0.08280936072167139,2012
p62_solar_g05,104,0.2521487495139848,2012
p62_solar_g05,105,8.856402134460743e-17,2012
p62_solar_g05,106,0.4246512353293743,2012
p62_solar_g05,107,9.304652535138781e-17,2012
p62_solar_g05,108,0.5871121158305016,2012
p62_solar_g05,109,9.75694670843295e-17,2012
p62_solar_g05,110,0.7976012743293093,2012
p62_solar_g05,111,1.0212078671893939e-16,2012
p62_solar_g05,112,0.8587355528659247,2012
p62_solar_g05,113,0.0,2012
p62_solar_g05,114,0.8700276683179515,2012
p62_solar_g05,115,0.0,2012
p62_solar_g05,116,0.6986320007757165,2012
p62_solar_g05,117,0.0,2012
p62_solar_g05,118,0.5513221909108053,2012
p62_solar_g05,119,0.0,2012
p62_solar_g05,120,0.35725011573790366,2012
p62_solar_g05,121,0.1243822825564745,2012
p62_solar_g05,122,0.1258477763689335,2012
p62_solar_g05,123,0.37880028976136715,2012
p62_solar_g05,124,1.3229084196978827e-16,2012
p62_solar_g05,125,0.6271819785272243,2012
p62_solar_g05,126,1.3665675420654016e-16,2012
p62_solar_g05,127,1.0,2012
p62_solar_g05,128,1.4094682327592236e-16,2012
p62_solar_g05,129,1.0,2012
p62_solar_g05,130,0.0,2012
p62_solar_g05,131,1.0,2012
p62_solar_g05,132,0.0,2012
p62_solar_g05,133,1.0,2012
p62_solar_g05,134,0.0,2012
p62_solar_g05,135,0.9525388898285562,2012
p62_solar_g05,136,0.0,2012
p62_solar_g05,137,0.7404826432504361,2012
p62_solar_g05,138,0.0,2012
p62_solar_g05,139,0.47280806448627327,2012
p62_solar_g05,140,0.163032620019547,2012
p62_solar_g05,141,1.6679178160285866e-16,2012
p62_solar_g05,142,0.4894734047427992,2012
p62_solar_g05,143,1.7014059433832475e-16,2012
p62_solar_g05,144,1.0,2012
p62_solar_g05,145,1.7332428368589506e-16,2012
p62_solar_g05,146,1.0,2012
p62_solar_g05,147,1.7633436076000827e-16,2012
p62_solar_g05,148,1.0,2012
p62_solar_g05,149,0.0,2012
p62_solar_g05,150,1.0,2012
p62_solar_g05,151,0.0,2012
p62_solar_g05,152,1.0,2012
p62_solar_g05,153,0.0,2012
p62_solar_g05,154,1.0,2012
p62_solar_g05,155,0.0,2012
p62_solar_g05,156,0.5439712262429264,2012
p62_solar_g05,157,0.0,2012
p62_solar_g05,158,0.18676543821439867,2012
p62_solar_g05,159,0.1878866216808536,2012
p62_solar_g05,160,1.9142478375612707e-16,2012
p62_solar_g05,161,0.892543042960726,2012
p62_solar_g05,162,1.9287491730391977e-16,2012
p62_solar_g05,163,1.0,2012
p62_solar_g05,164,1.9409930940567615e-16,2012
p62_solar_g05,165,1.0,2012
p62_solar_g05,166,1.9509469538218324e-16,2012
p62_solar_g05,167,1.0,2012
p62_solar_g05,168,0.0,2012
p62_solar_g05,169,1.0,2012
p62_solar_g05,170,0.0,2012
p62_solar_g05,171,1.0,2012
p62_solar_g05,172,0.0,2012
p62_solar_g05,173,0.9126398211240179,2012
p62_solar_g05,174,0.0,2012
p62_solar_g05,175,0.5694152669411263,2012
p62_solar_g05,176,0.0,2012
p62_solar_g05,177,0.19322573836915044,2012
p62_solar_g05,178,0.5674244170396775,2012
p62_solar_g05,179,1.9574731515893636e-16,2012
p62_solar_g05,180,0.9056317361528424,2012
p62_solar_g05,181,1.949448211683655e-16,2012
p62_solar_g05,182,1.0,2012
p62_solar_g05,183,1.9391106660752558e-16,2012
p62_solar_g05,184,1.0,2012
p62_solar_g05,185,1.9264880784590077e-16,2012
p62_solar_g05,186,1.0,2012
p62_solar_g05,187,0.0,2012
p62_solar_g05,188,1.0,2012
p62_solar_g05,189,0.0,2012
p62_solar_g05,190,1.0,2012
p62_solar_g05,191,0.0,2012
p62_solar_g05,192,0.8633658805559404,2012
p62_solar_g05,193,0.0,2012
p62_solar_g05,194,0.532355611033856,2012
p62_solar_g05,195,0.1793542466531073,2012
p62_solar_g05,196,0.17852017151013302,2012
p62_solar_g05,197,0.5200904862500251,2012
p62_solar_g05,198,1.7870433307873324e-16,2012
p62_solar_g05,199,0.8201908342580673,2012
p62_solar_g05,200,1.7584508414707364e-16,2012
p62_solar_g05,201,1.0,2012
p62_solar_g05,202,1.7280550156172718e-16,2012
p62_solar_g05,203,1.0,2012
p62_solar_g05,204,0.0,2012
p62_solar_g05,205,1.0,2012
p62_solar_g05,206,0.0,2012
p62_solar_g05,207,1.0,2012
p62_solar_g05,208,0.0,2012
p62_solar_g05,209,0.9794771496381903,2012
p62_solar_g05,210,0.0,2012
p62_solar_g05,211,0.7258785877751518,2012
p62_solar_g05,212,0.0,2012
p62_solar_g05,213,0.4418377730569904,2012
p62_solar_g05,214,0.147567253904815,2012
p62_solar_g05,215,1.4857716658818916e-16,2012
p62_solar_g05,216,0.4222920429702809,2012
p62_solar_g05,217,1.4445568569454233e-16,2012
p62_solar_g05,218,0.8657948001128951,2012
p62_solar_g05,219,1.4023756681667153e-16,2012
p62_solar_g05,220,0.9932790196270783,2012
p62_solar_g05,221,1.3593405700933932e-16,2012
p62_solar_g05,222,1.0,2012
p62_solar_g05,223,0.0,2012
p62_solar_g05,224,1.0,2012
p62_solar_g05,225,0.0,2012
p62_solar_g05,226,0.8974855065033296,2012
p62_solar_g05,227,0.0,2012
p62_solar_g05,228,0.7310713656991034,2012
p62_solar_g05,229,0.0,2012
p62_solar_g05,230,0.3331756292054603,2012
p62_solar_g05,231,0.0,2012
p62_solar_g05,232,0.10875866325220077,2012
p62_solar_g05,233,0.10575870929618023,2012
p62_solar_g05,234,1.0592647701730683e-16,2012
p62_solar_g05,235,0.4772250246635575,2012
p62_solar_g05,236,1.013607770581152e-16,2012
p62_solar_g05,237,0.6009761328258302,2012
p62_solar_g05,238,9.68133459751871e-17,2012
p62_solar_g05,239,0.678186437945323,2012
p62_solar_g05,240,9.229630889062052e-17,2012
p62_solar_g06,1,0.0,2012
p62_solar_g06,2,0.7095867264384976,2012
p62_solar_g06,3,0.0,2012
p62_solar_g06,4,0.6149425035498519,2012
p62_solar_g06,5,0.0,2012
p62_solar_g06,6,0.49302239201800785,2012
p62_solar_g06,7,0.0,2012
p62_solar_g06,8,0.22108005824110602,2012
p62_solar_g06,9,0.0,2012
p62_solar_g06,10,0.07098850317025265,2012
p62_solar_g06,11,0.06826701940488465,2012
p62_solar_g06,12,6.799362119428645e-17,2012
p62_solar_g06,13,0.30289740688870764,2012
p62_solar_g06,14,6.397112803537924e-17,2012
p62_solar_g06,15,0.37500322592186147,2012
p62_solar_g06,16,6.006721935067371e-17,2012
p62_solar_g06,17,0.41599983189877704,2012
p62_solar_g06,18,5.629230439510926e-17,2012
p62_solar_g06,19,0.4397377524618964,2012
p62_solar_g06,20,0.0,2012
p62_solar_g06,21,0.3989113607012304,2012
p62_solar_g06,22,0.0,2012
p62_solar_g06,23,0.33933129870491274,2012
p62_solar_g06,24,0.0,2012
p62_solar_g06,25,0.20276778145710048,2012
p62_solar_g06,26,0.0,2012
p62_solar_g06,27,0.11775412104448776,2012
p62_solar_g06,28,0.03812634410380172,2012
p62_solar_g06,29,0.0372064848902632,2012
p62_solar_g06,30,0.10422753638045533,2012
p62_solar_g06,31,3.5124566088140825e-17,2012
p62_solar_g06,32,0.15515221052612926,2012
p62_solar_g06,33,3.264302479574283e-17,2012
p62_solar_g06,34,0.1900883328620194,2012
p62_solar_g06,35,3.0363600211450524e-17,2012
p62_solar_g06,36,0.22959918299128157,2012
p62_solar_g06,37,2.829237011871879e-17,2012
p62_solar_g06,38,0.22071640754648633,2012
p62_solar_g06,39,0.0,2012
p62_solar_g06,40,0.20072750645465168,2012
p62_solar_g06,41,0.0,2012
p62_solar_g06,42,0.14563263283026917,2012
p62_solar_g06,43,0.0,2012
p62_solar_g06,44,0.10465676743246365,2012
p62_solar_g06,45,0.0,2012
p62_solar_g06,46,0.06233048087261487,2012
p62_solar_g06,47,0.020634074118504188,2012
p62_solar_g06,48,0.02039570910340057,2012
p62_solar_g06,49,0.05882530909166437,2012
p62_solar_g06,50,2.0151622462268412e-17,2012
p62_solar_g06,51,0.09231804633571264,2012
p62_solar_g06,52,1.981672721465062e-17,2012
p62_solar_g06,53,0.1426155965598222,2012
p62_solar_g06,54,1.9718148297167063e-17,2012
p62_solar_g06,55,0.15685329265859757,2012
p62_solar_g06,56,0.0,2012
p62_solar_g06,57,0.16396095473328123,2012
p62_solar_g06,58,0.0,2012
p62_solar_g06,59,0.14902073289767723,2012
p62_solar_g06,60,0.0,2012
p62_solar_g06,61,0.13065105802483612,2012
p62_solar_g06,62,0.0,2012
p62_solar_g06,63,0.10378170477627251,2012
p62_solar_g06,64,0.0,2012
p62_solar_g06,65,0.023228971268678497,2012
p62_solar_g06,66,0.024158037840108535,2012
p62_solar_g06,67,2.5053776535607063e-17,2012
p62_solar_g06,68,0.07570871326641848,2012
p62_solar_g06,69,2.6729383860428918e-17,2012
p62_solar_g06,70,0.17094072037861985,2012
p62_solar_g06,71,2.862287583289803e-17,2012
p62_solar_g06,72,0.21693625317894774,2012
p62_solar_g06,73,3.072920370770316e-17,2012
p62_solar_g06,74,0.25568040605938114,2012
p62_solar_g06,75,0.0,2012
p62_solar_g06,76,0.2750913673914336,2012
p62_solar_g06,77,0.0,2012
p62_solar_g06,78,0.269994869844153,2012
p62_solar_g06,79,0.0,2012
p62_solar_g06,80,0.24556204732741882,2012
p62_solar_g06,81,0.0,2012
p62_solar_g06,82,0.1250689828957114,2012
p62_solar_g06,83,0.0,2012
p62_solar_g06,84,0.04565354486983701,2012
p62_solar_g06,85,0.0478381068004113,2012
p62_solar_g06,86,4.973980007321805e-17,2012
p62_solar_g06,87,0.24150725275290968,2012
p62_solar_g06,88,5.325235139484379e-17,2012
p62_solar_g06,89,0.3402971990165954,2012
p62_solar_g06,90,5.691206738752043e-17,2012
p62_solar_g06,91,0.42968811967580045,2012
p62_solar_g06,92,6.070918990374748e-17,2012
p62_solar_g06,93,0.5169813567479673,2012
p62_solar_g06,94,0.0,2012
p62_solar_g06,95,0.5336996618896412,2012
p62_solar_g06,96,0.0,2012
p62_solar_g06,97,0.5164496785009365,2012
p62_solar_g06,98,0.0,2012
p62_solar_g06,99,0.3508655568695262,2012
p62_solar_g06,100,0.0,2012
p62_solar_g06,101,0.23147086463836614,2012
p62_solar_g06,102,0.08154452088844051,2012
p62_solar_g06,103,0.08298760399525489,2012
p62_solar_g06,104,0.25269148789708157,2012
p62_solar_g06,105,8.87546512558712e-17,2012
p62_solar_g06,106,0.42556527724029775,2012
p62_solar_g06,107,9.324680364275083e-17,2012
p62_solar_g06,108,0.5883758471837467,2012
p62_solar_g06,109,9.777948079610491e-17,2012
p62_solar_g06,110,0.7993180737456054,2012
p62_solar_g06,111,1.0234059693323249e-16,2012
p62_solar_g06,112,0.8605839409557666,2012
p62_solar_g06,113,0.0,2012
p62_solar_g06,114,0.8719003621578475,2012
p62_solar_g06,115,0.0,2012
p62_solar_g06,116,0.7001357734623213,2012
p62_solar_g06,117,0.0,2012
p62_solar_g06,118,0.5525088861255824,2012
p62_solar_g06,119,0.0,2012
p62_solar_g06,120,0.35801907989319076,2012
p62_solar_g06,121,0.12465000959874897,2012
p62_solar_g06,122,0.12611865781805606,2012
p62_solar_g06,123,0.3796156396577198,2012
p62_solar_g06,124,1.3257559181608965e-16,2012
p62_solar_g06,125,0.6285319583847069,2012
p62_solar_g06,126,1.3695090147461217e-16,2012
p62_solar_g06,127,1.0,2012
p62_solar_g06,128,1.4125020471689657e-16,2012
p62_solar_g06,129,1.0,2012
p62_solar_g06,130,0.0,2012
p62_solar_g06,131,1.0,2012
p62_solar_g06,132,0.0,2012
p62_solar_g06,133,1.0,2012
p62_solar_g06,134,0.0,2012
p62_solar_g06,135,0.9545891852113364,2012
p62_solar_g06,136,0.0,2012
p62_solar_g06,137,0.7420764974864124,2012
p62_solar_g06,138,0.0,2012
p62_solar_g06,139,0.4738257617182802,2012
p62_solar_g06,140,0.1633835401044254,2012
p62_solar_g06,141,1.6715079310712133e-16,2012
p62_solar_g06,142,0.49052697333979217,2012
p62_solar_g06,143,1.7050681400528043e-16,2012
p62_solar_g06,144,1.0,2012
p62_solar_g06,145,1.736973560951789e-16,2012
p62_solar_g06,146,1.0,2012
p62_solar_g06,147,1.7671391221932645e-16,2012
p62_solar_g06,148,1.0,2012
p62_solar_g06,149,0.0,2012
p62_solar_g06,150,1.0,2012
p62_solar_g06,151,0.0,2012
p62_solar_g06,152,1.0,2012
p62_solar_g06,153,0.0,2012
p62_solar_g06,154,1.0,2012
p62_solar_g06,155,0.0,2012
p62_solar_g06,156,0.5451420988502715,2012
p62_solar_g06,157,0.0,2012
p62_solar_g06,158,0.18716744207977665,2012
p62_solar_g06,159,0.18829103884117318,2012
p62_solar_g06,160,1.9183681664473232e-16,2012
p62_solar_g06,161,0.8944642000908505,2012
p62_solar_g06,162,1.9329007153712226e-16,2012
p62_solar_g06,163,1.0,2012
p62_solar_g06,164,1.9451709908557776e-16,2012
p62_solar_g06,165,1.0,2012
p62_solar_g06,166,1.955146275838165e-16,2012
p62_solar_g06,167,1.0,2012
p62_solar_g06,168,0.0,2012
p62_solar_g06,169,1.0,2012
p62_solar_g06,170,0.0,2012
p62_solar_g06,171,1.0,2012
p62_solar_g06,172,0.0,2012
p62_solar_g06,173,0.9146042356286359,2012
p62_solar_g06,174,0.0,2012
p62_solar_g06,175,0.5706409066553265,2012
p62_solar_g06,176,0.0,2012
p62_solar_g06,177,0.1936416477282779,2012
p62_solar_g06,178,0.5686457715426338,2012
p62_solar_g06,179,1.961686520940973e-16,2012
p62_solar_g06,180,0.9075810660825292,2012
p62_solar_g06,181,1.9536443077276745e-16,2012
p62_solar_g06,182,1.0,2012
p62_solar_g06,183,1.9432845110361365e-16,2012
p62_solar_g06,184,1.0,2012
p62_solar_g06,185,1.9306347538907652e-16,2012
p62_solar_g06,186,1.0,2012
p62_solar_g06,187,0.0,2012
p62_solar_g06,188,1.0,2012
p62_solar_g06,189,0.0,2012
p62_solar_g06,190,1.0,2012
p62_solar_g06,191,0.0,2012
p62_solar_g06,192,0.8652242352094417,2012
p62_solar_g06,193,0.0,2012
p62_solar_g06,194,0.5335014815730591,2012
p62_solar_g06,195,0.17974029827548366,2012
p62_solar_g06,196,0.17890442782479776,2012
p62_solar_g06,197,0.5212099566821229,2012
p62_solar_g06,198,1.7908898579255588e-16,2012
p62_solar_g06,199,0.8219562566449481,2012
p62_solar_g06,200,1.7622358246137999e-16,2012
p62_solar_g06,201,1.0,2012
p62_solar_g06,202,1.7317745731676704e-16,2012
p62_solar_g06,203,1.0,2012
p62_solar_g06,204,0.0,2012
p62_solar_g06,205,1.0,2012
p62_solar_g06,206,0.0,2012
p62_solar_g06,207,1.0,2012
p62_solar_g06,208,0.0,2012
p62_solar_g06,209,0.9815854283645354,2012
p62_solar_g06,210,0.0,2012
p62_solar_g06,211,0.7274410074651682,2012
p62_solar_g06,212,0.0,2012
p62_solar_g06,213,0.442788808186065,2012
p62_solar_g06,214,0.1478848855128904,2012
p62_solar_g06,215,1.4889697198605292e-16,2012
p62_solar_g06,216,0.42320100683005846,2012
p62_solar_g06,217,1.4476661979766245e-16,2012
p62_solar_g06,218,0.8676583829020724,2012
p62_solar_g06,219,1.4053942161630948e-16,2012
p62_solar_g06,220,0.995417006232665,2012
p62_solar_g06,221,1.3622664870551562e-16,2012
p62_solar_g06,222,1.0,2012
p62_solar_g06,223,0.0,2012
p62_solar_g06,224,1.0,2012
p62_solar_g06,225,0.0,2012
p62_solar_g06,226,0.8994173020549288,2012
p62_solar_g06,227,0.0,2012
p62_solar_g06,228,0.7326449626005858,2012
p62_solar_g06,229,0.0,2012
p62_solar_g06,230,0.3338927741551408,2012
p62_solar_g06,231,0.0,2012
p62_solar_g06,232,0.10899276118508776,2012
p62_solar_g06,233,0.10598634996857081,2012
p62_solar_g06,234,1.0615447880186583e-16,2012
p62_solar_g06,235,0.47825222919563803,2012
p62_solar_g06,236,1.0157895138718085e-16,2012
p62_solar_g06,237,0.6022697058268399,2012
p62_solar_g06,238,9.702173217166058e-17,2012
p62_solar_g06,239,0.6796462025147608,2012
p62_solar_g06,240,9.24949723761609e-17,2012
p62_solar_g07,1,0.0,2012
p62_solar_g07,2,0.7120050866224991,2012
p62_solar_g07,3,0.0,2012
p62_solar_g07,4,0.6170383044021301,2012
p62_solar_g07,5,0.0,2012
p62_solar_g07,6,0.49470267390358064,2012
p62_solar_g07,7,0.0,2012
p62_solar_g07,8,0.22183352669028417,2012
p62_solar_g07,9,0.0,2012
p62_solar_g07,10,0.07123044085481231,2012
p62_solar_g07,11,0.06849968193288578,2012
p62_solar_g07,12,6.822535194704116e-17,2012
p62_solar_g07,13,0.30392971908024696,2012
p62_solar_g07,14,6.418914962907914e-17,2012
p62_solar_g07,15,0.37628128374996284,2012
p62_solar_g07,16,6.027193593601692e-17,2012
p62_solar_g07,17,0.41741761128011456,2012
p62_solar_g07,18,5.64841555988347e-17,2012
p62_solar_g07,19,0.44123643364114234,2012
p62_solar_g07,20,0.0,2012
p62_solar_g07,21,0.40027090043854724,2012
p62_solar_g07,22,0.0,2012
p62_solar_g07,23,0.34048778214999104,2012
p62_solar_g07,24,0.0,2012
p62_solar_g07,25,0.20345883937997813,2012
p62_solar_g07,26,0.0,2012
p62_solar_g07,27,0.11815544179532167,2012
p62_solar_g07,28,0.03825628344610727,2012
p62_solar_g07,29,0.037333289237487785,2012
p62_solar_g07,30,0.10458275684141881,2012
p62_solar_g07,31,3.5244274996076903e-17,2012
p62_solar_g07,32,0.15568098863656468,2012
p62_solar_g07,33,3.2754276301034675e-17,2012
p62_solar_g07,34,0.19073617764054848,2012
p62_solar_g07,35,3.046708315308172e-17,2012
p62_solar_g07,36,0.23038168568156195,2012
p62_solar_g07,37,2.838879404951799e-17,2012
p62_solar_g07,38,0.22146863662868085,2012
p62_solar_g07,39,0.0,2012
p62_solar_g07,40,0.20141161086551101,2012
p62_solar_g07,41,0.0,2012
p62_solar_g07,42,0.14612896703101685,2012
p62_solar_g07,43,0.0,2012
p62_solar_g07,44,0.10501345076645906,2012
p62_solar_g07,45,0.0,2012
p62_solar_g07,46,0.06254291093588361,2012
p62_solar_g07,47,0.020704397620089937,2012
p62_solar_g07,48,0.020465220227245437,2012
p62_solar_g07,49,0.05902579309174267,2012
p62_solar_g07,50,2.0220301708356317e-17,2012
p62_solar_g07,51,0.09263267776722722,2012
p62_solar_g07,52,1.9884265095909566e-17,2012
p62_solar_g07,53,0.14310164832416247,2012
p62_solar_g07,54,1.97853502091637e-17,2012
p62_solar_g07,55,0.1573878682693886,2012
p62_solar_g07,56,0.0,2012
p62_solar_g07,57,0.16451975414409883,2012
p62_solar_g07,58,0.0,2012
p62_solar_g07,59,0.14952861416659452,2012
p62_solar_g07,60,0.0,2012
p62_solar_g07,61,0.13109633314759775,2012
p62_solar_g07,62,0.0,2012
p62_solar_g07,63,0.10413540578744902,2012
p62_solar_g07,64,0.0,2012
p62_solar_g07,65,0.02330813850382879,2012
p62_solar_g07,66,0.024240371450165405,2012
p62_solar_g07,67,2.513916293500701e-17,2012
p62_solar_g07,68,0.075966738016493,2012
p62_solar_g07,69,2.6820480938858493e-17,2012
p62_solar_g07,70,0.17152330770245983,2012
p62_solar_g07,71,2.8720426168448026e-17,2012
p62_solar_g07,72,0.21767559902295416,2012
p62_solar_g07,73,3.083393267170982e-17,2012
p62_solar_g07,74,0.25655179681516205,2012
p62_solar_g07,75,0.0,2012
p62_solar_g07,76,0.2760289131276694,2012
p62_solar_g07,77,0.0,2012
p62_solar_g07,78,0.270915046080246,2012
p62_solar_g07,79,0.0,2012
p62_solar_g07,80,0.24639895345295917,2012
p62_solar_g07,81,0.0,2012
p62_solar_g07,82,0.1254952336092875,2012
p62_solar_g07,83,0.0,2012
p62_solar_g07,84,0.045809137852425456,2012
p62_solar_g07,85,0.04800114504288912,2012
p62_solar_g07,86,4.9909319523872104e-17,2012
p62_solar_g07,87,0.24233033963213674,2012
p62_solar_g07,88,5.343384205908454e-17,2012
p62_solar_g07,89,0.3414569743705672,2012
p62_solar_g07,90,5.710603082092622e-17,2012
p62_solar_g07,91,0.4311525504514126,2012
p62_solar_g07,92,6.091609440491128e-17,2012
p62_solar_g07,93,0.5187432937775753,2012
p62_solar_g07,94,0.0,2012
p62_solar_g07,95,0.5355185769911215,2012
p62_solar_g07,96,0.0,2012
p62_solar_g07,97,0.5182098035046774,2012
p62_solar_g07,98,0.0,2012
p62_solar_g07,99,0.35206135050694326,2012
p62_solar_g07,100,0.0,2012
p62_solar_g07,101,0.23225974625345414,2012
p62_solar_g07,102,0.081822434799725,2012
p62_solar_g07,103,0.08327043611399407,2012
p62_solar_g07,104,0.2535526920464793,2012
p62_solar_g07,105,8.905713819192119e-17,2012
p62_solar_g07,106,0.4270156568539878,2012
p62_solar_g07,107,9.35646003951603e-17,2012
p62_solar_g07,108,0.590381105553219,2012
p62_solar_g07,109,9.811272547833915e-17,2012
p62_solar_g07,110,0.802042249567779,2012
p62_solar_g07,111,1.0268938646889994e-16,2012
p62_solar_g07,112,0.8635169185048877,2012
p62_solar_g07,113,0.0,2012
p62_solar_g07,114,0.8748719074837333,2012
p62_solar_g07,115,0.0,2012
p62_solar_g07,116,0.7025219236182502,2012
p62_solar_g07,117,0.0,2012
p62_solar_g07,118,0.5543919054123431,2012
p62_solar_g07,119,0.0,2012
p62_solar_g07,120,0.35923925363047604,2012
p62_solar_g07,121,0.12507483239900344,2012
p62_solar_g07,122,0.12654848595486146,2012
p62_solar_g07,123,0.38090941716787735,2012
p62_solar_g07,124,1.3302742599036693e-16,2012
p62_solar_g07,125,0.6306740737962496,2012
p62_solar_g07,126,1.3741764725063819e-16,2012
p62_solar_g07,127,1.0,2012
p62_solar_g07,128,1.4173160305531234e-16,2012
p62_solar_g07,129,1.0,2012
p62_solar_g07,130,0.0,2012
p62_solar_g07,131,1.0,2012
p62_solar_g07,132,0.0,2012
p62_solar_g07,133,1.0,2012
p62_solar_g07,134,0.0,2012
p62_solar_g07,135,0.9578425443731972,2012
p62_solar_g07,136,0.0,2012
p62_solar_g07,137,0.7446055868677931,2012
p62_solar_g07,138,0.0,2012
p62_solar_g07,139,0.47544061909032403,2012
p62_solar_g07,140,0.16394037161407457,2012
p62_solar_g07,141,1.6772046388549594e-16,2012
p62_solar_g07,142,0.4921987505268567,2012
p62_solar_g07,143,1.7108792252200948e-16,2012
p62_solar_g07,144,1.0,2012
p62_solar_g07,145,1.742893383778172e-16,2012
p62_solar_g07,146,1.0,2012
p62_solar_g07,147,1.773161753019736e-16,2012
p62_solar_g07,148,1.0,2012
p62_solar_g07,149,0.0,2012
p62_solar_g07,150,1.0,2012
p62_solar_g07,151,0.0,2012
p62_solar_g07,152,1.0,2012
p62_solar_g07,153,0.0,2012
p62_solar_g07,154,1.0,2012
p62_solar_g07,155,0.0,2012
p62_solar_g07,156,0.5470000112059598,2012
p62_solar_g07,157,0.0,2012
p62_solar_g07,158,0.18780533209772973,2012
p62_solar_g07,159,0.18893275821721514,2012
p62_solar_g07,160,1.9249062047436105e-16,2012
p62_solar_g07,161,0.8975126457944101,2012
p62_solar_g07,162,1.939488282409213e-16,2012
p62_solar_g07,163,1.0,2012
p62_solar_g07,164,1.9518003765250542e-16,2012
p62_solar_g07,165,1.0,2012
p62_solar_g07,166,1.961809658524475e-16,2012
p62_solar_g07,167,1.0,2012
p62_solar_g07,168,0.0,2012
p62_solar_g07,169,1.0,2012
p62_solar_g07,170,0.0,2012
p62_solar_g07,171,1.0,2012
p62_solar_g07,172,0.0,2012
p62_solar_g07,173,0.9177213210885977,2012
p62_solar_g07,174,0.0,2012
p62_solar_g07,175,0.5725857221325609,2012
p62_solar_g07,176,0.0,2012
p62_solar_g07,177,0.19430160264764473,2012
p62_solar_g07,178,0.5705837873502319,2012
p62_solar_g07,179,1.968372193599405e-16,2012
p62_solar_g07,180,0.9106742157035541,2012
p62_solar_g07,181,1.960302571519083e-16,2012
p62_solar_g07,182,1.0,2012
p62_solar_g07,183,1.9499074673465852e-16,2012
p62_solar_g07,184,1.0,2012
p62_solar_g07,185,1.937214598249034e-16,2012
p62_solar_g07,186,1.0,2012
p62_solar_g07,187,0.0,2012
p62_solar_g07,188,1.0,2012
p62_solar_g07,189,0.0,2012
p62_solar_g07,190,1.0,2012
p62_solar_g07,191,0.0,2012
p62_solar_g07,192,0.8681730274609057,2012
p62_solar_g07,193,0.0,2012
p62_solar_g07,194,0.5353197212512697,2012
p62_solar_g07,195,0.1803528756597756,2012
p62_solar_g07,196,0.1795141564582019,2012
p62_solar_g07,197,0.5229863053084164,2012
p62_solar_g07,198,1.7969934342256357e-16,2012
p62_solar_g07,199,0.8247575862217258,2012
p62_solar_g07,200,1.7682417443897477e-16,2012
p62_solar_g07,201,1.0,2012
p62_solar_g07,202,1.7376766771943834e-16,2012
p62_solar_g07,203,1.0,2012
p62_solar_g07,204,0.0,2012
p62_solar_g07,205,1.0,2012
p62_solar_g07,206,0.0,2012
p62_solar_g07,207,1.0,2012
p62_solar_g07,208,0.0,2012
p62_solar_g07,209,0.9849307940946236,2012
p62_solar_g07,210,0.0,2012
p62_solar_g07,211,0.7299202172687299,2012
p62_solar_g07,212,0.0,2012
p62_solar_g07,213,0.4442978877442653,2012
p62_solar_g07,214,0.14838889567206434,2012
p62_solar_g07,215,1.494044314623269e-16,2012
p62_solar_g07,216,0.42464332871491667,2012
p62_solar_g07,217,1.4526000251783863e-16,2012
p62_solar_g07,218,0.8706154710328737,2012
p62_solar_g07,219,1.4101839751714877e-16,2012
p62_solar_g07,220,0.9988095117075537,2012
p62_solar_g07,221,1.3669092613765264e-16,2012
p62_solar_g07,222,1.0,2012
p62_solar_g07,223,0.0,2012
p62_solar_g07,224,1.0,2012
p62_solar_g07,225,0.0,2012
p62_solar_g07,226,0.902482628548575,2012
p62_solar_g07,227,0.0,2012
p62_solar_g07,228,0.7351419081331712,2012
p62_solar_g07,229,0.0,2012
p62_solar_g07,230,0.3350307224293361,2012
p62_solar_g07,231,0.0,2012
p62_solar_g07,232,0.10936422212731443,2012
p62_solar_g07,233,0.10634756468590086,2012
p62_solar_g07,234,1.0651626652325735e-16,2012
p62_solar_g07,235,0.47988217252166626,2012
p62_solar_g07,236,1.0192514513970542e-16,2012
p62_solar_g07,237,0.6043223162017721,2012
p62_solar_g07,238,9.735239435194747e-17,2012
p62_solar_g07,239,0.6819625216539577,2012
p62_solar_g07,240,9.281020679371761e-17,2012
p62_solar_g08,1,0.0,2012
p62_solar_g08,2,0.7146840848589233,2012
p62_solar_g08,3,0.0,2012
p62_solar_g08,4,0.6193599795704087,2012
p62_solar_g08,5,0.0,2012
p62_solar_g08,6,0.4965640476716092,2012
p62_solar_g08,7,0.0,2012
p62_solar_g08,8,0.2226681999783672,2012
p62_solar_g08,9,0.0,2012
p62_solar_g08,10,0.07149845330165448,2012
p62_solar_g08,11,0.06875741959591897,2012
p62_solar_g08,12,6.848205741302676e-17,2012
p62_solar_g08,13,0.30507328841242026,2012
p62_solar_g08,14,6.443066843545398e-17,2012
p62_solar_g08,15,0.37769708388187967,2012
p62_solar_g08,16,6.049871579070083e-17,2012
p62_solar_g08,17,0.41898819141427696,2012
p62_solar_g08,18,5.669668350920822e-17,2012
p62_solar_g08,19,0.4428966347405166,2012
p62_solar_g08,20,0.0,2012
p62_solar_g08,21,0.40177696416830727,2012
p62_solar_g08,22,0.0,2012
p62_solar_g08,23,0.3417689052557695,2012
p62_solar_g08,24,0.0,2012
p62_solar_g08,25,0.204224375865777,2012
p62_solar_g08,26,0.0,2012
p62_solar_g08,27,0.11860001477119063,2012
p62_solar_g08,28,0.03840022696253696,2012
p62_solar_g08,29,0.03747375988567035,2012
p62_solar_g08,30,0.10497626108233317,2012
p62_solar_g08,31,3.537688549610357e-17,2012
p62_solar_g08,32,0.1562667556512086,2012
p62_solar_g08,33,3.287751790435253e-17,2012
p62_solar_g08,34,0.1914538436981679,2012
p62_solar_g08,35,3.058171893809174e-17,2012
p62_solar_g08,36,0.231248522367481,2012
p62_solar_g08,37,2.849561004089474e-17,2012
p62_solar_g08,38,0.22230193697737077,2012
p62_solar_g08,39,0.0,2012
p62_solar_g08,40,0.20216944442659365,2012
p62_solar_g08,41,0.0,2012
p62_solar_g08,42,0.14667879350321752,2012
p62_solar_g08,43,0.0,2012
p62_solar_g08,44,0.10540857554111298,2012
p62_solar_g08,45,0.0,2012
p62_solar_g08,46,0.0627782355862915,2012
p62_solar_g08,47,0.020782300216226665,2012
p62_solar_g08,48,0.02054222289187091,2012
p62_solar_g08,49,0.05924788419553862,2012
p62_solar_g08,50,2.0296382839846004e-17,2012
p62_solar_g08,51,0.09298121850806779,2012
p62_solar_g08,52,1.9959081852313973e-17,2012
p62_solar_g08,53,0.143640084173418,2012
p62_solar_g08,54,1.9859794787318084e-17,2012
p62_solar_g08,55,0.15798005760827155,2012
p62_solar_g08,56,0.0,2012
p62_solar_g08,57,0.16513877799588023,2012
p62_solar_g08,58,0.0,2012
p62_solar_g08,59,0.15009123218881612,2012
p62_solar_g08,60,0.0,2012
p62_solar_g08,61,0.13158959766480802,2012
p62_solar_g08,62,0.0,2012
p62_solar_g08,63,0.10452722682032572,2012
p62_solar_g08,64,0.0,2012
p62_solar_g08,65,0.02339583796429514,2012
p62_solar_g08,66,0.024331578540655884,2012
p62_solar_g08,67,2.5233751828307676e-17,2012
p62_solar_g08,68,0.0762525713075703,2012
p62_solar_g08,69,2.6921395977929482e-17,2012
p62_solar_g08,70,0.1721686832025427,2012
p62_solar_g08,71,2.8828489962513896e-17,2012
p62_solar_g08,72,0.21849462764627672,2012
p62_solar_g08,73,3.094994876878769e-17,2012
p62_solar_g08,74,0.25751710145150897,2012
p62_solar_g08,75,0.0,2012
p62_solar_g08,76,0.27706750257789226,2012
p62_solar_g08,77,0.0,2012
p62_solar_g08,78,0.2719343940375936,2012
p62_solar_g08,79,0.0,2012
p62_solar_g08,80,0.247326056888257,2012
p62_solar_g08,81,0.0,2012
p62_solar_g08,82,0.125967423367248,2012
p62_solar_g08,83,0.0,2012
p62_solar_g08,84,0.04598149982261996,2012
p62_solar_g08,85,0.04818175468365201,2012
p62_solar_g08,86,5.0097108883102454e-17,2012
p62_solar_g08,87,0.24324213445594364,2012
p62_solar_g08,88,5.363489282589958e-17,2012
p62_solar_g08,89,0.34274174416974496,2012
p62_solar_g08,90,5.732089860590817e-17,2012
p62_solar_g08,91,0.4327748098200476,2012
p62_solar_g08,92,6.114529797739521e-17,2012
p62_solar_g08,93,0.5206951230485982,2012
p62_solar_g08,94,0.0,2012
p62_solar_g08,95,0.5375335251288337,2012
p62_solar_g08,96,0.0,2012
p62_solar_g08,97,0.5201596254592821,2012
p62_solar_g08,98,0.0,2012
p62_solar_g08,99,0.3533860204493945,2012
p62_solar_g08,100,0.0,2012
p62_solar_g08,101,0.23313364935091224,2012
p62_solar_g08,102,0.08213030080046976,2012
p62_solar_g08,103,0.08358375038054501,2012
p62_solar_g08,104,0.25450671221795773,2012
p62_solar_g08,105,8.939222556789614e-17,2012
p62_solar_g08,106,0.4286223507008871,2012
p62_solar_g08,107,9.391664759841754e-17,2012
p62_solar_g08,108,0.5926024800494294,2012
p62_solar_g08,109,9.848188550748176e-17,2012
p62_solar_g08,110,0.8050600226321856,2012
p62_solar_g08,111,1.0307576669344956e-16,2012
p62_solar_g08,112,0.8667659968405087,2012
p62_solar_g08,113,0.0,2012
p62_solar_g08,114,0.8781637102268347,2012
p62_solar_g08,115,0.0,2012
p62_solar_g08,116,0.7051652404003682,2012
p62_solar_g08,117,0.0,2012
p62_solar_g08,118,0.5564778665449144,2012
p62_solar_g08,119,0.0,2012
p62_solar_g08,120,0.36059093123083663,2012
p62_solar_g08,121,0.12554544035070708,2012
p62_solar_g08,122,0.12702463869178,2012
p62_solar_g08,123,0.3823426311659273,2012
p62_solar_g08,124,1.3352795645892692e-16,2012
p62_solar_g08,125,0.6330470550616972,2012
p62_solar_g08,126,1.3793469641440803e-16,2012
p62_solar_g08,127,1.0,2012
p62_solar_g08,128,1.4226488395704288e-16,2012
p62_solar_g08,129,1.0,2012
p62_solar_g08,130,0.0,2012
p62_solar_g08,131,1.0,2012
p62_solar_g08,132,0.0,2012
p62_solar_g08,133,1.0,2012
p62_solar_g08,134,0.0,2012
p62_solar_g08,135,0.9614465333549618,2012
p62_solar_g08,136,0.0,2012
p62_solar_g08,137,0.7474072481080423,2012
p62_solar_g08,138,0.0,2012
p62_solar_g08,139,0.4772295172372592,2012
p62_solar_g08,140,0.16455721547472202,2012
p62_solar_g08,141,1.683515307632523e-16,2012
p62_solar_g08,142,0.49405070300501475,2012
p62_solar_g08,143,1.7173165983698315e-16,2012
p62_solar_g08,144,1.0,2012
p62_solar_g08,145,1.7494512137559973e-16,2012
p62_solar_g08,146,1.0,2012
p62_solar_g08,147,1.7798334710994038e-16,2012
p62_solar_g08,148,1.0,2012
p62_solar_g08,149,0.0,2012
p62_solar_g08,150,1.0,2012
p62_solar_g08,151,0.0,2012
p62_solar_g08,152,1.0,2012
p62_solar_g08,153,0.0,2012
p62_solar_g08,154,1.0,2012
p62_solar_g08,155,0.0,2012
p62_solar_g08,156,0.5490581595153998,2012
p62_solar_g08,157,0.0,2012
p62_solar_g08,158,0.18851197052340105,2012
p62_solar_g08,159,0.18964363870890893,2012
p62_solar_g08,160,1.9321488781804707e-16,2012
p62_solar_g08,161,0.9008896368306083,2012
p62_solar_g08,162,1.946785822533241e-16,2012
p62_solar_g08,163,1.0,2012
p62_solar_g08,164,1.959144242270967e-16,2012
p62_solar_g08,165,1.0,2012
p62_solar_g08,166,1.9691911853058612e-16,2012
p62_solar_g08,167,1.0,2012
p62_solar_g08,168,0.0,2012
p62_solar_g08,169,1.0,2012
p62_solar_g08,170,0.0,2012
p62_solar_g08,171,1.0,2012
p62_solar_g08,172,0.0,2012
p62_solar_g08,173,0.9211743495106106,2012
p62_solar_g08,174,0.0,2012
p62_solar_g08,175,0.5747401395217279,2012
p62_solar_g08,176,0.0,2012
p62_solar_g08,177,0.19503268401294324,2012
p62_solar_g08,178,0.5727306722373815,2012
p62_solar_g08,179,1.975778412648055e-16,2012
p62_solar_g08,180,0.9141007286086794,2012
p62_solar_g08,181,1.9676784277181862e-16,2012
p62_solar_g08,182,1.0,2012
p62_solar_g08,183,1.9572442108114274e-16,2012
p62_solar_g08,184,1.0,2012
p62_solar_g08,185,1.9445035833838216e-16,2012
p62_solar_g08,186,1.0,2012
p62_solar_g08,187,0.0,2012
p62_solar_g08,188,1.0,2012
p62_solar_g08,189,0.0,2012
p62_solar_g08,190,1.0,2012
p62_solar_g08,191,0.0,2012
p62_solar_g08,192,0.8714396249237297,2012
p62_solar_g08,193,0.0,2012
p62_solar_g08,194,0.5373339211721695,2012
p62_solar_g08,195,0.18103147339019146,2012
p62_solar_g08,196,0.18018959841444693,2012
p62_solar_g08,197,0.5249540993816885,2012
p62_solar_g08,198,1.8037548216533477e-16,2012
p62_solar_g08,199,0.827860828263783,2012
p62_solar_g08,200,1.774894950390372e-16,2012
p62_solar_g08,201,1.0,2012
p62_solar_g08,202,1.7442148787341536e-16,2012
p62_solar_g08,203,1.0,2012
p62_solar_g08,204,0.0,2012
p62_solar_g08,205,1.0,2012
p62_solar_g08,206,0.0,2012
p62_solar_g08,207,1.0,2012
p62_solar_g08,208,0.0,2012
p62_solar_g08,209,0.9886367056252506,2012
p62_solar_g08,210,0.0,2012
p62_solar_g08,211,0.7326666231744368,2012
p62_solar_g08,212,0.0,2012
p62_solar_g08,213,0.4459696079048054,2012
p62_solar_g08,214,0.14894722537683677,2012
p62_solar_g08,215,1.49966582233328e-16,2012
p62_solar_g08,216,0.4262410964136462,2012
p62_solar_g08,217,1.4580655941452356e-16,2012
p62_solar_g08,218,0.873891258460973,2012
p62_solar_g08,219,1.4154899490381058e-16,2012
p62_solar_g08,220,1.0,2012
p62_solar_g08,221,1.37205240932502e-16,2012
p62_solar_g08,222,1.0,2012
p62_solar_g08,223,0.0,2012
p62_solar_g08,224,1.0,2012
p62_solar_g08,225,0.0,2012
p62_solar_g08,226,0.9058783196970106,2012
p62_solar_g08,227,0.0,2012
p62_solar_g08,228,0.737907961230843,2012
p62_solar_g08,229,0.0,2012
p62_solar_g08,230,0.33629131274168034,2012
p62_solar_g08,231,0.0,2012
p62_solar_g08,232,0.1097757171625491,2012
p62_solar_g08,233,0.10674770921238595,2012
p62_solar_g08,234,1.0691704580914692e-16,2012
p62_solar_g08,235,0.48168778250680755,2012
p62_solar_g08,236,1.0230864982135291e-16,2012
p62_solar_g08,237,0.6065961460518035,2012
p62_solar_g08,238,9.771869355076039e-17,2012
p62_solar_g08,239,0.6845284814022017,2012
p62_solar_g08,240,9.31594155072424e-17,2012
p62_solar_g09,1,0.0,2012
p62_solar_g09,2,0.7093572445511211,2012
p62_solar_g09,3,0.0,2012
p62_solar_g09,4,0.614743629809568,2012
p62_solar_g09,5,0.0,2012
p62_solar_g09,6,0.49286294750640175,2012
p62_solar_g09,7,0.0,2012
p62_solar_g09,8,0.2210085604704514,2012
p62_solar_g09,9,0.0,2012
p62_solar_g09,10,0.07096554533425803,2012
p62_solar_g09,11,0.06824494170264629,2012
p62_solar_g09,12,6.797163190962277e-17,2012
p62_solar_g09,13,0.3027994492099287,2012
p62_solar_g09,14,6.395043963373333e-17,2012
p62_solar_g09,15,0.3748819490647129,2012
p62_solar_g09,16,6.004779348156926e-17,2012
p62_solar_g09,17,0.4158652966502788,2012
p62_solar_g09,18,5.62740993416943e-17,2012
p62_solar_g09,19,0.4395955403183686,2012
p62_solar_g09,20,0.0,2012
p62_solar_g09,21,0.3987823519014053,2012
p62_solar_g09,22,0.0,2012
p62_solar_g09,23,0.3392215582264464,2012
p62_solar_g09,24,0.0,2012
p62_solar_g09,25,0.2027022059165017,2012
p62_solar_g09,26,0.0,2012
p62_solar_g09,27,0.11771603910617519,2012
p62_solar_g09,28,0.03811401396137132,2012
p62_solar_g09,29,0.03719445223229887,2012
p62_solar_g09,30,0.10419382896898043,2012
p62_solar_g09,31,3.511320672723558e-17,2012
p62_solar_g09,32,0.15510203396451167,2012
p62_solar_g09,33,3.263246797067734e-17,2012
p62_solar_g09,34,0.19002685788261503,2012
p62_solar_g09,35,3.035378055724273e-17,2012
p62_solar_g09,36,0.2295249301171933,2012
p62_solar_g09,37,2.828322030481826e-17,2012
p62_solar_g09,38,0.22064502738125555,2012
p62_solar_g09,39,0.0,2012
p62_solar_g09,40,0.20066259074341677,2012
p62_solar_g09,41,0.0,2012
p62_solar_g09,42,0.14558553492073914,2012
p62_solar_g09,43,0.0,2012
p62_solar_g09,44,0.10462292120673496,2012
p62_solar_g09,45,0.0,2012
p62_solar_g09,46,0.06231032305982217,2012
p62_solar_g09,47,0.020627401014151253,2012
p62_solar_g09,48,0.020389113086810854,2012
p62_solar_g09,49,0.058806284859033046,2012
p62_solar_g09,50,2.014510538382819e-17,2012
p62_solar_g09,51,0.09228819047916588,2012
p62_solar_g09,52,1.9810318442060312e-17,2012
p62_solar_g09,53,0.14256947436637005,2012
p62_solar_g09,54,1.971177140521262e-17,2012
p62_solar_g09,55,0.1568025659633264,2012
p62_solar_g09,56,0.0,2012
p62_solar_g09,57,0.16390792940466906,2012
p62_solar_g09,58,0.0,2012
p62_solar_g09,59,0.14897253926923207,2012
p62_solar_g09,60,0.0,2012
p62_solar_g09,61,0.13060880518911333,2012
p62_solar_g09,62,0.0,2012
p62_solar_g09,63,0.10374814154770601,2012
p62_solar_g09,64,0.0,2012
p62_solar_g09,65,0.023221458968955378,2012
p62_solar_g09,66,0.024150225078239825,2012
p62_solar_g09,67,2.5045674089900166e-17,2012
p62_solar_g09,68,0.07568422890423428,2012
p62_solar_g09,69,2.6720739519676534e-17,2012
p62_solar_g09,70,0.17088543777864948,2012
p62_solar_g09,71,2.8613619132732224e-17,2012
p62_solar_g09,72,0.2168660955238437,2012
p62_solar_g09,73,3.0719265816531193e-17,2012
p62_solar_g09,74,0.2555977184611475,2012
p62_solar_g09,75,0.0,2012
p62_solar_g09,76,0.27500240224617667,2012
p62_solar_g09,77,0.0,2012
p62_solar_g09,78,0.26990755291726404,2012
p62_solar_g09,79,0.0,2012
p62_solar_g09,80,0.24548263202835935,2012
p62_solar_g09,81,0.0,2012
p62_solar_g09,82,0.1250285353152004,2012
p62_solar_g09,83,0.0,2012
p62_solar_g09,84,0.04563878041434227,2012
p62_solar_g09,85,0.04782263585284696,2012
p62_solar_g09,86,4.9723714113921966e-17,2012
p62_solar_g09,87,0.2414291487832159,2012
p62_solar_g09,88,5.3235129468826856e-17,2012
p62_solar_g09,89,0.3401871461638719,2012
p62_solar_g09,90,5.689366190140863e-17,2012
p62_solar_g09,91,0.42954915760532686,2012
p62_solar_g09,92,6.068955641997288e-17,2012
p62_solar_g09,93,0.5168141638551683,2012
p62_solar_g09,94,0.0,2012
p62_solar_g09,95,0.533527062260675,2012
p62_solar_g09,96,0.0,2012
p62_solar_g09,97,0.5162826575540366,2012
p62_solar_g09,98,0.0,2012
p62_solar_g09,99,0.3507520861869361,2012
p62_solar_g09,100,0.0,2012
p62_solar_g09,101,0.231396006458371,2012
p62_solar_g09,102,0.08151814921340564,2012
p62_solar_g09,103,0.08296076562401128,2012
p62_solar_g09,104,0.2526097669214685,2012
p62_solar_g09,105,8.872594780902704e-17,2012
p62_solar_g09,106,0.4254276485060158,2012
p62_solar_g09,107,9.321664742407525e-17,2012
p62_solar_g09,108,0.5881855651577903,2012
p62_solar_g09,109,9.774785869980048e-17,2012
p62_solar_g09,110,0.799059572545762,2012
p62_solar_g09,111,1.0230749976207012e-16,2012
p62_solar_g09,112,0.8603056262414995,2012
p62_solar_g09,113,0.0,2012
p62_solar_g09,114,0.8716183876884032,2012
p62_solar_g09,115,0.0,2012
p62_solar_g09,116,0.699909348033649,2012
p62_solar_g09,117,0.0,2012
p62_solar_g09,118,0.5523302035526758,2012
p62_solar_g09,119,0.0,2012
p62_solar_g09,120,0.3579032957457292,2012
p62_solar_g09,121,0.12460969751511151,2012
p62_solar_g09,122,0.126077870770397,2012
p62_solar_g09,123,0.3794928711359585,2012
p62_solar_g09,124,1.3253271658196187e-16,2012
p62_solar_g09,125,0.6283286897852356,2012
p62_solar_g09,126,1.369066112558449e-16,2012
p62_solar_g09,127,1.0,2012
p62_solar_g09,128,1.4120452409412978e-16,2012
p62_solar_g09,129,1.0,2012
p62_solar_g09,130,0.0,2012
p62_solar_g09,131,1.0,2012
p62_solar_g09,132,0.0,2012
p62_solar_g09,133,1.0,2012
p62_solar_g09,134,0.0,2012
p62_solar_g09,135,0.9542804689970534,2012
p62_solar_g09,136,0.0,2012
p62_solar_g09,137,0.741836508336565,2012
p62_solar_g09,138,0.0,2012
p62_solar_g09,139,0.4736725254385763,2012
p62_solar_g09,140,0.1633307015129574,2012
p62_solar_g09,141,1.6709673617785597e-16,2012
p62_solar_g09,142,0.49036833585200246,2012
p62_solar_g09,143,1.7045167173157292e-16,2012
p62_solar_g09,144,1.0,2012
p62_solar_g09,145,1.7364118199323495e-16,2012
p62_solar_g09,146,1.0,2012
p62_solar_g09,147,1.76656762556585e-16,2012
p62_solar_g09,148,1.0,2012
p62_solar_g09,149,0.0,2012
p62_solar_g09,150,1.0,2012
p62_solar_g09,151,0.0,2012
p62_solar_g09,152,1.0,2012
p62_solar_g09,153,0.0,2012
p62_solar_g09,154,1.0,2012
p62_solar_g09,155,0.0,2012
p62_solar_g09,156,0.5449657987123582,2012
p62_solar_g09,157,0.0,2012
p62_solar_g09,158,0.18710691172279056,2012
p62_solar_g09,159,0.18823014511055589,2012
p62_solar_g09,160,1.917747762018778e-16,2012
p62_solar_g09,161,0.8941749284272473,2012
p62_solar_g09,162,1.932275611084815e-16,2012
p62_solar_g09,163,1.0,2012
p62_solar_g09,164,1.9445419183356473e-16,2012
p62_solar_g09,165,1.0,2012
p62_solar_g09,166,1.9545139772892215e-16,2012
p62_solar_g09,167,1.0,2012
p62_solar_g09,168,0.0,2012
p62_solar_g09,169,1.0,2012
p62_solar_g09,170,0.0,2012
p62_solar_g09,171,1.0,2012
p62_solar_g09,172,0.0,2012
p62_solar_g09,173,0.914308450633829,2012
p62_solar_g09,174,0.0,2012
p62_solar_g09,175,0.5704563601476279,2012
p62_solar_g09,176,0.0,2012
p62_solar_g09,177,0.19357902359913387,2012
p62_solar_g09,178,0.5684618702659608,2012
p62_solar_g09,179,1.961052107262569e-16,2012
p62_solar_g09,180,0.9072875523959962,2012
p62_solar_g09,181,1.953012494918478e-16,2012
p62_solar_g09,182,1.0,2012
p62_solar_g09,183,1.9426560486076743e-16,2012
p62_solar_g09,184,1.0,2012
p62_solar_g09,185,1.9300103824212182e-16,2012
p62_solar_g09,186,1.0,2012
p62_solar_g09,187,0.0,2012
p62_solar_g09,188,1.0,2012
p62_solar_g09,189,0.0,2012
p62_solar_g09,190,1.0,2012
p62_solar_g09,191,0.0,2012
p62_solar_g09,192,0.8649444198139419,2012
p62_solar_g09,193,0.0,2012
p62_solar_g09,194,0.5333289460360374,2012
p62_solar_g09,195,0.17968216987292335,2012
p62_solar_g09,196,0.17884656974455532,2012
p62_solar_g09,197,0.5210413962509277,2012
p62_solar_g09,198,1.7903106802586612e-16,2012
p62_solar_g09,199,0.8216904342076224,2012
p62_solar_g09,200,1.7616659137234644e-16,2012
p62_solar_g09,201,1.0,2012
p62_solar_g09,202,1.7312145135121638e-16,2012
p62_solar_g09,203,1.0,2012
p62_solar_g09,204,0.0,2012
p62_solar_g09,205,1.0,2012
p62_solar_g09,206,0.0,2012
p62_solar_g09,207,1.0,2012
p62_solar_g09,208,0.0,2012
p62_solar_g09,209,0.9812679815066256,2012
p62_solar_g09,210,0.0,2012
p62_solar_g09,211,0.7272057514645577,2012
p62_solar_g09,212,0.0,2012
p62_solar_g09,213,0.4426456093244942,2012
p62_solar_g09,214,0.14783705921995466,2012
p62_solar_g09,215,1.488488183821552e-16,2012
p62_solar_g09,216,0.42306414270595843,2012
p62_solar_g09,217,1.4471980195862672e-16,2012
p62_solar_g09,218,0.8673777802979259,2012
p62_solar_g09,219,1.4049397086234006e-16,2012
p62_solar_g09,220,0.9950950862124535,2012
p62_solar_g09,221,1.3618259271166576e-16,2012
p62_solar_g09,222,1.0,2012
p62_solar_g09,223,0.0,2012
p62_solar_g09,224,1.0,2012
p62_solar_g09,225,0.0,2012
p62_solar_g09,226,0.8991264285474004,2012
p62_solar_g09,227,0.0,2012
p62_solar_g09,228,0.7324080236295901,2012
p62_solar_g09,229,0.0,2012
p62_solar_g09,230,0.33378479250731735,2012
p62_solar_g09,231,0.0,2012
p62_solar_g09,232,0.10895751268956887,2012
p62_solar_g09,233,0.10595207375296428,2012
p62_solar_g09,234,1.0612014821302971e-16,2012
p62_solar_g09,235,0.478097561386745,2012
p62_solar_g09,236,1.015461005338411e-16,2012
p62_solar_g09,237,0.6020749304968439,2012
p62_solar_g09,238,9.699035513290586e-17,2012
p62_solar_g09,239,0.6794264034578025,2012
p62_solar_g09,240,9.246505930134866e-17,2012
p62_solar_g10,1,0.0,2012
p62_solar_g10,2,0.7063585845288355,2012
p62_solar_g10,3,0.0,2012
p62_solar_g10,4,0.6121449291395956,2012
p62_solar_g10,5,0.0,2012
p62_solar_g10,6,0.49077947203828476,2012
p62_solar_g10,7,0.0,2012
p62_solar_g10,8,0.2200742928077802,2012
p62_solar_g10,9,0.0,2012
p62_solar_g10,10,0.07066555327047329,2012
p62_solar_g10,11,0.06795645042412775,2012
p62_solar_g10,12,6.768429599133539e-17,2012
p62_solar_g10,13,0.3015194275986875,2012
p62_solar_g10,14,6.368010246834832e-17,2012
p62_solar_g10,15,0.37329721369706576,2012
p62_solar_g10,16,5.979395394003671e-17,2012
p62_solar_g10,17,0.4141073127158083,2012
p62_solar_g10,18,5.603621230623749e-17,2012
p62_solar_g10,19,0.4377372417207954,2012
p62_solar_g10,20,0.0,2012
p62_solar_g10,21,0.3970965825582072,2012
p62_solar_g10,22,0.0,2012
p62_solar_g10,23,0.33778756973451973,2012
p62_solar_g10,24,0.0,2012
p62_solar_g10,25,0.20184532455526943,2012
p62_solar_g10,26,0.0,2012
p62_solar_g10,27,0.11721841906611642,2012
p62_solar_g10,28,0.037952894904883606,2012
p62_solar_g10,29,0.03703722043151507,2012
p62_solar_g10,30,0.1037533712561733,2012
p62_solar_g10,31,3.496477295838919e-17,2012
p62_solar_g10,32,0.15444637241710774,2012
p62_solar_g10,33,3.249452100829154e-17,2012
p62_solar_g10,34,0.18922355891545817,2012
p62_solar_g10,35,3.0225466271343196e-17,2012
p62_solar_g10,36,0.22855466127543944,2012
p62_solar_g10,37,2.8163658881175895e-17,2012
p62_solar_g10,38,0.21971229647901042,2012
p62_solar_g10,39,0.0,2012
p62_solar_g10,40,0.19981433143056335,2012
p62_solar_g10,41,0.0,2012
p62_solar_g10,42,0.1449701023911593,2012
p62_solar_g10,43,0.0,2012
p62_solar_g10,44,0.10418064959585445,2012
p62_solar_g10,45,0.0,2012
p62_solar_g10,46,0.062046919145686594,2012
p62_solar_g10,47,0.02054020297217745,2012
p62_solar_g10,48,0.020302922357424605,2012
p62_solar_g10,49,0.058557693536648636,2012
p62_solar_g10,50,2.0059946146189837e-17,2012
p62_solar_g10,51,0.09189806137363447,2012
p62_solar_g10,52,1.972657444649635e-17,2012
p62_solar_g10,53,0.1419667916046662,2012
p62_solar_g10,54,1.962844399672376e-17,2012
p62_solar_g10,55,0.15613971577104624,2012
p62_solar_g10,56,0.0,2012
p62_solar_g10,57,0.1632150427681867,2012
p62_solar_g10,58,0.0,2012
p62_solar_g10,59,0.14834278888413846,2012
p62_solar_g10,60,0.0,2012
p62_solar_g10,61,0.13005668366545578,2012
p62_solar_g10,62,0.0,2012
p62_solar_g10,63,0.10330956788565451,2012
p62_solar_g10,64,0.0,2012
p62_solar_g10,65,0.023123295087209988,2012
p62_solar_g10,66,0.024048135031190056,2012
p62_solar_g10,67,2.493979871863769e-17,2012
p62_solar_g10,68,0.0753642895883593,2012
p62_solar_g10,69,2.6607783158154823e-17,2012
p62_solar_g10,70,0.17016305517863548,2012
p62_solar_g10,71,2.849266101685293e-17,2012
p62_solar_g10,72,0.2159493392690344,2012
p62_solar_g10,73,3.058940651781311e-17,2012
p62_solar_g10,74,0.2545172323365265,2012
p62_solar_g10,75,0.0,2012
p62_solar_g10,76,0.2738398868620278,2012
p62_solar_g10,77,0.0,2012
p62_solar_g10,78,0.2687665749476119,2012
p62_solar_g10,79,0.0,2012
p62_solar_g10,80,0.2444449053250891,2012
p62_solar_g10,81,0.0,2012
p62_solar_g10,82,0.12450000322030105,2012
p62_solar_g10,83,0.0,2012
p62_solar_g10,84,0.045445851974764605,2012
p62_solar_g10,85,0.04762047561920756,2012
p62_solar_g10,86,4.951351746784791e-17,2012
p62_solar_g10,87,0.2404085573361957,2012
p62_solar_g10,88,5.3010089045618956e-17,2012
p62_solar_g10,89,0.33874907585003083,2012
p62_solar_g10,90,5.665315579425926e-17,2012
p62_solar_g10,91,0.4277333279984373,2012
p62_solar_g10,92,6.043300395927026e-17,2012
p62_solar_g10,93,0.5146294396079604,2012
p62_solar_g10,94,0.0,2012
p62_solar_g10,95,0.5312716877160463,2012
p62_solar_g10,96,0.0,2012
p62_solar_g10,97,0.5141001801390264,2012
p62_solar_g10,98,0.0,2012
p62_solar_g10,99,0.3492693547893769,2012
p62_solar_g10,100,0.0,2012
p62_solar_g10,101,0.2304178280310507,2012
p62_solar_g10,102,0.08117354821438202,2012
p62_solar_g10,103,0.0826100662645477,2012
p62_solar_g10,104,0.25154191173971785,2012
p62_solar_g10,105,8.835087734251945e-17,2012
p62_solar_g10,106,0.4236292417205078,2012
p62_solar_g10,107,9.282259346016747e-17,2012
p62_solar_g10,108,0.5856991331752139,2012
p62_solar_g10,109,9.733464998388386e-17,2012
p62_solar_g10,110,0.7956817146130727,2012
p62_solar_g10,111,1.0187501611314278e-16,2012
p62_solar_g10,112,0.8566688633717691,2012
p62_solar_g10,113,0.0,2012
p62_solar_g10,114,0.8679338024756248,2012
p62_solar_g10,115,0.0,2012
p62_solar_g10,116,0.6969506270262945,2012
p62_solar_g10,117,0.0,2012
p62_solar_g10,118,0.5499953426441326,2012
p62_solar_g10,119,0.0,2012
p62_solar_g10,120,0.35639033409905413,2012
p62_solar_g10,121,0.1240829359697859,2012
p62_solar_g10,122,0.12554490282839295,2012
p62_solar_g10,123,0.3778886440555148,2012
p62_solar_g10,124,1.3197246212356026e-16,2012
p62_solar_g10,125,0.6256725611034085,2012
p62_solar_g10,126,1.3632786706860636e-16,2012
p62_solar_g10,127,1.0,2012
p62_solar_g10,128,1.406076113754405e-16,2012
p62_solar_g10,129,1.0,2012
p62_solar_g10,130,0.0,2012
p62_solar_g10,131,1.0,2012
p62_solar_g10,132,0.0,2012
p62_solar_g10,133,1.0,2012
p62_solar_g10,134,0.0,2012
p62_solar_g10,135,0.9502464470505514,2012
p62_solar_g10,136,0.0,2012
p62_solar_g10,137,0.7387005489906806,2012
p62_solar_g10,138,0.0,2012
p62_solar_g10,139,0.47167017348319934,2012
p62_solar_g10,140,0.16264025498717516,2012
p62_solar_g10,141,1.6639036952483334e-16,2012
p62_solar_g10,142,0.4882954058351326,2012
p62_solar_g10,143,1.6973112278718784e-16,2012
p62_solar_g10,144,1.0,2012
p62_solar_g10,145,1.7290715005845852e-16,2012
p62_solar_g10,146,1.0,2012
p62_solar_g10,147,1.7590998288299464e-16,2012
p62_solar_g10,148,1.0,2012
p62_solar_g10,149,0.0,2012
p62_solar_g10,150,1.0,2012
p62_solar_g10,151,0.0,2012
p62_solar_g10,152,1.0,2012
p62_solar_g10,153,0.0,2012
p62_solar_g10,154,1.0,2012
p62_solar_g10,155,0.0,2012
p62_solar_g10,156,0.542662069291584,2012
p62_solar_g10,157,0.0,2012
p62_solar_g10,158,0.1863159562199233,2012
p62_solar_g10,159,0.18743444137246376,2012
p62_solar_g10,160,1.9096408827404356e-16,2012
p62_solar_g10,161,0.890394990136067,2012
p62_solar_g10,162,1.9241073183500813e-16,2012
p62_solar_g10,163,1.0,2012
p62_solar_g10,164,1.9363217723415627e-16,2012
p62_solar_g10,165,1.0,2012
p62_solar_g10,166,1.946251676492668e-16,2012
p62_solar_g10,167,1.0,2012
p62_solar_g10,168,0.0,2012
p62_solar_g10,169,1.0,2012
p62_solar_g10,170,0.0,2012
p62_solar_g10,171,1.0,2012
p62_solar_g10,172,0.0,2012
p62_solar_g10,173,0.9104434020704799,2012
p62_solar_g10,174,0.0,2012
p62_solar_g10,175,0.5680448746869898,2012
p62_solar_g10,176,0.0,2012
p62_solar_g10,177,0.192760708591176,2012
p62_solar_g10,178,0.5660588160959299,2012
p62_solar_g10,179,1.9527621678831686e-16,2012
p62_solar_g10,180,0.903452183217792,2012
p62_solar_g10,181,1.9447565413259515e-16,2012
p62_solar_g10,182,1.0,2012
p62_solar_g10,183,1.934443874735118e-16,2012
p62_solar_g10,184,1.0,2012
p62_solar_g10,185,1.9218516654689086e-16,2012
p62_solar_g10,186,1.0,2012
p62_solar_g10,187,0.0,2012
p62_solar_g10,188,1.0,2012
p62_solar_g10,189,0.0,2012
p62_solar_g10,190,1.0,2012
p62_solar_g10,191,0.0,2012
p62_solar_g10,192,0.8612880474104481,2012
p62_solar_g10,193,0.0,2012
p62_solar_g10,194,0.531074408986489,2012
p62_solar_g10,195,0.1789226009199673,2012
p62_solar_g10,196,0.17809053311712186,2012
p62_solar_g10,197,0.51883880225912,2012
p62_solar_g10,198,1.7827425147037158e-16,2012
p62_solar_g10,199,0.8182169090203072,2012
p62_solar_g10,200,1.7542188379535556e-16,2012
p62_solar_g10,201,1.0,2012
p62_solar_g10,202,1.7238961646949123e-16,2012
p62_solar_g10,203,1.0,2012
p62_solar_g10,204,0.0,2012
p62_solar_g10,205,1.0,2012
p62_solar_g10,206,0.0,2012
p62_solar_g10,207,1.0,2012
p62_solar_g10,208,0.0,2012
p62_solar_g10,209,0.9771198754713446,2012
p62_solar_g10,210,0.0,2012
p62_solar_g10,211,0.7241316405963831,2012
p62_solar_g10,212,0.0,2012
p62_solar_g10,213,0.4407744171953977,2012
p62_solar_g10,214,0.14721210884029698,2012
p62_solar_g10,215,1.4821959100134586e-16,2012
p62_solar_g10,216,0.4212757271490021,2012
p62_solar_g10,217,1.441080291348487e-16,2012
p62_solar_g10,218,0.8637111213697519,2012
p62_solar_g10,219,1.3990006185946006e-16,2012
p62_solar_g10,220,0.9908885289716285,2012
p62_solar_g10,221,1.3560690916204036e-16,2012
p62_solar_g10,222,1.0,2012
p62_solar_g10,223,0.0,2012
p62_solar_g10,224,1.0,2012
p62_solar_g10,225,0.0,2012
p62_solar_g10,226,0.8953255588206499,2012
p62_solar_g10,227,0.0,2012
p62_solar_g10,228,0.7293119212392507,2012
p62_solar_g10,229,0.0,2012
p62_solar_g10,230,0.3323737868102204,2012
p62_solar_g10,231,0.0,2012
p62_solar_g10,232,0.10849691749590641,2012
p62_solar_g10,233,0.10550418342650075,2012
p62_solar_g10,234,1.0567154738678905e-16,2012
p62_solar_g10,235,0.4760765035134446,2012
p62_solar_g10,236,1.011168355415839e-16,2012
p62_solar_g10,237,0.5995297841148629,2012
p62_solar_g10,238,9.65803486055624e-17,2012
p62_solar_g10,239,0.676554269832913,2012
p62_solar_g10,240,9.207418251970575e-17,2012
p63_solar_g01,1,0.0,2012
p63_solar_g01,2,0.6488730368922366,2012
p63_solar_g01,3,0.0,2012
p63_solar_g01,4,0.5623267670116033,2012
p63_solar_g01,5,0.0,2012
p63_solar_g01,6,0.4508383892272923,2012
p63_solar_g01,7,0.0,2012
p63_solar_g01,8,0.20216399693273093,2012
p63_solar_g01,9,0.0,2012
p63_solar_g01,10,0.06491458185486283,2012
p63_solar_g01,11,0.062425953798711735,2012
p63_solar_g01,12,6.217594809739014e-17,2012
p63_solar_g01,13,0.2769808861294902,2012
p63_solar_g01,14,5.849762766854176e-17,2012
p63_solar_g01,15,0.34291718402006216,2012
p63_solar_g01,16,5.4927745384090075e-17,2012
p63_solar_g01,17,0.3804060366597279,2012
p63_solar_g01,18,5.1475819861862414e-17,2012
p63_solar_g01,19,0.40211289225806596,2012
p63_solar_g01,20,0.0,2012
p63_solar_g01,21,0.36477968995866866,2012
p63_solar_g01,22,0.0,2012
p63_solar_g01,23,0.31029741975074476,2012
p63_solar_g01,24,0.0,2012
p63_solar_g01,25,0.18541855595064294,2012
p63_solar_g01,26,0.0,2012
p63_solar_g01,27,0.10767883795150911,2012
p63_solar_g01,28,0.0348641762345261,2012
p63_solar_g01,29,0.03402302205398243,2012
p63_solar_g01,30,0.09530961549749888,2012
p63_solar_g01,31,3.211923647659919e-17,2012
p63_solar_g01,32,0.14187707051670578,2012
p63_solar_g01,33,2.985002092538167e-17,2012
p63_solar_g01,34,0.173823986873367,2012
p63_solar_g01,35,2.776562856392905e-17,2012
p63_solar_g01,36,0.2099542079701542,2012
p63_solar_g01,37,2.5871617148130794e-17,2012
p63_solar_g01,38,0.20183146093424884,2012
p63_solar_g01,39,0.0,2012
p63_solar_g01,40,0.18355285104438154,2012
p63_solar_g01,41,0.0,2012
p63_solar_g01,42,0.13317200733091672,2012
p63_solar_g01,43,0.0,2012
p63_solar_g01,44,0.09570212066405265,2012
p63_solar_g01,45,0.0,2012
p63_solar_g01,46,0.056997357627817116,2012
p63_solar_g01,47,0.018868580594698845,2012
p63_solar_g01,48,0.018650610577114878,2012
p63_solar_g01,49,0.05379209550327052,2012
p63_solar_g01,50,1.8427408487510998e-17,2012
p63_solar_g01,51,0.08441912574446114,2012
p63_solar_g01,52,1.8121167561256342e-17,2012
p63_solar_g01,53,0.13041311484564608,2012
p63_solar_g01,54,1.8031023257286404e-17,2012
p63_solar_g01,55,0.14343260458769647,2012
p63_solar_g01,56,0.0,2012
p63_solar_g01,57,0.1499321205788591,2012
p63_solar_g01,58,0.0,2012
p63_solar_g01,59,0.13627021463683425,2012
p63_solar_g01,60,0.0,2012
p63_solar_g01,61,0.11947228666361907,2012
p63_solar_g01,62,0.0,2012
p63_solar_g01,63,0.09490193015591897,2012
p63_solar_g01,64,0.0,2012
p63_solar_g01,65,0.021241453044987767,2012
p63_solar_g01,66,0.022091026783077013,2012
p63_solar_g01,67,2.2910124246367002e-17,2012
p63_solar_g01,68,0.06923092113482818,2012
p63_solar_g01,69,2.4442363186282224e-17,2012
p63_solar_g01,70,0.15631468322038214,2012
p63_solar_g01,71,2.6173844118392912e-17,2012
p63_solar_g01,72,0.19837474429483634,2012
p63_solar_g01,73,2.809995027834803e-17,2012
p63_solar_g01,74,0.23380386832527703,2012
p63_solar_g01,75,0.0,2012
p63_solar_g01,76,0.25155398816157065,2012
p63_solar_g01,77,0.0,2012
p63_solar_g01,78,0.2468935573533227,2012
p63_solar_g01,79,0.0,2012
p63_solar_g01,80,0.2245512570317616,2012
p63_solar_g01,81,0.0,2012
p63_solar_g01,82,0.11436782528315424,2012
p63_solar_g01,83,0.0,2012
p63_solar_g01,84,0.041747334329758905,2012
p63_solar_g01,85,0.04374498067988939,2012
p63_solar_g01,86,4.548396119233082e-17,2012
p63_solar_g01,87,0.22084339896240135,2012
p63_solar_g01,88,4.8695971448980795e-17,2012
p63_solar_g01,89,0.31118067565904284,2012
p63_solar_g01,90,5.204255466686319e-17,2012
p63_solar_g01,91,0.39292312657812545,2012
p63_solar_g01,92,5.55147876255073e-17,2012
p63_solar_g01,93,0.4727473760021037,2012
p63_solar_g01,94,0.0,2012
p63_solar_g01,95,0.48803522881104333,2012
p63_solar_g01,96,0.0,2012
p63_solar_g01,97,0.47226118923176774,2012
p63_solar_g01,98,0.0,2012
p63_solar_g01,99,0.3208447832296761,2012
p63_solar_g01,100,0.0,2012
p63_solar_g01,101,0.21166574471286478,2012
p63_solar_g01,102,0.07456740513788472,2012
p63_solar_g01,103,0.07588701510678354,2012
p63_solar_g01,104,0.23107068810539338,2012
p63_solar_g01,105,8.11606220253897e-17,2012
p63_solar_g01,106,0.3891530429617365,2012
p63_solar_g01,107,8.526841667945153e-17,2012
p63_solar_g01,108,0.5380332080228822,2012
p63_solar_g01,109,8.941326871820206e-17,2012
p63_solar_g01,110,0.7309267868599533,2012
p63_solar_g01,111,9.358412644319176e-17,2012
p63_solar_g01,112,0.7869506213446016,2012
p63_solar_g01,113,0.0,2012
p63_solar_g01,114,0.7972987864364163,2012
p63_solar_g01,115,0.0,2012
p63_solar_g01,116,0.6402307267549587,2012
p63_solar_g01,117,0.0,2012
p63_solar_g01,118,0.5052350974061333,2012
p63_solar_g01,119,0.0,2012
p63_solar_g01,120,0.3273862362133602,2012
p63_solar_g01,121,0.11398470019717459,2012
p63_solar_g01,122,0.11532768787532807,2012
p63_solar_g01,123,0.34713495021646695,2012
p63_solar_g01,124,1.212321534131004e-16,2012
p63_solar_g01,125,0.5747534803362171,2012
p63_solar_g01,126,1.2523310264127836e-16,2012
p63_solar_g01,127,0.9244834383586135,2012
p63_solar_g01,128,1.291645487174241e-16,2012
p63_solar_g01,129,1.0,2012
p63_solar_g01,130,0.0,2012
p63_solar_g01,131,1.0,2012
p63_solar_g01,132,0.0,2012
p63_solar_g01,133,1.0,2012
p63_solar_g01,134,0.0,2012
p63_solar_g01,135,0.8729125849090298,2012
p63_solar_g01,136,0.0,2012
p63_solar_g01,137,0.6785829167734538,2012
p63_solar_g01,138,0.0,2012
p63_solar_g01,139,0.43328426182245644,2012
p63_solar_g01,140,0.14940411072493726,2012
p63_solar_g01,141,1.5284902986663228e-16,2012
p63_solar_g01,142,0.44855648366773027,2012
p63_solar_g01,143,1.5591790276253903e-16,2012
p63_solar_g01,144,0.9649725673950292,2012
p63_solar_g01,145,1.5883545555498738e-16,2012
p63_solar_g01,146,1.0,2012
p63_solar_g01,147,1.6159390897625661e-16,2012
p63_solar_g01,148,1.0,2012
p63_solar_g01,149,0.0,2012
p63_solar_g01,150,1.0,2012
p63_solar_g01,151,0.0,2012
p63_solar_g01,152,1.0,2012
p63_solar_g01,153,0.0,2012
p63_solar_g01,154,1.0,2012
p63_solar_g01,155,0.0,2012
p63_solar_g01,156,0.49849862749573626,2012
p63_solar_g01,157,0.0,2012
p63_solar_g01,158,0.17115301347196604,2012
p63_solar_g01,159,0.17218047299966743,2012
p63_solar_g01,160,1.754228668125961e-16,2012
p63_solar_g01,161,0.8179320163123712,2012
p63_solar_g01,162,1.767517782483222e-16,2012
p63_solar_g01,163,1.0,2012
p63_solar_g01,164,1.7787381881369874e-16,2012
p63_solar_g01,165,1.0,2012
p63_solar_g01,166,1.78785996736315e-16,2012
p63_solar_g01,167,1.0,2012
p63_solar_g01,168,0.0,2012
p63_solar_g01,169,1.0,2012
p63_solar_g01,170,0.0,2012
p63_solar_g01,171,1.0,2012
p63_solar_g01,172,0.0,2012
p63_solar_g01,173,0.8363488292763227,2012
p63_solar_g01,174,0.0,2012
p63_solar_g01,175,0.5218157052272228,2012
p63_solar_g01,176,0.0,2012
p63_solar_g01,177,0.1770732728625171,2012
p63_solar_g01,178,0.519991277949558,2012
p63_solar_g01,179,1.7938406157374208e-16,2012
p63_solar_g01,180,0.8299265764604278,2012
p63_solar_g01,181,1.786486510711754e-16,2012
p63_solar_g01,182,1.0,2012
p63_solar_g01,183,1.7770131193835876e-16,2012
p63_solar_g01,184,1.0,2012
p63_solar_g01,185,1.7654457012949437e-16,2012
p63_solar_g01,186,1.0,2012
p63_solar_g01,187,0.0,2012
p63_solar_g01,188,1.0,2012
p63_solar_g01,189,0.0,2012
p63_solar_g01,190,1.0,2012
p63_solar_g01,191,0.0,2012
p63_solar_g01,192,0.7911938825447766,2012
p63_solar_g01,193,0.0,2012
p63_solar_g01,194,0.48785400520710376,2012
p63_solar_g01,195,0.16436135126047646,2012
p63_solar_g01,196,0.16359699959270038,2012
p63_solar_g01,197,0.47661416828956576,2012
p63_solar_g01,198,1.6376576640380312e-16,2012
p63_solar_g01,199,0.7516280005950887,2012
p63_solar_g01,200,1.6114553283383036e-16,2012
p63_solar_g01,201,1.0,2012
p63_solar_g01,202,1.5836004037787738e-16,2012
p63_solar_g01,203,1.0,2012
p63_solar_g01,204,0.0,2012
p63_solar_g01,205,1.0,2012
p63_solar_g01,206,0.0,2012
p63_solar_g01,207,1.0,2012
p63_solar_g01,208,0.0,2012
p63_solar_g01,209,0.8975989743619698,2012
p63_solar_g01,210,0.0,2012
p63_solar_g01,211,0.6651996691693798,2012
p63_solar_g01,212,0.0,2012
p63_solar_g01,213,0.4049028934231178,2012
p63_solar_g01,214,0.13523155267410006,2012
p63_solar_g01,215,1.3615704296157296e-16,2012
p63_solar_g01,216,0.3869910643564907,2012
p63_solar_g01,217,1.3238009214209097e-16,2012
p63_solar_g01,218,0.7934197595894179,2012
p63_solar_g01,219,1.2851458167059885e-16,2012
p63_solar_g01,220,0.9102470941786285,2012
p63_solar_g01,221,1.2457081841829126e-16,2012
p63_solar_g01,222,0.9664914358514576,2012
p63_solar_g01,223,0.0,2012
p63_solar_g01,224,0.9343758934475602,2012
p63_solar_g01,225,0.0,2012
p63_solar_g01,226,0.8224613207563812,2012
p63_solar_g01,227,0.0,2012
p63_solar_g01,228,0.6699583632750566,2012
p63_solar_g01,229,0.0,2012
p63_solar_g01,230,0.30532422646888124,2012
p63_solar_g01,231,0.0,2012
p63_solar_g01,232,0.09966711793553815,2012
p63_solar_g01,233,0.0969179414028831,2012
p63_solar_g01,234,9.707168478982164e-17,2012
p63_solar_g01,235,0.4373319917020074,2012
p63_solar_g01,236,9.288764884561537e-17,2012
p63_solar_g01,237,0.5507382797441988,2012
p63_solar_g01,238,8.872035461366135e-17,2012
p63_solar_g01,239,0.6214942853447701,2012
p63_solar_g01,240,8.458091363154182e-17,2012
p63_solar_g02,1,0.0,2012
p63_solar_g02,2,0.6506290889581642,2012
p63_solar_g02,3,0.0,2012
p63_solar_g02,4,0.5638485979782075,2012
p63_solar_g02,5,0.0,2012
p63_solar_g02,6,0.4520584980001793,2012
p63_solar_g02,7,0.0,2012
p63_solar_g02,8,0.20271111552802687,2012
p63_solar_g02,9,0.0,2012
p63_solar_g02,10,0.0650902608846481,2012
p63_solar_g02,11,0.06259489782767118,2012
p63_solar_g02,12,6.234421553323607e-17,2012
p63_solar_g02,13,0.2777304824752402,2012
p63_solar_g02,14,5.86559404263213e-17,2012
p63_solar_g02,15,0.3438452244766738,2012
p63_solar_g02,16,5.507639693111759e-17,2012
p63_solar_g02,17,0.381435533600712,2012
p63_solar_g02,18,5.1615129425789863e-17,2012
p63_solar_g02,19,0.4032011346953968,2012
p63_solar_g02,20,0.0,2012
p63_solar_g02,21,0.365766897149814,2012
p63_solar_g02,22,0.0,2012
p63_solar_g02,23,0.31113718098911436,2012
p63_solar_g02,24,0.0,2012
p63_solar_g02,25,0.18592035617923294,2012
p63_solar_g02,26,0.0,2012
p63_solar_g02,27,0.10797025034667822,2012
p63_solar_g02,28,0.03495852952896522,2012
p63_solar_g02,29,0.034115098923832264,2012
p63_solar_g02,30,0.09556755293314691,2012
p63_solar_g02,31,3.220616111110225e-17,2012
p63_solar_g02,32,0.14226103395581227,2012
p63_solar_g02,33,2.993080435747657e-17,2012
p63_solar_g02,34,0.17429440859518597,2012
p63_solar_g02,35,2.7840770982598484e-17,2012
p63_solar_g02,36,0.21052240929721502,2012
p63_solar_g02,37,2.5941633783371883e-17,2012
p63_solar_g02,38,0.20237767958380204,2012
p63_solar_g02,39,0.0,2012
p63_solar_g02,40,0.18404960209575388,2012
p63_solar_g02,41,0.0,2012
p63_solar_g02,42,0.13353241216406747,2012
p63_solar_g02,43,0.0,2012
p63_solar_g02,44,0.0959611203406468,2012
p63_solar_g02,45,0.0,2012
p63_solar_g02,46,0.057151610188678814,2012
p63_solar_g02,47,0.01891964483693202,2012
p63_solar_g02,48,0.018701084924749378,2012
p63_solar_g02,49,0.053937673628833435,2012
p63_solar_g02,50,1.8477278780934145e-17,2012
p63_solar_g02,51,0.08464759013077217,2012
p63_solar_g02,52,1.8170209071573016e-17,2012
p63_solar_g02,53,0.13076605325844498,2012
p63_solar_g02,54,1.807982080910547e-17,2012
p63_solar_g02,55,0.1438207777853592,2012
p63_solar_g02,56,0.0,2012
p63_solar_g02,57,0.15033788348642638,2012
p63_solar_g02,58,0.0,2012
p63_solar_g02,59,0.13663900418167882,2012
p63_solar_g02,60,0.0,2012
p63_solar_g02,61,0.11979561579565015,2012
p63_solar_g02,62,0.0,2012
p63_solar_g02,63,0.09515876426835025,2012
p63_solar_g02,64,0.0,2012
p63_solar_g02,65,0.021298939017407897,2012
p63_solar_g02,66,0.02215081196602541,2012
p63_solar_g02,67,2.2972126161573983e-17,2012
p63_solar_g02,68,0.06941828151994628,2012
p63_solar_g02,69,2.4508511816182142e-17,2012
p63_solar_g02,70,0.15673771932574823,2012
p63_solar_g02,71,2.6244678673728276e-17,2012
p63_solar_g02,72,0.1989116079950376,2012
p63_solar_g02,73,2.8175997475462416e-17,2012
p63_solar_g02,74,0.23443661424420267,2012
p63_solar_g02,75,0.0,2012
p63_solar_g02,76,0.25223477142037143,2012
p63_solar_g02,77,0.0,2012
p63_solar_g02,78,0.2475617280381935,2012
p63_solar_g02,79,0.0,2012
p63_solar_g02,80,0.2251589625094092,2012
p63_solar_g02,81,0.0,2012
p63_solar_g02,82,0.11467734015655076,2012
p63_solar_g02,83,0.0,2012
p63_solar_g02,84,0.04186031558884752,2012
p63_solar_g02,85,0.04386336819074174,2012
p63_solar_g02,86,4.560705492481338e-17,2012
p63_solar_g02,87,0.22144106982394893,2012
p63_solar_g02,88,4.88277578793045e-17,2012
p63_solar_g02,89,0.3120228272623595,2012
p63_solar_g02,90,5.2183397991277775e-17,2012
p63_solar_g02,91,0.3939864986539369,2012
p63_solar_g02,92,5.566502789125515e-17,2012
p63_solar_g02,93,0.4740267773011103,2012
p63_solar_g02,94,0.0,2012
p63_solar_g02,95,0.4893560037902345,2012
p63_solar_g02,96,0.0,2012
p63_solar_g02,97,0.4735392747582982,2012
p63_solar_g02,98,0.0,2012
p63_solar_g02,99,0.3217130889110633,2012
p63_solar_g02,100,0.0,2012
p63_solar_g02,101,0.21223857799018717,2012
p63_solar_g02,102,0.07476920770695183,2012
p63_solar_g02,103,0.07609238895047658,2012
p63_solar_g02,104,0.231696037189347,2012
p63_solar_g02,105,8.138026788810308e-17,2012
p63_solar_g02,106,0.390206212019782,2012
p63_solar_g02,107,8.549917951093776e-17,2012
p63_solar_g02,108,0.5394892930699838,2012
p63_solar_g02,109,8.965524880725916e-17,2012
p63_solar_g02,110,0.732904901870333,2012
p63_solar_g02,111,9.383739416928758e-17,2012
p63_solar_g02,112,0.789080354259709,2012
p63_solar_g02,113,0.0,2012
p63_solar_g02,114,0.7994565247018078,2012
p63_solar_g02,115,0.0,2012
p63_solar_g02,116,0.6419633900441795,2012
p63_solar_g02,117,0.0,2012
p63_solar_g02,118,0.5066024205743581,2012
p63_solar_g02,119,0.0,2012
p63_solar_g02,120,0.32827224509918507,2012
p63_solar_g02,121,0.11429317821503777,2012
p63_solar_g02,122,0.11563980043516273,2012
p63_solar_g02,123,0.3480744052590171,2012
p63_solar_g02,124,1.2156024529140921e-16,2012
p63_solar_g02,125,0.5763089418505026,2012
p63_solar_g02,126,1.2557202233143686e-16,2012
p63_solar_g02,127,0.926985377812934,2012
p63_solar_g02,128,1.2951410812230578e-16,2012
p63_solar_g02,129,1.0,2012
p63_solar_g02,130,0.0,2012
p63_solar_g02,131,1.0,2012
p63_solar_g02,132,0.0,2012
p63_solar_g02,133,1.0,2012
p63_solar_g02,134,0.0,2012
p63_solar_g02,135,0.8752749576090041,2012
p63_solar_g02,136,0.0,2012
p63_solar_g02,137,0.6804193730062639,2012
p63_solar_g02,138,0.0,2012
p63_solar_g02,139,0.4344568636718897,2012
p63_solar_g02,140,0.14980844467376825,2012
p63_solar_g02,141,1.5326268683712046e-16,2012
p63_solar_g02,142,0.4497704168951032,2012
p63_solar_g02,143,1.563398650566923e-16,2012
p63_solar_g02,144,0.967584083013945,2012
p63_solar_g02,145,1.5926531365358518e-16,2012
p63_solar_g02,146,1.0,2012
p63_solar_g02,147,1.6203123230696265e-16,2012
p63_solar_g02,148,1.0,2012
p63_solar_g02,149,0.0,2012
p63_solar_g02,150,1.0,2012
p63_solar_g02,151,0.0,2012
p63_solar_g02,152,1.0,2012
p63_solar_g02,153,0.0,2012
p63_solar_g02,154,1.0,2012
p63_solar_g02,155,0.0,2012
p63_solar_g02,156,0.499847719683121,2012
p63_solar_g02,157,0.0,2012
p63_solar_g02,158,0.1716162067097937,2012
p63_solar_g02,159,0.1726464468622455,2012
p63_solar_g02,160,1.7589761560035987e-16,2012
p63_solar_g02,161,0.8201455945092907,2012
p63_solar_g02,162,1.7723012348337145e-16,2012
p63_solar_g02,163,1.0,2012
p63_solar_g02,164,1.7835520063917608e-16,2012
p63_solar_g02,165,1.0,2012
p63_solar_g02,166,1.792698471986973e-16,2012
p63_solar_g02,167,1.0,2012
p63_solar_g02,168,0.0,2012
p63_solar_g02,169,1.0,2012
p63_solar_g02,170,0.0,2012
p63_solar_g02,171,1.0,2012
p63_solar_g02,172,0.0,2012
p63_solar_g02,173,0.8386122490918861,2012
p63_solar_g02,174,0.0,2012
p63_solar_g02,175,0.5232279006724002,2012
p63_solar_g02,176,0.0,2012
p63_solar_g02,177,0.17755248816189223,2012
p63_solar_g02,178,0.5213985359276072,2012
p63_solar_g02,179,1.7986953058541463e-16,2012
p63_solar_g02,180,0.8321726156642474,2012
p63_solar_g02,181,1.791321298335096e-16,2012
p63_solar_g02,182,1.0,2012
p63_solar_g02,183,1.7818222690662737e-16,2012
p63_solar_g02,184,1.0,2012
p63_solar_g02,185,1.7702235459498706e-16,2012
p63_solar_g02,186,1.0,2012
p63_solar_g02,187,0.0,2012
p63_solar_g02,188,1.0,2012
p63_solar_g02,189,0.0,2012
p63_solar_g02,190,1.0,2012
p63_solar_g02,191,0.0,2012
p63_solar_g02,192,0.7933350990432251,2012
p63_solar_g02,193,0.0,2012
p63_solar_g02,194,0.48917428973891,2012
p63_solar_g02,195,0.16480616414994706,2012
p63_solar_g02,196,0.16403974390904652,2012
p63_solar_g02,197,0.4779040343300532,2012
p63_solar_g02,198,1.6420896745558203e-16,2012
p63_solar_g02,199,0.7536621395224444,2012
p63_solar_g02,200,1.615816427193685e-16,2012
p63_solar_g02,201,1.0,2012
p63_solar_g02,202,1.587886118552774e-16,2012
p63_solar_g02,203,1.0,2012
p63_solar_g02,204,0.0,2012
p63_solar_g02,205,1.0,2012
p63_solar_g02,206,0.0,2012
p63_solar_g02,207,1.0,2012
p63_solar_g02,208,0.0,2012
p63_solar_g02,209,0.9000281561027493,2012
p63_solar_g02,210,0.0,2012
p63_solar_g02,211,0.6669999061755189,2012
p63_solar_g02,212,0.0,2012
p63_solar_g02,213,0.40599868647055454,2012
p63_solar_g02,214,0.135597531276924,2012
p63_solar_g02,215,1.3652552622869779e-16,2012
p63_solar_g02,216,0.38803838242862626,2012
p63_solar_g02,217,1.3273835380666436e-16,2012
p63_solar_g02,218,0.7955670000028088,2012
p63_solar_g02,219,1.288623820626838e-16,2012
p63_solar_g02,220,0.9127105056618557,2012
p63_solar_g02,221,1.2490794576154693e-16,2012
p63_solar_g02,222,0.9691070620003833,2012
p63_solar_g02,223,0.0,2012
p63_solar_g02,224,0.9369046049592915,2012
p63_solar_g02,225,0.0,2012
p63_solar_g02,226,0.8246871566585433,2012
p63_solar_g02,227,0.0,2012
p63_solar_g02,228,0.6717714787861423,2012
p63_solar_g02,229,0.0,2012
p63_solar_g02,230,0.30615052870088083,2012
p63_solar_g02,231,0.0,2012
p63_solar_g02,232,0.09993684812681562,2012
p63_solar_g02,233,0.09718023146819559,2012
p63_solar_g02,234,9.733439093251275e-17,2012
p63_solar_g02,235,0.4385155479662694,2012
p63_solar_g02,236,9.313903168691162e-17,2012
p63_solar_g02,237,0.5522287486632992,2012
p63_solar_g02,238,8.896045946183832e-17,2012
p63_solar_g02,239,0.6231762420014513,2012
p63_solar_g02,240,8.480981586614858e-17,2012
p63_solar_g03,1,0.0,2012
p63_solar_g03,2,0.6522493224166624,2012
p63_solar_g03,3,0.0,2012
p63_solar_g03,4,0.5652527257362124,2012
p63_solar_g03,5,0.0,2012
p63_solar_g03,6,0.45318423971091526,2012
p63_solar_g03,7,0.0,2012
p63_solar_g03,8,0.20321591824490806,2012
p63_solar_g03,9,0.0,2012
p63_solar_g03,10,0.06525235234397182,2012
p63_solar_g03,11,0.06275077519238303,2012
p63_solar_g03,12,6.249946863468059e-17,2012
p63_solar_g03,13,0.27842210267450274,2012
p63_solar_g03,14,5.880200877590984e-17,2012
p63_solar_g03,15,0.34470148735624173,2012
p63_solar_g03,16,5.521355129847645e-17,2012
p63_solar_g03,17,0.382385406000038,2012
p63_solar_g03,18,5.17436643484972e-17,2012
p63_solar_g03,19,0.40420520902902984,2012
p63_solar_g03,20,0.0,2012
p63_solar_g03,21,0.3666777506219854,2012
p63_solar_g03,22,0.0,2012
p63_solar_g03,23,0.31191199244371537,2012
p63_solar_g03,24,0.0,2012
p63_solar_g03,25,0.18638334559487663,2012
p63_solar_g03,26,0.0,2012
p63_solar_g03,27,0.10823912398774804,2012
p63_solar_g03,28,0.03504558524191133,2012
p63_solar_g03,29,0.034200054278049334,2012
p63_solar_g03,30,0.09580554067368435,2012
p63_solar_g03,31,3.228636272011047e-17,2012
p63_solar_g03,32,0.14261530045106666,2012
p63_solar_g03,33,3.000533974404744e-17,2012
p63_solar_g03,34,0.1747284464167769,2012
p63_solar_g03,35,2.7910101649520597e-17,2012
p63_solar_g03,36,0.21104666414086676,2012
p63_solar_g03,37,2.6006235111128733e-17,2012
p63_solar_g03,38,0.20288165195958374,2012
p63_solar_g03,39,0.0,2012
p63_solar_g03,40,0.18450793285347689,2012
p63_solar_g03,41,0.0,2012
p63_solar_g03,42,0.13386494215028227,2012
p63_solar_g03,43,0.0,2012
p63_solar_g03,44,0.09620008816506403,2012
p63_solar_g03,45,0.0,2012
p63_solar_g03,46,0.05729393236978976,2012
p63_solar_g03,47,0.018966759609554292,2012
p63_solar_g03,48,0.018747655427082458,2012
p63_solar_g03,49,0.05407199228284095,2012
p63_solar_g03,50,1.8523291948514477e-17,2012
p63_solar_g03,51,0.08485838436060093,2012
p63_solar_g03,52,1.8215457556747287e-17,2012
p63_solar_g03,53,0.13109169430081577,2012
p63_solar_g03,54,1.812484420430207e-17,2012
p63_solar_g03,55,0.1441789284431606,2012
p63_solar_g03,56,0.0,2012
p63_solar_g03,57,0.1507122634104697,2012
p63_solar_g03,58,0.0,2012
p63_solar_g03,59,0.1369792703795298,2012
p63_solar_g03,60,0.0,2012
p63_solar_g03,61,0.12009393763245016,2012
p63_solar_g03,62,0.0,2012
p63_solar_g03,63,0.09539573402016971,2012
p63_solar_g03,64,0.0,2012
p63_solar_g03,65,0.02135197884334279,2012
p63_solar_g03,66,0.0222059731742919,2012
p63_solar_g03,67,2.3029332653032007e-17,2012
p63_solar_g03,68,0.06959115086172467,2012
p63_solar_g03,69,2.4569544302335144e-17,2012
p63_solar_g03,70,0.15712803648397264,2012
p63_solar_g03,71,2.6310034661058633e-17,2012
p63_solar_g03,72,0.19940694896276673,2012
p63_solar_g03,73,2.8246162942409815e-17,2012
p63_solar_g03,74,0.23502042159733494,2012
p63_solar_g03,75,0.0,2012
p63_solar_g03,76,0.25286290075394663,2012
p63_solar_g03,77,0.0,2012
p63_solar_g03,78,0.24817822029410144,2012
p63_solar_g03,79,0.0,2012
p63_solar_g03,80,0.22571966612799882,2012
p63_solar_g03,81,0.0,2012
p63_solar_g03,82,0.11496291617306542,2012
p63_solar_g03,83,0.0,2012
p63_solar_g03,84,0.041964558520882655,2012
p63_solar_g03,85,0.04397259923797154,2012
p63_solar_g03,86,4.572062819964356e-17,2012
p63_solar_g03,87,0.22199251493530867,2012
p63_solar_g03,88,4.8949351531297814e-17,2012
p63_solar_g03,89,0.3127998442035406,2012
p63_solar_g03,90,5.2313348048596893e-17,2012
p63_solar_g03,91,0.3949676261782809,2012
p63_solar_g03,92,5.580364810081583e-17,2012
p63_solar_g03,93,0.47520722566691764,2012
p63_solar_g03,94,0.0,2012
p63_solar_g03,95,0.4905746258652597,2012
p63_solar_g03,96,0.0,2012
p63_solar_g03,97,0.4747185091176242,2012
p63_solar_g03,98,0.0,2012
p63_solar_g03,99,0.3225142370913963,2012
p63_solar_g03,100,0.0,2012
p63_solar_g03,101,0.2127671065344526,2012
p63_solar_g03,102,0.07495540222860501,2012
p63_solar_g03,103,0.07628187853310814,2012
p63_solar_g03,104,0.23227301980206227,2012
p63_solar_g03,105,8.158292564677323e-17,2012
p63_solar_g03,106,0.39117792565994636,2012
p63_solar_g03,107,8.571209441693989e-17,2012
p63_solar_g03,108,0.5408327599053405,2012
p63_solar_g03,109,8.987851339273922e-17,2012
p63_solar_g03,110,0.7347300232245122,2012
p63_solar_g03,111,9.407107337034333e-17,2012
p63_solar_g03,112,0.7910453669114835,2012
p63_solar_g03,113,0.0,2012
p63_solar_g03,114,0.8014473766817136,2012
p63_solar_g03,115,0.0,2012
p63_solar_g03,116,0.643562043687757,2012
p63_solar_g03,117,0.0,2012
p63_solar_g03,118,0.5078639906546094,2012
p63_solar_g03,119,0.0,2012
p63_solar_g03,120,0.3290897272622678,2012
p63_solar_g03,121,0.11457779756969749,2012
p63_solar_g03,122,0.11592777322485022,2012
p63_solar_g03,123,0.34894119988443206,2012
p63_solar_g03,124,1.2186296150866254e-16,2012
p63_solar_g03,125,0.5777440990635211,2012
p63_solar_g03,126,1.2588472890340783e-16,2012
p63_solar_g03,127,0.9292938093758022,2012
p63_solar_g03,128,1.2983663149989306e-16,2012
p63_solar_g03,129,1.0,2012
p63_solar_g03,130,0.0,2012
p63_solar_g03,131,1.0,2012
p63_solar_g03,132,0.0,2012
p63_solar_g03,133,1.0,2012
p63_solar_g03,134,0.0,2012
p63_solar_g03,135,0.8774546169506647,2012
p63_solar_g03,136,0.0,2012
p63_solar_g03,137,0.6821137919196889,2012
p63_solar_g03,138,0.0,2012
p63_solar_g03,139,0.4355387727945245,2012
p63_solar_g03,140,0.15018150615925255,2012
p63_solar_g03,141,1.5364435027235124e-16,2012
p63_solar_g03,142,0.45089046069650024,2012
p63_solar_g03,143,1.5672919145565114e-16,2012
p63_solar_g03,144,0.9699936157751069,2012
p63_solar_g03,145,1.596619251705602e-16,2012
p63_solar_g03,146,1.0,2012
p63_solar_g03,147,1.6243473167144055e-16,2012
p63_solar_g03,148,1.0,2012
p63_solar_g03,149,0.0,2012
p63_solar_g03,150,1.0,2012
p63_solar_g03,151,0.0,2012
p63_solar_g03,152,1.0,2012
p63_solar_g03,153,0.0,2012
p63_solar_g03,154,1.0,2012
p63_solar_g03,155,0.0,2012
p63_solar_g03,156,0.5010924688241124,2012
p63_solar_g03,157,0.0,2012
p63_solar_g03,158,0.17204357512115231,2012
p63_solar_g03,159,0.17307638083606303,2012
p63_solar_g03,160,1.7633564581896282e-16,2012
p63_solar_g03,161,0.8221879675842354,2012
p63_solar_g03,162,1.7767147198867936e-16,2012
p63_solar_g03,163,1.0,2012
p63_solar_g03,164,1.7879935087542745e-16,2012
p63_solar_g03,165,1.0,2012
p63_solar_g03,166,1.7971627513968638e-16,2012
p63_solar_g03,167,1.0,2012
p63_solar_g03,168,0.0,2012
p63_solar_g03,169,1.0,2012
p63_solar_g03,170,0.0,2012
p63_solar_g03,171,1.0,2012
p63_solar_g03,172,0.0,2012
p63_solar_g03,173,0.8407006088774299,2012
p63_solar_g03,174,0.0,2012
p63_solar_g03,175,0.5245308724661248,2012
p63_solar_g03,176,0.0,2012
p63_solar_g03,177,0.1779946394380059,2012
p63_solar_g03,178,0.5226969521334899,2012
p63_solar_g03,179,1.8031745189198507e-16,2012
p63_solar_g03,180,0.8342449391093985,2012
p63_solar_g03,181,1.7957821482290512e-16,2012
p63_solar_g03,182,1.0,2012
p63_solar_g03,183,1.7862594639387952e-16,2012
p63_solar_g03,184,1.0,2012
p63_solar_g03,185,1.774631857024253e-16,2012
p63_solar_g03,186,1.0,2012
p63_solar_g03,187,0.0,2012
p63_solar_g03,188,1.0,2012
p63_solar_g03,189,0.0,2012
p63_solar_g03,190,1.0,2012
p63_solar_g03,191,0.0,2012
p63_solar_g03,192,0.7953107071017721,2012
p63_solar_g03,193,0.0,2012
p63_solar_g03,194,0.4903924592992984,2012
p63_solar_g03,195,0.1652165738070838,2012
p63_solar_g03,196,0.16444824498303098,2012
p63_solar_g03,197,0.47909413806121703,2012
p63_solar_g03,198,1.6461788993963975e-16,2012
p63_solar_g03,199,0.7555389517270954,2012
p63_solar_g03,200,1.6198402249035636e-16,2012
p63_solar_g03,201,1.0,2012
p63_solar_g03,202,1.5918403626239756e-16,2012
p63_solar_g03,203,1.0,2012
p63_solar_g03,204,0.0,2012
p63_solar_g03,205,1.0,2012
p63_solar_g03,206,0.0,2012
p63_solar_g03,207,1.0,2012
p63_solar_g03,208,0.0,2012
p63_solar_g03,209,0.9022694572632051,2012
p63_solar_g03,210,0.0,2012
p63_solar_g03,211,0.6686609071715415,2012
p63_solar_g03,212,0.0,2012
p63_solar_g03,213,0.4070097274262845,2012
p63_solar_g03,214,0.13593520393987923,2012
p63_solar_g03,215,1.3686550983731421e-16,2012
p63_solar_g03,216,0.38900469761659173,2012
p63_solar_g03,217,1.3306890638372162e-16,2012
p63_solar_g03,218,0.7975481660677103,2012
p63_solar_g03,219,1.29183282475074e-16,2012
p63_solar_g03,220,0.9149833891284775,2012
p63_solar_g03,221,1.252189986123797e-16,2012
p63_solar_g03,222,0.9715203873701947,2012
p63_solar_g03,223,0.0,2012
p63_solar_g03,224,0.9392377379441799,2012
p63_solar_g03,225,0.0,2012
p63_solar_g03,226,0.826740839389132,2012
p63_solar_g03,227,0.0,2012
p63_solar_g03,228,0.6734443622229052,2012
p63_solar_g03,229,0.0,2012
p63_solar_g03,230,0.30691292211112997,2012
p63_solar_g03,231,0.0,2012
p63_solar_g03,232,0.10018571653405393,2012
p63_solar_g03,233,0.09742223519228592,2012
p63_solar_g03,234,9.757677855324447e-17,2012
p63_solar_g03,235,0.439607564254727,2012
p63_solar_g03,236,9.337097178610532e-17,2012
p63_solar_g03,237,0.5536039400135071,2012
p63_solar_g03,238,8.918199384348464e-17,2012
p63_solar_g03,239,0.6247281108234383,2012
p63_solar_g03,240,8.502101407970439e-17,2012
p63_solar_g04,1,0.0,2012
p63_solar_g04,2,0.6543399782231608,2012
p63_solar_g04,3,0.0,2012
p63_solar_g04,4,0.567064531210875,2012
p63_solar_g04,5,0.0,2012
p63_solar_g04,6,0.4546368318863348,2012
p63_solar_g04,7,0.0,2012
p63_solar_g04,8,0.20386728655584394,2012
p63_solar_g04,9,0.0,2012
p63_solar_g04,10,0.06546150581431985,2012
p63_solar_g04,11,0.06295191035344713,2012
p63_solar_g04,12,6.269979828242943e-17,2012
p63_solar_g04,13,0.2793145294898457,2012
p63_solar_g04,14,5.899048694960212e-17,2012
p63_solar_g04,15,0.3458063595903436,2012
p63_solar_g04,16,5.53905273836211e-17,2012
p63_solar_g04,17,0.38361106655942684,2012
p63_solar_g04,18,5.1909518399397355e-17,2012
p63_solar_g04,19,0.4055008086383056,2012
p63_solar_g04,20,0.0,2012
p63_solar_g04,21,0.3678530634082237,2012
p63_solar_g04,22,0.0,2012
p63_solar_g04,23,0.31291176445682045,2012
p63_solar_g04,24,0.0,2012
p63_solar_g04,25,0.18698076043351342,2012
p63_solar_g04,26,0.0,2012
p63_solar_g04,27,0.10858606302666776,2012
p63_solar_g04,28,0.035157916912884425,2012
p63_solar_g04,29,0.03430967576725846,2012
p63_solar_g04,30,0.09611262632792777,2012
p63_solar_g04,31,3.2389850250678404e-17,2012
p63_solar_g04,32,0.14307242550392038,2012
p63_solar_g04,33,3.010151590798644e-17,2012
p63_solar_g04,34,0.17528850378825592,2012
p63_solar_g04,35,2.799956194341149e-17,2012
p63_solar_g04,36,0.21172313235426926,2012
p63_solar_g04,37,2.608959293852945e-17,2012
p63_solar_g04,38,0.20353194884625542,2012
p63_solar_g04,39,0.0,2012
p63_solar_g04,40,0.18509933642862497,2012
p63_solar_g04,41,0.0,2012
p63_solar_g04,42,0.134294019665543,2012
p63_solar_g04,43,0.0,2012
p63_solar_g04,44,0.09650843846301875,2012
p63_solar_g04,45,0.0,2012
p63_solar_g04,46,0.05747757670374202,2012
p63_solar_g04,47,0.019027553794761343,2012
p63_solar_g04,48,0.01880774731729959,2012
p63_solar_g04,49,0.054245309327029215,2012
p63_solar_g04,50,1.8582664686111413e-17,2012
p63_solar_g04,51,0.08513038107703481,2012
p63_solar_g04,52,1.827384359227115e-17,2012
p63_solar_g04,53,0.13151188272026593,2012
p63_solar_g04,54,1.818293979670101e-17,2012
p63_solar_g04,55,0.14464106539534258,2012
p63_solar_g04,56,0.0,2012
p63_solar_g04,57,0.15119534167177345,2012
p63_solar_g04,58,0.0,2012
p63_solar_g04,59,0.13741833025609326,2012
p63_solar_g04,60,0.0,2012
p63_solar_g04,61,0.12047887492469028,2012
p63_solar_g04,62,0.0,2012
p63_solar_g04,63,0.0957015061204848,2012
p63_solar_g04,64,0.0,2012
p63_solar_g04,65,0.021420418375611934,2012
p63_solar_g04,66,0.0222771500159692,2012
p63_solar_g04,67,2.3103148610176206e-17,2012
p63_solar_g04,68,0.06981421148996864,2012
p63_solar_g04,69,2.4648297102366235e-17,2012
p63_solar_g04,70,0.15763167923307012,2012
p63_solar_g04,71,2.639436625764736e-17,2012
p63_solar_g04,72,0.20004610837831122,2012
p63_solar_g04,73,2.833670041410552e-17,2012
p63_solar_g04,74,0.2357737329342293,2012
p63_solar_g04,75,0.0,2012
p63_solar_g04,76,0.25367340261809657,2012
p63_solar_g04,77,0.0,2012
p63_solar_g04,78,0.24897370634440785,2012
p63_solar_g04,79,0.0,2012
p63_solar_g04,80,0.22644316573836698,2012
p63_solar_g04,81,0.0,2012
p63_solar_g04,82,0.11533140699393539,2012
p63_solar_g04,83,0.0,2012
p63_solar_g04,84,0.0420990675880807,2012
p63_solar_g04,85,0.044113544681322975,2012
p63_solar_g04,86,4.5867176603048834e-17,2012
p63_solar_g04,87,0.22270406790193972,2012
p63_solar_g04,88,4.9106248966812296e-17,2012
p63_solar_g04,89,0.31380246204932527,2012
p63_solar_g04,90,5.2481028107580994e-17,2012
p63_solar_g04,91,0.39623361654832684,2012
p63_solar_g04,92,5.5982515624194e-17,2012
p63_solar_g04,93,0.4767304081547882,2012
p63_solar_g04,94,0.0,2012
p63_solar_g04,95,0.49214706550580367,2012
p63_solar_g04,96,0.0,2012
p63_solar_g04,97,0.47624012512155,2012
p63_solar_g04,98,0.0,2012
p63_solar_g04,99,0.32354799249639277,2012
p63_solar_g04,100,0.0,2012
p63_solar_g04,101,0.2134490892846377,2012
p63_solar_g04,102,0.0751956569004183,2012
p63_solar_g04,103,0.07652638496156244,2012
p63_solar_g04,104,0.23301752488754532,2012
p63_solar_g04,105,8.184442353010194e-17,2012
p63_solar_g04,106,0.39243176889680065,2012
p63_solar_g04,107,8.598682753159605e-17,2012
p63_solar_g04,108,0.542566292024088,2012
p63_solar_g04,109,9.016660113686712e-17,2012
p63_solar_g04,110,0.7370850545545129,2012
p63_solar_g04,111,9.437259953373826e-17,2012
p63_solar_g04,112,0.793580905903551,2012
p63_solar_g04,113,0.0,2012
p63_solar_g04,114,0.8040162572524965,2012
p63_solar_g04,115,0.0,2012
p63_solar_g04,116,0.645624854145716,2012
p63_solar_g04,117,0.0,2012
p63_solar_g04,118,0.5094918479240343,2012
p63_solar_g04,119,0.0,2012
p63_solar_g04,120,0.33014455909652807,2012
p63_solar_g04,121,0.11494505396928613,2012
p63_solar_g04,122,0.11629935670358647,2012
p63_solar_g04,123,0.3500596616759475,2012
p63_solar_g04,124,1.2225356905598999e-16,2012
p63_solar_g04,125,0.5795959431572826,2012
p63_solar_g04,126,1.2628822742826064e-16,2012
p63_solar_g04,127,0.9322724763237662,2012
p63_solar_g04,128,1.3025279706452056e-16,2012
p63_solar_g04,129,1.0,2012
p63_solar_g04,130,0.0,2012
p63_solar_g04,131,1.0,2012
p63_solar_g04,132,0.0,2012
p63_solar_g04,133,1.0,2012
p63_solar_g04,134,0.0,2012
p63_solar_g04,135,0.8802671236514302,2012
p63_solar_g04,136,0.0,2012
p63_solar_g04,137,0.6843001723585151,2012
p63_solar_g04,138,0.0,2012
p63_solar_g04,139,0.4369348059263402,2012
p63_solar_g04,140,0.1506628831834818,2012
p63_solar_g04,141,1.541368267564086e-16,2012
p63_solar_g04,142,0.4523357006183405,2012
p63_solar_g04,143,1.5723155578613523e-16,2012
p63_solar_g04,144,0.9731027378782512,2012
p63_solar_g04,145,1.6017368979715692e-16,2012
p63_solar_g04,146,1.0,2012
p63_solar_g04,147,1.6295538397919252e-16,2012
p63_solar_g04,148,1.0,2012
p63_solar_g04,149,0.0,2012
p63_solar_g04,150,1.0,2012
p63_solar_g04,151,0.0,2012
p63_solar_g04,152,1.0,2012
p63_solar_g04,153,0.0,2012
p63_solar_g04,154,1.0,2012
p63_solar_g04,155,0.0,2012
p63_solar_g04,156,0.5026986213236783,2012
p63_solar_g04,157,0.0,2012
p63_solar_g04,158,0.17259502667033153,2012
p63_solar_g04,159,0.1736311428390682,2012
p63_solar_g04,160,1.7690085474928124e-16,2012
p63_solar_g04,161,0.8248233280045333,2012
p63_solar_g04,162,1.782409626447769e-16,2012
p63_solar_g04,163,1.0,2012
p63_solar_g04,164,1.7937245672354213e-16,2012
p63_solar_g04,165,1.0,2012
p63_solar_g04,166,1.802923200066261e-16,2012
p63_solar_g04,167,1.0,2012
p63_solar_g04,168,0.0,2012
p63_solar_g04,169,1.0,2012
p63_solar_g04,170,0.0,2012
p63_solar_g04,171,1.0,2012
p63_solar_g04,172,0.0,2012
p63_solar_g04,173,0.8433953078967621,2012
p63_solar_g04,174,0.0,2012
p63_solar_g04,175,0.5262121521187366,2012
p63_solar_g04,176,0.0,2012
p63_solar_g04,177,0.17856516594325064,2012
p63_solar_g04,178,0.5243723535182977,2012
p63_solar_g04,179,1.808954237117398e-16,2012
p63_solar_g04,180,0.8369189457599975,2012
p63_solar_g04,181,1.801538171648885e-16,2012
p63_solar_g04,182,1.0,2012
p63_solar_g04,183,1.7919849642832946e-16,2012
p63_solar_g04,184,1.0,2012
p63_solar_g04,185,1.780320087381531e-16,2012
p63_solar_g04,186,1.0,2012
p63_solar_g04,187,0.0,2012
p63_solar_g04,188,1.0,2012
p63_solar_g04,189,0.0,2012
p63_solar_g04,190,1.0,2012
p63_solar_g04,191,0.0,2012
p63_solar_g04,192,0.7978599177956399,2012
p63_solar_g04,193,0.0,2012
p63_solar_g04,194,0.49196431504105437,2012
p63_solar_g04,195,0.1657461427579257,2012
p63_solar_g04,196,0.16497535120825232,2012
p63_solar_g04,197,0.48062977927566225,2012
p63_solar_g04,198,1.6514553992811448e-16,2012
p63_solar_g04,199,0.757960681949231,2012
p63_solar_g04,200,1.6250323013924232e-16,2012
p63_solar_g04,201,1.0,2012
p63_solar_g04,202,1.5969426911090518e-16,2012
p63_solar_g04,203,1.0,2012
p63_solar_g04,204,0.0,2012
p63_solar_g04,205,1.0,2012
p63_solar_g04,206,0.0,2012
p63_solar_g04,207,1.0,2012
p63_solar_g04,208,0.0,2012
p63_solar_g04,209,0.9051615030116993,2012
p63_solar_g04,210,0.0,2012
p63_solar_g04,211,0.6708041670571586,2012
p63_solar_g04,212,0.0,2012
p63_solar_g04,213,0.4083143163629081,2012
p63_solar_g04,214,0.13637091726859754,2012
p63_solar_g04,215,1.37304205077028e-16,2012
p63_solar_g04,216,0.39025157500208896,2012
p63_solar_g04,217,1.3349543236425423e-16,2012
p63_solar_g04,218,0.800104548492415,2012
p63_solar_g04,219,1.295973538590171e-16,2012
p63_solar_g04,220,0.9179161868633121,2012
p63_solar_g04,221,1.2562036327085554e-16,2012
p63_solar_g04,222,0.9746344032367984,2012
p63_solar_g04,223,0.0,2012
p63_solar_g04,224,0.9422482781824432,2012
p63_solar_g04,225,0.0,2012
p63_solar_g04,226,0.8293907931367789,2012
p63_solar_g04,227,0.0,2012
p63_solar_g04,228,0.6756029545247235,2012
p63_solar_g04,229,0.0,2012
p63_solar_g04,230,0.30789667059602466,2012
p63_solar_g04,231,0.0,2012
p63_solar_g04,232,0.1005068419730564,2012
p63_solar_g04,233,0.09773450284008071,2012
p63_solar_g04,234,9.788954155912372e-17,2012
p63_solar_g04,235,0.4410166390903811,2012
p63_solar_g04,236,9.367025391276166e-17,2012
p63_solar_g04,237,0.5553784076164803,2012
p63_solar_g04,238,8.946784903237645e-17,2012
p63_solar_g04,239,0.6267305528459711,2012
p63_solar_g04,240,8.529353207343956e-17,2012
p63_solar_g05,1,0.0,2012
p63_solar_g05,2,0.6541956342486014,2012
p63_solar_g05,3,0.0,2012
p63_solar_g05,4,0.5669394397431506,2012
p63_solar_g05,5,0.0,2012
p63_solar_g05,6,0.4545365413806656,2012
p63_solar_g05,7,0.0,2012
p63_solar_g05,8,0.20382231449941537,2012
p63_solar_g05,9,0.0,2012
p63_solar_g05,10,0.06544706534874484,2012
p63_solar_g05,11,0.06293802349149626,2012
p63_solar_g05,12,6.268596703508194e-17,2012
p63_solar_g05,13,0.27925291416649617,2012
p63_solar_g05,14,5.897747395692112e-17,2012
p63_solar_g05,15,0.34573007651727394,2012
p63_solar_g05,16,5.537830852317915e-17,2012
p63_solar_g05,17,0.38352644396585933,2012
p63_solar_g05,18,5.189806743131868e-17,2012
p63_solar_g05,19,0.4054113572822004,2012
p63_solar_g05,20,0.0,2012
p63_solar_g05,21,0.36777191694767825,2012
p63_solar_g05,22,0.0,2012
p63_solar_g05,23,0.3128427377592759,2012
p63_solar_g05,24,0.0,2012
p63_solar_g05,25,0.18693951345636797,2012
p63_solar_g05,26,0.0,2012
p63_solar_g05,27,0.10856210950947386,2012
p63_solar_g05,28,0.03515016126042037,2012
p63_solar_g05,29,0.03430210723235167,2012
p63_solar_g05,30,0.09609142438558706,2012
p63_solar_g05,31,3.2382705219232724e-17,2012
p63_solar_g05,32,0.1430408644756562,2012
p63_solar_g05,33,3.0094875671120244e-17,2012
p63_solar_g05,34,0.17524983606173236,2012
p63_solar_g05,35,2.7993385386588824e-17,2012
p63_solar_g05,36,0.21167642733937292,2012
p63_solar_g05,37,2.608383771087301e-17,2012
p63_solar_g05,38,0.20348705076357052,2012
p63_solar_g05,39,0.0,2012
p63_solar_g05,40,0.18505850448376815,2012
p63_solar_g05,41,0.0,2012
p63_solar_g05,42,0.134264395107663,2012
p63_solar_g05,43,0.0,2012
p63_solar_g05,44,0.0964871492065926,2012
p63_solar_g05,45,0.0,2012
p63_solar_g05,46,0.0574648974511431,2012
p63_solar_g05,47,0.019023356415979235,2012
p63_solar_g05,48,0.018803598426676,2012
p63_solar_g05,49,0.054233343095696794,2012
p63_solar_g05,50,1.8578565447538246e-17,2012
p63_solar_g05,51,0.08511160176051837,2012
p63_solar_g05,52,1.8269812478015e-17,2012
p63_solar_g05,53,0.1314828718872351,2012
p63_solar_g05,54,1.8178928735346393e-17,2012
p63_solar_g05,55,0.14460915833332816,2012
p63_solar_g05,56,0.0,2012
p63_solar_g05,57,0.15116198877071577,2012
p63_solar_g05,58,0.0,2012
p63_solar_g05,59,0.13738801649164875,2012
p63_solar_g05,60,0.0,2012
p63_solar_g05,61,0.12045229791543541,2012
p63_solar_g05,62,0.0,2012
p63_solar_g05,63,0.09568039486911015,2012
p63_solar_g05,64,0.0,2012
p63_solar_g05,65,0.02141569314342689,2012
p63_solar_g05,66,0.022272235793268196,2012
p63_solar_g05,67,2.3098052176508368e-17,2012
p63_solar_g05,68,0.06979881084030246,2012
p63_solar_g05,69,2.4642859817027905e-17,2012
p63_solar_g05,70,0.15759690650963243,2012
p63_solar_g05,71,2.6388543798591825e-17,2012
p63_solar_g05,72,0.2000019792537896,2012
p63_solar_g05,73,2.833044948630072e-17,2012
p63_solar_g05,74,0.2357217224827193,2012
p63_solar_g05,75,0.0,2012
p63_solar_g05,76,0.2536174435931363,2012
p63_solar_g05,77,0.0,2012
p63_solar_g05,78,0.24891878404784862,2012
p63_solar_g05,79,0.0,2012
p63_solar_g05,80,0.22639321356114675,2012
p63_solar_g05,81,0.0,2012
p63_solar_g05,82,0.1153059654891656,2012
p63_solar_g05,83,0.0,2012
p63_solar_g05,84,0.042089780754105785,2012
p63_solar_g05,85,0.04410381346424451,2012
p63_solar_g05,86,4.585705854394647e-17,2012
p63_solar_g05,87,0.22265494055013277,2012
p63_solar_g05,88,4.90954163852989e-17,2012
p63_solar_g05,89,0.31373323886855353,2012
p63_solar_g05,90,5.246945106745182e-17,2012
p63_solar_g05,91,0.39614620948629475,2012
p63_solar_g05,92,5.597016617424449e-17,2012
p63_solar_g05,93,0.4766252439218259,2012
p63_solar_g05,94,0.0,2012
p63_solar_g05,95,0.49203850043891634,2012
p63_solar_g05,96,0.0,2012
p63_solar_g05,97,0.47613506904245884,2012
p63_solar_g05,98,0.0,2012
p63_solar_g05,99,0.3234766195026098,2012
p63_solar_g05,100,0.0,2012
p63_solar_g05,101,0.21340200353267572,2012
p63_solar_g05,102,0.07517906913205959,2012
p63_solar_g05,103,0.0765095036415581,2012
p63_solar_g05,104,0.23296612244110518,2012
p63_solar_g05,105,8.182636907862255e-17,2012
p63_solar_g05,106,0.39234520050246263,2012
p63_solar_g05,107,8.596785928747413e-17,2012
p63_solar_g05,108,0.5424466047397112,2012
p63_solar_g05,109,9.014671085656367e-17,2012
p63_solar_g05,110,0.73692245744918,2012
p63_solar_g05,111,9.435178143220151e-17,2012
p63_solar_g05,112,0.7934058461090943,2012
p63_solar_g05,113,0.0,2012
p63_solar_g05,114,0.8038388954741479,2012
p63_solar_g05,115,0.0,2012
p63_solar_g05,116,0.6454824326819155,2012
p63_solar_g05,117,0.0,2012
p63_solar_g05,118,0.5093794566889234,2012
p63_solar_g05,119,0.0,2012
p63_solar_g05,120,0.3300717309346778,2012
p63_solar_g05,121,0.1149196976919715,2012
p63_solar_g05,122,0.11627370167417671,2012
p63_solar_g05,123,0.3499824403466984,2012
p63_solar_g05,124,1.22226600558498e-16,2012
p63_solar_g05,125,0.5794680873256689,2012
p63_solar_g05,126,1.2626036890624804e-16,2012
p63_solar_g05,127,0.9320668218947484,2012
p63_solar_g05,128,1.3022406397919565e-16,2012
p63_solar_g05,129,1.0,2012
p63_solar_g05,130,0.0,2012
p63_solar_g05,131,1.0,2012
p63_solar_g05,132,0.0,2012
p63_solar_g05,133,1.0,2012
p63_solar_g05,134,0.0,2012
p63_solar_g05,135,0.8800729413310303,2012
p63_solar_g05,136,0.0,2012
p63_solar_g05,137,0.6841492193219328,2012
p63_solar_g05,138,0.0,2012
p63_solar_g05,139,0.43683842039495024,2012
p63_solar_g05,140,0.1506296477399799,2012
p63_solar_g05,141,1.5410282497913617e-16,2012
p63_solar_g05,142,0.45223591773018557,2012
p63_solar_g05,143,1.571968713278358e-16,2012
p63_solar_g05,144,0.972888076507229,2012
p63_solar_g05,145,1.6013835631949298e-16,2012
p63_solar_g05,146,1.0,2012
p63_solar_g05,147,1.6291943687435064e-16,2012
p63_solar_g05,148,1.0,2012
p63_solar_g05,149,0.0,2012
p63_solar_g05,150,1.0,2012
p63_solar_g05,151,0.0,2012
p63_solar_g05,152,1.0,2012
p63_solar_g05,153,0.0,2012
p63_solar_g05,154,1.0,2012
p63_solar_g05,155,0.0,2012
p63_solar_g05,156,0.5025877286388014,2012
p63_solar_g05,157,0.0,2012
p63_solar_g05,158,0.17255695311076327,2012
p63_solar_g05,159,0.17359284071769582,2012
p63_solar_g05,160,1.7686183134657427e-16,2012
p63_solar_g05,161,0.8246413762952753,2012
p63_solar_g05,162,1.7820164362128193e-16,2012
p63_solar_g05,163,1.0,2012
p63_solar_g05,164,1.7933288809837535e-16,2012
p63_solar_g05,165,1.0,2012
p63_solar_g05,166,1.8025254846443337e-16,2012
p63_solar_g05,167,1.0,2012
p63_solar_g05,168,0.0,2012
p63_solar_g05,169,1.0,2012
p63_solar_g05,170,0.0,2012
p63_solar_g05,171,1.0,2012
p63_solar_g05,172,0.0,2012
p63_solar_g05,173,0.8432092593059406,2012
p63_solar_g05,174,0.0,2012
p63_solar_g05,175,0.5260960724720298,2012
p63_solar_g05,176,0.0,2012
p63_solar_g05,177,0.17852577540220485,2012
p63_solar_g05,178,0.5242566797215331,2012
p63_solar_g05,179,1.808555191280262e-16,2012
p63_solar_g05,180,0.8367343258207679,2012
p63_solar_g05,181,1.8011407617569775e-16,2012
p63_solar_g05,182,1.0,2012
p63_solar_g05,183,1.7915896617789333e-16,2012
p63_solar_g05,184,1.0,2012
p63_solar_g05,185,1.7799273580879634e-16,2012
p63_solar_g05,186,1.0,2012
p63_solar_g05,187,0.0,2012
p63_solar_g05,188,1.0,2012
p63_solar_g05,189,0.0,2012
p63_solar_g05,190,1.0,2012
p63_solar_g05,191,0.0,2012
p63_solar_g05,192,0.797683914073555,2012
p63_solar_g05,193,0.0,2012
p63_solar_g05,194,0.4918557902879631,2012
p63_solar_g05,195,0.16570958002630332,2012
p63_solar_g05,196,0.16493895850921167,2012
p63_solar_g05,197,0.48052375486183896,2012
p63_solar_g05,198,1.6510910968633295e-16,2012
p63_solar_g05,199,0.7577934797897521,2012
p63_solar_g05,200,1.624673827771711e-16,2012
p63_solar_g05,201,1.0,2012
p63_solar_g05,202,1.596590413909355e-16,2012
p63_solar_g05,203,1.0,2012
p63_solar_g05,204,0.0,2012
p63_solar_g05,205,1.0,2012
p63_solar_g05,206,0.0,2012
p63_solar_g05,207,1.0,2012
p63_solar_g05,208,0.0,2012
p63_solar_g05,209,0.9049618291215029,2012
p63_solar_g05,210,0.0,2012
p63_solar_g05,211,0.6706561911687114,2012
p63_solar_g05,212,0.0,2012
p63_solar_g05,213,0.408224244361724,2012
p63_solar_g05,214,0.13634083455797621,2012
p63_solar_g05,215,1.3727391648800069e-16,2012
p63_solar_g05,216,0.3901654875471136,2012
p63_solar_g05,217,1.334659839705533e-16,2012
p63_solar_g05,218,0.7999280496165461,2012
p63_solar_g05,219,1.2956876536103295e-16,2012
p63_solar_g05,220,0.9177136993566125,2012
p63_solar_g05,221,1.2559265207618063e-16,2012
p63_solar_g05,222,0.9744194039884144,2012
p63_solar_g05,223,0.0,2012
p63_solar_g05,224,0.9420404231437461,2012
p63_solar_g05,225,0.0,2012
p63_solar_g05,226,0.8292078338686176,2012
p63_solar_g05,227,0.0,2012
p63_solar_g05,228,0.6754539200488765,2012
p63_solar_g05,229,0.0,2012
p63_solar_g05,230,0.30782875020193823,2012
p63_solar_g05,231,0.0,2012
p63_solar_g05,232,0.10048467068974248,2012
p63_solar_g05,233,0.09771294312026986,2012
p63_solar_g05,234,9.786794763858288e-17,2012
p63_solar_g05,235,0.4409193531279583,2012
p63_solar_g05,236,9.364959074499301e-17,2012
p63_solar_g05,237,0.5552558940464589,2012
p63_solar_g05,238,8.944811289313019e-17,2012
p63_solar_g05,239,0.6265922993661498,2012
p63_solar_g05,240,8.527471676666719e-17,2012
p63_solar_g06,1,0.0,2012
p63_solar_g06,2,0.6537487605762927,2012
p63_solar_g06,3,0.0,2012
p63_solar_g06,4,0.5665521697949101,2012
p63_solar_g06,5,0.0,2012
p63_solar_g06,6,0.4542260525867767,2012
p63_solar_g06,7,0.0,2012
p63_solar_g06,8,0.203683085771172,2012
p63_solar_g06,9,0.0,2012
p63_solar_g06,10,0.06540235919525941,2012
p63_solar_g06,11,0.06289503123625476,2012
p63_solar_g06,12,6.264314695676797e-17,2012
p63_solar_g06,13,0.27906215964487696,2012
p63_solar_g06,14,5.893718710847571e-17,2012
p63_solar_g06,15,0.34549391219450487,2012
p63_solar_g06,16,5.5340480224119324e-17,2012
p63_solar_g06,17,0.3832644613700272,2012
p63_solar_g06,18,5.186261644576542e-17,2012
p63_solar_g06,19,0.4051344253484794,2012
p63_solar_g06,20,0.0,2012
p63_solar_g06,21,0.36752069609187543,2012
p63_solar_g06,22,0.0,2012
p63_solar_g06,23,0.312629038407341,2012
p63_solar_g06,24,0.0,2012
p63_solar_g06,25,0.18681181717943732,2012
p63_solar_g06,26,0.0,2012
p63_solar_g06,27,0.10848795195474516,2012
p63_solar_g06,28,0.03512615058101141,2012
p63_solar_g06,29,0.03427867584910123,2012
p63_solar_g06,30,0.09602578541546174,2012
p63_solar_g06,31,3.2360584957887317e-17,2012
p63_solar_g06,32,0.1429431548715989,2012
p63_solar_g06,33,3.007431820038097e-17,2012
p63_solar_g06,34,0.17513012487181845,2012
p63_solar_g06,35,2.7974263420202694e-17,2012
p63_solar_g06,36,0.21153183355507632,2012
p63_solar_g06,37,2.6066020135004977e-17,2012
p63_solar_g06,38,0.20334805105021045,2012
p63_solar_g06,39,0.0,2012
p63_solar_g06,40,0.1849320931028888,2012
p63_solar_g06,41,0.0,2012
p63_solar_g06,42,0.1341726806110186,2012
p63_solar_g06,43,0.0,2012
p63_solar_g06,44,0.09642123992129743,2012
p63_solar_g06,45,0.0,2012
p63_solar_g06,46,0.05742564382667903,2012
p63_solar_g06,47,0.01901036177539132,2012
p63_solar_g06,48,0.01879075390029637,2012
p63_solar_g06,49,0.05419629690962956,2012
p63_solar_g06,50,1.8565874638653066e-17,2012
p63_solar_g06,51,0.0850534629836088,2012
p63_solar_g06,52,1.8257332574807118e-17,2012
p63_solar_g06,53,0.13139305741778604,2012
p63_solar_g06,54,1.816651091379989e-17,2012
p63_solar_g06,55,0.14451037744539377,2012
p63_solar_g06,56,0.0,2012
p63_solar_g06,57,0.15105873171808648,2012
p63_solar_g06,58,0.0,2012
p63_solar_g06,59,0.13729416828440516,2012
p63_solar_g06,60,0.0,2012
p63_solar_g06,61,0.12037001830687565,2012
p63_solar_g06,62,0.0,2012
p63_solar_g06,63,0.09561503666861984,2012
p63_solar_g06,64,0.0,2012
p63_solar_g06,65,0.021401064324555255,2012
p63_solar_g06,66,0.02225702187975608,2012
p63_solar_g06,67,2.3082274157122548e-17,2012
p63_solar_g06,68,0.0697511320584671,2012
p63_solar_g06,69,2.46260265569355e-17,2012
p63_solar_g06,70,0.15748925383714504,2012
p63_solar_g06,71,2.637051808142589e-17,2012
p63_solar_g06,72,0.1998653601535402,2012
p63_solar_g06,73,2.8311097275223007e-17,2012
p63_solar_g06,74,0.23556070362803103,2012
p63_solar_g06,75,0.0,2012
p63_solar_g06,76,0.25344420037284154,2012
p63_solar_g06,77,0.0,2012
p63_solar_g06,78,0.24874875042898809,2012
p63_solar_g06,79,0.0,2012
p63_solar_g06,80,0.22623856690587518,2012
p63_solar_g06,81,0.0,2012
p63_solar_g06,82,0.11522720128234477,2012
p63_solar_g06,83,0.0,2012
p63_solar_g06,84,0.042061029698752354,2012
p63_solar_g06,85,0.04407368664582234,2012
p63_solar_g06,86,4.5825734103549765e-17,2012
p63_solar_g06,87,0.2225028474670666,2012
p63_solar_g06,88,4.9061879859120736e-17,2012
p63_solar_g06,89,0.31351893122533686,2012
p63_solar_g06,90,5.24336097761698e-17,2012
p63_solar_g06,91,0.3958756064707188,2012
p63_solar_g06,92,5.59319335838868e-17,2012
p63_solar_g06,93,0.47629966658392303,2012
p63_solar_g06,94,0.0,2012
p63_solar_g06,95,0.49170239447902114,2012
p63_solar_g06,96,0.0,2012
p63_solar_g06,97,0.4758098265374973,2012
p63_solar_g06,98,0.0,2012
p63_solar_g06,99,0.3232556562657806,2012
p63_solar_g06,100,0.0,2012
p63_solar_g06,101,0.21325623102670938,2012
p63_solar_g06,102,0.07512771515636028,2012
p63_solar_g06,103,0.07645724086102444,2012
p63_solar_g06,104,0.23280698590578064,2012
p63_solar_g06,105,8.177047440717026e-17,2012
p63_solar_g06,106,0.3920771939133288,2012
p63_solar_g06,107,8.590913561068832e-17,2012
p63_solar_g06,108,0.5420760655713021,2012
p63_solar_g06,109,9.008513265331979e-17,2012
p63_solar_g06,110,0.7364190740153463,2012
p63_solar_g06,111,9.428733079259139e-17,2012
p63_solar_g06,112,0.7928638795084013,2012
p63_solar_g06,113,0.0,2012
p63_solar_g06,114,0.8032898021748971,2012
p63_solar_g06,115,0.0,2012
p63_solar_g06,116,0.645041510899497,2012
p63_solar_g06,117,0.0,2012
p63_solar_g06,118,0.5090315053170519,2012
p63_solar_g06,119,0.0,2012
p63_solar_g06,120,0.32984626265148226,2012
p63_solar_g06,121,0.11484119734033404,2012
p63_solar_g06,122,0.11619427641766344,2012
p63_solar_g06,123,0.3497433712820739,2012
p63_solar_g06,124,1.2214310894377925e-16,2012
p63_solar_g06,125,0.579072259199322,2012
p63_solar_g06,126,1.2617412186978626e-16,2012
p63_solar_g06,127,0.9314301375426501,2012
p63_solar_g06,128,1.3013510938725594e-16,2012
p63_solar_g06,129,1.0,2012
p63_solar_g06,130,0.0,2012
p63_solar_g06,131,1.0,2012
p63_solar_g06,132,0.0,2012
p63_solar_g06,133,1.0,2012
p63_solar_g06,134,0.0,2012
p63_solar_g06,135,0.8794717734133572,2012
p63_solar_g06,136,0.0,2012
p63_solar_g06,137,0.6836818846929016,2012
p63_solar_g06,138,0.0,2012
p63_solar_g06,139,0.43654002098824735,2012
p63_solar_g06,140,0.15052675432351523,2012
p63_solar_g06,141,1.5399755907440316e-16,2012
p63_solar_g06,142,0.45192700046641004,2012
p63_solar_g06,143,1.5708949191487719e-16,2012
p63_solar_g06,144,0.9722235076157025,2012
p63_solar_g06,145,1.600289676112541e-16,2012
p63_solar_g06,146,1.0,2012
p63_solar_g06,147,1.6280814844129633e-16,2012
p63_solar_g06,148,1.0,2012
p63_solar_g06,149,0.0,2012
p63_solar_g06,150,1.0,2012
p63_solar_g06,151,0.0,2012
p63_solar_g06,152,1.0,2012
p63_solar_g06,153,0.0,2012
p63_solar_g06,154,1.0,2012
p63_solar_g06,155,0.0,2012
p63_solar_g06,156,0.5022444166198944,2012
p63_solar_g06,157,0.0,2012
p63_solar_g06,158,0.17243908139887457,2012
p63_solar_g06,159,0.17347426140264569,2012
p63_solar_g06,160,1.7674101902083037e-16,2012
p63_solar_g06,161,0.8240780730555863,2012
p63_solar_g06,162,1.7807991608485785e-16,2012
p63_solar_g06,163,1.0,2012
p63_solar_g06,164,1.792103878215854e-16,2012
p63_solar_g06,165,1.0,2012
p63_solar_g06,166,1.8012941997800161e-16,2012
p63_solar_g06,167,1.0,2012
p63_solar_g06,168,0.0,2012
p63_solar_g06,169,1.0,2012
p63_solar_g06,170,0.0,2012
p63_solar_g06,171,1.0,2012
p63_solar_g06,172,0.0,2012
p63_solar_g06,173,0.8426332725544187,2012
p63_solar_g06,174,0.0,2012
p63_solar_g06,175,0.5257367021681256,2012
p63_solar_g06,176,0.0,2012
p63_solar_g06,177,0.17840382645501054,2012
p63_solar_g06,178,0.5238985658861075,2012
p63_solar_g06,179,1.8073197875912287e-16,2012
p63_solar_g06,180,0.8361627620234098,2012
p63_solar_g06,181,1.799910422781274e-16,2012
p63_solar_g06,182,1.0,2012
p63_solar_g06,183,1.790365847052091e-16,2012
p63_solar_g06,184,1.0,2012
p63_solar_g06,185,1.7787115097494692e-16,2012
p63_solar_g06,186,1.0,2012
p63_solar_g06,187,0.0,2012
p63_solar_g06,188,1.0,2012
p63_solar_g06,189,0.0,2012
p63_solar_g06,190,1.0,2012
p63_solar_g06,191,0.0,2012
p63_solar_g06,192,0.7971390251728013,2012
p63_solar_g06,193,0.0,2012
p63_solar_g06,194,0.49151980913531496,2012
p63_solar_g06,195,0.16559638567787552,2012
p63_solar_g06,196,0.16482629056366596,2012
p63_solar_g06,197,0.48019551449500547,2012
p63_solar_g06,198,1.6499632551243385e-16,2012
p63_solar_g06,199,0.75727583959554,2012
p63_solar_g06,200,1.62356403137181e-16,2012
p63_solar_g06,201,1.0,2012
p63_solar_g06,202,1.5954998009732781e-16,2012
p63_solar_g06,203,1.0,2012
p63_solar_g06,204,0.0,2012
p63_solar_g06,205,1.0,2012
p63_solar_g06,206,0.0,2012
p63_solar_g06,207,1.0,2012
p63_solar_g06,208,0.0,2012
p63_solar_g06,209,0.9043436598847987,2012
p63_solar_g06,210,0.0,2012
p63_solar_g06,211,0.6701980734752966,2012
p63_solar_g06,212,0.0,2012
p63_solar_g06,213,0.40794539097650867,2012
p63_solar_g06,214,0.1362477016689215,2012
p63_solar_g06,215,1.3718014622118497e-16,2012
p63_solar_g06,216,0.38989896989535866,2012
p63_solar_g06,217,1.3337481485956756e-16,2012
p63_solar_g06,218,0.7993816277720693,2012
p63_solar_g06,219,1.2948025839620142e-16,2012
p63_solar_g06,220,0.9170868194609213,2012
p63_solar_g06,221,1.255068611495678e-16,2012
p63_solar_g06,222,0.9737537890643264,2012
p63_solar_g06,223,0.0,2012
p63_solar_g06,224,0.9413969259369251,2012
p63_solar_g06,225,0.0,2012
p63_solar_g06,226,0.8286414113331729,2012
p63_solar_g06,227,0.0,2012
p63_solar_g06,228,0.6749925250808801,2012
p63_solar_g06,229,0.0,2012
p63_solar_g06,230,0.3076184758484523,2012
p63_solar_g06,231,0.0,2012
p63_solar_g06,232,0.10041603074252942,2012
p63_solar_g06,233,0.09764619650895322,2012
p63_solar_g06,234,9.780109514542494e-17,2012
p63_solar_g06,235,0.44061816608205184,2012
p63_solar_g06,236,9.358561976393551e-17,2012
p63_solar_g06,237,0.5548766049967413,2012
p63_solar_g06,238,8.938701189428976e-17,2012
p63_solar_g06,239,0.6261642812211194,2012
p63_solar_g06,240,8.521646656773339e-17,2012
p63_solar_g07,1,0.0,2012
p63_solar_g07,2,0.6545599478127183,2012
p63_solar_g07,3,0.0,2012
p63_solar_g07,4,0.5672551613975279,2012
p63_solar_g07,5,0.0,2012
p63_solar_g07,6,0.45478966723284586,2012
p63_solar_g07,7,0.0,2012
p63_solar_g07,8,0.20393582065866564,2012
p63_solar_g07,9,0.0,2012
p63_solar_g07,10,0.06548351202064229,2012
p63_solar_g07,11,0.06297307290860678,2012
p63_solar_g07,12,6.272087608502829e-17,2012
p63_solar_g07,13,0.2794084267060546,2012
p63_solar_g07,14,5.901031779233519e-17,2012
p63_solar_g07,15,0.3459226093771777,2012
p63_solar_g07,16,5.5409148027291746e-17,2012
p63_solar_g07,17,0.38374002516148253,2012
p63_solar_g07,18,5.192696883164429e-17,2012
p63_solar_g07,19,0.4056371259189395,2012
p63_solar_g07,20,0.0,2012
p63_solar_g07,21,0.3679767246394924,2012
p63_solar_g07,22,0.0,2012
p63_solar_g07,23,0.3130169560616223,2012
p63_solar_g07,24,0.0,2012
p63_solar_g07,25,0.18704361778977552,2012
p63_solar_g07,26,0.0,2012
p63_solar_g07,27,0.10862256642323617,2012
p63_solar_g07,28,0.035169735956211146,2012
p63_solar_g07,29,0.03432120965720489,2012
p63_solar_g07,30,0.09614493652701123,2012
p63_solar_g07,31,3.240073875253155e-17,2012
p63_solar_g07,32,0.14312052218723867,2012
p63_solar_g07,33,3.011163514006717e-17,2012
p63_solar_g07,34,0.17534743055647384,2012
p63_solar_g07,35,2.800897456124543e-17,2012
p63_solar_g07,36,0.21179430735820265,2012
p63_solar_g07,37,2.6098363481735437e-17,2012
p63_solar_g07,38,0.20360037021853827,2012
p63_solar_g07,39,0.0,2012
p63_solar_g07,40,0.18516156130623698,2012
p63_solar_g07,41,0.0,2012
p63_solar_g07,42,0.1343391653105731,2012
p63_solar_g07,43,0.0,2012
p63_solar_g07,44,0.09654088172233968,2012
p63_solar_g07,45,0.0,2012
p63_solar_g07,46,0.05749689895116242,2012
p63_solar_g07,47,0.019033950290983207,2012
p63_solar_g07,48,0.018814069921137922,2012
p63_solar_g07,49,0.05426354498253737,2012
p63_solar_g07,50,1.858891162388066e-17,2012
p63_solar_g07,51,0.0851589993727337,2012
p63_solar_g07,52,1.827998671359708e-17,2012
p63_solar_g07,53,0.13155609309381283,2012
p63_solar_g07,54,1.8189052358881437e-17,2012
p63_solar_g07,55,0.14468968940861862,2012
p63_solar_g07,56,0.0,2012
p63_solar_g07,57,0.15124616903729812,2012
p63_solar_g07,58,0.0,2012
p63_solar_g07,59,0.13746452620118316,2012
p63_solar_g07,60,0.0,2012
p63_solar_g07,61,0.12051937632999873,2012
p63_solar_g07,62,0.0,2012
p63_solar_g07,63,0.0957336781132133,2012
p63_solar_g07,64,0.0,2012
p63_solar_g07,65,0.021427619281555402,2012
p63_solar_g07,66,0.022284638929544118,2012
p63_solar_g07,67,2.3110915199848853e-17,2012
p63_solar_g07,68,0.06983768094615017,2012
p63_solar_g07,69,2.4656583124888692e-17,2012
p63_solar_g07,70,0.15768467030336406,2012
p63_solar_g07,71,2.6403239256555503e-17,2012
p63_solar_g07,72,0.2001133579149696,2012
p63_solar_g07,73,2.834622636784051e-17,2012
p63_solar_g07,74,0.23585299303293644,2012
p63_solar_g07,75,0.0,2012
p63_solar_g07,76,0.2537586800520188,2012
p63_solar_g07,77,0.0,2012
p63_solar_g07,78,0.24905740388057845,2012
p63_solar_g07,79,0.0,2012
p63_solar_g07,80,0.2265192891786019,2012
p63_solar_g07,81,0.0,2012
p63_solar_g07,82,0.1153701779740128,2012
p63_solar_g07,83,0.0,2012
p63_solar_g07,84,0.04211322003929307,2012
p63_solar_g07,85,0.044128374339666376,2012
p63_solar_g07,86,4.5882595780154494e-17,2012
p63_solar_g07,87,0.2227789343689745,2012
p63_solar_g07,88,4.912275702346394e-17,2012
p63_solar_g07,89,0.3139079530800989,2012
p63_solar_g07,90,5.2498670664350534e-17,2012
p63_solar_g07,91,0.3963668184753094,2012
p63_solar_g07,92,5.60013352766592e-17,2012
p63_solar_g07,93,0.47689067070285407,2012
p63_solar_g07,94,0.0,2012
p63_solar_g07,95,0.4923125106743768,2012
p63_solar_g07,96,0.0,2012
p63_solar_g07,97,0.47640022285107936,2012
p63_solar_g07,98,0.0,2012
p63_solar_g07,99,0.3236567596839103,2012
p63_solar_g07,100,0.0,2012
p63_solar_g07,101,0.2135208445038265,2012
p63_solar_g07,102,0.07522093543808278,2012
p63_solar_g07,103,0.07655211085032142,2012
p63_solar_g07,104,0.23309585843129182,2012
p63_solar_g07,105,8.187193718485429e-17,2012
p63_solar_g07,106,0.3925636927559663,2012
p63_solar_g07,107,8.601573373905542e-17,2012
p63_solar_g07,108,0.5427486866332152,2012
p63_solar_g07,109,9.019691245958002e-17,2012
p63_solar_g07,110,0.7373328405714389,2012
p63_solar_g07,111,9.440432478769765e-17,2012
p63_solar_g07,112,0.7938476841411063,2012
p63_solar_g07,113,0.0,2012
p63_solar_g07,114,0.8042865435440137,2012
p63_solar_g07,115,0.0,2012
p63_solar_g07,116,0.6458418939704265,2012
p63_solar_g07,117,0.0,2012
p63_solar_g07,118,0.5096631238912694,2012
p63_solar_g07,119,0.0,2012
p63_solar_g07,120,0.33025554385304,2012
p63_solar_g07,121,0.11498369506899694,2012
p63_solar_g07,122,0.11633845307949393,2012
p63_solar_g07,123,0.3501773412961178,2012
p63_solar_g07,124,1.2229466706054754e-16,2012
p63_solar_g07,125,0.57979078603097,2012
p63_solar_g07,126,1.2633068176465741e-16,2012
p63_solar_g07,127,0.932585878531789,2012
p63_solar_g07,128,1.3029658417101343e-16,2012
p63_solar_g07,129,1.0,2012
p63_solar_g07,130,0.0,2012
p63_solar_g07,131,1.0,2012
p63_solar_g07,132,0.0,2012
p63_solar_g07,133,1.0,2012
p63_solar_g07,134,0.0,2012
p63_solar_g07,135,0.8805630432105812,2012
p63_solar_g07,136,0.0,2012
p63_solar_g07,137,0.6845302136719874,2012
p63_solar_g07,138,0.0,2012
p63_solar_g07,139,0.43708169037956285,2012
p63_solar_g07,140,0.15071353155233957,2012
p63_solar_g07,141,1.5418864296150948e-16,2012
p63_solar_g07,142,0.4524877623931345,2012
p63_solar_g07,143,1.572844123468572e-16,2012
p63_solar_g07,144,0.9734298660027312,2012
p63_solar_g07,145,1.6022753541560478e-16,2012
p63_solar_g07,146,1.0,2012
p63_solar_g07,147,1.630101647202798e-16,2012
p63_solar_g07,148,1.0,2012
p63_solar_g07,149,0.0,2012
p63_solar_g07,150,1.0,2012
p63_solar_g07,151,0.0,2012
p63_solar_g07,152,1.0,2012
p63_solar_g07,153,0.0,2012
p63_solar_g07,154,1.0,2012
p63_solar_g07,155,0.0,2012
p63_solar_g07,156,0.5028676136106909,2012
p63_solar_g07,157,0.0,2012
p63_solar_g07,158,0.17265304797185654,2012
p63_solar_g07,159,0.1736895124519542,2012
p63_solar_g07,160,1.769603235418151e-16,2012
p63_solar_g07,161,0.8251006090128118,2012
p63_solar_g07,162,1.7830088194162588e-16,2012
p63_solar_g07,163,1.0,2012
p63_solar_g07,164,1.794327563949615e-16,2012
p63_solar_g07,165,1.0,2012
p63_solar_g07,166,1.8035292890865275e-16,2012
p63_solar_g07,167,1.0,2012
p63_solar_g07,168,0.0,2012
p63_solar_g07,169,1.0,2012
p63_solar_g07,170,0.0,2012
p63_solar_g07,171,1.0,2012
p63_solar_g07,172,0.0,2012
p63_solar_g07,173,0.8436788322509007,2012
p63_solar_g07,174,0.0,2012
p63_solar_g07,175,0.5263890489536757,2012
p63_solar_g07,176,0.0,2012
p63_solar_g07,177,0.1786251942275815,2012
p63_solar_g07,178,0.5245486318678064,2012
p63_solar_g07,179,1.8095623535924876e-16,2012
p63_solar_g07,180,0.837200292954298,2012
p63_solar_g07,181,1.8021437950638961e-16,2012
p63_solar_g07,182,1.0,2012
p63_solar_g07,183,1.7925873761948473e-16,2012
p63_solar_g07,184,1.0,2012
p63_solar_g07,185,1.7809185779092928e-16,2012
p63_solar_g07,186,1.0,2012
p63_solar_g07,187,0.0,2012
p63_solar_g07,188,1.0,2012
p63_solar_g07,189,0.0,2012
p63_solar_g07,190,1.0,2012
p63_solar_g07,191,0.0,2012
p63_solar_g07,192,0.7981281345094017,2012
p63_solar_g07,193,0.0,2012
p63_solar_g07,194,0.4921296987743705,2012
p63_solar_g07,195,0.1658018616688995,2012
p63_solar_g07,196,0.16503081100209058,2012
p63_solar_g07,197,0.48079135267602746,2012
p63_solar_g07,198,1.6520105693432568e-16,2012
p63_solar_g07,199,0.7582154857296173,2012
p63_solar_g07,200,1.6255785887969094e-16,2012
p63_solar_g07,201,1.0,2012
p63_solar_g07,202,1.5974795356241371e-16,2012
p63_solar_g07,203,1.0,2012
p63_solar_g07,204,0.0,2012
p63_solar_g07,205,1.0,2012
p63_solar_g07,206,0.0,2012
p63_solar_g07,207,1.0,2012
p63_solar_g07,208,0.0,2012
p63_solar_g07,209,0.9054657913188902,2012
p63_solar_g07,210,0.0,2012
p63_solar_g07,211,0.6710296714160726,2012
p63_solar_g07,212,0.0,2012
p63_solar_g07,213,0.4084515794609458,2012
p63_solar_g07,214,0.13641676110467282,2012
p63_solar_g07,215,1.373503626566357e-16,2012
p63_solar_g07,216,0.3903827659450763,2012
p63_solar_g07,217,1.3354030954804592e-16,2012
p63_solar_g07,218,0.8003735197840866,2012
p63_solar_g07,219,1.2964092062504832e-16,2012
p63_solar_g07,220,0.9182247629148944,2012
p63_solar_g07,221,1.2566259309123698e-16,2012
p63_solar_g07,222,0.9749620462615006,2012
p63_solar_g07,223,0.0,2012
p63_solar_g07,224,0.9425650339575923,2012
p63_solar_g07,225,0.0,2012
p63_solar_g07,226,0.8296696095906421,2012
p63_solar_g07,227,0.0,2012
p63_solar_g07,228,0.6758300720928938,2012
p63_solar_g07,229,0.0,2012
p63_solar_g07,230,0.30800017627581067,2012
p63_solar_g07,231,0.0,2012
p63_solar_g07,232,0.10054062937641295,2012
p63_solar_g07,233,0.0977673582656864,2012
p63_solar_g07,234,9.792244910412381e-17,2012
p63_solar_g07,235,0.4411648957342013,2012
p63_solar_g07,236,9.370174305906584e-17,2012
p63_solar_g07,237,0.5555651092768378,2012
p63_solar_g07,238,8.949792545546723e-17,2012
p63_solar_g07,239,0.6269412409699753,2012
p63_solar_g07,240,8.532220521563859e-17,2012
p63_solar_g08,1,0.0,2012
p63_solar_g08,2,0.6511188570537791,2012
p63_solar_g08,3,0.0,2012
p63_solar_g08,4,0.5642730411190593,2012
p63_solar_g08,5,0.0,2012
p63_solar_g08,6,0.452398789932141,2012
p63_solar_g08,7,0.0,2012
p63_solar_g08,8,0.20286370851640848,2012
p63_solar_g08,9,0.0,2012
p63_solar_g08,10,0.06513925828371551,2012
p63_solar_g08,11,0.06264201681516274,2012
p63_solar_g08,12,6.239114581691462e-17,2012
p63_solar_g08,13,0.2779395471048495,2012
p63_solar_g08,14,5.870009432095443e-17,2012
p63_solar_g08,15,0.3441040576946105,2012
p63_solar_g08,16,5.5117856285604e-17,2012
p63_solar_g08,17,0.38172266333109434,2012
p63_solar_g08,18,5.165398327366234e-17,2012
p63_solar_g08,19,0.4035046487178113,2012
p63_solar_g08,20,0.0,2012
p63_solar_g08,21,0.3660422321443543,2012
p63_solar_g08,22,0.0,2012
p63_solar_g08,23,0.3113713928729575,2012
p63_solar_g08,24,0.0,2012
p63_solar_g08,25,0.18606030974160404,2012
p63_solar_g08,26,0.0,2012
p63_solar_g08,27,0.10805152612237406,2012
p63_solar_g08,28,0.03498484494080811,2012
p63_solar_g08,29,0.03414077943414943,2012
p63_solar_g08,30,0.09563949244399417,2012
p63_solar_g08,31,3.22304046477995e-17,2012
p63_solar_g08,32,0.1423681224903755,2012
p63_solar_g08,33,2.995333509472636e-17,2012
p63_solar_g08,34,0.17442561059955788,2012
p63_solar_g08,35,2.786172842458196e-17,2012
p63_solar_g08,36,0.2106808823216088,2012
p63_solar_g08,37,2.5961161629253423e-17,2012
p63_solar_g08,38,0.2025300215746642,2012
p63_solar_g08,39,0.0,2012
p63_solar_g08,40,0.1841881474277209,2012
p63_solar_g08,41,0.0,2012
p63_solar_g08,42,0.13363293013401126,2012
p63_solar_g08,43,0.0,2012
p63_solar_g08,44,0.09603335611362396,2012
p63_solar_g08,45,0.0,2012
p63_solar_g08,46,0.05719463168242767,2012
p63_solar_g08,47,0.01893388680455805,2012
p63_solar_g08,48,0.018715162369033637,2012
p63_solar_g08,49,0.053978275797017146,2012
p63_solar_g08,50,1.849118775271894e-17,2012
p63_solar_g08,51,0.0847113095213133,2012
p63_solar_g08,52,1.81838868933073e-17,2012
p63_solar_g08,53,0.1308644888217519,2012
p63_solar_g08,54,1.809343059009592e-17,2012
p63_solar_g08,55,0.14392904043398835,2012
p63_solar_g08,56,0.0,2012
p63_solar_g08,57,0.15045105195697822,2012
p63_solar_g08,58,0.0,2012
p63_solar_g08,59,0.13674186067242064,2012
p63_solar_g08,60,0.0,2012
p63_solar_g08,61,0.11988579324330347,2012
p63_solar_g08,62,0.0,2012
p63_solar_g08,63,0.09523039605910127,2012
p63_solar_g08,64,0.0,2012
p63_solar_g08,65,0.021314972024505503,2012
p63_solar_g08,66,0.022167486229714258,2012
p63_solar_g08,67,2.2989418678421632e-17,2012
p63_solar_g08,68,0.0694705368834366,2012
p63_solar_g08,69,2.452696086397647e-17,2012
p63_solar_g08,70,0.15685570534206378,2012
p63_solar_g08,71,2.6264434639934214e-17,2012
p63_solar_g08,72,0.19906134086295998,2012
p63_solar_g08,73,2.819720726282023e-17,2012
p63_solar_g08,74,0.23461308894545627,2012
p63_solar_g08,75,0.0,2012
p63_solar_g08,76,0.2524246438772642,2012
p63_solar_g08,77,0.0,2012
p63_solar_g08,78,0.24774808281105273,2012
p63_solar_g08,79,0.0,2012
p63_solar_g08,80,0.22532845335780557,2012
p63_solar_g08,81,0.0,2012
p63_solar_g08,82,0.11476366476676546,2012
p63_solar_g08,83,0.0,2012
p63_solar_g08,84,0.04189182639492079,2012
p63_solar_g08,85,0.04389638681636212,2012
p63_solar_g08,86,4.5641386129513894e-17,2012
p63_solar_g08,87,0.22160776198834675,2012
p63_solar_g08,88,4.8864513503047033e-17,2012
p63_solar_g08,89,0.31225770582602996,2012
p63_solar_g08,90,5.222267960946953e-17,2012
p63_solar_g08,91,0.39428307625924003,2012
p63_solar_g08,92,5.570693034407402e-17,2012
p63_solar_g08,93,0.47438360609331975,2012
p63_solar_g08,94,0.0,2012
p63_solar_g08,95,0.4897243718237601,2012
p63_solar_g08,96,0.0,2012
p63_solar_g08,97,0.4738957365776869,2012
p63_solar_g08,98,0.0,2012
p63_solar_g08,99,0.3219552619241739,2012
p63_solar_g08,100,0.0,2012
p63_solar_g08,101,0.21239834287915751,2012
p63_solar_g08,102,0.07482549103810124,2012
p63_solar_g08,103,0.07614966832064238,2012
p63_solar_g08,104,0.23187044889153122,2012
p63_solar_g08,105,8.144152776642794e-17,2012
p63_solar_g08,106,0.3904999439733657,2012
p63_solar_g08,107,8.55635399446109e-17,2012
p63_solar_g08,108,0.5398953994801579,2012
p63_solar_g08,109,8.972273776712188e-17,2012
p63_solar_g08,110,0.733456603975492,2012
p63_solar_g08,111,9.390803128438084e-17,2012
p63_solar_g08,112,0.7896743430452577,2012
p63_solar_g08,113,0.0,2012
p63_solar_g08,114,0.800058324262072,2012
p63_solar_g08,115,0.0,2012
p63_solar_g08,116,0.6424466349410529,2012
p63_solar_g08,117,0.0,2012
p63_solar_g08,118,0.5069837710349653,2012
p63_solar_g08,119,0.0,2012
p63_solar_g08,120,0.328519355588178,2012
p63_solar_g08,121,0.114379213643189,2012
p63_solar_g08,122,0.11572684954777943,2012
p63_solar_g08,123,0.34833642203860654,2012
p63_solar_g08,124,1.2165175108303342e-16,2012
p63_solar_g08,125,0.5767427646501994,2012
p63_solar_g08,126,1.2566654803169147e-16,2012
p63_solar_g08,127,0.9276831760990224,2012
p63_solar_g08,128,1.2961160127034793e-16,2012
p63_solar_g08,129,1.0,2012
p63_solar_g08,130,0.0,2012
p63_solar_g08,131,1.0,2012
p63_solar_g08,132,0.0,2012
p63_solar_g08,133,1.0,2012
p63_solar_g08,134,0.0,2012
p63_solar_g08,135,0.8759338303160545,2012
p63_solar_g08,136,0.0,2012
p63_solar_g08,137,0.6809315660609433,2012
p63_solar_g08,138,0.0,2012
p63_solar_g08,139,0.4347839057829151,2012
p63_solar_g08,140,0.1499212146035179,2012
p63_solar_g08,141,1.5337805698508179e-16,2012
p63_solar_g08,142,0.45010898644922415,2012
p63_solar_g08,143,1.5645755158389648e-16,2012
p63_solar_g08,144,0.9683124424152191,2012
p63_solar_g08,145,1.5938520234391493e-16,2012
p63_solar_g08,146,1.0,2012
p63_solar_g08,147,1.6215320307252462e-16,2012
p63_solar_g08,148,1.0,2012
p63_solar_g08,149,0.0,2012
p63_solar_g08,150,1.0,2012
p63_solar_g08,151,0.0,2012
p63_solar_g08,152,1.0,2012
p63_solar_g08,153,0.0,2012
p63_solar_g08,154,1.0,2012
p63_solar_g08,155,0.0,2012
p63_solar_g08,156,0.500223985469452,2012
p63_solar_g08,157,0.0,2012
p63_solar_g08,158,0.1717453926686808,2012
p63_solar_g08,159,0.17277640834556898,2012
p63_solar_g08,160,1.7603002443617406e-16,2012
p63_solar_g08,161,0.8207629679909975,2012
p63_solar_g08,162,1.7736353537893093e-16,2012
p63_solar_g08,163,1.0,2012
p63_solar_g08,164,1.7848945944875368e-16,2012
p63_solar_g08,165,1.0,2012
p63_solar_g08,166,1.794047945183818e-16,2012
p63_solar_g08,167,1.0,2012
p63_solar_g08,168,0.0,2012
p63_solar_g08,169,1.0,2012
p63_solar_g08,170,0.0,2012
p63_solar_g08,171,1.0,2012
p63_solar_g08,172,0.0,2012
p63_solar_g08,173,0.8392435235478973,2012
p63_solar_g08,174,0.0,2012
p63_solar_g08,175,0.5236217661432713,2012
p63_solar_g08,176,0.0,2012
p63_solar_g08,177,0.17768614272095598,2012
p63_solar_g08,178,0.5217910243243474,2012
p63_solar_g08,179,1.8000492932326546e-16,2012
p63_solar_g08,180,0.832799042616429,2012
p63_solar_g08,181,1.7926697348495544e-16,2012
p63_solar_g08,182,1.0,2012
p63_solar_g08,183,1.7831635550835377e-16,2012
p63_solar_g08,184,1.0,2012
p63_solar_g08,185,1.7715561009026485e-16,2012
p63_solar_g08,186,1.0,2012
p63_solar_g08,187,0.0,2012
p63_solar_g08,188,1.0,2012
p63_solar_g08,189,0.0,2012
p63_solar_g08,190,1.0,2012
p63_solar_g08,191,0.0,2012
p63_solar_g08,192,0.7939322906340054,2012
p63_solar_g08,193,0.0,2012
p63_solar_g08,194,0.4895425209852147,2012
p63_solar_g08,195,0.16493022377551741,2012
p63_solar_g08,196,0.16416322660347715,2012
p63_solar_g08,197,0.47826378176949724,2012
p63_solar_g08,198,1.6433257753487066e-16,2012
p63_solar_g08,199,0.7542294668631294,2012
p63_solar_g08,200,1.6170327505149755e-16,2012
p63_solar_g08,201,1.0,2012
p63_solar_g08,202,1.589081417031639e-16,2012
p63_solar_g08,203,1.0,2012
p63_solar_g08,204,0.0,2012
p63_solar_g08,205,1.0,2012
p63_solar_g08,206,0.0,2012
p63_solar_g08,207,1.0,2012
p63_solar_g08,208,0.0,2012
p63_solar_g08,209,0.9007056620481415,2012
p63_solar_g08,210,0.0,2012
p63_solar_g08,211,0.6675019975811551,2012
p63_solar_g08,212,0.0,2012
p63_solar_g08,213,0.4063043063803764,2012
p63_solar_g08,214,0.13569960378765347,2012
p63_solar_g08,215,1.3662829729768106e-16,2012
p63_solar_g08,216,0.38833048252499897,2012
p63_solar_g08,217,1.328382740405768e-16,2012
p63_solar_g08,218,0.7961658716812169,2012
p63_solar_g08,219,1.2895938461687377e-16,2012
p63_solar_g08,220,0.9133975583832789,2012
p63_solar_g08,221,1.2500197157096896e-16,2012
p63_solar_g08,222,0.9698365678405894,2012
p63_solar_g08,223,0.0,2012
p63_solar_g08,224,0.9376098700510791,2012
p63_solar_g08,225,0.0,2012
p63_solar_g08,226,0.8253079488503612,2012
p63_solar_g08,227,0.0,2012
p63_solar_g08,228,0.6722771620447564,2012
p63_solar_g08,229,0.0,2012
p63_solar_g08,230,0.3063809868281887,2012
p63_solar_g08,231,0.0,2012
p63_solar_g08,232,0.10001207667195676,2012
p63_solar_g08,233,0.09725338494028182,2012
p63_solar_g08,234,9.740766044980593e-17,2012
p63_solar_g08,235,0.4388456452958691,2012
p63_solar_g08,236,9.320914310208022e-17,2012
p63_solar_g08,237,0.55264444483669,2012
p63_solar_g08,238,8.902742541149394e-17,2012
p63_solar_g08,239,0.623645344669096,2012
p63_solar_g08,240,8.487365737386955e-17,2012
p63_solar_g09,1,0.0,2012
p63_solar_g09,2,0.6370972618157621,2012
p63_solar_g09,3,0.0,2012
p63_solar_g09,4,0.5521216372692351,2012
p63_solar_g09,5,0.0,2012
p63_solar_g09,6,0.44265655523892394,2012
p63_solar_g09,7,0.0,2012
p63_solar_g09,8,0.1984951162409966,2012
p63_solar_g09,9,0.0,2012
p63_solar_g09,10,0.06373650930192175,2012
p63_solar_g09,11,0.0612930449720654,2012
p63_solar_g09,12,6.104757638469247e-17,2012
p63_solar_g09,13,0.2719542253960358,2012
p63_solar_g09,14,5.743601026919448e-17,2012
p63_solar_g09,15,0.33669390858821685,2012
p63_solar_g09,16,5.393091435810258e-17,2012
p63_solar_g09,17,0.3735024119585183,2012
p63_solar_g09,18,5.0541634524968707e-17,2012
p63_solar_g09,19,0.39481533063143287,2012
p63_solar_g09,20,0.0,2012
p63_solar_g09,21,0.3581596528524993,2012
p63_solar_g09,22,0.0,2012
p63_solar_g09,23,0.30466612916839,2012
p63_solar_g09,24,0.0,2012
p63_solar_g09,25,0.1820535722238771,2012
p63_solar_g09,26,0.0,2012
p63_solar_g09,27,0.10572467788610371,2012
p63_solar_g09,28,0.034231459702597625,2012
p63_solar_g09,29,0.03340557082338649,2012
p63_solar_g09,30,0.09357993259974853,2012
p63_solar_g09,31,3.1536335226474746e-17,2012
p63_solar_g09,32,0.13930227949300153,2012
p63_solar_g09,33,2.9308301494213913e-17,2012
p63_solar_g09,34,0.1706694218722992,2012
p63_solar_g09,35,2.7261736772721724e-17,2012
p63_solar_g09,36,0.2061439502019207,2012
p63_solar_g09,37,2.5402097955500744e-17,2012
p63_solar_g09,38,0.198168615119756,2012
p63_solar_g09,39,0.0,2012
p63_solar_g09,40,0.1802217262084712,2012
p63_solar_g09,41,0.0,2012
p63_solar_g09,42,0.13075519615885386,2012
p63_solar_g09,43,0.0,2012
p63_solar_g09,44,0.09396531456608455,2012
p63_solar_g09,45,0.0,2012
p63_solar_g09,46,0.05596296719206531,2012
p63_solar_g09,47,0.018526152803031475,2012
p63_solar_g09,48,0.018312138514464664,2012
p63_solar_g09,49,0.05281587429893042,2012
p63_solar_g09,50,1.8092987105740305e-17,2012
p63_solar_g09,51,0.08288708391131513,2012
p63_solar_g09,52,1.7792303852653973e-17,2012
p63_solar_g09,53,0.12804637217006803,2012
p63_solar_g09,54,1.7703795491291636e-17,2012
p63_solar_g09,55,0.14082958366645862,2012
p63_solar_g09,56,0.0,2012
p63_solar_g09,57,0.1472111461689319,2012
p63_solar_g09,58,0.0,2012
p63_solar_g09,59,0.1337971770686963,2012
p63_solar_g09,60,0.0,2012
p63_solar_g09,61,0.11730409859656502,2012
p63_solar_g09,62,0.0,2012
p63_solar_g09,63,0.09317964594883918,2012
p63_solar_g09,64,0.0,2012
p63_solar_g09,65,0.020855962264613708,2012
p63_solar_g09,66,0.021690117902887107,2012
p63_solar_g09,67,2.249435035107397e-17,2012
p63_solar_g09,68,0.06797451547567875,2012
p63_solar_g09,69,2.3998782154470966e-17,2012
p63_solar_g09,70,0.15347787779605795,2012
p63_solar_g09,71,2.569884009803617e-17,2012
p63_solar_g09,72,0.19477463111883284,2012
p63_solar_g09,73,2.758999120265153e-17,2012
p63_solar_g09,74,0.22956078592106027,2012
p63_solar_g09,75,0.0,2012
p63_solar_g09,76,0.24698877583841972,2012
p63_solar_g09,77,0.0,2012
p63_solar_g09,78,0.24241292272386086,2012
p63_solar_g09,79,0.0,2012
p63_solar_g09,80,0.22047609140520033,2012
p63_solar_g09,81,0.0,2012
p63_solar_g09,82,0.11229227319522915,2012
p63_solar_g09,83,0.0,2012
p63_solar_g09,84,0.040989701956152855,2012
p63_solar_g09,85,0.04295109493657308,2012
p63_solar_g09,86,4.465851635777077e-17,2012
p63_solar_g09,87,0.2168355236995288,2012
p63_solar_g09,88,4.781223491762472e-17,2012
p63_solar_g09,89,0.3055333557114352,2012
p63_solar_g09,90,5.109808420296889e-17,2012
p63_solar_g09,91,0.385792341204318,2012
p63_solar_g09,92,5.4507302932311765e-17,2012
p63_solar_g09,93,0.46416793680324714,2012
p63_solar_g09,94,0.0,2012
p63_solar_g09,95,0.4791783450184916,2012
p63_solar_g09,96,0.0,2012
p63_solar_g09,97,0.4636905733708019,2012
p63_solar_g09,98,0.0,2012
p63_solar_g09,99,0.31502207865272447,2012
p63_solar_g09,100,0.0,2012
p63_solar_g09,101,0.20782442590407116,2012
p63_solar_g09,102,0.07321415274332434,2012
p63_solar_g09,103,0.07450981437518506,2012
p63_solar_g09,104,0.2268772075703912,2012
p63_solar_g09,105,7.96877156543449e-17,2012
p63_solar_g09,106,0.38209067722345397,2012
p63_solar_g09,107,8.372096187881216e-17,2012
p63_solar_g09,108,0.5282689588075096,2012
p63_solar_g09,109,8.779059296899723e-17,2012
p63_solar_g09,110,0.7176618968890937,2012
p63_solar_g09,111,9.188575779313733e-17,2012
p63_solar_g09,112,0.7726690084768056,2012
p63_solar_g09,113,0.0,2012
p63_solar_g09,114,0.782829374634704,2012
p63_solar_g09,115,0.0,2012
p63_solar_g09,116,0.6286117926851703,2012
p63_solar_g09,117,0.0,2012
p63_solar_g09,118,0.49606606967724115,2012
p63_solar_g09,119,0.0,2012
p63_solar_g09,120,0.3214448170734208,2012
p63_solar_g09,121,0.11191610107937176,2012
p63_solar_g09,122,0.11323471616083954,2012
p63_solar_g09,123,0.34083513058686626,2012
p63_solar_g09,124,1.1903202721049718e-16,2012
p63_solar_g09,125,0.5643228300794638,2012
p63_solar_g09,126,1.2296036704434883e-16,2012
p63_solar_g09,127,0.907705874161806,2012
p63_solar_g09,128,1.2682046507228512e-16,2012
p63_solar_g09,129,1.0,2012
p63_solar_g09,130,0.0,2012
p63_solar_g09,131,1.0,2012
p63_solar_g09,132,0.0,2012
p63_solar_g09,133,0.9884021158955705,2012
p63_solar_g09,134,0.0,2012
p63_solar_g09,135,0.8570709307226502,2012
p63_solar_g09,136,0.0,2012
p63_solar_g09,137,0.6662679655513561,2012
p63_solar_g09,138,0.0,2012
p63_solar_g09,139,0.42542100087415946,2012
p63_solar_g09,140,0.146692718659975,2012
p63_solar_g09,141,1.5007511926466386e-16,2012
p63_solar_g09,142,0.440416061797122,2012
p63_solar_g09,143,1.5308829812659818e-16,2012
p63_solar_g09,144,0.9474602047870275,2012
p63_solar_g09,145,1.5595290304865547e-16,2012
p63_solar_g09,146,1.0,2012
p63_solar_g09,147,1.586612959415918e-16,2012
p63_solar_g09,148,1.0,2012
p63_solar_g09,149,0.0,2012
p63_solar_g09,150,1.0,2012
p63_solar_g09,151,0.0,2012
p63_solar_g09,152,1.0,2012
p63_solar_g09,153,0.0,2012
p63_solar_g09,154,1.0,2012
p63_solar_g09,155,0.0,2012
p63_solar_g09,156,0.4894518535051936,2012
p63_solar_g09,157,0.0,2012
p63_solar_g09,158,0.1680469214081631,2012
p63_solar_g09,159,0.16905573455728115,2012
p63_solar_g09,160,1.7223928527136068e-16,2012
p63_solar_g09,161,0.8030881517898553,2012
p63_solar_g09,162,1.7354407956663875e-16,2012
p63_solar_g09,163,1.0,2012
p63_solar_g09,164,1.7464575729279512e-16,2012
p63_solar_g09,165,1.0,2012
p63_solar_g09,166,1.7554138097223013e-16,2012
p63_solar_g09,167,1.0,2012
p63_solar_g09,168,0.0,2012
p63_solar_g09,169,1.0,2012
p63_solar_g09,170,0.0,2012
p63_solar_g09,171,1.0,2012
p63_solar_g09,172,0.0,2012
p63_solar_g09,173,0.8211707356600418,2012
p63_solar_g09,174,0.0,2012
p63_solar_g09,175,0.5123457719324783,2012
p63_solar_g09,176,0.0,2012
p63_solar_g09,177,0.1738597396830971,2012
p63_solar_g09,178,0.5105544544375348,2012
p63_solar_g09,179,1.7612859210391469e-16,2012
p63_solar_g09,180,0.8148650341574923,2012
p63_solar_g09,181,1.7540652786197946e-16,2012
p63_solar_g09,182,1.0,2012
p63_solar_g09,183,1.7447638107946086e-16,2012
p63_solar_g09,184,1.0,2012
p63_solar_g09,185,1.7334063186943827e-16,2012
p63_solar_g09,186,1.0,2012
p63_solar_g09,187,0.0,2012
p63_solar_g09,188,1.0,2012
p63_solar_g09,189,0.0,2012
p63_solar_g09,190,1.0,2012
p63_solar_g09,191,0.0,2012
p63_solar_g09,192,0.7768352627948282,2012
p63_solar_g09,193,0.0,2012
p63_solar_g09,194,0.4790004102681138,2012
p63_solar_g09,195,0.16137851456721708,2012
p63_solar_g09,196,0.160628034385552,2012
p63_solar_g09,197,0.46796455438216733,2012
p63_solar_g09,198,1.607937384094916e-16,2012
p63_solar_g09,199,0.7379874241294988,2012
p63_solar_g09,200,1.5822105694819576e-16,2012
p63_solar_g09,201,1.0,2012
p63_solar_g09,202,1.554861157261107e-16,2012
p63_solar_g09,203,1.0,2012
p63_solar_g09,204,0.0,2012
p63_solar_g09,205,1.0,2012
p63_solar_g09,206,0.0,2012
p63_solar_g09,207,1.0,2012
p63_solar_g09,208,0.0,2012
p63_solar_g09,209,0.8813093105448612,2012
p63_solar_g09,210,0.0,2012
p63_solar_g09,211,0.6531275976858719,2012
p63_solar_g09,212,0.0,2012
p63_solar_g09,213,0.39755469873837507,2012
p63_solar_g09,214,0.13277736478680602,2012
p63_solar_g09,215,1.3368605923774217e-16,2012
p63_solar_g09,216,0.37996793429657366,2012
p63_solar_g09,217,1.299776526800747e-16,2012
p63_solar_g09,218,0.779020744529547,2012
p63_solar_g09,219,1.261822936546745e-16,2012
p63_solar_g09,220,0.8937278917528351,2012
p63_solar_g09,221,1.223101019832057e-16,2012
p63_solar_g09,222,0.9489515087550325,2012
p63_solar_g09,223,0.0,2012
p63_solar_g09,224,0.9174188005610733,2012
p63_solar_g09,225,0.0,2012
p63_solar_g09,226,0.8075352582269316,2012
p63_solar_g09,227,0.0,2012
p63_solar_g09,228,0.6577999308114183,2012
p63_solar_g09,229,0.0,2012
p63_solar_g09,230,0.2997831896066988,2012
p63_solar_g09,231,0.0,2012
p63_solar_g09,232,0.09785835490086102,2012
p63_solar_g09,233,0.09515907053917538,2012
p63_solar_g09,234,9.531002378468232e-17,2012
p63_solar_g09,235,0.42939527238216185,2012
p63_solar_g09,236,9.120191990020046e-17,2012
p63_solar_g09,237,0.540743458354588,2012
p63_solar_g09,238,8.711025389867502e-17,2012
p63_solar_g09,239,0.6102153809991888,2012
p63_solar_g09,240,8.304593566503837e-17,2012
p63_solar_g10,1,0.0,2012
p63_solar_g10,2,0.6251087988585552,2012
p63_solar_g10,3,0.0,2012
p63_solar_g10,4,0.5417321878193821,2012
p63_solar_g10,5,0.0,2012
p63_solar_g10,6,0.43432694525108306,2012
p63_solar_g10,7,0.0,2012
p63_solar_g10,8,0.19475997014813864,2012
p63_solar_g10,9,0.0,2012
p63_solar_g10,10,0.06253715901965869,2012
p63_solar_g10,11,0.060139674139662556,2012
p63_solar_g10,12,5.989882461321368e-17,2012
p63_solar_g10,13,0.2668367757496126,2012
p63_solar_g10,14,5.63552184925048e-17,2012
p63_solar_g10,15,0.3303582316155629,2012
p63_solar_g10,16,5.291607909231018e-17,2012
p63_solar_g10,17,0.3664740976043954,2012
p63_solar_g10,18,4.9590576421889787e-17,2012
p63_solar_g10,19,0.387385964269502,2012
p63_solar_g10,20,0.0,2012
p63_solar_g10,21,0.3514200481040018,2012
p63_solar_g10,22,0.0,2012
p63_solar_g10,23,0.2989331291654688,2012
p63_solar_g10,24,0.0,2012
p63_solar_g10,25,0.17862781192377353,2012
p63_solar_g10,26,0.0,2012
p63_solar_g10,27,0.10373522280527696,2012
p63_solar_g10,28,0.03358731537611583,2012
p63_solar_g10,29,0.032776967512113224,2012
p63_solar_g10,30,0.09181900907558743,2012
p63_solar_g10,31,3.094290591932136e-17,2012
p63_solar_g10,32,0.13668098394262249,2012
p63_solar_g10,33,2.875679781045826e-17,2012
p63_solar_g10,34,0.16745788077069004,2012
p63_solar_g10,35,2.6748743951943583e-17,2012
p63_solar_g10,36,0.2022648735538677,2012
p63_solar_g10,37,2.4924098553169416e-17,2012
p63_solar_g10,38,0.1944396129029309,2012
p63_solar_g10,39,0.0,2012
p63_solar_g10,40,0.17683043634077292,2012
p63_solar_g10,41,0.0,2012
p63_solar_g10,42,0.1282947338094394,2012
p63_solar_g10,43,0.0,2012
p63_solar_g10,44,0.09219713918619482,2012
p63_solar_g10,45,0.0,2012
p63_solar_g10,46,0.054909894138124804,2012
p63_solar_g10,47,0.018177540259970627,2012
p63_solar_g10,48,0.01796755314672628,2012
p63_solar_g10,49,0.05182202109858764,2012
p63_solar_g10,50,1.7752525580157553e-17,2012
p63_solar_g10,51,0.08132737114113366,2012
p63_solar_g10,52,1.7457500380020945e-17,2012
p63_solar_g10,53,0.12563688262809367,2012
p63_solar_g10,54,1.7370657508804604e-17,2012
p63_solar_g10,55,0.13817954834492485,2012
p63_solar_g10,56,0.0,2012
p63_solar_g10,57,0.14444102694458566,2012
p63_solar_g10,58,0.0,2012
p63_solar_g10,59,0.13127947279149477,2012
p63_solar_g10,60,0.0,2012
p63_solar_g10,61,0.11509674985244164,2012
p63_solar_g10,62,0.0,2012
p63_solar_g10,63,0.09142625474662373,2012
p63_solar_g10,64,0.0,2012
p63_solar_g10,65,0.02046350895170255,2012
p63_solar_g10,66,0.021281968016517938,2012
p63_solar_g10,67,2.207106696548587e-17,2012
p63_solar_g10,68,0.0666954172756775,2012
p63_solar_g10,69,2.354718939443152e-17,2012
p63_solar_g10,70,0.15058983547821034,2012
p63_solar_g10,71,2.5215256803892953e-17,2012
p63_solar_g10,72,0.19110949458455118,2012
p63_solar_g10,73,2.7070821513270098e-17,2012
p63_solar_g10,74,0.22524106718518258,2012
p63_solar_g10,75,0.0,2012
p63_solar_g10,76,0.2423411090417587,2012
p63_solar_g10,77,0.0,2012
p63_solar_g10,78,0.23785136121888667,2012
p63_solar_g10,79,0.0,2012
p63_solar_g10,80,0.21632732227185356,2012
p63_solar_g10,81,0.0,2012
p63_solar_g10,82,0.11017923357276276,2012
p63_solar_g10,83,0.0,2012
p63_solar_g10,84,0.04021838562349784,2012
p63_solar_g10,85,0.04214287044483529,2012
p63_solar_g10,86,4.381816277101533e-17,2012
p63_solar_g10,87,0.21275526029316985,2012
p63_solar_g10,88,4.691253679998162e-17,2012
p63_solar_g10,89,0.29978403682926286,2012
p63_solar_g10,90,5.0136555208313313e-17,2012
p63_solar_g10,91,0.3785327633205261,2012
p63_solar_g10,92,5.3481621578355106e-17,2012
p63_solar_g10,93,0.4554335402678904,2012
p63_solar_g10,94,0.0,2012
p63_solar_g10,95,0.4701614928305268,2012
p63_solar_g10,96,0.0,2012
p63_solar_g10,97,0.4549651595358427,2012
p63_solar_g10,98,0.0,2012
p63_solar_g10,99,0.3090942074359076,2012
p63_solar_g10,100,0.0,2012
p63_solar_g10,101,0.20391372720721468,2012
p63_solar_g10,102,0.07183645861290998,2012
p63_solar_g10,103,0.07310773936541429,2012
p63_solar_g10,104,0.22260798658670614,2012
p63_solar_g10,105,7.818820642000321e-17,2012
p63_solar_g10,106,0.37490075473480244,2012
p63_solar_g10,107,8.21455577601925e-17,2012
p63_solar_g10,108,0.5183283528377769,2012
p63_solar_g10,109,8.613860930044332e-17,2012
p63_solar_g10,110,0.704157423424347,2012
p63_solar_g10,111,9.015671409821016e-17,2012
p63_solar_g10,112,0.7581294485987652,2012
p63_solar_g10,113,0.0,2012
p63_solar_g10,114,0.7680986238967806,2012
p63_solar_g10,115,0.0,2012
p63_solar_g10,116,0.6167830035147519,2012
p63_solar_g10,117,0.0,2012
p63_solar_g10,118,0.48673143577267325,2012
p63_solar_g10,119,0.0,2012
p63_solar_g10,120,0.31539608713336775,2012
p63_solar_g10,121,0.10981014000793168,2012
p63_solar_g10,122,0.1111039422876399,2012
p63_solar_g10,123,0.33442152691525445,2012
p63_solar_g10,124,1.1679216348095105e-16,2012
p63_solar_g10,125,0.5537037868818332,2012
p63_solar_g10,126,1.2064658248763224e-16,2012
p63_solar_g10,127,0.8906252823893448,2012
p63_solar_g10,128,1.244340438162878e-16,2012
p63_solar_g10,129,1.0,2012
p63_solar_g10,130,0.0,2012
p63_solar_g10,131,1.0,2012
p63_solar_g10,132,0.0,2012
p63_solar_g10,133,0.9698030371309444,2012
p63_solar_g10,134,0.0,2012
p63_solar_g10,135,0.8409431528769519,2012
p63_solar_g10,136,0.0,2012
p63_solar_g10,137,0.6537305881314295,2012
p63_solar_g10,138,0.0,2012
p63_solar_g10,139,0.4174157178257564,2012
p63_solar_g10,140,0.14393235485188877,2012
p63_solar_g10,141,1.4725110774250617e-16,2012
p63_solar_g10,142,0.4321286118910187,2012
p63_solar_g10,143,1.5020758665400155e-16,2012
p63_solar_g10,144,0.9296315430593908,2012
p63_solar_g10,145,1.5301828738896936e-16,2012
p63_solar_g10,146,1.0,2012
p63_solar_g10,147,1.5567571558653409e-16,2012
p63_solar_g10,148,1.0,2012
p63_solar_g10,149,0.0,2012
p63_solar_g10,150,1.0,2012
p63_solar_g10,151,0.0,2012
p63_solar_g10,152,1.0,2012
p63_solar_g10,153,0.0,2012
p63_solar_g10,154,1.0,2012
p63_solar_g10,155,0.0,2012
p63_solar_g10,156,0.4802416814219551,2012
p63_solar_g10,157,0.0,2012
p63_solar_g10,158,0.1648847287366193,2012
p63_solar_g10,159,0.16587455872603193,2012
p63_solar_g10,160,1.6899820354803565e-16,2012
p63_solar_g10,161,0.7879761851622408,2012
p63_solar_g10,162,1.702784451117086e-16,2012
p63_solar_g10,163,1.0,2012
p63_solar_g10,164,1.713593922157098e-16,2012
p63_solar_g10,165,1.0,2012
p63_solar_g10,166,1.7223816265789512e-16,2012
p63_solar_g10,167,1.0,2012
p63_solar_g10,168,0.0,2012
p63_solar_g10,169,1.0,2012
p63_solar_g10,170,0.0,2012
p63_solar_g10,171,1.0,2012
p63_solar_g10,172,0.0,2012
p63_solar_g10,173,0.8057185032678555,2012
p63_solar_g10,174,0.0,2012
p63_solar_g10,175,0.502704797663356,2012
p63_solar_g10,176,0.0,2012
p63_solar_g10,177,0.17058816535078866,2012
p63_solar_g10,178,0.5009471879626848,2012
p63_solar_g10,179,1.7281432404988972e-16,2012
p63_solar_g10,180,0.7995314581674181,2012
p63_solar_g10,181,1.721058471217541e-16,2012
p63_solar_g10,182,1.0,2012
p63_solar_g10,183,1.7119320320875843e-16,2012
p63_solar_g10,184,1.0,2012
p63_solar_g10,185,1.7007882575490102e-16,2012
p63_solar_g10,186,1.0,2012
p63_solar_g10,187,0.0,2012
p63_solar_g10,188,1.0,2012
p63_solar_g10,189,0.0,2012
p63_solar_g10,190,1.0,2012
p63_solar_g10,191,0.0,2012
p63_solar_g10,192,0.7622173051766693,2012
p63_solar_g10,193,0.0,2012
p63_solar_g10,194,0.46998690633526097,2012
p63_solar_g10,195,0.15834180344015275,2012
p63_solar_g10,196,0.1576054452841143,2012
p63_solar_g10,197,0.45915871567944383,2012
p63_solar_g10,198,1.577680312024334e-16,2012
p63_solar_g10,199,0.7241004787173563,2012
p63_solar_g10,200,1.552437607110914e-16,2012
p63_solar_g10,201,1.0,2012
p63_solar_g10,202,1.5256028375277926e-16,2012
p63_solar_g10,203,1.0,2012
p63_solar_g10,204,0.0,2012
p63_solar_g10,205,1.0,2012
p63_solar_g10,206,0.0,2012
p63_solar_g10,207,1.0,2012
p63_solar_g10,208,0.0,2012
p63_solar_g10,209,0.864725431353172,2012
p63_solar_g10,210,0.0,2012
p63_solar_g10,211,0.6408374867711418,2012
p63_solar_g10,212,0.0,2012
p63_solar_g10,213,0.3900737848105629,2012
p63_solar_g10,214,0.1302788506435095,2012
p63_solar_g10,215,1.3117044590030783e-16,2012
p63_solar_g10,216,0.37281795614055674,2012
p63_solar_g10,217,1.275318216150051e-16,2012
p63_solar_g10,218,0.7643616620025387,2012
p63_solar_g10,219,1.2380788107436754e-16,2012
p63_solar_g10,220,0.8769103281463542,2012
p63_solar_g10,221,1.2000855367213811e-16,2012
p63_solar_g10,222,0.931094784683622,2012
p63_solar_g10,223,0.0,2012
p63_solar_g10,224,0.9001554375457852,2012
p63_solar_g10,225,0.0,2012
p63_solar_g10,226,0.7923396089750413,2012
p63_solar_g10,227,0.0,2012
p63_solar_g10,228,0.6454218991097747,2012
p63_solar_g10,229,0.0,2012
p63_solar_g10,230,0.29414207343936466,2012
p63_solar_g10,231,0.0,2012
p63_solar_g10,232,0.0960169229357658,2012
p63_solar_g10,233,0.0933684318713058,2012
p63_solar_g10,234,9.35165445813082e-17,2012
p63_solar_g10,235,0.42131520419558416,2012
p63_solar_g10,236,8.948574420163674e-17,2012
p63_solar_g10,237,0.5305681157367907,2012
p63_solar_g10,238,8.54710723880203e-17,2012
p63_solar_g10,239,0.5987327629917327,2012
p63_solar_g10,240,8.148323373059684e-17,2012
p64_solar_g01,1,0.0,2012
p64_solar_g01,2,0.632770486738519,2012
p64_solar_g01,3,0.0,2012
p64_solar_g01,4,0.5483719646793159,2012
p64_solar_g01,5,0.0,2012
p64_solar_g01,6,0.4396503025585602,2012
p64_solar_g01,7,0.0,2012
p64_solar_g01,8,0.19714705877256825,2012
p64_solar_g01,9,0.0,2012
p64_solar_g01,10,0.06330364989961942,2012
p64_solar_g01,11,0.06087678008554301,2012
p64_solar_g01,12,6.063297857073457e-17,2012
p64_solar_g01,13,0.2701072785715574,2012
p64_solar_g01,14,5.704594000416029e-17,2012
p64_solar_g01,15,0.3344072894177199,2012
p64_solar_g01,16,5.35646485614603e-17,2012
p64_solar_g01,17,0.37096581193806555,2012
p64_solar_g01,18,5.0198386644727467e-17,2012
p64_solar_g01,19,0.3921339862981974,2012
p64_solar_g01,20,0.0,2012
p64_solar_g01,21,0.3557272514712415,2012
p64_solar_g01,22,0.0,2012
p64_solar_g01,23,0.30259702309374,2012
p64_solar_g01,24,0.0,2012
p64_solar_g01,25,0.1808171756699564,2012
p64_solar_g01,26,0.0,2012
p64_solar_g01,27,0.10500666051459062,2012
p64_solar_g01,28,0.0339989805576132,2012
p64_solar_g01,29,0.03317870061071635,2012
p64_solar_g01,30,0.09294439491285174,2012
p64_solar_g01,31,3.132215971911721e-17,2012
p64_solar_g01,32,0.13835622358091731,2012
p64_solar_g01,33,2.910925742973297e-17,2012
p64_solar_g01,34,0.16951033950722996,2012
p64_solar_g01,35,2.707659172454746e-17,2012
p64_solar_g01,36,0.20474394652977176,2012
p64_solar_g01,37,2.5229582437178942e-17,2012
p64_solar_g01,38,0.1968227750473184,2012
p64_solar_g01,39,0.0,2012
p64_solar_g01,40,0.17899777043268572,2012
p64_solar_g01,41,0.0,2012
p64_solar_g01,42,0.1298671868110382,2012
p64_solar_g01,43,0.0,2012
p64_solar_g01,44,0.0933271596004972,2012
p64_solar_g01,45,0.0,2012
p64_solar_g01,46,0.055582900934983796,2012
p64_solar_g01,47,0.018400334500191975,2012
p64_solar_g01,48,0.018187773665823515,2012
p64_solar_g01,49,0.052457181172627994,2012
p64_solar_g01,50,1.797011059947675e-17,2012
p64_solar_g01,51,0.08232416551503965,2012
p64_solar_g01,52,1.7671469403205875e-17,2012
p64_solar_g01,53,0.12717675949859333,2012
p64_solar_g01,54,1.758356213651938e-17,2012
p64_solar_g01,55,0.13987315523823102,2012
p64_solar_g01,56,0.0,2012
p64_solar_g01,57,0.14621137806991236,2012
p64_solar_g01,58,0.0,2012
p64_solar_g01,59,0.132888508446426,2012
p64_solar_g01,60,0.0,2012
p64_solar_g01,61,0.11650744087931235,2012
p64_solar_g01,62,0.0,2012
p64_solar_g01,63,0.09254682676413774,2012
p64_solar_g01,64,0.0,2012
p64_solar_g01,65,0.02071432132037034,2012
p64_solar_g01,66,0.02154281188355624,2012
p64_solar_g01,67,2.2341582476667462e-17,2012
p64_solar_g01,68,0.06751287412658613,2012
p64_solar_g01,69,2.383579709907423e-17,2012
p64_solar_g01,70,0.15243554988734348,2012
p64_solar_g01,71,2.5524309288512157e-17,2012
p64_solar_g01,72,0.19345184091062773,2012
p64_solar_g01,73,2.740261685108587e-17,2012
p64_solar_g01,74,0.22800174941789791,2012
p64_solar_g01,75,0.0,2012
p64_solar_g01,76,0.2453113790833141,2012
p64_solar_g01,77,0.0,2012
p64_solar_g01,78,0.24076660236540584,2012
p64_solar_g01,79,0.0,2012
p64_solar_g01,80,0.2189787525927541,2012
p64_solar_g01,81,0.0,2012
p64_solar_g01,82,0.11152965273184284,2012
p64_solar_g01,83,0.0,2012
p64_solar_g01,84,0.04071132496181131,2012
p64_solar_g01,85,0.04265939736031571,2012
p64_solar_g01,86,4.435522301914812e-17,2012
p64_solar_g01,87,0.21536290939707498,2012
p64_solar_g01,88,4.74875234507456e-17,2012
p64_solar_g01,89,0.3034583599643322,2012
p64_solar_g01,90,5.075105725673127e-17,2012
p64_solar_g01,91,0.3831722754985627,2012
p64_solar_g01,92,5.413712265688082e-17,2012
p64_solar_g01,93,0.4610155919714836,2012
p64_solar_g01,94,0.0,2012
p64_solar_g01,95,0.47592405867158194,2012
p64_solar_g01,96,0.0,2012
p64_solar_g01,97,0.4605414704996087,2012
p64_solar_g01,98,0.0,2012
p64_solar_g01,99,0.3128826413008652,2012
p64_solar_g01,100,0.0,2012
p64_solar_g01,101,0.20641300946840593,2012
p64_solar_g01,102,0.07271692698145489,2012
p64_solar_g01,103,0.07400378927168716,2012
p64_solar_g01,104,0.225336396290631,2012
p64_solar_g01,105,7.914652541115821e-17,2012
p64_solar_g01,106,0.3794957509562376,2012
p64_solar_g01,107,8.315238029321934e-17,2012
p64_solar_g01,108,0.5246812790260346,2012
p64_solar_g01,109,8.719437293723622e-17,2012
p64_solar_g01,110,0.7127879760681238,2012
p64_solar_g01,111,9.12617259056986e-17,2012
p64_solar_g01,112,0.7674215129856035,2012
p64_solar_g01,113,0.0,2012
p64_solar_g01,114,0.7775128761486649,2012
p64_solar_g01,115,0.0,2012
p64_solar_g01,116,0.6243426457261966,2012
p64_solar_g01,117,0.0,2012
p64_solar_g01,118,0.49269709222970337,2012
p64_solar_g01,119,0.0,2012
p64_solar_g01,120,0.3192617604091082,2012
p64_solar_g01,121,0.11115603534700252,2012
p64_solar_g01,122,0.11246569520104598,2012
p64_solar_g01,123,0.3385203867685219,2012
p64_solar_g01,124,1.182236344585644e-16,2012
p64_solar_g01,125,0.5604902944478586,2012
p64_solar_g01,126,1.2212529541007458e-16,2012
p64_solar_g01,127,0.9015412908412045,2012
p64_solar_g01,128,1.2595917801229175e-16,2012
p64_solar_g01,129,1.0,2012
p64_solar_g01,130,0.0,2012
p64_solar_g01,131,1.0,2012
p64_solar_g01,132,0.0,2012
p64_solar_g01,133,0.9816894930392696,2012
p64_solar_g01,134,0.0,2012
p64_solar_g01,135,0.8512502289793854,2012
p64_solar_g01,136,0.0,2012
p64_solar_g01,137,0.6617430808894806,2012
p64_solar_g01,138,0.0,2012
p64_solar_g01,139,0.422531801541122,2012
p64_solar_g01,140,0.14569647140362665,2012
p64_solar_g01,141,1.4905590081142807e-16,2012
p64_solar_g01,142,0.4374250251783642,2012
p64_solar_g01,143,1.520486160048074e-16,2012
p64_solar_g01,144,0.9410256343588508,2012
p64_solar_g01,145,1.5489376628167035e-16,2012
p64_solar_g01,146,1.0,2012
p64_solar_g01,147,1.575837654260052e-16,2012
p64_solar_g01,148,1.0,2012
p64_solar_g01,149,0.0,2012
p64_solar_g01,150,1.0,2012
p64_solar_g01,151,0.0,2012
p64_solar_g01,152,1.0,2012
p64_solar_g01,153,0.0,2012
p64_solar_g01,154,1.0,2012
p64_solar_g01,155,0.0,2012
p64_solar_g01,156,0.48612779576992576,2012
p64_solar_g01,157,0.0,2012
p64_solar_g01,158,0.1669056494628341,2012
p64_solar_g01,159,0.16790761136983762,2012
p64_solar_g01,160,1.7106954135390873e-16,2012
p64_solar_g01,161,0.7976340680757138,2012
p64_solar_g01,162,1.723654742840922e-16,2012
p64_solar_g01,163,1.0,2012
p64_solar_g01,164,1.7345967008870472e-16,2012
p64_solar_g01,165,1.0,2012
p64_solar_g01,166,1.743492112396986e-16,2012
p64_solar_g01,167,1.0,2012
p64_solar_g01,168,0.0,2012
p64_solar_g01,169,1.0,2012
p64_solar_g01,170,0.0,2012
p64_solar_g01,171,1.0,2012
p64_solar_g01,172,0.0,2012
p64_solar_g01,173,0.815593846092052,2012
p64_solar_g01,174,0.0,2012
p64_solar_g01,175,0.5088662327007285,2012
p64_solar_g01,176,0.0,2012
p64_solar_g01,177,0.172678990630036,2012
p64_solar_g01,178,0.5070870807389887,2012
p64_solar_g01,179,1.749324343924011e-16,2012
p64_solar_g01,180,0.8093309690587649,2012
p64_solar_g01,181,1.7421527396932277e-16,2012
p64_solar_g01,182,1.0,2012
p64_solar_g01,183,1.7329144417505382e-16,2012
p64_solar_g01,184,1.0,2012
p64_solar_g01,185,1.7216340827926197e-16,2012
p64_solar_g01,186,1.0,2012
p64_solar_g01,187,0.0,2012
p64_solar_g01,188,1.0,2012
p64_solar_g01,189,0.0,2012
p64_solar_g01,190,1.0,2012
p64_solar_g01,191,0.0,2012
p64_solar_g01,192,0.7715594726515702,2012
p64_solar_g01,193,0.0,2012
p64_solar_g01,194,0.47574733234523836,2012
p64_solar_g01,195,0.16028253036404866,2012
p64_solar_g01,196,0.15953714698492946,2012
p64_solar_g01,197,0.4647864252450821,2012
p64_solar_g01,198,1.5970172564845086e-16,2012
p64_solar_g01,199,0.732975464754659,2012
p64_solar_g01,200,1.571465162666876e-16,2012
p64_solar_g01,201,1.0,2012
p64_solar_g01,202,1.544301490932238e-16,2012
p64_solar_g01,203,1.0,2012
p64_solar_g01,204,0.0,2012
p64_solar_g01,205,1.0,2012
p64_solar_g01,206,0.0,2012
p64_solar_g01,207,1.0,2012
p64_solar_g01,208,0.0,2012
p64_solar_g01,209,0.8753239965453318,2012
p64_solar_g01,210,0.0,2012
p64_solar_g01,211,0.6486919543684406,2012
p64_solar_g01,212,0.0,2012
p64_solar_g01,213,0.394854750291823,2012
p64_solar_g01,214,0.1318756221060351,2012
p64_solar_g01,215,1.3277814525984164e-16,2012
p64_solar_g01,216,0.37738742440145917,2012
p64_solar_g01,217,1.2909492393217228e-16,2012
p64_solar_g01,218,0.7737301119305632,2012
p64_solar_g01,219,1.2532534066476777e-16,2012
p64_solar_g01,220,0.8876582383425347,2012
p64_solar_g01,221,1.2147944655165085e-16,2012
p64_solar_g01,222,0.942506810302097,2012
p64_solar_g01,223,0.0,2012
p64_solar_g01,224,0.9111882529829082,2012
p64_solar_g01,225,0.0,2012
p64_solar_g01,226,0.8020509724848565,2012
p64_solar_g01,227,0.0,2012
p64_solar_g01,228,0.6533325558640903,2012
p64_solar_g01,229,0.0,2012
p64_solar_g01,230,0.29774724547209386,2012
p64_solar_g01,231,0.0,2012
p64_solar_g01,232,0.0971937607855476,2012
p64_solar_g01,233,0.09451280831288822,2012
p64_solar_g01,234,9.466273637624537e-17,2012
p64_solar_g01,235,0.426479082226935,2012
p64_solar_g01,236,9.058253222162806e-17,2012
p64_solar_g01,237,0.5370710593991717,2012
p64_solar_g01,238,8.651865431391634e-17,2012
p64_solar_g01,239,0.6060711712207121,2012
p64_solar_g01,240,8.24819384447745e-17,2012
p64_solar_g02,1,0.0,2012
p64_solar_g02,2,0.6322660436353946,2012
p64_solar_g02,3,0.0,2012
p64_solar_g02,4,0.5479348038740529,2012
p64_solar_g02,5,0.0,2012
p64_solar_g02,6,0.439299814399646,2012
p64_solar_g02,7,0.0,2012
p64_solar_g02,8,0.19698989361366256,2012
p64_solar_g02,9,0.0,2012
p64_solar_g02,10,0.06325318438287407,2012
p64_solar_g02,11,0.06082824926354962,2012
p64_solar_g02,12,6.058464210671972e-17,2012
p64_solar_g02,13,0.2698919497017149,2012
p64_solar_g02,14,5.700046311862369e-17,2012
p64_solar_g02,15,0.33414070073459284,2012
p64_solar_g02,16,5.35219469530503e-17,2012
p64_solar_g02,17,0.3706700788891181,2012
p64_solar_g02,18,5.0158368612183907e-17,2012
p64_solar_g02,19,0.3918213780317968,2012
p64_solar_g02,20,0.0,2012
p64_solar_g02,21,0.3554436665658788,2012
p64_solar_g02,22,0.0,2012
p64_solar_g02,23,0.30235579347806624,2012
p64_solar_g02,24,0.0,2012
p64_solar_g02,25,0.18067302865440377,2012
p64_solar_g02,26,0.0,2012
p64_solar_g02,27,0.10492294945854606,2012
p64_solar_g02,28,0.033971876652461194,2012
p64_solar_g02,29,0.03315225063075605,2012
p64_solar_g02,30,0.09287029986579996,2012
p64_solar_g02,31,3.12971897690699e-17,2012
p64_solar_g02,32,0.1382459263337757,2012
p64_solar_g02,33,2.9086051600043934e-17,2012
p64_solar_g02,34,0.16937520627414662,2012
p64_solar_g02,35,2.705500633104726e-17,2012
p64_solar_g02,36,0.20458072515030168,2012
p64_solar_g02,37,2.5209469475019878e-17,2012
p64_solar_g02,38,0.19666586840661496,2012
p64_solar_g02,39,0.0,2012
p64_solar_g02,40,0.1788550738425922,2012
p64_solar_g02,41,0.0,2012
p64_solar_g02,42,0.12976365700349826,2012
p64_solar_g02,43,0.0,2012
p64_solar_g02,44,0.09325275941436127,2012
p64_solar_g02,45,0.0,2012
p64_solar_g02,46,0.055538590380658136,2012
p64_solar_g02,47,0.01838566579798741,2012
p64_solar_g02,48,0.01817327441660252,2012
p64_solar_g02,49,0.052415362434544505,2012
p64_solar_g02,50,1.795578487072633e-17,2012
p64_solar_g02,51,0.08225853688920316,2012
p64_solar_g02,52,1.765738175049554e-17,2012
p64_solar_g02,53,0.12707537449320622,2012
p64_solar_g02,54,1.7569544563269645e-17,2012
p64_solar_g02,55,0.1397616486968374,2012
p64_solar_g02,56,0.0,2012
p64_solar_g02,57,0.14609481871259175,2012
p64_solar_g02,58,0.0,2012
p64_solar_g02,59,0.13278257004857844,2012
p64_solar_g02,60,0.0,2012
p64_solar_g02,61,0.11641456142894928,2012
p64_solar_g02,62,0.0,2012
p64_solar_g02,63,0.09247304865745352,2012
p64_solar_g02,64,0.0,2012
p64_solar_g02,65,0.020697807913463796,2012
p64_solar_g02,66,0.02152563800597453,2012
p64_solar_g02,67,2.232377182109892e-17,2012
p64_solar_g02,68,0.0674590530264574,2012
p64_solar_g02,69,2.3816795259219033e-17,2012
p64_solar_g02,70,0.15231402863528892,2012
p64_solar_g02,71,2.550396137081933e-17,2012
p64_solar_g02,72,0.19329762157047317,2012
p64_solar_g02,73,2.738077155114254e-17,2012
p64_solar_g02,74,0.22781998697416103,2012
p64_solar_g02,75,0.0,2012
p64_solar_g02,76,0.2451158174446316,2012
p64_solar_g02,77,0.0,2012
p64_solar_g02,78,0.24057466381174172,2012
p64_solar_g02,79,0.0,2012
p64_solar_g02,80,0.2188041832602848,2012
p64_solar_g02,81,0.0,2012
p64_solar_g02,82,0.11144074156216359,2012
p64_solar_g02,83,0.0,2012
p64_solar_g02,84,0.040678869991918686,2012
p64_solar_g02,85,0.04262538939181394,2012
p64_solar_g02,86,4.431986314252859e-17,2012
p64_solar_g02,87,0.21519122260606469,2012
p64_solar_g02,88,4.744966651179028e-17,2012
p64_solar_g02,89,0.3032164436929864,2012
p64_solar_g02,90,5.0710598636511184e-17,2012
p64_solar_g02,91,0.3828668114863582,2012
p64_solar_g02,92,5.4093964673505166e-17,2012
p64_solar_g02,93,0.4606480714554724,2012
p64_solar_g02,94,0.0,2012
p64_solar_g02,95,0.4755446531619393,2012
p64_solar_g02,96,0.0,2012
p64_solar_g02,97,0.46017432795208923,2012
p64_solar_g02,98,0.0,2012
p64_solar_g02,99,0.3126332120152089,2012
p64_solar_g02,100,0.0,2012
p64_solar_g02,101,0.20624845751599397,2012
p64_solar_g02,102,0.07265895722296431,2012
p64_solar_g02,103,0.07394479362968813,2012
p64_solar_g02,104,0.22515675865996718,2012
p64_solar_g02,105,7.908342999233471e-17,2012
p64_solar_g02,106,0.379193217860515,2012
p64_solar_g02,107,8.308609141656281e-17,2012
p64_solar_g02,108,0.5242630043781329,2012
p64_solar_g02,109,8.712486179381018e-17,2012
p64_solar_g02,110,0.7122197432158446,2012
p64_solar_g02,111,9.118897227831366e-17,2012
p64_solar_g02,112,0.7668097264096994,2012
p64_solar_g02,113,0.0,2012
p64_solar_g02,114,0.7768930447624302,2012
p64_solar_g02,115,0.0,2012
p64_solar_g02,116,0.6238449212775639,2012
p64_solar_g02,117,0.0,2012
p64_solar_g02,118,0.49230431529823526,2012
p64_solar_g02,119,0.0,2012
p64_solar_g02,120,0.3190072457051121,2012
p64_solar_g02,121,0.11106742202419972,2012
p64_solar_g02,122,0.11237603782057193,2012
p64_solar_g02,123,0.3382505191341249,2012
p64_solar_g02,124,1.1812938686282661e-16,2012
p64_solar_g02,125,0.5600434729393844,2012
p64_solar_g02,126,1.2202793741965347e-16,2012
p64_solar_g02,127,0.9008225843024549,2012
p64_solar_g02,128,1.258587636599236e-16,2012
p64_solar_g02,129,1.0,2012
p64_solar_g02,130,0.0,2012
p64_solar_g02,131,1.0,2012
p64_solar_g02,132,0.0,2012
p64_solar_g02,133,0.9809068925473822,2012
p64_solar_g02,134,0.0,2012
p64_solar_g02,135,0.8505716143536385,2012
p64_solar_g02,136,0.0,2012
p64_solar_g02,137,0.6612155409043028,2012
p64_solar_g02,138,0.0,2012
p64_solar_g02,139,0.4221949602098571,2012
p64_solar_g02,140,0.1455803225286563,2012
p64_solar_g02,141,1.4893707380745089e-16,2012
p64_solar_g02,142,0.4370763110052007,2012
p64_solar_g02,143,1.5192740321550905e-16,2012
p64_solar_g02,144,0.9402754509968513,2012
p64_solar_g02,145,1.5477028534544579e-16,2012
p64_solar_g02,146,1.0,2012
p64_solar_g02,147,1.5745814002896235e-16,2012
p64_solar_g02,148,1.0,2012
p64_solar_g02,149,0.0,2012
p64_solar_g02,150,1.0,2012
p64_solar_g02,151,0.0,2012
p64_solar_g02,152,1.0,2012
p64_solar_g02,153,0.0,2012
p64_solar_g02,154,1.0,2012
p64_solar_g02,155,0.0,2012
p64_solar_g02,156,0.4857402558657226,2012
p64_solar_g02,157,0.0,2012
p64_solar_g02,158,0.16677259268236067,2012
p64_solar_g02,159,0.1677737558277529,2012
p64_solar_g02,160,1.7093316512888057e-16,2012
p64_solar_g02,161,0.7969981961238917,2012
p64_solar_g02,162,1.7222806494446332e-16,2012
p64_solar_g02,163,1.0,2012
p64_solar_g02,164,1.7332138845882421e-16,2012
p64_solar_g02,165,1.0,2012
p64_solar_g02,166,1.7421022046976182e-16,2012
p64_solar_g02,167,1.0,2012
p64_solar_g02,168,0.0,2012
p64_solar_g02,169,1.0,2012
p64_solar_g02,170,0.0,2012
p64_solar_g02,171,1.0,2012
p64_solar_g02,172,0.0,2012
p64_solar_g02,173,0.8149436566485898,2012
p64_solar_g02,174,0.0,2012
p64_solar_g02,175,0.5084605657695449,2012
p64_solar_g02,176,0.0,2012
p64_solar_g02,177,0.17254133135593366,2012
p64_solar_g02,178,0.5066828321434501,2012
p64_solar_g02,179,1.747929786783762e-16,2012
p64_solar_g02,180,0.8086857723657411,2012
p64_solar_g02,181,1.7407638997385433e-16,2012
p64_solar_g02,182,1.0,2012
p64_solar_g02,183,1.7315329665446522e-16,2012
p64_solar_g02,184,1.0,2012
p64_solar_g02,185,1.720261600261639e-16,2012
p64_solar_g02,186,1.0,2012
p64_solar_g02,187,0.0,2012
p64_solar_g02,188,1.0,2012
p64_solar_g02,189,0.0,2012
p64_solar_g02,190,1.0,2012
p64_solar_g02,191,0.0,2012
p64_solar_g02,192,0.7709443873042187,2012
p64_solar_g02,193,0.0,2012
p64_solar_g02,194,0.47536806772139606,2012
p64_solar_g02,195,0.16015475351811798,2012
p64_solar_g02,196,0.1594099643568276,2012
p64_solar_g02,197,0.46441589862989624,2012
p64_solar_g02,198,1.595744118186361e-16,2012
p64_solar_g02,199,0.732391138485176,2012
p64_solar_g02,200,1.5702123944361806e-16,2012
p64_solar_g02,201,1.0,2012
p64_solar_g02,202,1.5430703775150163e-16,2012
p64_solar_g02,203,1.0,2012
p64_solar_g02,204,0.0,2012
p64_solar_g02,205,1.0,2012
p64_solar_g02,206,0.0,2012
p64_solar_g02,207,1.0,2012
p64_solar_g02,208,0.0,2012
p64_solar_g02,209,0.8746261903702485,2012
p64_solar_g02,210,0.0,2012
p64_solar_g02,211,0.6481748187097912,2012
p64_solar_g02,212,0.0,2012
p64_solar_g02,213,0.39453997303894056,2012
p64_solar_g02,214,0.13177049117873077,2012
p64_solar_g02,215,1.3267229484325977e-16,2012
p64_solar_g02,216,0.3770865720585719,2012
p64_solar_g02,217,1.2899200977073341e-16,2012
p64_solar_g02,218,0.773113296154823,2012
p64_solar_g02,219,1.2522543160600159e-16,2012
p64_solar_g02,220,0.8869505993396927,2012
p64_solar_g02,221,1.2138260343037919e-16,2012
p64_solar_g02,222,0.9417554461502144,2012
p64_solar_g02,223,0.0,2012
p64_solar_g02,224,0.9104618559092483,2012
p64_solar_g02,225,0.0,2012
p64_solar_g02,226,0.8014115793875115,2012
p64_solar_g02,227,0.0,2012
p64_solar_g02,228,0.6528117207291412,2012
p64_solar_g02,229,0.0,2012
p64_solar_g02,230,0.297509882087422,2012
p64_solar_g02,231,0.0,2012
p64_solar_g02,232,0.09711627815428946,2012
p64_solar_g02,233,0.09443746293046355,2012
p64_solar_g02,234,9.458727147153085e-17,2012
p64_solar_g02,235,0.42613909413304474,2012
p64_solar_g02,236,9.051032004580699e-17,2012
p64_solar_g02,237,0.5366429076482927,2012
p64_solar_g02,238,8.644968185174412e-17,2012
p64_solar_g02,239,0.6055880127474075,2012
p64_solar_g02,240,8.241618404273964e-17,2012
p64_solar_g03,1,0.0,2012
p64_solar_g03,2,0.6339988576746635,2012
p64_solar_g03,3,0.0,2012
p64_solar_g03,4,0.5494364962871039,2012
p64_solar_g03,5,0.0,2012
p64_solar_g03,6,0.44050377734135804,2012
p64_solar_g03,7,0.0,2012
p64_solar_g03,8,0.19752977212949294,2012
p64_solar_g03,9,0.0,2012
p64_solar_g03,10,0.0634265386330832,2012
p64_solar_g03,11,0.06099495763792629,2012
p64_solar_g03,12,6.075068284141263e-17,2012
p64_solar_g03,13,0.27063162655805806,2012
p64_solar_g03,14,5.715668090658027e-17,2012
p64_solar_g03,15,0.335056460331605,2012
p64_solar_g03,16,5.3668631378100224e-17,2012
p64_solar_g03,17,0.37168595238588675,2012
p64_solar_g03,18,5.029583467760515e-17,2012
p64_solar_g03,19,0.39289521963941393,2012
p64_solar_g03,20,0.0,2012
p64_solar_g03,21,0.35641780993763594,2012
p64_solar_g03,22,0.0,2012
p64_solar_g03,23,0.30318444206526635,2012
p64_solar_g03,24,0.0,2012
p64_solar_g03,25,0.18116818850636968,2012
p64_solar_g03,26,0.0,2012
p64_solar_g03,27,0.10521050556201461,2012
p64_solar_g03,28,0.034064981359563956,2012
p64_solar_g03,29,0.03324310903744199,2012
p64_solar_g03,30,0.0931248239875024,2012
p64_solar_g03,31,3.1382964120495896e-17,2012
p64_solar_g03,32,0.13862480874322078,2012
p64_solar_g03,33,2.916576601625655e-17,2012
p64_solar_g03,34,0.16983940285451074,2012
p64_solar_g03,35,2.712915438197435e-17,2012
p64_solar_g03,36,0.2051414074078304,2012
p64_solar_g03,37,2.5278559572564364e-17,2012
p64_solar_g03,38,0.19720485888578182,2012
p64_solar_g03,39,0.0,2012
p64_solar_g03,40,0.17934525133364787,2012
p64_solar_g03,41,0.0,2012
p64_solar_g03,42,0.13011929256056481,2012
p64_solar_g03,43,0.0,2012
p64_solar_g03,44,0.09350833172026064,2012
p64_solar_g03,45,0.0,2012
p64_solar_g03,46,0.05569080170072122,2012
p64_solar_g03,47,0.018436054301587693,2012
p64_solar_g03,48,0.018223080831743066,2012
p64_solar_g03,49,0.052559014109048036,2012
p64_solar_g03,50,1.8004995225170143e-17,2012
p64_solar_g03,51,0.08248397798161382,2012
p64_solar_g03,52,1.770577428920925e-17,2012
p64_solar_g03,53,0.12742364243386786,2012
p64_solar_g03,54,1.7617696371814895e-17,2012
p64_solar_g03,55,0.14014468515664907,2012
p64_solar_g03,56,0.0,2012
p64_solar_g03,57,0.14649521211577696,2012
p64_solar_g03,58,0.0,2012
p64_solar_g03,59,0.1331464793615433,2012
p64_solar_g03,60,0.0,2012
p64_solar_g03,61,0.11673361191165357,2012
p64_solar_g03,62,0.0,2012
p64_solar_g03,63,0.09272648405633449,2012
p64_solar_g03,64,0.0,2012
p64_solar_g03,65,0.02075453316780186,2012
p64_solar_g03,66,0.021584632045139603,2012
p64_solar_g03,67,2.238495325826517e-17,2012
p64_solar_g03,68,0.06764393405136253,2012
p64_solar_g03,69,2.388206853715481e-17,2012
p64_solar_g03,70,0.1527314666581808,2012
p64_solar_g03,71,2.557385856483314e-17,2012
p64_solar_g03,72,0.19382738089534332,2012
p64_solar_g03,73,2.7455812407483693e-17,2012
p64_solar_g03,74,0.22844435969799898,2012
p64_solar_g03,75,0.0,2012
p64_solar_g03,76,0.2457875918250376,2012
p64_solar_g03,77,0.0,2012
p64_solar_g03,78,0.2412339925217709,2012
p64_solar_g03,79,0.0,2012
p64_solar_g03,80,0.21940384690570877,2012
p64_solar_g03,81,0.0,2012
p64_solar_g03,82,0.11174616059180992,2012
p64_solar_g03,83,0.0,2012
p64_solar_g03,84,0.040790356157802736,2012
p64_solar_g03,85,0.042742210267948215,2012
p64_solar_g03,86,4.4441327962353924e-17,2012
p64_solar_g03,87,0.2157809844245473,2012
p64_solar_g03,88,4.757970899804733e-17,2012
p64_solar_g03,89,0.3040474510131761,2012
p64_solar_g03,90,5.0849578166001383e-17,2012
p64_solar_g03,91,0.38391611184463625,2012
p64_solar_g03,92,5.4242216793589e-17,2012
p64_solar_g03,93,0.4619105422989018,2012
p64_solar_g03,94,0.0,2012
p64_solar_g03,95,0.4768479501831746,2012
p64_solar_g03,96,0.0,2012
p64_solar_g03,97,0.4614355004348018,2012
p64_solar_g03,98,0.0,2012
p64_solar_g03,99,0.31349002731372916,2012
p64_solar_g03,100,0.0,2012
p64_solar_g03,101,0.20681371042868615,2012
p64_solar_g03,102,0.07285808931683838,2012
p64_solar_g03,103,0.07414744973912527,2012
p64_solar_g03,104,0.22577383243194923,2012
p64_solar_g03,105,7.930016925762297e-17,2012
p64_solar_g03,106,0.3802324502186632,2012
p64_solar_g03,107,8.331380053857542e-17,2012
p64_solar_g03,108,0.5256998208945352,2012
p64_solar_g03,109,8.736363973421265e-17,2012
p64_solar_g03,110,0.7141716816166367,2012
p64_solar_g03,111,9.143888848523475e-17,2012
p64_solar_g03,112,0.7689112763391099,2012
p64_solar_g03,113,0.0,2012
p64_solar_g03,114,0.7790222294442996,2012
p64_solar_g03,115,0.0,2012
p64_solar_g03,116,0.6255546560463342,2012
p64_solar_g03,117,0.0,2012
p64_solar_g03,118,0.4936535445312911,2012
p64_solar_g03,119,0.0,2012
p64_solar_g03,120,0.3198815299396535,2012
p64_solar_g03,121,0.11137181791913398,2012
p64_solar_g03,122,0.11268402016119117,2012
p64_solar_g03,123,0.339177542266627,2012
p64_solar_g03,124,1.1845313706587274e-16,2012
p64_solar_g03,125,0.5615783508634469,2012
p64_solar_g03,126,1.2236237214894558e-16,2012
p64_solar_g03,127,0.9032914153217432,2012
p64_solar_g03,128,1.2620369730744478e-16,2012
p64_solar_g03,129,1.0,2012
p64_solar_g03,130,0.0,2012
p64_solar_g03,131,1.0,2012
p64_solar_g03,132,0.0,2012
p64_solar_g03,133,0.9835952058796127,2012
p64_solar_g03,134,0.0,2012
p64_solar_g03,135,0.8529027255205154,2012
p64_solar_g03,136,0.0,2012
p64_solar_g03,137,0.6630276951134294,2012
p64_solar_g03,138,0.0,2012
p64_solar_g03,139,0.42335204489236467,2012
p64_solar_g03,140,0.1459793058826705,2012
p64_solar_g03,141,1.4934525681056975e-16,2012
p64_solar_g03,142,0.4382741801230596,2012
p64_solar_g03,143,1.5234378163704786e-16,2012
p64_solar_g03,144,0.9428524081475136,2012
p64_solar_g03,145,1.551944550853961e-16,2012
p64_solar_g03,146,1.0,2012
p64_solar_g03,147,1.578896762127981e-16,2012
p64_solar_g03,148,1.0,2012
p64_solar_g03,149,0.0,2012
p64_solar_g03,150,1.0,2012
p64_solar_g03,151,0.0,2012
p64_solar_g03,152,1.0,2012
p64_solar_g03,153,0.0,2012
p64_solar_g03,154,1.0,2012
p64_solar_g03,155,0.0,2012
p64_solar_g03,156,0.48707149537047695,2012
p64_solar_g03,157,0.0,2012
p64_solar_g03,158,0.16722965643404286,2012
p64_solar_g03,159,0.16823356340787787,2012
p64_solar_g03,160,1.714016315146585e-16,2012
p64_solar_g03,161,0.7991824818014439,2012
p64_solar_g03,162,1.7270008018535134e-16,2012
p64_solar_g03,163,1.0,2012
p64_solar_g03,164,1.7379640010661121e-16,2012
p64_solar_g03,165,1.0,2012
p64_solar_g03,166,1.74687668086715e-16,2012
p64_solar_g03,167,1.0,2012
p64_solar_g03,168,0.0,2012
p64_solar_g03,169,1.0,2012
p64_solar_g03,170,0.0,2012
p64_solar_g03,171,1.0,2012
p64_solar_g03,172,0.0,2012
p64_solar_g03,173,0.8171771243852631,2012
p64_solar_g03,174,0.0,2012
p64_solar_g03,175,0.5098540734798659,2012
p64_solar_g03,176,0.0,2012
p64_solar_g03,177,0.17301420514749238,2012
p64_solar_g03,178,0.5080714677246786,2012
p64_solar_g03,179,1.7527202342618203e-16,2012
p64_solar_g03,180,0.8109020894901832,2012
p64_solar_g03,181,1.745534708095063e-16,2012
p64_solar_g03,182,1.0,2012
p64_solar_g03,183,1.7362784762301536e-16,2012
p64_solar_g03,184,1.0,2012
p64_solar_g03,185,1.7249762191821952e-16,2012
p64_solar_g03,186,1.0,2012
p64_solar_g03,187,0.0,2012
p64_solar_g03,188,1.0,2012
p64_solar_g03,189,0.0,2012
p64_solar_g03,190,1.0,2012
p64_solar_g03,191,0.0,2012
p64_solar_g03,192,0.7730572688534714,2012
p64_solar_g03,193,0.0,2012
p64_solar_g03,194,0.47667088078538966,2012
p64_solar_g03,195,0.1605936801505782,2012
p64_solar_g03,196,0.15984684978981498,2012
p64_solar_g03,197,0.4656886957337521,2012
p64_solar_g03,198,1.600117479430269e-16,2012
p64_solar_g03,199,0.7343983594323996,2012
p64_solar_g03,200,1.5745157823993685e-16,2012
p64_solar_g03,201,1.0,2012
p64_solar_g03,202,1.5472993789625143e-16,2012
p64_solar_g03,203,1.0,2012
p64_solar_g03,204,0.0,2012
p64_solar_g03,205,1.0,2012
p64_solar_g03,206,0.0,2012
p64_solar_g03,207,1.0,2012
p64_solar_g03,208,0.0,2012
p64_solar_g03,209,0.8770232264866776,2012
p64_solar_g03,210,0.0,2012
p64_solar_g03,211,0.6499512329851853,2012
p64_solar_g03,212,0.0,2012
p64_solar_g03,213,0.3956212653386246,2012
p64_solar_g03,214,0.13213162674717438,2012
p64_solar_g03,215,1.3303590193151105e-16,2012
p64_solar_g03,216,0.3781200308575386,2012
p64_solar_g03,217,1.2934553052000383e-16,2012
p64_solar_g03,218,0.7752321219039013,2012
p64_solar_g03,219,1.2556862951793234e-16,2012
p64_solar_g03,220,0.8893814122326907,2012
p64_solar_g03,221,1.217152695310886e-16,2012
p64_solar_g03,222,0.944336459435799,2012
p64_solar_g03,223,0.0,2012
p64_solar_g03,224,0.9129571047084201,2012
p64_solar_g03,225,0.0,2012
p64_solar_g03,226,0.803607960562769,2012
p64_solar_g03,227,0.0,2012
p64_solar_g03,228,0.654600843086835,2012
p64_solar_g03,229,0.0,2012
p64_solar_g03,230,0.2983252497727371,2012
p64_solar_g03,231,0.0,2012
p64_solar_g03,232,0.09738243897681235,2012
p64_solar_g03,233,0.09469628208301194,2012
p64_solar_g03,234,9.484650119546098e-17,2012
p64_solar_g03,235,0.4273069882694265,2012
p64_solar_g03,236,9.075837631081263e-17,2012
p64_solar_g03,237,0.5381136530312018,2012
p64_solar_g03,238,8.668660936653158e-17,2012
p64_solar_g03,239,0.6072477118899835,2012
p64_solar_g03,240,8.264205718935223e-17,2012
p64_solar_g04,1,0.0,2012
p64_solar_g04,2,0.6372087266917422,2012
p64_solar_g04,3,0.0,2012
p64_solar_g04,4,0.5522182350314806,2012
p64_solar_g04,5,0.0,2012
p64_solar_g04,6,0.4427340012757988,2012
p64_solar_g04,7,0.0,2012
p64_solar_g04,8,0.1985298444290466,2012
p64_solar_g04,9,0.0,2012
p64_solar_g04,10,0.06374766047542467,2012
p64_solar_g04,11,0.061303768643419417,2012
p64_solar_g04,12,6.105825710950238e-17,2012
p64_solar_g04,13,0.2720018057983116,2012
p64_solar_g04,14,5.744605912381237e-17,2012
p64_solar_g04,15,0.33675281567668414,2012
p64_solar_g04,16,5.394034997027785e-17,2012
p64_solar_g04,17,0.37356775896677347,2012
p64_solar_g04,18,5.055047715758041e-17,2012
p64_solar_g04,19,0.39488440649237516,2012
p64_solar_g04,20,0.0,2012
p64_solar_g04,21,0.3582223155316207,2012
p64_solar_g04,22,0.0,2012
p64_solar_g04,23,0.30471943276006813,2012
p64_solar_g04,24,0.0,2012
p64_solar_g04,25,0.18208542384224985,2012
p64_solar_g04,26,0.0,2012
p64_solar_g04,27,0.10574317520011668,2012
p64_solar_g04,28,0.03423744874954392,2012
p64_solar_g04,29,0.03341141537496761,2012
p64_solar_g04,30,0.09359630510078822,2012
p64_solar_g04,31,3.154185274146903e-17,2012
p64_solar_g04,32,0.13932665145665302,2012
p64_solar_g04,33,2.931342919823501e-17,2012
p64_solar_g04,34,0.17069928174940552,2012
p64_solar_g04,35,2.7266506415114653e-17,2012
p64_solar_g04,36,0.20618001661001956,2012
p64_solar_g04,37,2.540654224033439e-17,2012
p64_solar_g04,38,0.19820328618402103,2012
p64_solar_g04,39,0.0,2012
p64_solar_g04,40,0.18025325733184083,2012
p64_solar_g04,41,0.0,2012
p64_solar_g04,42,0.13077807274708791,2012
p64_solar_g04,43,0.0,2012
p64_solar_g04,44,0.09398175449254835,2012
p64_solar_g04,45,0.0,2012
p64_solar_g04,46,0.055972758326906735,2012
p64_solar_g04,47,0.01852939409042721,2012
p64_solar_g04,48,0.018315342358478415,2012
p64_solar_g04,49,0.05282511482660391,2012
p64_solar_g04,50,1.8096152607594924e-17,2012
p64_solar_g04,51,0.08290158561942512,2012
p64_solar_g04,52,1.779541674775053e-17,2012
p64_solar_g04,53,0.12806877482951906,2012
p64_solar_g04,54,1.7706892901196036e-17,2012
p64_solar_g04,55,0.1408542228432665,2012
p64_solar_g04,56,0.0,2012
p64_solar_g04,57,0.14723690184727817,2012
p64_solar_g04,58,0.0,2012
p64_solar_g04,59,0.1338205858739797,2012
p64_solar_g04,60,0.0,2012
p64_solar_g04,61,0.11732462181583732,2012
p64_solar_g04,62,0.0,2012
p64_solar_g04,63,0.09319594841676998,2012
p64_solar_g04,64,0.0,2012
p64_solar_g04,65,0.0208596111693989,2012
p64_solar_g04,66,0.02169391274936808,2012
p64_solar_g04,67,2.24982859039674e-17,2012
p64_solar_g04,68,0.06798640811969311,2012
p64_solar_g04,69,2.4002980918830582e-17,2012
p64_solar_g04,70,0.15350472988543198,2012
p64_solar_g04,71,2.5703336300101447e-17,2012
p64_solar_g04,72,0.19480870838050535,2012
p64_solar_g04,73,2.7594818275583742e-17,2012
p64_solar_g04,74,0.22960094927768757,2012
p64_solar_g04,75,0.0,2012
p64_solar_g04,76,0.24703198835072726,2012
p64_solar_g04,77,0.0,2012
p64_solar_g04,78,0.24245533465683697,2012
p64_solar_g04,79,0.0,2012
p64_solar_g04,80,0.22051466532735944,2012
p64_solar_g04,81,0.0,2012
p64_solar_g04,82,0.11231191955859533,2012
p64_solar_g04,83,0.0,2012
p64_solar_g04,84,0.04099687340754473,2012
p64_solar_g04,85,0.04295860954816735,2012
p64_solar_g04,86,4.466632969536555e-17,2012
p64_solar_g04,87,0.21687346067745328,2012
p64_solar_g04,88,4.7820600021596814e-17,2012
p64_solar_g04,89,0.3055868110308084,2012
p64_solar_g04,90,5.110702419056555e-17,2012
p64_solar_g04,91,0.3858598384265535,2012
p64_solar_g04,92,5.4516839387929306e-17,2012
p64_solar_g04,93,0.4642491464153592,2012
p64_solar_g04,94,0.0,2012
p64_solar_g04,95,0.47926218081249206,2012
p64_solar_g04,96,0.0,2012
p64_solar_g04,97,0.4637716994646523,2012
p64_solar_g04,98,0.0,2012
p64_solar_g04,99,0.3150771940943259,2012
p64_solar_g04,100,0.0,2012
p64_solar_g04,101,0.20786078632381777,2012
p64_solar_g04,102,0.07322696210061502,2012
p64_solar_g04,103,0.07452285041805701,2012
p64_solar_g04,104,0.22691690141514653,2012
p64_solar_g04,105,7.970165760932559e-17,2012
p64_solar_g04,106,0.3821575268122098,2012
p64_solar_g04,107,8.373560948003739e-17,2012
p64_solar_g04,108,0.5283613833673166,2012
p64_solar_g04,109,8.780595258226824e-17,2012
p64_solar_g04,110,0.7177874571435898,2012
p64_solar_g04,111,9.190183388576966e-17,2012
p64_solar_g04,112,0.7728041926321387,2012
p64_solar_g04,113,0.0,2012
p64_solar_g04,114,0.7829663364212114,2012
p64_solar_g04,115,0.0,2012
p64_solar_g04,116,0.6287217729655935,2012
p64_solar_g04,117,0.0,2012
p64_solar_g04,118,0.4961528601035207,2012
p64_solar_g04,119,0.0,2012
p64_solar_g04,120,0.3215010562205919,2012
p64_solar_g04,121,0.11193568162864526,2012
p64_solar_g04,122,0.11325452741156998,2012
p64_solar_g04,123,0.340894762212738,2012
p64_solar_g04,124,1.1905285274365496e-16,2012
p64_solar_g04,125,0.5644215625305943,2012
p64_solar_g04,126,1.2298187986960256e-16,2012
p64_solar_g04,127,0.9078646840151109,2012
p64_solar_g04,128,1.2684265325022634e-16,2012
p64_solar_g04,129,1.0,2012
p64_solar_g04,130,0.0,2012
p64_solar_g04,131,1.0,2012
p64_solar_g04,132,0.0,2012
p64_solar_g04,133,0.9885750441529495,2012
p64_solar_g04,134,0.0,2012
p64_solar_g04,135,0.8572208816182589,2012
p64_solar_g04,136,0.0,2012
p64_solar_g04,137,0.6663845340576122,2012
p64_solar_g04,138,0.0,2012
p64_solar_g04,139,0.42549543142337676,2012
p64_solar_g04,140,0.14671838363559586,2012
p64_solar_g04,141,1.5010137601627643e-16,2012
p64_solar_g04,142,0.44049311584310546,2012
p64_solar_g04,143,1.5311508205612888e-16,2012
p64_solar_g04,144,0.9476259699543769,2012
p64_solar_g04,145,1.5598018816199517e-16,2012
p64_solar_g04,146,1.0,2012
p64_solar_g04,147,1.5868905490829114e-16,2012
p64_solar_g04,148,1.0,2012
p64_solar_g04,149,0.0,2012
p64_solar_g04,150,1.0,2012
p64_solar_g04,151,0.0,2012
p64_solar_g04,152,1.0,2012
p64_solar_g04,153,0.0,2012
p64_solar_g04,154,1.0,2012
p64_solar_g04,155,0.0,2012
p64_solar_g04,156,0.48953748672545533,2012
p64_solar_g04,157,0.0,2012
p64_solar_g04,158,0.16807632245942522,2012
p64_solar_g04,159,0.16908531210786182,2012
p64_solar_g04,160,1.7226941980767457e-16,2012
p64_solar_g04,161,0.803228657999198,2012
p64_solar_g04,162,1.735744423863609e-16,2012
p64_solar_g04,163,1.0,2012
p64_solar_g04,164,1.746763128591801e-16,2012
p64_solar_g04,165,1.0,2012
p64_solar_g04,166,1.755720932345991e-16,2012
p64_solar_g04,167,1.0,2012
p64_solar_g04,168,0.0,2012
p64_solar_g04,169,1.0,2012
p64_solar_g04,170,0.0,2012
p64_solar_g04,171,1.0,2012
p64_solar_g04,172,0.0,2012
p64_solar_g04,173,0.8213144055511162,2012
p64_solar_g04,174,0.0,2012
p64_solar_g04,175,0.5124354106130223,2012
p64_solar_g04,176,0.0,2012
p64_solar_g04,177,0.17389015772989028,2012
p64_solar_g04,178,0.51064377971384,2012
p64_solar_g04,179,1.761594071032124e-16,2012
p64_solar_g04,180,0.8150076008194711,2012
p64_solar_g04,181,1.7543721653079985e-16,2012
p64_solar_g04,182,1.0,2012
p64_solar_g04,183,1.7450690701222513e-16,2012
p64_solar_g04,184,1.0,2012
p64_solar_g04,185,1.733709590944817e-16,2012
p64_solar_g04,186,1.0,2012
p64_solar_g04,187,0.0,2012
p64_solar_g04,188,1.0,2012
p64_solar_g04,189,0.0,2012
p64_solar_g04,190,1.0,2012
p64_solar_g04,191,0.0,2012
p64_solar_g04,192,0.776971175867155,2012
p64_solar_g04,193,0.0,2012
p64_solar_g04,194,0.47908421493111425,2012
p64_solar_g04,195,0.16140674893140322,2012
p64_solar_g04,196,0.1606561374476821,2012
p64_solar_g04,197,0.46804642824059306,2012
p64_solar_g04,198,1.608218704627657e-16,2012
p64_solar_g04,199,0.7381165404852512,2012
p64_solar_g04,200,1.5824873889182853e-16,2012
p64_solar_g04,201,1.0,2012
p64_solar_g04,202,1.555133191715574e-16,2012
p64_solar_g04,203,1.0,2012
p64_solar_g04,204,0.0,2012
p64_solar_g04,205,1.0,2012
p64_solar_g04,206,0.0,2012
p64_solar_g04,207,1.0,2012
p64_solar_g04,208,0.0,2012
p64_solar_g04,209,0.8814635021242129,2012
p64_solar_g04,210,0.0,2012
p64_solar_g04,211,0.6532418671876239,2012
p64_solar_g04,212,0.0,2012
p64_solar_g04,213,0.3976242538720196,2012
p64_solar_g04,214,0.13280059516839132,2012
p64_solar_g04,215,1.337094486021396e-16,2012
p64_solar_g04,216,0.38003441249576114,2012
p64_solar_g04,217,1.300003932313288e-16,2012
p64_solar_g04,218,0.7791570399680604,2012
p64_solar_g04,219,1.2620437017980823e-16,2012
p64_solar_g04,220,0.8938842560547791,2012
p64_solar_g04,221,1.223315010397796e-16,2012
p64_solar_g04,222,0.9491175348370362,2012
p64_solar_g04,223,0.0,2012
p64_solar_g04,224,0.9175793097626589,2012
p64_solar_g04,225,0.0,2012
p64_solar_g04,226,0.8076765424904228,2012
p64_solar_g04,227,0.0,2012
p64_solar_g04,228,0.6579150177723929,2012
p64_solar_g04,229,0.0,2012
p64_solar_g04,230,0.2998356388920013,2012
p64_solar_g04,231,0.0,2012
p64_solar_g04,232,0.09787547594351242,2012
p64_solar_g04,233,0.09517571932207206,2012
p64_solar_g04,234,9.532669897796527e-17,2012
p64_solar_g04,235,0.429470398259561,2012
p64_solar_g04,236,9.121787635033784e-17,2012
p64_solar_g04,237,0.5408380654203142,2012
p64_solar_g04,238,8.712549448159596e-17,2012
p64_solar_g04,239,0.6103221426913839,2012
p64_solar_g04,240,8.306046516543705e-17,2012
p64_solar_g05,1,0.0,2012
p64_solar_g05,2,0.6400970880540399,2012
p64_solar_g05,3,0.0,2012
p64_solar_g05,4,0.5547213486060578,2012
p64_solar_g05,5,0.0,2012
p64_solar_g05,6,0.4447408409964342,2012
p64_solar_g05,7,0.0,2012
p64_solar_g05,8,0.1994297472519237,2012
p64_solar_g05,9,0.0,2012
p64_solar_g05,10,0.0640366180363326,2012
p64_solar_g05,11,0.06158164844841234,2012
p64_solar_g05,12,6.133502405147435e-17,2012
p64_solar_g05,13,0.2732347448235223,2012
p64_solar_g05,14,5.770645257204862e-17,2012
p64_solar_g05,15,0.33827926027906013,2012
p64_solar_g05,16,5.418485262097418e-17,2012
p64_solar_g05,17,0.3752610795946966,2012
p64_solar_g05,18,5.077961407763753e-17,2012
p64_solar_g05,19,0.3966743519443278,2012
p64_solar_g05,20,0.0,2012
p64_solar_g05,21,0.359846077812257,2012
p64_solar_g05,22,0.0,2012
p64_solar_g05,23,0.30610067535618724,2012
p64_solar_g05,24,0.0,2012
p64_solar_g05,25,0.18291078683687498,2012
p64_solar_g05,26,0.0,2012
p64_solar_g05,27,0.10622249145675428,2012
p64_solar_g05,28,0.03439264142028031,2012
p64_solar_g05,29,0.03356286377356342,2012
p64_solar_g05,30,0.09402056161201099,2012
p64_solar_g05,31,3.168482672305076e-17,2012
p64_solar_g05,32,0.13995819603529527,2012
p64_solar_g05,33,2.944630210588053e-17,2012
p64_solar_g05,34,0.1714730332523655,2012
p64_solar_g05,35,2.7390100961634978e-17,2012
p64_solar_g05,36,0.20711459639323454,2012
p64_solar_g05,37,2.5521705878060376e-17,2012
p64_solar_g05,38,0.1991017087725919,2012
p64_solar_g05,39,0.0,2012
p64_solar_g05,40,0.18107031541986895,2012
p64_solar_g05,41,0.0,2012
p64_solar_g05,42,0.13137086803776066,2012
p64_solar_g05,43,0.0,2012
p64_solar_g05,44,0.09440775818186779,2012
p64_solar_g05,45,0.0,2012
p64_solar_g05,46,0.056226473547242806,2012
p64_solar_g05,47,0.018613384757402908,2012
p64_solar_g05,48,0.01839836276449221,2012
p64_solar_g05,49,0.05306456230155651,2012
p64_solar_g05,50,1.817817946286005e-17,2012
p64_solar_g05,51,0.08327736474288368,2012
p64_solar_g05,52,1.7876080417294172e-17,2012
p64_solar_g05,53,0.12864928932255634,2012
p64_solar_g05,54,1.7787155306840865e-17,2012
p64_solar_g05,55,0.14149269164938155,2012
p64_solar_g05,56,0.0,2012
p64_solar_g05,57,0.1479043022776019,2012
p64_solar_g05,58,0.0,2012
p64_solar_g05,59,0.13442717237150806,2012
p64_solar_g05,60,0.0,2012
p64_solar_g05,61,0.11785643484711582,2012
p64_solar_g05,62,0.0,2012
p64_solar_g05,63,0.09361839017761533,2012
p64_solar_g05,64,0.0,2012
p64_solar_g05,65,0.020954164323507524,2012
p64_solar_g05,66,0.021792247654019572,2012
p64_solar_g05,67,2.2600266898578576e-17,2012
p64_solar_g05,68,0.06829457921991303,2012
p64_solar_g05,69,2.4111782446119547e-17,2012
p64_solar_g05,70,0.15420054133960487,2012
p64_solar_g05,71,2.581984525602363e-17,2012
p64_solar_g05,72,0.1956917439114948,2012
p64_solar_g05,73,2.7719901005257938e-17,2012
p64_solar_g05,74,0.23064169226010653,2012
p64_solar_g05,75,0.0,2012
p64_solar_g05,76,0.24815174333918802,2012
p64_solar_g05,77,0.0,2012
p64_solar_g05,78,0.24355434443396537,2012
p64_solar_g05,79,0.0,2012
p64_solar_g05,80,0.22151422169322774,2012
p64_solar_g05,81,0.0,2012
p64_solar_g05,82,0.11282101084280097,2012
p64_solar_g05,83,0.0,2012
p64_solar_g05,84,0.041182705427988235,2012
p64_solar_g05,85,0.043153333792829145,2012
p64_solar_g05,86,4.4868794751921744e-17,2012
p64_solar_g05,87,0.21785651206719292,2012
p64_solar_g05,88,4.803736286183816e-17,2012
p64_solar_g05,89,0.3069719853086179,2012
p64_solar_g05,90,5.133868384591967e-17,2012
p64_solar_g05,91,0.3876088770098133,2012
p64_solar_g05,92,5.476395516944129e-17,2012
p64_solar_g05,93,0.46635351071675163,2012
p64_solar_g05,94,0.0,2012
p64_solar_g05,95,0.4814345967061918,2012
p64_solar_g05,96,0.0,2012
p64_solar_g05,97,0.4658738995782877,2012
p64_solar_g05,98,0.0,2012
p64_solar_g05,99,0.31650538670287354,2012
p64_solar_g05,100,0.0,2012
p64_solar_g05,101,0.20880298475708714,2012
p64_solar_g05,102,0.07355888776194103,2012
p64_solar_g05,103,0.07486065012596957,2012
p64_solar_g05,104,0.22794547805423718,2012
p64_solar_g05,105,8.006293199039856e-17,2012
p64_solar_g05,106,0.3838897834316167,2012
p64_solar_g05,107,8.411516909518307e-17,2012
p64_solar_g05,108,0.5307563577942545,2012
p64_solar_g05,109,8.820396238689707e-17,2012
p64_solar_g05,110,0.7210410685125351,2012
p64_solar_g05,111,9.231840964030789e-17,2012
p64_solar_g05,112,0.7763071857286223,2012
p64_solar_g05,113,0.0,2012
p64_solar_g05,114,0.7865153928282698,2012
p64_solar_g05,115,0.0,2012
p64_solar_g05,116,0.6315716643757399,2012
p64_solar_g05,117,0.0,2012
p64_solar_g05,118,0.49840183864208637,2012
p64_solar_g05,119,0.0,2012
p64_solar_g05,120,0.3229583671296038,2012
p64_solar_g05,121,0.11244306748878123,2012
p64_solar_g05,122,0.11376789138067192,2012
p64_solar_g05,123,0.34243998157107436,2012
p64_solar_g05,124,1.1959249955879101e-16,2012
p64_solar_g05,125,0.5669799917626058,2012
p64_solar_g05,126,1.2353933631236394e-16,2012
p64_solar_g05,127,0.9119798838949336,2012
p64_solar_g05,128,1.274176099377177e-16,2012
p64_solar_g05,129,1.0,2012
p64_solar_g05,130,0.0,2012
p64_solar_g05,131,1.0,2012
p64_solar_g05,132,0.0,2012
p64_solar_g05,133,0.9930560906949321,2012
p64_solar_g05,134,0.0,2012
p64_solar_g05,135,0.8611065215502097,2012
p64_solar_g05,136,0.0,2012
p64_solar_g05,137,0.6694051445106387,2012
p64_solar_g05,138,0.0,2012
p64_solar_g05,139,0.42742413156899167,2012
p64_solar_g05,140,0.14738343370895562,2012
p64_solar_g05,141,1.5078176063241942e-16,2012
p64_solar_g05,142,0.44248979800212873,2012
p64_solar_g05,143,1.5380912730138478e-16,2012
p64_solar_g05,144,0.951921401141794,2012
p64_solar_g05,145,1.5668722045753525e-16,2012
p64_solar_g05,146,1.0,2012
p64_solar_g05,147,1.594083660470389e-16,2012
p64_solar_g05,148,1.0,2012
p64_solar_g05,149,0.0,2012
p64_solar_g05,150,1.0,2012
p64_solar_g05,151,0.0,2012
p64_solar_g05,152,1.0,2012
p64_solar_g05,153,0.0,2012
p64_solar_g05,154,1.0,2012
p64_solar_g05,155,0.0,2012
p64_solar_g05,156,0.491756478874849,2012
p64_solar_g05,157,0.0,2012
p64_solar_g05,158,0.16883818452341376,2012
p64_solar_g05,159,0.16985174775440412,2012
p64_solar_g05,160,1.730502884857626e-16,2012
p64_solar_g05,161,0.8068695601458151,2012
p64_solar_g05,162,1.7436122651512512e-16,2012
p64_solar_g05,163,1.0,2012
p64_solar_g05,164,1.75468091583854e-16,2012
p64_solar_g05,165,1.0,2012
p64_solar_g05,166,1.7636793238298833e-16,2012
p64_solar_g05,167,1.0,2012
p64_solar_g05,168,0.0,2012
p64_solar_g05,169,1.0,2012
p64_solar_g05,170,0.0,2012
p64_solar_g05,171,1.0,2012
p64_solar_g05,172,0.0,2012
p64_solar_g05,173,0.8250372873886086,2012
p64_solar_g05,174,0.0,2012
p64_solar_g05,175,0.5147581952496549,2012
p64_solar_g05,176,0.0,2012
p64_solar_g05,177,0.1746783729438885,2012
p64_solar_g05,178,0.5129584431850712,2012
p64_solar_g05,179,1.769579084478563e-16,2012
p64_solar_g05,180,0.818701894958234,2012
p64_solar_g05,181,1.7623244430548435e-16,2012
p64_solar_g05,182,1.0,2012
p64_solar_g05,183,1.7529791784832125e-16,2012
p64_solar_g05,184,1.0,2012
p64_solar_g05,185,1.741568208672682e-16,2012
p64_solar_g05,186,1.0,2012
p64_solar_g05,187,0.0,2012
p64_solar_g05,188,1.0,2012
p64_solar_g05,189,0.0,2012
p64_solar_g05,190,1.0,2012
p64_solar_g05,191,0.0,2012
p64_solar_g05,192,0.7804930572067985,2012
p64_solar_g05,193,0.0,2012
p64_solar_g05,194,0.4812558241350214,2012
p64_solar_g05,195,0.16213837892593885,2012
p64_solar_g05,196,0.1613843650449861,2012
p64_solar_g05,197,0.4701680049900363,2012
p64_solar_g05,198,1.6155084930031043e-16,2012
p64_solar_g05,199,0.7414623002137457,2012
p64_solar_g05,200,1.5896605415117935e-16,2012
p64_solar_g05,201,1.0,2012
p64_solar_g05,202,1.5621823522747807e-16,2012
p64_solar_g05,203,1.0,2012
p64_solar_g05,204,0.0,2012
p64_solar_g05,205,1.0,2012
p64_solar_g05,206,0.0,2012
p64_solar_g05,207,1.0,2012
p64_solar_g05,208,0.0,2012
p64_solar_g05,209,0.8854590298299136,2012
p64_solar_g05,210,0.0,2012
p64_solar_g05,211,0.6562029041138063,2012
p64_solar_g05,212,0.0,2012
p64_solar_g05,213,0.3994266185972472,2012
p64_solar_g05,214,0.13340255821740032,2012
p64_solar_g05,215,1.343155313328668e-16,2012
p64_solar_g05,216,0.3817570453904724,2012
p64_solar_g05,217,1.305896634298748e-16,2012
p64_solar_g05,218,0.7826888294667542,2012
p64_solar_g05,219,1.2677643363611557e-16,2012
p64_solar_g05,220,0.8979360849758287,2012
p64_solar_g05,221,1.2288600942328784e-16,2012
p64_solar_g05,222,0.9534197270404218,2012
p64_solar_g05,223,0.0,2012
p64_solar_g05,224,0.9217385444280755,2012
p64_solar_g05,225,0.0,2012
p64_solar_g05,226,0.811337606158956,2012
p64_solar_g05,227,0.0,2012
p64_solar_g05,228,0.6608972373142927,2012
p64_solar_g05,229,0.0,2012
p64_solar_g05,230,0.30119474406137303,2012
p64_solar_g05,231,0.0,2012
p64_solar_g05,232,0.09831912922569432,2012
p64_solar_g05,233,0.09560713505572968,2012
p64_solar_g05,234,9.57587990773359e-17,2012
p64_solar_g05,235,0.43141711626988044,2012
p64_solar_g05,236,9.163135183892546e-17,2012
p64_solar_g05,237,0.5432895945754941,2012
p64_solar_g05,238,8.752041988263093e-17,2012
p64_solar_g05,239,0.6130886316323887,2012
p64_solar_g05,240,8.34369644634989e-17,2012
p64_solar_g06,1,0.0,2012
p64_solar_g06,2,0.6439581928993068,2012
p64_solar_g06,3,0.0,2012
p64_solar_g06,4,0.5580674617611532,2012
p64_solar_g06,5,0.0,2012
p64_solar_g06,6,0.4474235449926043,2012
p64_solar_g06,7,0.0,2012
p64_solar_g06,8,0.20063271970372112,2012
p64_solar_g06,9,0.0,2012
p64_solar_g06,10,0.06442289083898861,2012
p64_solar_g06,11,0.061953112724131114,2012
p64_solar_g06,12,6.170500067372345e-17,2012
p64_solar_g06,13,0.27488291354170946,2012
p64_solar_g06,14,5.805454142886012e-17,2012
p64_solar_g06,15,0.34031978149887626,2012
p64_solar_g06,16,5.4511698971159817e-17,2012
p64_solar_g06,17,0.37752467741400253,2012
p64_solar_g06,18,5.108591982033667e-17,2012
p64_solar_g06,19,0.3990671159341494,2012
p64_solar_g06,20,0.0,2012
p64_solar_g06,21,0.36201669139654175,2012
p64_solar_g06,22,0.0,2012
p64_solar_g06,23,0.3079470933806002,2012
p64_solar_g06,24,0.0,2012
p64_solar_g06,25,0.18401411590755465,2012
p64_solar_g06,26,0.0,2012
p64_solar_g06,27,0.1068632320320424,2012
p64_solar_g06,28,0.034600099940101235,2012
p64_solar_g06,29,0.03376531702379004,2012
p64_solar_g06,30,0.09458769939902777,2012
p64_solar_g06,31,3.1875951538746666e-17,2012
p64_solar_g06,32,0.14080243244713328,2012
p64_solar_g06,33,2.9623924003961415e-17,2012
p64_solar_g06,34,0.17250736909278636,2012
p64_solar_g06,35,2.7555319728458034e-17,2012
p64_solar_g06,36,0.20836392432579953,2012
p64_solar_g06,37,2.5675654371287918e-17,2012
p64_solar_g06,38,0.2003027024761875,2012
p64_solar_g06,39,0.0,2012
p64_solar_g06,40,0.18216254265422038,2012
p64_solar_g06,41,0.0,2012
p64_solar_g06,42,0.13216330516108765,2012
p64_solar_g06,43,0.0,2012
p64_solar_g06,44,0.09497723156231226,2012
p64_solar_g06,45,0.0,2012
p64_solar_g06,46,0.056565635079918304,2012
p64_solar_g06,47,0.01872566183445088,2012
p64_solar_g06,48,0.018509342815707448,2012
p64_solar_g06,49,0.05338465099191033,2012
p64_solar_g06,50,1.8287831354912177e-17,2012
p64_solar_g06,51,0.08377969890829494,2012
p64_solar_g06,52,1.7983910029397903e-17,2012
p64_solar_g06,53,0.12942530971635874,2012
p64_solar_g06,54,1.78944485172311e-17,2012
p64_solar_g06,55,0.1423461842327616,2012
p64_solar_g06,56,0.0,2012
p64_solar_g06,57,0.14879647008904437,2012
p64_solar_g06,58,0.0,2012
p64_solar_g06,59,0.1352380453097948,2012
p64_solar_g06,60,0.0,2012
p64_solar_g06,61,0.11856735208158958,2012
p64_solar_g06,62,0.0,2012
p64_solar_g06,63,0.09418310204190422,2012
p64_solar_g06,64,0.0,2012
p64_solar_g06,65,0.021080561126286267,2012
p64_solar_g06,66,0.02192369982678604,2012
p64_solar_g06,67,2.2736593092924676e-17,2012
p64_solar_g06,68,0.06870653630525632,2012
p64_solar_g06,69,2.4257226194838607e-17,2012
p64_solar_g06,70,0.15513068845075506,2012
p64_solar_g06,71,2.5975592144242027e-17,2012
p64_solar_g06,72,0.19687216849816566,2012
p64_solar_g06,73,2.788710914614654e-17,2012
p64_solar_g06,74,0.23203293707612868,2012
p64_solar_g06,75,0.0,2012
p64_solar_g06,76,0.24964860985592413,2012
p64_solar_g06,77,0.0,2012
p64_solar_g06,78,0.24502347915888448,2012
p64_solar_g06,79,0.0,2012
p64_solar_g06,80,0.2228504090476733,2012
p64_solar_g06,81,0.0,2012
p64_solar_g06,82,0.1135015540912281,2012
p64_solar_g06,83,0.0,2012
p64_solar_g06,84,0.041431122029839396,2012
p64_solar_g06,85,0.04341363734569088,2012
p64_solar_g06,86,4.5139446070371903e-17,2012
p64_solar_g06,87,0.21917063589311567,2012
p64_solar_g06,88,4.832712717722281e-17,2012
p64_solar_g06,89,0.3088236591280374,2012
p64_solar_g06,90,5.1648361931707763e-17,2012
p64_solar_g06,91,0.38994695749951036,2012
p64_solar_g06,92,5.509429470167309e-17,2012
p64_solar_g06,93,0.4691665836605918,2012
p64_solar_g06,94,0.0,2012
p64_solar_g06,95,0.4843386396845352,2012
p64_solar_g06,96,0.0,2012
p64_solar_g06,97,0.4686840794783613,2012
p64_solar_g06,98,0.0,2012
p64_solar_g06,99,0.3184145665834862,2012
p64_solar_g06,100,0.0,2012
p64_solar_g06,101,0.21006249715168768,2012
p64_solar_g06,102,0.0740025994788831,2012
p64_solar_g06,103,0.0753122141532329,2012
p64_solar_g06,104,0.2293204591410088,2012
p64_solar_g06,105,8.054587650054184e-17,2012
p64_solar_g06,106,0.38620543012103137,2012
p64_solar_g06,107,8.462255694776839e-17,2012
p64_solar_g06,108,0.5339579126567608,2012
p64_solar_g06,109,8.873601409108329e-17,2012
p64_solar_g06,110,0.7253904324062749,2012
p64_solar_g06,111,9.287527994236344e-17,2012
p64_solar_g06,112,0.78098991822682,2012
p64_solar_g06,113,0.0,2012
p64_solar_g06,114,0.7912597018570118,2012
p64_solar_g06,115,0.0,2012
p64_solar_g06,116,0.6353813433431414,2012
p64_solar_g06,117,0.0,2012
p64_solar_g06,118,0.5014082290631414,2012
p64_solar_g06,119,0.0,2012
p64_solar_g06,120,0.3249064717834377,2012
p64_solar_g06,121,0.11312133095974543,2012
p64_solar_g06,122,0.11445414627050611,2012
p64_solar_g06,123,0.3445056005165953,2012
p64_solar_g06,124,1.2031388884195088e-16,2012
p64_solar_g06,125,0.5704000498041434,2012
p64_solar_g06,126,1.242845331565909e-16,2012
p64_solar_g06,127,0.9174810024193087,2012
p64_solar_g06,128,1.2818620076602236e-16,2012
p64_solar_g06,129,1.0,2012
p64_solar_g06,130,0.0,2012
p64_solar_g06,131,1.0,2012
p64_solar_g06,132,0.0,2012
p64_solar_g06,133,0.9990462658651718,2012
p64_solar_g06,134,0.0,2012
p64_solar_g06,135,0.866300768836596,2012
p64_solar_g06,136,0.0,2012
p64_solar_g06,137,0.6734430373477616,2012
p64_solar_g06,138,0.0,2012
p64_solar_g06,139,0.43000238011313396,2012
p64_solar_g06,140,0.14827245960928542,2012
p64_solar_g06,141,1.5169128544892126e-16,2012
p64_solar_g06,142,0.4451589235690661,2012
p64_solar_g06,143,1.5473691337907979e-16,2012
p64_solar_g06,144,0.9576634493448809,2012
p64_solar_g06,145,1.5763236736945015e-16,2012
p64_solar_g06,146,1.0,2012
p64_solar_g06,147,1.603699270758376e-16,2012
p64_solar_g06,148,1.0,2012
p64_solar_g06,149,0.0,2012
p64_solar_g06,150,1.0,2012
p64_solar_g06,151,0.0,2012
p64_solar_g06,152,1.0,2012
p64_solar_g06,153,0.0,2012
p64_solar_g06,154,1.0,2012
p64_solar_g06,155,0.0,2012
p64_solar_g06,156,0.49472278407871645,2012
p64_solar_g06,157,0.0,2012
p64_solar_g06,158,0.1698566267948999,2012
p64_solar_g06,159,0.17087630390138697,2012
p64_solar_g06,160,1.7409413842636849e-16,2012
p64_solar_g06,161,0.8117366467586421,2012
p64_solar_g06,162,1.7541298411422766e-16,2012
p64_solar_g06,163,1.0,2012
p64_solar_g06,164,1.765265258608538e-16,2012
p64_solar_g06,165,1.0,2012
p64_solar_g06,166,1.7743179455480965e-16,2012
p64_solar_g06,167,1.0,2012
p64_solar_g06,168,0.0,2012
p64_solar_g06,169,1.0,2012
p64_solar_g06,170,0.0,2012
p64_solar_g06,171,1.0,2012
p64_solar_g06,172,0.0,2012
p64_solar_g06,173,0.830013962845056,2012
p64_solar_g06,174,0.0,2012
p64_solar_g06,175,0.5178632482157004,2012
p64_solar_g06,176,0.0,2012
p64_solar_g06,177,0.1757320435896766,2012
p64_solar_g06,178,0.5160526399364166,2012
p64_solar_g06,179,1.7802532939144078e-16,2012
p64_solar_g06,180,0.8236403549394573,2012
p64_solar_g06,181,1.7729548920492261e-16,2012
p64_solar_g06,182,1.0,2012
p64_solar_g06,183,1.7635532562692408e-16,2012
p64_solar_g06,184,1.0,2012
p64_solar_g06,185,1.7520734547898167e-16,2012
p64_solar_g06,186,1.0,2012
p64_solar_g06,187,0.0,2012
p64_solar_g06,188,1.0,2012
p64_solar_g06,189,0.0,2012
p64_solar_g06,190,1.0,2012
p64_solar_g06,191,0.0,2012
p64_solar_g06,192,0.7852010391381645,2012
p64_solar_g06,193,0.0,2012
p64_solar_g06,194,0.4841587887462645,2012
p64_solar_g06,195,0.1631164075596542,2012
p64_solar_g06,196,0.16235784542078327,2012
p64_solar_g06,197,0.4730040871969956,2012
p64_solar_g06,198,1.6252533391933395e-16,2012
p64_solar_g06,199,0.7459348462280408,2012
p64_solar_g06,200,1.5992494712752775e-16,2012
p64_solar_g06,201,1.0,2012
p64_solar_g06,202,1.5716055319175686e-16,2012
p64_solar_g06,203,1.0,2012
p64_solar_g06,204,0.0,2012
p64_solar_g06,205,1.0,2012
p64_solar_g06,206,0.0,2012
p64_solar_g06,207,1.0,2012
p64_solar_g06,208,0.0,2012
p64_solar_g06,209,0.8908001729379932,2012
p64_solar_g06,210,0.0,2012
p64_solar_g06,211,0.6601611602281321,2012
p64_solar_g06,212,0.0,2012
p64_solar_g06,213,0.4018359844281135,2012
p64_solar_g06,214,0.1342072506203452,2012
p64_solar_g06,215,1.3512573084556972e-16,2012
p64_solar_g06,216,0.3840598272733787,2012
p64_solar_g06,217,1.3137738827915311e-16,2012
p64_solar_g06,218,0.7874100564308976,2012
p64_solar_g06,219,1.2754115684969271e-16,2012
p64_solar_g06,220,0.9033524904448494,2012
p64_solar_g06,221,1.2362726535969935e-16,2012
p64_solar_g06,222,0.9591708132371115,2012
p64_solar_g06,223,0.0,2012
p64_solar_g06,224,0.9272985277905682,2012
p64_solar_g06,225,0.0,2012
p64_solar_g06,226,0.8162316442990314,2012
p64_solar_g06,227,0.0,2012
p64_solar_g06,228,0.6648838099340424,2012
p64_solar_g06,229,0.0,2012
p64_solar_g06,230,0.3030115692076954,2012
p64_solar_g06,231,0.0,2012
p64_solar_g06,232,0.09891219623587216,2012
p64_solar_g06,233,0.09618384315094695,2012
p64_solar_g06,234,9.633642201922192e-17,2012
p64_solar_g06,235,0.43401945074233483,2012
p64_solar_g06,236,9.21840777662363e-17,2012
p64_solar_g06,237,0.5465667506900075,2012
p64_solar_g06,238,8.804834841655999e-17,2012
p64_solar_g06,239,0.616786819814076,2012
p64_solar_g06,240,8.394026134420145e-17,2012
p64_solar_g07,1,0.0,2012
p64_solar_g07,2,0.6280133634754411,2012
p64_solar_g07,3,0.0,2012
p64_solar_g07,4,0.5442493434688332,2012
p64_solar_g07,5,0.0,2012
p64_solar_g07,6,0.43634504302804605,2012
p64_solar_g07,7,0.0,2012
p64_solar_g07,8,0.19566492128482235,2012
p64_solar_g07,9,0.0,2012
p64_solar_g07,10,0.06282773758719885,2012
p64_solar_g07,11,0.060419112806813106,2012
p64_solar_g07,12,6.017714417435613e-17,2012
p64_solar_g07,13,0.26807663136953264,2012
p64_solar_g07,14,5.661707270717766e-17,2012
p64_solar_g07,15,0.33189323933293896,2012
p64_solar_g07,16,5.3161953364559286e-17,2012
p64_solar_g07,17,0.3681769174956697,2012
p64_solar_g07,18,4.9820998764158864e-17,2012
p64_solar_g07,19,0.3891859510349259,2012
p64_solar_g07,20,0.0,2012
p64_solar_g07,21,0.353052919436562,2012
p64_solar_g07,22,0.0,2012
p64_solar_g07,23,0.30032212031608846,2012
p64_solar_g07,24,0.0,2012
p64_solar_g07,25,0.1794578050754504,2012
p64_solar_g07,26,0.0,2012
p64_solar_g07,27,0.10421722795099746,2012
p64_solar_g07,28,0.033743378653413786,2012
p64_solar_g07,29,0.032929265512490674,2012
p64_solar_g07,30,0.09224564559935011,2012
p64_solar_g07,31,3.108668196253336e-17,2012
p64_solar_g07,32,0.13731607138737742,2012
p64_solar_g07,33,2.8890416114292276e-17,2012
p64_solar_g07,34,0.1682359728983219,2012
p64_solar_g07,35,2.687303184450057e-17,2012
p64_solar_g07,36,0.20320469618320236,2012
p64_solar_g07,37,2.5039908240854988e-17,2012
p64_solar_g07,38,0.19534307550142593,2012
p64_solar_g07,39,0.0,2012
p64_solar_g07,40,0.1776520779966283,2012
p64_solar_g07,41,0.0,2012
p64_solar_g07,42,0.12889085458879196,2012
p64_solar_g07,43,0.0,2012
p64_solar_g07,44,0.09262553268944948,2012
p64_solar_g07,45,0.0,2012
p64_solar_g07,46,0.05516503266108557,2012
p64_solar_g07,47,0.01826200210142533,2012
p64_solar_g07,48,0.01805103928420714,2012
p64_solar_g07,49,0.05206281183634933,2012
p64_solar_g07,50,1.7835012593225744e-17,2012
p64_solar_g07,51,0.08170525832658397,2012
p64_solar_g07,52,1.7538616560109388e-17,2012
p64_solar_g07,53,0.12622065371646063,2012
p64_solar_g07,54,1.7451370173966647e-17,2012
p64_solar_g07,55,0.13882159886098352,2012
p64_solar_g07,56,0.0,2012
p64_solar_g07,57,0.14511217138673074,2012
p64_solar_g07,58,0.0,2012
p64_solar_g07,59,0.13188946214421207,2012
p64_solar_g07,60,0.0,2012
p64_solar_g07,61,0.11563154627148169,2012
p64_solar_g07,62,0.0,2012
p64_solar_g07,63,0.09185106633954378,2012
p64_solar_g07,64,0.0,2012
p64_solar_g07,65,0.020558592534187674,2012
p64_solar_g07,66,0.021380854564573813,2012
p64_solar_g07,67,2.21736200574947e-17,2012
p64_solar_g07,68,0.06700531716747411,2012
p64_solar_g07,69,2.365660128123757e-17,2012
p64_solar_g07,70,0.1512895503255959,2012
p64_solar_g07,71,2.5332419356798966e-17,2012
p64_solar_g07,72,0.19199748380648315,2012
p64_solar_g07,73,2.7196605937455224e-17,2012
p64_solar_g07,74,0.22628764857263117,2012
p64_solar_g07,75,0.0,2012
p64_solar_g07,76,0.24346714568022054,2012
p64_solar_g07,77,0.0,2012
p64_solar_g07,78,0.23895653626863164,2012
p64_solar_g07,79,0.0,2012
p64_solar_g07,80,0.21733248599228724,2012
p64_solar_g07,81,0.0,2012
p64_solar_g07,82,0.1106911807792897,2012
p64_solar_g07,83,0.0,2012
p64_solar_g07,84,0.04040526013245307,2012
p64_solar_g07,85,0.04233868706199312,2012
p64_solar_g07,86,4.402176362480916e-17,2012
p64_solar_g07,87,0.21374382644714543,2012
p64_solar_g07,88,4.7130515645786375e-17,2012
p64_solar_g07,89,0.30117698171769103,2012
p64_solar_g07,90,5.0369514438029044e-17,2012
p64_solar_g07,91,0.38029161373613457,2012
p64_solar_g07,92,5.373012364067422e-17,2012
p64_solar_g07,93,0.45754970972322473,2012
p64_solar_g07,94,0.0,2012
p64_solar_g07,95,0.47234609563693647,2012
p64_solar_g07,96,0.0,2012
p64_solar_g07,97,0.45707915266266586,2012
p64_solar_g07,98,0.0,2012
p64_solar_g07,99,0.3105304119811677,2012
p64_solar_g07,100,0.0,2012
p64_solar_g07,101,0.20486121122603654,2012
p64_solar_g07,102,0.07217024632517775,2012
p64_solar_g07,103,0.07344743407674942,2012
p64_solar_g07,104,0.223642333379547,2012
p64_solar_g07,105,7.85515074937363e-17,2012
p64_solar_g07,106,0.37664272904237084,2012
p64_solar_g07,107,8.252724664529584e-17,2012
p64_solar_g07,108,0.5207367626959175,2012
p64_solar_g07,109,8.653885187770137e-17,2012
p64_solar_g07,110,0.7074292870431772,2012
p64_solar_g07,111,9.0575626777447e-17,2012
p64_solar_g07,112,0.7616520929375429,2012
p64_solar_g07,113,0.0,2012
p64_solar_g07,114,0.7716675899540864,2012
p64_solar_g07,115,0.0,2012
p64_solar_g07,116,0.6196488823690839,2012
p64_solar_g07,117,0.0,2012
p64_solar_g07,118,0.48899303072838796,2012
p64_solar_g07,119,0.0,2012
p64_solar_g07,120,0.31686157332819437,2012
p64_solar_g07,121,0.11032037222322721,2012
p64_solar_g07,122,0.11162018614815583,2012
p64_solar_g07,123,0.33597541471202946,2012
p64_solar_g07,124,1.1733483763014836e-16,2012
p64_solar_g07,125,0.556276568500888,2012
p64_solar_g07,126,1.2120716617367484e-16,2012
p64_solar_g07,127,0.8947635678955731,2012
p64_solar_g07,128,1.2501222592069073e-16,2012
p64_solar_g07,129,1.0,2012
p64_solar_g07,130,0.0,2012
p64_solar_g07,131,1.0,2012
p64_solar_g07,132,0.0,2012
p64_solar_g07,133,0.974309221641773,2012
p64_solar_g07,134,0.0,2012
p64_solar_g07,135,0.8448505906399766,2012
p64_solar_g07,136,0.0,2012
p64_solar_g07,137,0.6567681437357176,2012
p64_solar_g07,138,0.0,2012
p64_solar_g07,139,0.41935523767692884,2012
p64_solar_g07,140,0.14460113575193567,2012
p64_solar_g07,141,1.4793530920971816e-16,2012
p64_solar_g07,142,0.43413649512404084,2012
p64_solar_g07,143,1.509055253843149e-16,2012
p64_solar_g07,144,0.9339510709426039,2012
p64_solar_g07,145,1.5372928602488372e-16,2012
p64_solar_g07,146,1.0,2012
p64_solar_g07,147,1.563990619480422e-16,2012
p64_solar_g07,148,1.0,2012
p64_solar_g07,149,0.0,2012
p64_solar_g07,150,1.0,2012
p64_solar_g07,151,0.0,2012
p64_solar_g07,152,1.0,2012
p64_solar_g07,153,0.0,2012
p64_solar_g07,154,1.0,2012
p64_solar_g07,155,0.0,2012
p64_solar_g07,156,0.4824731217695539,2012
p64_solar_g07,157,0.0,2012
p64_solar_g07,158,0.16565086472739038,2012
p64_solar_g07,159,0.16664529395643815,2012
p64_solar_g07,160,1.6978345277703263e-16,2012
p64_solar_g07,161,0.7916375121993104,2012
p64_solar_g07,162,1.7106964297613307e-16,2012
p64_solar_g07,163,1.0,2012
p64_solar_g07,164,1.7215561269494424e-16,2012
p64_solar_g07,165,1.0,2012
p64_solar_g07,166,1.7303846633918558e-16,2012
p64_solar_g07,167,1.0,2012
p64_solar_g07,168,0.0,2012
p64_solar_g07,169,1.0,2012
p64_solar_g07,170,0.0,2012
p64_solar_g07,171,1.0,2012
p64_solar_g07,172,0.0,2012
p64_solar_g07,173,0.8094622698890188,2012
p64_solar_g07,174,0.0,2012
p64_solar_g07,175,0.5050406127577811,2012
p64_solar_g07,176,0.0,2012
p64_solar_g07,177,0.171380802328611,2012
p64_solar_g07,178,0.5032748363332433,2012
p64_solar_g07,179,1.7361730486193863e-16,2012
p64_solar_g07,180,0.8032464767173422,2012
p64_solar_g07,181,1.7290553599962915e-16,2012
p64_solar_g07,182,1.0,2012
p64_solar_g07,183,1.719886514916805e-16,2012
p64_solar_g07,184,1.0,2012
p64_solar_g07,185,1.7086909608907525e-16,2012
p64_solar_g07,186,1.0,2012
p64_solar_g07,187,0.0,2012
p64_solar_g07,188,1.0,2012
p64_solar_g07,189,0.0,2012
p64_solar_g07,190,1.0,2012
p64_solar_g07,191,0.0,2012
p64_solar_g07,192,0.7657589437186909,2012
p64_solar_g07,193,0.0,2012
p64_solar_g07,194,0.47217069792647476,2012
p64_solar_g07,195,0.15907753776429917,2012
p64_solar_g07,196,0.1583377581241138,2012
p64_solar_g07,197,0.46129219414196515,2012
p64_solar_g07,198,1.5850109949701364e-16,2012
p64_solar_g07,199,0.7274650076335913,2012
p64_solar_g07,200,1.5596509999663195e-16,2012
p64_solar_g07,201,1.0,2012
p64_solar_g07,202,1.5326915427730163e-16,2012
p64_solar_g07,203,1.0,2012
p64_solar_g07,204,0.0,2012
p64_solar_g07,205,1.0,2012
p64_solar_g07,206,0.0,2012
p64_solar_g07,207,1.0,2012
p64_solar_g07,208,0.0,2012
p64_solar_g07,209,0.8687433733431361,2012
p64_solar_g07,210,0.0,2012
p64_solar_g07,211,0.6438151346504364,2012
p64_solar_g07,212,0.0,2012
p64_solar_g07,213,0.3918862605194385,2012
p64_solar_g07,214,0.13088419061088585,2012
p64_solar_g07,215,1.317799286601712e-16,2012
p64_solar_g07,216,0.37455025273584214,2012
p64_solar_g07,217,1.2812439752701649e-16,2012
p64_solar_g07,218,0.7679132642868302,2012
p64_solar_g07,219,1.243831537170129e-16,2012
p64_solar_g07,220,0.880984887192662,2012
p64_solar_g07,221,1.2056617276077716e-16,2012
p64_solar_g07,222,0.9354211115110436,2012
p64_solar_g07,223,0.0,2012
p64_solar_g07,224,0.9043380048658536,2012
p64_solar_g07,225,0.0,2012
p64_solar_g07,226,0.7960212106370056,2012
p64_solar_g07,227,0.0,2012
p64_solar_g07,228,0.648420848435941,2012
p64_solar_g07,229,0.0,2012
p64_solar_g07,230,0.2955088029757421,2012
p64_solar_g07,231,0.0,2012
p64_solar_g07,232,0.09646306504333291,2012
p64_solar_g07,233,0.09380226777961923,2012
p64_solar_g07,234,9.395106869451904e-17,2012
p64_solar_g07,235,0.42327284298885837,2012
p64_solar_g07,236,8.990153922291686e-17,2012
p64_solar_g07,237,0.5330333975863358,2012
p64_solar_g07,238,8.58682132586637e-17,2012
p64_solar_g07,239,0.6015147715021419,2012
p64_solar_g07,240,8.18618451307171e-17,2012
p64_solar_g08,1,0.0,2012
p64_solar_g08,2,0.6310666803778147,2012
p64_solar_g08,3,0.0,2012
p64_solar_g08,4,0.5468954109192499,2012
p64_solar_g08,5,0.0,2012
p64_solar_g08,6,0.4384664942146442,2012
p64_solar_g08,7,0.0,2012
p64_solar_g08,8,0.1966162179388527,2012
p64_solar_g08,9,0.0,2012
p64_solar_g08,10,0.06313319763672913,2012
p64_solar_g08,11,0.060712862445098735,2012
p64_solar_g08,12,6.046971739354259e-17,2012
p64_solar_g08,13,0.2693799840643897,2012
p64_solar_g08,14,5.689233733547008e-17,2012
p64_solar_g08,15,0.3335068598327174,2012
p64_solar_g08,16,5.342041966513754e-17,2012
p64_solar_g08,17,0.3699669443814547,2012
p64_solar_g08,18,5.006322179071662e-17,2012
p64_solar_g08,19,0.3910781210293431,2012
p64_solar_g08,20,0.0,2012
p64_solar_g08,21,0.3547694154684018,2012
p64_solar_g08,22,0.0,2012
p64_solar_g08,23,0.3017822462615671,2012
p64_solar_g08,24,0.0,2012
p64_solar_g08,25,0.18033030490008375,2012
p64_solar_g08,26,0.0,2012
p64_solar_g08,27,0.10472391816195145,2012
p64_solar_g08,28,0.0339074344432707,2012
p64_solar_g08,29,0.033089363193240046,2012
p64_solar_g08,30,0.09269413157952125,2012
p64_solar_g08,31,3.1237821248725676e-17,2012
p64_solar_g08,32,0.1379836837442457,2012
p64_solar_g08,33,2.903087744993999e-17,2012
p64_solar_g08,34,0.16905391367715342,2012
p64_solar_g08,35,2.7003684927891593e-17,2012
p64_solar_g08,36,0.20419265021345465,2012
p64_solar_g08,37,2.516164892268154e-17,2012
p64_solar_g08,38,0.19629280738434224,2012
p64_solar_g08,39,0.0,2012
p64_solar_g08,40,0.17851579861793335,2012
p64_solar_g08,41,0.0,2012
p64_solar_g08,42,0.12951750466945175,2012
p64_solar_g08,43,0.0,2012
p64_solar_g08,44,0.09307586562979797,2012
p64_solar_g08,45,0.0,2012
p64_solar_g08,46,0.05543323766505547,2012
p64_solar_g08,47,0.018350789510946184,2012
p64_solar_g08,48,0.018138801020751834,2012
p64_solar_g08,49,0.05231593425795721,2012
p64_solar_g08,50,1.7921724036917932e-17,2012
p64_solar_g08,51,0.08210249835485466,2012
p64_solar_g08,52,1.7623886965966484e-17,2012
p64_solar_g08,53,0.1268343216379334,2012
p64_solar_g08,54,1.753621639957381e-17,2012
p64_solar_g08,55,0.13949653089088665,2012
p64_solar_g08,56,0.0,2012
p64_solar_g08,57,0.14581768733814818,2012
p64_solar_g08,58,0.0,2012
p64_solar_g08,59,0.13253069105338897,2012
p64_solar_g08,60,0.0,2012
p64_solar_g08,61,0.1161937313700988,2012
p64_solar_g08,62,0.0,2012
p64_solar_g08,63,0.09229763392817525,2012
p64_solar_g08,64,0.0,2012
p64_solar_g08,65,0.020658545658952827,2012
p64_solar_g08,66,0.021484805417256194,2012
p64_solar_g08,67,2.2281425229877794e-17,2012
p64_solar_g08,68,0.06733108804967979,2012
p64_solar_g08,69,2.3771616509806887e-17,2012
p64_solar_g08,70,0.1520250998664612,2012
p64_solar_g08,71,2.545558218851338e-17,2012
p64_solar_g08,72,0.19293094987044607,2012
p64_solar_g08,73,2.7328832194770006e-17,2012
p64_solar_g08,74,0.22738782882733397,2012
p64_solar_g08,75,0.0,2012
p64_solar_g08,76,0.24465085035007686,2012
p64_solar_g08,77,0.0,2012
p64_solar_g08,78,0.24011831095935474,2012
p64_solar_g08,79,0.0,2012
p64_solar_g08,80,0.21838912744533343,2012
p64_solar_g08,81,0.0,2012
p64_solar_g08,82,0.11122934648224024,2012
p64_solar_g08,83,0.0,2012
p64_solar_g08,84,0.04060170509824884,2012
p64_solar_g08,85,0.04254453209069647,2012
p64_solar_g08,86,4.4235791546450956e-17,2012
p64_solar_g08,87,0.2147830203178895,2012
p64_solar_g08,88,4.735965790359199e-17,2012
p64_solar_g08,89,0.30264126388486573,2012
p64_solar_g08,90,5.06144042743645e-17,2012
p64_solar_g08,91,0.3821405406532715,2012
p64_solar_g08,92,5.399135230907517e-17,2012
p64_solar_g08,93,0.45977425516067016,2012
p64_solar_g08,94,0.0,2012
p64_solar_g08,95,0.4746425791219329,2012
p64_solar_g08,96,0.0,2012
p64_solar_g08,97,0.4593014103146753,2012
p64_solar_g08,98,0.0,2012
p64_solar_g08,99,0.3120401692741591,2012
p64_solar_g08,100,0.0,2012
p64_solar_g08,101,0.20585721901067283,2012
p64_solar_g08,102,0.07252112840152986,2012
p64_solar_g08,103,0.07380452566897518,2012
p64_solar_g08,104,0.2247296524659039,2012
p64_solar_g08,105,7.893341440764375e-17,2012
p64_solar_g08,106,0.3784739155705953,2012
p64_solar_g08,107,8.292848307073425e-17,2012
p64_solar_g08,108,0.5232685151261967,2012
p64_solar_g08,109,8.695959219075447e-17,2012
p64_solar_g08,110,0.7108687135346924,2012
p64_solar_g08,111,9.1015993349668e-17,2012
p64_solar_g08,112,0.7653551434526221,2012
p64_solar_g08,113,0.0,2012
p64_solar_g08,114,0.7754193344749063,2012
p64_solar_g08,115,0.0,2012
p64_solar_g08,116,0.622661532284054,2012
p64_solar_g08,117,0.0,2012
p64_solar_g08,118,0.4913704493833084,2012
p64_solar_g08,119,0.0,2012
p64_solar_g08,120,0.3184021118801156,2012
p64_solar_g08,121,0.11085673510461755,2012
p64_solar_g08,122,0.11216286855084577,2012
p64_solar_g08,123,0.33760888220202867,2012
p64_solar_g08,124,1.1790530390333524e-16,2012
p64_solar_g08,125,0.558981110709351,2012
p64_solar_g08,126,1.2179645918985977e-16,2012
p64_solar_g08,127,0.8991137885825418,2012
p64_solar_g08,128,1.256200186279902e-16,2012
p64_solar_g08,129,1.0,2012
p64_solar_g08,130,0.0,2012
p64_solar_g08,131,1.0,2012
p64_solar_g08,132,0.0,2012
p64_solar_g08,133,0.9790461826486443,2012
p64_solar_g08,134,0.0,2012
p64_solar_g08,135,0.848958141113275,2012
p64_solar_g08,136,0.0,2012
p64_solar_g08,137,0.6599612625303739,2012
p64_solar_g08,138,0.0,2012
p64_solar_g08,139,0.4213940867042998,2012
p64_solar_g08,140,0.14530416711650798,2012
p64_solar_g08,141,1.4865455087930334e-16,2012
p64_solar_g08,142,0.4362472086463834,2012
p64_solar_g08,143,1.5163920784732432e-16,2012
p64_solar_g08,144,0.9384918160234375,2012
p64_solar_g08,145,1.544766972341166e-16,2012
p64_solar_g08,146,1.0,2012
p64_solar_g08,147,1.5715945325041614e-16,2012
p64_solar_g08,148,1.0,2012
p64_solar_g08,149,0.0,2012
p64_solar_g08,150,1.0,2012
p64_solar_g08,151,0.0,2012
p64_solar_g08,152,1.0,2012
p64_solar_g08,153,0.0,2012
p64_solar_g08,154,1.0,2012
p64_solar_g08,155,0.0,2012
p64_solar_g08,156,0.48481884149992316,2012
p64_solar_g08,157,0.0,2012
p64_solar_g08,158,0.1664562370563579,2012
p64_solar_g08,159,0.16745550106719512,2012
p64_solar_g08,160,1.7060891719587652e-16,2012
p64_solar_g08,161,0.7954863478087547,2012
p64_solar_g08,162,1.7190136067954536e-16,2012
p64_solar_g08,163,1.0,2012
p64_solar_g08,164,1.729926102377529e-16,2012
p64_solar_g08,165,1.0,2012
p64_solar_g08,166,1.7387975619822676e-16,2012
p64_solar_g08,167,1.0,2012
p64_solar_g08,168,0.0,2012
p64_solar_g08,169,1.0,2012
p64_solar_g08,170,0.0,2012
p64_solar_g08,171,1.0,2012
p64_solar_g08,172,0.0,2012
p64_solar_g08,173,0.8133977670841871,2012
p64_solar_g08,174,0.0,2012
p64_solar_g08,175,0.507496052608272,2012
p64_solar_g08,176,0.0,2012
p64_solar_g08,177,0.1722140328471408,2012
p64_solar_g08,178,0.5057216912151389,2012
p64_solar_g08,179,1.7446140895638953e-16,2012
p64_solar_g08,180,0.8071517535582051,2012
p64_solar_g08,181,1.737461795691545e-16,2012
p64_solar_g08,182,1.0,2012
p64_solar_g08,183,1.7282483729146966e-16,2012
p64_solar_g08,184,1.0,2012
p64_solar_g08,185,1.7169983876036947e-16,2012
p64_solar_g08,186,1.0,2012
p64_solar_g08,187,0.0,2012
p64_solar_g08,188,1.0,2012
p64_solar_g08,189,0.0,2012
p64_solar_g08,190,1.0,2012
p64_solar_g08,191,0.0,2012
p64_solar_g08,192,0.7694819611924926,2012
p64_solar_g08,193,0.0,2012
p64_solar_g08,194,0.474466328651283,2012
p64_solar_g08,195,0.15985095145752976,2012
p64_solar_g08,196,0.15910757510776657,2012
p64_solar_g08,197,0.46353493503765586,2012
p64_solar_g08,198,1.5927171062455527e-16,2012
p64_solar_g08,199,0.7310018451164769,2012
p64_solar_g08,200,1.567233814340917e-16,2012
p64_solar_g08,201,1.0,2012
p64_solar_g08,202,1.5401432838757464e-16,2012
p64_solar_g08,203,1.0,2012
p64_solar_g08,204,0.0,2012
p64_solar_g08,205,1.0,2012
p64_solar_g08,206,0.0,2012
p64_solar_g08,207,1.0,2012
p64_solar_g08,208,0.0,2012
p64_solar_g08,209,0.8729670873274602,2012
p64_solar_g08,210,0.0,2012
p64_solar_g08,211,0.6469452776489125,2012
p64_solar_g08,212,0.0,2012
p64_solar_g08,213,0.3937915590570846,2012
p64_solar_g08,214,0.13152053202444133,2012
p64_solar_g08,215,1.324206250322117e-16,2012
p64_solar_g08,216,0.3763712659243797,2012
p64_solar_g08,217,1.2874732119604597e-16,2012
p64_solar_g08,218,0.7716467557788397,2012
p64_solar_g08,219,1.2498788795947067e-16,2012
p64_solar_g08,220,0.8852681177785764,2012
p64_solar_g08,221,1.2115234935279702e-16,2012
p64_solar_g08,222,0.9399690037323297,2012
p64_solar_g08,223,0.0,2012
p64_solar_g08,224,0.9087347751836616,2012
p64_solar_g08,225,0.0,2012
p64_solar_g08,226,0.7998913592014172,2012
p64_solar_g08,227,0.0,2012
p64_solar_g08,228,0.6515733837982849,2012
p64_solar_g08,229,0.0,2012
p64_solar_g08,230,0.29694552721666073,2012
p64_solar_g08,231,0.0,2012
p64_solar_g08,232,0.0969320555522635,2012
p64_solar_g08,233,0.09425832184844905,2012
p64_solar_g08,234,9.440784621347744e-17,2012
p64_solar_g08,235,0.42533073888881423,2012
p64_solar_g08,236,9.033862847168643e-17,2012
p64_solar_g08,237,0.5356249346093271,2012
p64_solar_g08,238,8.628569301652803e-17,2012
p64_solar_g08,239,0.6044392557976527,2012
p64_solar_g08,240,8.225984646306754e-17,2012
p64_solar_g09,1,0.0,2012
p64_solar_g09,2,0.630005782390128,2012
p64_solar_g09,3,0.0,2012
p64_solar_g09,4,0.5459760148253666,2012
p64_solar_g09,5,0.0,2012
p64_solar_g09,6,0.4377293799985968,2012
p64_solar_g09,7,0.0,2012
p64_solar_g09,8,0.19628568274115696,2012
p64_solar_g09,9,0.0,2012
p64_solar_g09,10,0.06302706323855597,2012
p64_solar_g09,11,0.06061079691763952,2012
p64_solar_g09,12,6.036806062177265e-17,2012
p64_solar_g09,13,0.2689271243398898,2012
p64_solar_g09,14,5.67966945641581e-17,2012
p64_solar_g09,15,0.3329461952191707,2012
p64_solar_g09,16,5.333061359949295e-17,2012
p64_solar_g09,17,0.3693449860385267,2012
p64_solar_g09,18,4.997905957314702e-17,2012
p64_solar_g09,19,0.39042067229289595,2012
p64_solar_g09,20,0.0,2012
p64_solar_g09,21,0.35417300597529106,2012
p64_solar_g09,22,0.0,2012
p64_solar_g09,23,0.30127491448866034,2012
p64_solar_g09,24,0.0,2012
p64_solar_g09,25,0.1800271482550952,2012
p64_solar_g09,26,0.0,2012
p64_solar_g09,27,0.10454786482639243,2012
p64_solar_g09,28,0.033850432021677236,2012
p64_solar_g09,29,0.03303373604651044,2012
p64_solar_g09,30,0.09253830174295913,2012
p64_solar_g09,31,3.1185306763754535e-17,2012
p64_solar_g09,32,0.1377517167953169,2012
p64_solar_g09,33,2.898207309942511e-17,2012
p64_solar_g09,34,0.1687697139841459,2012
p64_solar_g09,35,2.6958288528603054e-17,2012
p64_solar_g09,36,0.20384937813389856,2012
p64_solar_g09,37,2.5119349204539283e-17,2012
p64_solar_g09,38,0.19596281587817252,2012
p64_solar_g09,39,0.0,2012
p64_solar_g09,40,0.17821569237335924,2012
p64_solar_g09,41,0.0,2012
p64_solar_g09,42,0.1292997703723538,2012
p64_solar_g09,43,0.0,2012
p64_solar_g09,44,0.09291939405299135,2012
p64_solar_g09,45,0.0,2012
p64_solar_g09,46,0.05534004781346229,2012
p64_solar_g09,47,0.01831993965581999,2012
p64_solar_g09,48,0.01810830754343745,2012
p64_solar_g09,49,0.05222798496336764,2012
p64_solar_g09,50,1.7891595491777092e-17,2012
p64_solar_g09,51,0.08196447431080822,2012
p64_solar_g09,52,1.7594259120290625e-17,2012
p64_solar_g09,53,0.12662109808996425,2012
p64_solar_g09,54,1.7506735938525213e-17,2012
p64_solar_g09,55,0.13926202066635252,2012
p64_solar_g09,56,0.0,2012
p64_solar_g09,57,0.14557255049940152,2012
p64_solar_g09,58,0.0,2012
p64_solar_g09,59,0.13230789123236042,2012
p64_solar_g09,60,0.0,2012
p64_solar_g09,61,0.11599839591724533,2012
p64_solar_g09,62,0.0,2012
p64_solar_g09,63,0.09214247065122325,2012
p64_solar_g09,64,0.0,2012
p64_solar_g09,65,0.020623816191846445,2012
p64_solar_g09,66,0.021448686909431698,2012
p64_solar_g09,67,2.224396750960168e-17,2012
p64_solar_g09,68,0.06721789649949703,2012
p64_solar_g09,69,2.373165360112628e-17,2012
p64_solar_g09,70,0.15176952763052945,2012
p64_solar_g09,71,2.5412788333665875e-17,2012
p64_solar_g09,72,0.1926066100457583,2012
p64_solar_g09,73,2.7282889184335832e-17,2012
p64_solar_g09,74,0.22700556289961468,2012
p64_solar_g09,75,0.0,2012
p64_solar_g09,76,0.244239563234321,2012
p64_solar_g09,77,0.0,2012
p64_solar_g09,78,0.23971464358025785,2012
p64_solar_g09,79,0.0,2012
p64_solar_g09,80,0.21802198940264564,2012
p64_solar_g09,81,0.0,2012
p64_solar_g09,82,0.11104235674957988,2012
p64_solar_g09,83,0.0,2012
p64_solar_g09,84,0.04053344881317673,2012
p64_solar_g09,85,0.04247300968286618,2012
p64_solar_g09,86,4.4161425930748887e-17,2012
p64_solar_g09,87,0.21442194456927277,2012
p64_solar_g09,88,4.728004069778837e-17,2012
p64_solar_g09,89,0.3021324880013819,2012
p64_solar_g09,90,5.0529315453622956e-17,2012
p64_solar_g09,91,0.3814981170501907,2012
p64_solar_g09,92,5.3900586437895146e-17,2012
p64_solar_g09,93,0.45900132006956684,2012
p64_solar_g09,94,0.0,2012
p64_solar_g09,95,0.47384464861360787,2012
p64_solar_g09,96,0.0,2012
p64_solar_g09,97,0.4585292701318776,2012
p64_solar_g09,98,0.0,2012
p64_solar_g09,99,0.3115155927152095,2012
p64_solar_g09,100,0.0,2012
p64_solar_g09,101,0.20551114859340974,2012
p64_solar_g09,102,0.07239921177753714,2012
p64_solar_g09,103,0.07368045150185626,2012
p64_solar_g09,104,0.2243518552481331,2012
p64_solar_g09,105,7.88007179698344e-17,2012
p64_solar_g09,106,0.37783765599945085,2012
p64_solar_g09,107,8.278907044834864e-17,2012
p64_solar_g09,108,0.522388838648293,2012
p64_solar_g09,109,8.681340279550706e-17,2012
p64_solar_g09,110,0.7096736588579872,2012
p64_solar_g09,111,9.086298466263963e-17,2012
p64_solar_g09,112,0.7640684906205183,2012
p64_solar_g09,113,0.0,2012
p64_solar_g09,114,0.7741157625432282,2012
p64_solar_g09,115,0.0,2012
p64_solar_g09,116,0.6216147643478755,2012
p64_solar_g09,117,0.0,2012
p64_solar_g09,118,0.49054439733973143,2012
p64_solar_g09,119,0.0,2012
p64_solar_g09,120,0.31786684014058,2012
p64_solar_g09,121,0.11067037177590625,2012
p64_solar_g09,122,0.11197430945679328,2012
p64_solar_g09,123,0.3370413216020318,2012
p64_solar_g09,124,1.1770709109391588e-16,2012
p64_solar_g09,125,0.5580413971197326,2012
p64_solar_g09,126,1.2159170488658308e-16,2012
p64_solar_g09,127,0.8976022715928673,2012
p64_solar_g09,128,1.2540883646749996e-16,2012
p64_solar_g09,129,1.0,2012
p64_solar_g09,130,0.0,2012
p64_solar_g09,131,1.0,2012
p64_solar_g09,132,0.0,2012
p64_solar_g09,133,0.9774002898177909,2012
p64_solar_g09,134,0.0,2012
p64_solar_g09,135,0.8475309417197053,2012
p64_solar_g09,136,0.0,2012
p64_solar_g09,137,0.6588517893207435,2012
p64_solar_g09,138,0.0,2012
p64_solar_g09,139,0.4206856732315111,2012
p64_solar_g09,140,0.14505989356620091,2012
p64_solar_g09,141,1.4840464493625166e-16,2012
p64_solar_g09,142,0.4355138253127715,2012
p64_solar_g09,143,1.513842843416762e-16,2012
p64_solar_g09,144,0.9369140998960648,2012
p64_solar_g09,145,1.5421700357204266e-16,2012
p64_solar_g09,146,1.0,2012
p64_solar_g09,147,1.5689524955707665e-16,2012
p64_solar_g09,148,1.0,2012
p64_solar_g09,149,0.0,2012
p64_solar_g09,150,1.0,2012
p64_solar_g09,151,0.0,2012
p64_solar_g09,152,1.0,2012
p64_solar_g09,153,0.0,2012
p64_solar_g09,154,1.0,2012
p64_solar_g09,155,0.0,2012
p64_solar_g09,156,0.4840038034867739,2012
p64_solar_g09,157,0.0,2012
p64_solar_g09,158,0.16617640436605446,2012
p64_solar_g09,159,0.1671739884954921,2012
p64_solar_g09,160,1.7032210335739888e-16,2012
p64_solar_g09,161,0.7941490408460147,2012
p64_solar_g09,162,1.716123740901784e-16,2012
p64_solar_g09,163,1.0,2012
p64_solar_g09,164,1.7270178912836392e-16,2012
p64_solar_g09,165,1.0,2012
p64_solar_g09,166,1.7358744369118755e-16,2012
p64_solar_g09,167,1.0,2012
p64_solar_g09,168,0.0,2012
p64_solar_g09,169,1.0,2012
p64_solar_g09,170,0.0,2012
p64_solar_g09,171,1.0,2012
p64_solar_g09,172,0.0,2012
p64_solar_g09,173,0.8120303488998333,2012
p64_solar_g09,174,0.0,2012
p64_solar_g09,175,0.5066428915118112,2012
p64_solar_g09,176,0.0,2012
p64_solar_g09,177,0.1719245206187507,2012
p64_solar_g09,178,0.5048715130307695,2012
p64_solar_g09,179,1.7416811862203056e-16,2012
p64_solar_g09,180,0.8057948356638949,2012
p64_solar_g09,181,1.734540916202823e-16,2012
p64_solar_g09,182,1.0,2012
p64_solar_g09,183,1.7253429822831547e-16,2012
p64_solar_g09,184,1.0,2012
p64_solar_g09,185,1.7141119095326621e-16,2012
p64_solar_g09,186,1.0,2012
p64_solar_g09,187,0.0,2012
p64_solar_g09,188,1.0,2012
p64_solar_g09,189,0.0,2012
p64_solar_g09,190,1.0,2012
p64_solar_g09,191,0.0,2012
p64_solar_g09,192,0.7681883706899777,2012
p64_solar_g09,193,0.0,2012
p64_solar_g09,194,0.4736686944409174,2012
p64_solar_g09,195,0.1595822230362644,2012
p64_solar_g09,196,0.15884009639037258,2012
p64_solar_g09,197,0.4627556777973441,2012
p64_solar_g09,198,1.590039559758772e-16,2012
p64_solar_g09,199,0.7297729442560876,2012
p64_solar_g09,200,1.5645991082923054e-16,2012
p64_solar_g09,201,1.0,2012
p64_solar_g09,202,1.5375541202240788e-16,2012
p64_solar_g09,203,1.0,2012
p64_solar_g09,204,0.0,2012
p64_solar_g09,205,1.0,2012
p64_solar_g09,206,0.0,2012
p64_solar_g09,207,1.0,2012
p64_solar_g09,208,0.0,2012
p64_solar_g09,209,0.8714995260458094,2012
p64_solar_g09,210,0.0,2012
p64_solar_g09,211,0.6458576858546663,2012
p64_solar_g09,212,0.0,2012
p64_solar_g09,213,0.39312954870926914,2012
p64_solar_g09,214,0.13129943040063088,2012
p64_solar_g09,215,1.321980102452279e-16,2012
p64_solar_g09,216,0.3757385411568429,2012
p64_solar_g09,217,1.2853088166877581e-16,2012
p64_solar_g09,218,0.7703495259996972,2012
p64_solar_g09,219,1.2477776848565847e-16,2012
p64_solar_g09,220,0.883779877004793,2012
p64_solar_g09,221,1.2094867787460245e-16,2012
p64_solar_g09,222,0.9383888042770988,2012
p64_solar_g09,223,0.0,2012
p64_solar_g09,224,0.9072070841736467,2012
p64_solar_g09,225,0.0,2012
p64_solar_g09,226,0.7985466468917186,2012
p64_solar_g09,227,0.0,2012
p64_solar_g09,228,0.6504780116083162,2012
p64_solar_g09,229,0.0,2012
p64_solar_g09,230,0.2964463265425131,2012
p64_solar_g09,231,0.0,2012
p64_solar_g09,232,0.09676910126252639,2012
p64_solar_g09,233,0.09409986242239939,2012
p64_solar_g09,234,9.424913541922389e-17,2012
p64_solar_g09,235,0.42461570743648297,2012
p64_solar_g09,236,9.01867585154108e-17,2012
p64_solar_g09,237,0.5347244855237542,2012
p64_solar_g09,238,8.614063652577404e-17,2012
p64_solar_g09,239,0.6034231216709537,2012
p64_solar_g09,240,8.212155789817638e-17,2012
p64_solar_g10,1,0.0,2012
p64_solar_g10,2,0.625781869798906,2012
p64_solar_g10,3,0.0,2012
p64_solar_g10,4,0.5423154849889944,2012
p64_solar_g10,5,0.0,2012
p64_solar_g10,6,0.43479459639596163,2012
p64_solar_g10,7,0.0,2012
p64_solar_g10,8,0.19496967328539996,2012
p64_solar_g10,9,0.0,2012
p64_solar_g10,10,0.06260449440912223,2012
p64_solar_g10,11,0.060204428094653255,2012
p64_solar_g10,12,5.996331923924029e-17,2012
p64_solar_g10,13,0.26712408586251124,2012
p64_solar_g10,14,5.641589762543924e-17,2012
p64_solar_g10,15,0.3307139369360001,2012
p64_solar_g10,16,5.297305521419388e-17,2012
p64_solar_g10,17,0.3668686898192854,2012
p64_solar_g10,18,4.9643971888352214e-17,2012
p64_solar_g10,19,0.38780307283640375,2012
p64_solar_g10,20,0.0,2012
p64_solar_g10,21,0.35179843123133486,2012
p64_solar_g10,22,0.0,2012
p64_solar_g10,23,0.29925499825884394,2012
p64_solar_g10,24,0.0,2012
p64_solar_g10,25,0.1788201451457085,2012
p64_solar_g10,26,0.0,2012
p64_solar_g10,27,0.1038469172240542,2012
p64_solar_g10,28,0.0336234797142044,2012
p64_solar_g10,29,0.03281225932753082,2012
p64_solar_g10,30,0.0919178729963856,2012
p64_solar_g10,31,3.0976222952807906e-17,2012
p64_solar_g10,32,0.1368281519213141,2012
p64_solar_g10,33,2.878776100435204e-17,2012
p64_solar_g10,34,0.16763818703655173,2012
p64_solar_g10,35,2.6777545021897826e-17,2012
p64_solar_g10,36,0.20248265741627924,2012
p64_solar_g10,37,2.4950934979854195e-17,2012
p64_solar_g10,38,0.1946489711031946,2012
p64_solar_g10,39,0.0,2012
p64_solar_g10,40,0.17702083428155996,2012
p64_solar_g10,41,0.0,2012
p64_solar_g10,42,0.1284328720939826,2012
p64_solar_g10,43,0.0,2012
p64_solar_g10,44,0.09229641024954094,2012
p64_solar_g10,45,0.0,2012
p64_solar_g10,46,0.0549690170526472,2012
p64_solar_g10,47,0.018197112491457983,2012
p64_solar_g10,48,0.017986899279614433,2012
p64_solar_g10,49,0.05187781921970735,2012
p64_solar_g10,50,1.7771640187258998e-17,2012
p64_solar_g10,51,0.08141493844185023,2012
p64_solar_g10,52,1.747629732579808e-17,2012
p64_solar_g10,53,0.1257721591349796,2012
p64_solar_g10,54,1.7389360948598304e-17,2012
p64_solar_g10,55,0.13832832986697605,2012
p64_solar_g10,56,0.0,2012
p64_solar_g10,57,0.1445965503638822,2012
p64_solar_g10,58,0.0,2012
p64_solar_g10,59,0.13142082482231227,2012
p64_solar_g10,60,0.0,2012
p64_solar_g10,61,0.1152206775235862,2012
p64_solar_g10,62,0.0,2012
p64_solar_g10,63,0.09152469577859677,2012
p64_solar_g10,64,0.0,2012
p64_solar_g10,65,0.02048554254527562,2012
p64_solar_g10,66,0.021304882866303367,2012
p64_solar_g10,67,2.2094831458681505e-17,2012
p64_solar_g10,68,0.06676722997021133,2012
p64_solar_g10,69,2.3572543267128994e-17,2012
p64_solar_g10,70,0.1507519794799548,2012
p64_solar_g10,71,2.52424067282568e-17,2012
p64_solar_g10,72,0.1913152671596051,2012
p64_solar_g10,73,2.70999693725312e-17,2012
p64_solar_g10,74,0.22548359011426752,2012
p64_solar_g10,75,0.0,2012
p64_solar_g10,76,0.24260204403170965,2012
p64_solar_g10,77,0.0,2012
p64_solar_g10,78,0.23810746198030874,2012
p64_solar_g10,79,0.0,2012
p64_solar_g10,80,0.2165602475394085,2012
p64_solar_g10,81,0.0,2012
p64_solar_g10,82,0.11029786642592906,2012
p64_solar_g10,83,0.0,2012
p64_solar_g10,84,0.04026168980779413,2012
p64_solar_g10,85,0.04218824677211013,2012
p64_solar_g10,86,4.386534292921273e-17,2012
p64_solar_g10,87,0.2129843394284685,2012
p64_solar_g10,88,4.69630487513665e-17,2012
p64_solar_g10,89,0.3001068221171028,2012
p64_solar_g10,90,5.019053854436878e-17,2012
p64_solar_g10,91,0.3789403394151627,2012
p64_solar_g10,92,5.353920663457726e-17,2012
p64_solar_g10,93,0.4559239174338736,2012
p64_solar_g10,94,0.0,2012
p64_solar_g10,95,0.47066772796699263,2012
p64_solar_g10,96,0.0,2012
p64_solar_g10,97,0.45545503238408097,2012
p64_solar_g10,98,0.0,2012
p64_solar_g10,99,0.3094270172271564,2012
p64_solar_g10,100,0.0,2012
p64_solar_g10,101,0.20413328643334044,2012
p64_solar_g10,102,0.07191380680067883,2012
p64_solar_g10,103,0.0731864563743117,2012
p64_solar_g10,104,0.22284767440926614,2012
p64_solar_g10,105,7.827239370022634e-17,2012
p64_solar_g10,106,0.37530442015110815,2012
p64_solar_g10,107,8.223400602377197e-17,2012
p64_solar_g10,108,0.5188864504881253,2012
p64_solar_g10,109,8.623135698671526e-17,2012
p64_solar_g10,110,0.7049156080795697,2012
p64_solar_g10,111,9.025378818267007e-17,2012
p64_solar_g10,112,0.7589457463405467,2012
p64_solar_g10,113,0.0,2012
p64_solar_g10,114,0.7689256557095024,2012
p64_solar_g10,115,0.0,2012
p64_solar_g10,116,0.6174471098542021,2012
p64_solar_g10,117,0.0,2012
p64_solar_g10,118,0.48725551219868424,2012
p64_solar_g10,119,0.0,2012
p64_solar_g10,120,0.3157356823227771,2012
p64_solar_g10,121,0.10992837544843445,2012
p64_solar_g10,122,0.11122357079878671,2012
p64_solar_g10,123,0.33478160729167117,2012
p64_solar_g10,124,1.1691791664814894e-16,2012
p64_solar_g10,125,0.5542999741842561,2012
p64_solar_g10,126,1.2077648580825954e-16,2012
p64_solar_g10,127,0.8915842418495422,2012
p64_solar_g10,128,1.2456802519526697e-16,2012
p64_solar_g10,129,1.0,2012
p64_solar_g10,130,0.0,2012
p64_solar_g10,131,1.0,2012
p64_solar_g10,132,0.0,2012
p64_solar_g10,133,0.9708472493438404,2012
p64_solar_g10,134,0.0,2012
p64_solar_g10,135,0.8418486182930874,2012
p64_solar_g10,136,0.0,2012
p64_solar_g10,137,0.654434476898462,2012
p64_solar_g10,138,0.0,2012
p64_solar_g10,139,0.41786516021118947,2012
p64_solar_g10,140,0.144087330570682,2012
p64_solar_g10,141,1.4740965684905678e-16,2012
p64_solar_g10,142,0.43259389603305776,2012
p64_solar_g10,143,1.5036931907847174e-16,2012
p64_solar_g10,144,0.9306325015773468,2012
p64_solar_g10,145,1.53183046168196e-16,2012
p64_solar_g10,146,1.0,2012
p64_solar_g10,147,1.5584333568798034e-16,2012
p64_solar_g10,148,1.0,2012
p64_solar_g10,149,0.0,2012
p64_solar_g10,150,1.0,2012
p64_solar_g10,151,0.0,2012
p64_solar_g10,152,1.0,2012
p64_solar_g10,153,0.0,2012
p64_solar_g10,154,1.0,2012
p64_solar_g10,155,0.0,2012
p64_solar_g10,156,0.4807587701602684,2012
p64_solar_g10,157,0.0,2012
p64_solar_g10,158,0.16506226442260372,2012
p64_solar_g10,159,0.16605316018777086,2012
p64_solar_g10,160,1.6918016831958801e-16,2012
p64_solar_g10,161,0.7888246196633862,2012
p64_solar_g10,162,1.7046178835272855e-16,2012
p64_solar_g10,163,1.0,2012
p64_solar_g10,164,1.7154389934065695e-16,2012
p64_solar_g10,165,1.0,2012
p64_solar_g10,166,1.7242361597788698e-16,2012
p64_solar_g10,167,1.0,2012
p64_solar_g10,168,0.0,2012
p64_solar_g10,169,1.0,2012
p64_solar_g10,170,0.0,2012
p64_solar_g10,171,1.0,2012
p64_solar_g10,172,0.0,2012
p64_solar_g10,173,0.8065860413854485,2012
p64_solar_g10,174,0.0,2012
p64_solar_g10,175,0.503246073024541,2012
p64_solar_g10,176,0.0,2012
p64_solar_g10,177,0.17077184207566445,2012
p64_solar_g10,178,0.5014865708596842,2012
p64_solar_g10,179,1.730003977378729e-16,2012
p64_solar_g10,180,0.8003923345322549,2012
p64_solar_g10,181,1.7229115797415872e-16,2012
p64_solar_g10,182,1.0,2012
p64_solar_g10,183,1.7137753139366926e-16,2012
p64_solar_g10,184,1.0,2012
p64_solar_g10,185,1.702619540605554e-16,2012
p64_solar_g10,186,1.0,2012
p64_solar_g10,187,0.0,2012
p64_solar_g10,188,1.0,2012
p64_solar_g10,189,0.0,2012
p64_solar_g10,190,1.0,2012
p64_solar_g10,191,0.0,2012
p64_solar_g10,192,0.763038004420199,2012
p64_solar_g10,193,0.0,2012
p64_solar_g10,194,0.4704929534898959,2012
p64_solar_g10,195,0.15851229418789606,2012
p64_solar_g10,196,0.15777514317583408,2012
p64_solar_g10,197,0.4596531038389082,2012
p64_solar_g10,198,1.5793790415465006e-16,2012
p64_solar_g10,199,0.7248801365801295,2012
p64_solar_g10,200,1.5541091571546218e-16,2012
p64_solar_g10,201,1.0,2012
p64_solar_g10,202,1.5272454938755064e-16,2012
p64_solar_g10,203,1.0,2012
p64_solar_g10,204,0.0,2012
p64_solar_g10,205,1.0,2012
p64_solar_g10,206,0.0,2012
p64_solar_g10,207,1.0,2012
p64_solar_g10,208,0.0,2012
p64_solar_g10,209,0.8656565037685482,2012
p64_solar_g10,210,0.0,2012
p64_solar_g10,211,0.6415274931998158,2012
p64_solar_g10,212,0.0,2012
p64_solar_g10,213,0.39049378742391283,2012
p64_solar_g10,214,0.13041912527837396,2012
p64_solar_g10,215,1.3131168053902922e-16,2012
p64_solar_g10,216,0.37321937895331736,2012
p64_solar_g10,217,1.276691384520994e-16,2012
p64_solar_g10,218,0.7651846701309662,2012
p64_solar_g10,219,1.2394118824759838e-16,2012
p64_solar_g10,220,0.8778545203577685,2012
p64_solar_g10,221,1.2013777001050632e-16,2012
p64_solar_g10,222,0.9320973187119816,2012
p64_solar_g10,223,0.0,2012
p64_solar_g10,224,0.9011246583724911,2012
p64_solar_g10,225,0.0,2012
p64_solar_g10,226,0.7931927416883607,2012
p64_solar_g10,227,0.0,2012
p64_solar_g10,228,0.6461168416947295,2012
p64_solar_g10,229,0.0,2012
p64_solar_g10,230,0.2944587838781364,2012
p64_solar_g10,231,0.0,2012
p64_solar_g10,232,0.09612030685985706,2012
p64_solar_g10,233,0.09346896409602165,2012
p64_solar_g10,234,9.361723628284022e-17,2012
p64_solar_g10,235,0.4217688452596514,2012
p64_solar_g10,236,8.958209583531679e-17,2012
p64_solar_g10,237,0.5311393922589437,2012
p64_solar_g10,238,8.55631013198959e-17,2012
p64_solar_g10,239,0.5993774341666411,2012
p64_solar_g10,240,8.157096885262683e-17,2012
p65_solar_g01,1,0.0,2012
p65_solar_g01,2,0.6304321828951576,2012
p65_solar_g01,3,0.0,2012
p65_solar_g01,4,0.546345542304261,2012
p65_solar_g01,5,0.0,2012
p65_solar_g01,6,0.4380256439915868,2012
p65_solar_g01,7,0.0,2012
p65_solar_g01,8,0.196418532814268,2012
p65_solar_g01,9,0.0,2012
p65_solar_g01,10,0.06306972121463596,2012
p65_solar_g01,11,0.0606518195163812,2012
p65_solar_g01,12,6.040891893173788e-17,2012
p65_solar_g01,13,0.2691091395925112,2012
p65_solar_g01,14,5.6835135702197e-17,2012
p65_solar_g01,15,0.3331715398584699,2012
p65_solar_g01,16,5.336670882466071e-17,2012
p65_solar_g01,17,0.369594966106931,2012
p65_solar_g01,18,5.001288639956446e-17,2012
p65_solar_g01,19,0.3906849168069829,2012
p65_solar_g01,20,0.0,2012
p65_solar_g01,21,0.35441271734435625,2012
p65_solar_g01,22,0.0,2012
p65_solar_g01,23,0.30147882337216825,2012
p65_solar_g01,24,0.0,2012
p65_solar_g01,25,0.1801489942271175,2012
p65_solar_g01,26,0.0,2012
p65_solar_g01,27,0.1046186249108358,2012
p65_solar_g01,28,0.033873342670615654,2012
p65_solar_g01,29,0.033056093939290106,2012
p65_solar_g01,30,0.09260093351508046,2012
p65_solar_g01,31,3.12064136026523e-17,2012
p65_solar_g01,32,0.13784494991039623,2012
p65_solar_g01,33,2.900168874574429e-17,2012
p65_solar_g01,34,0.16888394069965876,2012
p65_solar_g01,35,2.6976534437076655e-17,2012
p65_solar_g01,36,0.20398734746722194,2012
p65_solar_g01,37,2.5136350482124697e-17,2012
p65_solar_g01,38,0.19609544742853774,2012
p65_solar_g01,39,0.0,2012
p65_solar_g01,40,0.17833631231583644,2012
p65_solar_g01,41,0.0,2012
p65_solar_g01,42,0.1293872830411706,2012
p65_solar_g01,43,0.0,2012
p65_solar_g01,44,0.09298228375600474,2012
p65_solar_g01,45,0.0,2012
p65_solar_g01,46,0.05537750306386729,2012
p65_solar_g01,47,0.018332338957127537,2012
p65_solar_g01,48,0.018120563607901586,2012
p65_solar_g01,49,0.05226333390743696,2012
p65_solar_g01,50,1.7903704881193388e-17,2012
p65_solar_g01,51,0.08201994950519138,2012
p65_solar_g01,52,1.7606167266508032e-17,2012
p65_solar_g01,53,0.12670679777984348,2012
p65_solar_g01,54,1.7518584847303934e-17,2012
p65_solar_g01,55,0.1393562759852772,2012
p65_solar_g01,56,0.0,2012
p65_solar_g01,57,0.14567107691104159,2012
p65_solar_g01,58,0.0,2012
p65_solar_g01,59,0.1323974398574966,2012
p65_solar_g01,60,0.0,2012
p65_solar_g01,61,0.11607690594998515,2012
p65_solar_g01,62,0.0,2012
p65_solar_g01,63,0.09220483451695048,2012
p65_solar_g01,64,0.0,2012
p65_solar_g01,65,0.02063777480283963,2012
p65_solar_g01,66,0.021463203809412686,2012
p65_solar_g01,67,2.2259022671387613e-17,2012
p65_solar_g01,68,0.06726339091528742,2012
p65_solar_g01,69,2.3747715658592353e-17,2012
p65_solar_g01,70,0.15187224828014673,2012
p65_solar_g01,71,2.5429988216718654e-17,2012
p65_solar_g01,72,0.1927369700489379,2012
p65_solar_g01,73,2.730135478902081e-17,2012
p65_solar_g01,74,0.22715920480159485,2012
p65_solar_g01,75,0.0,2012
p65_solar_g01,76,0.2444048694521722,2012
p65_solar_g01,77,0.0,2012
p65_solar_g01,78,0.23987688724205064,2012
p65_solar_g01,79,0.0,2012
p65_solar_g01,80,0.21816955104253433,2012
p65_solar_g01,81,0.0,2012
p65_solar_g01,82,0.11111751243595797,2012
p65_solar_g01,83,0.0,2012
p65_solar_g01,84,0.04056088266144866,2012
p65_solar_g01,85,0.04250175626469943,2012
p65_solar_g01,86,4.4191315266443965e-17,2012
p65_solar_g01,87,0.21456706962686653,2012
p65_solar_g01,88,4.7312040774287465e-17,2012
p65_solar_g01,89,0.30233697730778303,2012
p65_solar_g01,90,5.0563514704217896e-17,2012
p65_solar_g01,91,0.38175632260056025,2012
p65_solar_g01,92,5.39370674320716e-17,2012
p65_solar_g01,93,0.45931198133674506,2012
p65_solar_g01,94,0.0,2012
p65_solar_g01,95,0.47416535614220845,2012
p65_solar_g01,96,0.0,2012
p65_solar_g01,97,0.4588396119062234,2012
p65_solar_g01,98,0.0,2012
p65_solar_g01,99,0.3117264326944148,2012
p65_solar_g01,100,0.0,2012
p65_solar_g01,101,0.20565024264619283,2012
p65_solar_g01,102,0.07244821301106323,2012
p65_solar_g01,103,0.07373031990403506,2012
p65_solar_g01,104,0.22450370106773684,2012
p65_solar_g01,105,7.88540518706941e-17,2012
p65_solar_g01,106,0.3780933840766221,2012
p65_solar_g01,107,8.284510374587835e-17,2012
p65_solar_g01,108,0.5227424018549296,2012
p65_solar_g01,109,8.6872159841601e-17,2012
p65_solar_g01,110,0.7101539801740792,2012
p65_solar_g01,111,9.092448254667754e-17,2012
p65_solar_g01,112,0.7645856274459006,2012
p65_solar_g01,113,0.0,2012
p65_solar_g01,114,0.7746396995630561,2012
p65_solar_g01,115,0.0,2012
p65_solar_g01,116,0.6220354856441884,2012
p65_solar_g01,117,0.0,2012
p65_solar_g01,118,0.49087640759203666,2012
p65_solar_g01,119,0.0,2012
p65_solar_g01,120,0.31808197877098093,2012
p65_solar_g01,121,0.11074527569541953,2012
p65_solar_g01,122,0.11205009590738993,2012
p65_solar_g01,123,0.33726943790471353,2012
p65_solar_g01,124,1.1778675760570184e-16,2012
p65_solar_g01,125,0.5584190906905067,2012
p65_solar_g01,126,1.2167400058262314e-16,2012
p65_solar_g01,127,0.8982097867500629,2012
p65_solar_g01,128,1.2549371567448442e-16,2012
p65_solar_g01,129,1.0,2012
p65_solar_g01,130,0.0,2012
p65_solar_g01,131,1.0,2012
p65_solar_g01,132,0.0,2012
p65_solar_g01,133,0.9780618138685913,2012
p65_solar_g01,134,0.0,2012
p65_solar_g01,135,0.8481045676001003,2012
p65_solar_g01,136,0.0,2012
p65_solar_g01,137,0.6592977133797897,2012
p65_solar_g01,138,0.0,2012
p65_solar_g01,139,0.4209704017031199,2012
p65_solar_g01,140,0.14515807300138245,2012
p65_solar_g01,141,1.485050881660098e-16,2012
p65_solar_g01,142,0.4358085897740693,2012
p65_solar_g01,143,1.5148674425093599e-16,2012
p65_solar_g01,144,0.9375482220843555,2012
p65_solar_g01,145,1.5432138072229323e-16,2012
p65_solar_g01,146,1.0,2012
p65_solar_g01,147,1.5700143939773822e-16,2012
p65_solar_g01,148,1.0,2012
p65_solar_g01,149,0.0,2012
p65_solar_g01,150,1.0,2012
p65_solar_g01,151,0.0,2012
p65_solar_g01,152,1.0,2012
p65_solar_g01,153,0.0,2012
p65_solar_g01,154,1.0,2012
p65_solar_g01,155,0.0,2012
p65_solar_g01,156,0.48433138693443695,2012
p65_solar_g01,157,0.0,2012
p65_solar_g01,158,0.16628887587778704,2012
p65_solar_g01,159,0.16728713519210153,2012
p65_solar_g01,160,1.7043738076106615e-16,2012
p65_solar_g01,161,0.7946865367889896,2012
p65_solar_g01,162,1.7172852477486539e-16,2012
p65_solar_g01,163,1.0,2012
p65_solar_g01,164,1.7281867715092215e-16,2012
p65_solar_g01,165,1.0,2012
p65_solar_g01,166,1.7370493114245493e-16,2012
p65_solar_g01,167,1.0,2012
p65_solar_g01,168,0.0,2012
p65_solar_g01,169,1.0,2012
p65_solar_g01,170,0.0,2012
p65_solar_g01,171,1.0,2012
p65_solar_g01,172,0.0,2012
p65_solar_g01,173,0.8125799472694809,2012
p65_solar_g01,174,0.0,2012
p65_solar_g01,175,0.5069857975467219,2012
p65_solar_g01,176,0.0,2012
p65_solar_g01,177,0.17204088257044686,2012
p65_solar_g01,178,0.505213220161321,2012
p65_solar_g01,179,1.7428599908569668e-16,2012
p65_solar_g01,180,0.8063402137135594,2012
p65_solar_g01,181,1.7357148881620284e-16,2012
p65_solar_g01,182,1.0,2012
p65_solar_g01,183,1.7265107288968504e-16,2012
p65_solar_g01,184,1.0,2012
p65_solar_g01,185,1.715272054731852e-16,2012
p65_solar_g01,186,1.0,2012
p65_solar_g01,187,0.0,2012
p65_solar_g01,188,1.0,2012
p65_solar_g01,189,0.0,2012
p65_solar_g01,190,1.0,2012
p65_solar_g01,191,0.0,2012
p65_solar_g01,192,0.7687082959325324,2012
p65_solar_g01,193,0.0,2012
p65_solar_g01,194,0.47398928288021724,2012
p65_solar_g01,195,0.15969023147427944,2012
p65_solar_g01,196,0.1589476025422413,2012
p65_solar_g01,197,0.4630688800888683,2012
p65_solar_g01,198,1.5911157303118834e-16,2012
p65_solar_g01,199,0.7302668691702482,2012
p65_solar_g01,200,1.5656580602394029e-16,2012
p65_solar_g01,201,1.0,2012
p65_solar_g01,202,1.5385947675827212e-16,2012
p65_solar_g01,203,1.0,2012
p65_solar_g01,204,0.0,2012
p65_solar_g01,205,1.0,2012
p65_solar_g01,206,0.0,2012
p65_solar_g01,207,1.0,2012
p65_solar_g01,208,0.0,2012
p65_solar_g01,209,0.8720893743431205,2012
p65_solar_g01,210,0.0,2012
p65_solar_g01,211,0.6462948152447822,2012
p65_solar_g01,212,0.0,2012
p65_solar_g01,213,0.3933956266450553,2012
p65_solar_g01,214,0.1313882964793207,2012
p65_solar_g01,215,1.322874845007159e-16,2012
p65_solar_g01,216,0.375992848511135,2012
p65_solar_g01,217,1.2861787393835077e-16,2012
p65_solar_g01,218,0.770870913955359,2012
p65_solar_g01,219,1.248622205732201e-16,2012
p65_solar_g01,220,0.8843780368890723,2012
p65_solar_g01,221,1.2103053835710903e-16,2012
p65_solar_g01,222,0.9390239245747884,2012
p65_solar_g01,223,0.0,2012
p65_solar_g01,224,0.907821100059962,2012
p65_solar_g01,225,0.0,2012
p65_solar_g01,226,0.7990871192223573,2012
p65_solar_g01,227,0.0,2012
p65_solar_g01,228,0.6509182681272455,2012
p65_solar_g01,229,0.0,2012
p65_solar_g01,230,0.29664696734119333,2012
p65_solar_g01,231,0.0,2012
p65_solar_g01,232,0.09683459652432075,2012
p65_solar_g01,233,0.09416355108999844,2012
p65_solar_g01,234,9.431292511777061e-17,2012
p65_solar_g01,235,0.4249030958337886,2012
p65_solar_g01,236,9.024779871607699e-17,2012
p65_solar_g01,237,0.5350863977427404,2012
p65_solar_g01,238,8.619893823021047e-17,2012
p65_solar_g01,239,0.6038315304999186,2012
p65_solar_g01,240,8.2177139409871e-17,2012
p65_solar_g02,1,0.0,2012
p65_solar_g02,2,0.6333188528376255,2012
p65_solar_g02,3,0.0,2012
p65_solar_g02,4,0.5488471900595014,2012
p65_solar_g02,5,0.0,2012
p65_solar_g02,6,0.4400313085100666,2012
p65_solar_g02,7,0.0,2012
p65_solar_g02,8,0.19731790865548018,2012
p65_solar_g02,9,0.0,2012
p65_solar_g02,10,0.0633585095624548,2012
p65_solar_g02,11,0.06092953659540131,2012
p65_solar_g02,12,6.068552379942785e-17,2012
p65_solar_g02,13,0.2703413566105854,2012
p65_solar_g02,14,5.70953766644432e-17,2012
p65_solar_g02,15,0.33469709057730923,2012
p65_solar_g02,16,5.361106829499283e-17,2012
p65_solar_g02,17,0.37128729512898173,2012
p65_solar_g02,18,5.024188913740484e-17,2012
p65_solar_g02,19,0.3924738140697196,2012
p65_solar_g02,20,0.0,2012
p65_solar_g02,21,0.3560355287523779,2012
p65_solar_g02,22,0.0,2012
p65_solar_g02,23,0.3028592571148151,2012
p65_solar_g02,24,0.0,2012
p65_solar_g02,25,0.18097387389048283,2012
p65_solar_g02,26,0.0,2012
p65_solar_g02,27,0.10509766048063418,2012
p65_solar_g02,28,0.03402844446077036,2012
p65_solar_g02,29,0.03320745364994404,2012
p65_solar_g02,30,0.09302494158236356,2012
p65_solar_g02,31,3.1349303858897314e-17,2012
p65_solar_g02,32,0.1384761246575355,2012
p65_solar_g02,33,2.913448384322596e-17,2012
p65_solar_g02,34,0.16965723909496655,2012
p65_solar_g02,35,2.7100056606826684e-17,2012
p65_solar_g02,36,0.2049213799619991,2012
p65_solar_g02,37,2.5251446680207198e-17,2012
p65_solar_g02,38,0.19699334390226658,2012
p65_solar_g02,39,0.0,2012
p65_solar_g02,40,0.17915289193594489,2012
p65_solar_g02,41,0.0,2012
p65_solar_g02,42,0.1299797311918619,2012
p65_solar_g02,43,0.0,2012
p65_solar_g02,44,0.09340803797823978,2012
p65_solar_g02,45,0.0,2012
p65_solar_g02,46,0.055631069708972976,2012
p65_solar_g02,47,0.018416280439301953,2012
p65_solar_g02,48,0.018203535397297375,2012
p65_solar_g02,49,0.05250264116232824,2012
p65_solar_g02,50,1.7985683701662247e-17,2012
p65_solar_g02,51,0.0823955085729916,2012
p65_solar_g02,52,1.7686783699534803e-17,2012
p65_solar_g02,53,0.1272869723245149,2012
p65_solar_g02,54,1.7598800251411393e-17,2012
p65_solar_g02,55,0.13999437090507263,2012
p65_solar_g02,56,0.0,2012
p65_solar_g02,57,0.14633808651273247,2012
p65_solar_g02,58,0.0,2012
p65_solar_g02,59,0.13300367113893466,2012
p65_solar_g02,60,0.0,2012
p65_solar_g02,61,0.11660840755239654,2012
p65_solar_g02,62,0.0,2012
p65_solar_g02,63,0.0926270288965711,2012
p65_solar_g02,64,0.0,2012
p65_solar_g02,65,0.020732272586771263,2012
p65_solar_g02,66,0.021561481129300075,2012
p65_solar_g02,67,2.236094394609019e-17,2012
p65_solar_g02,68,0.06757138155100012,2012
p65_solar_g02,69,2.3856453471879608e-17,2012
p65_solar_g02,70,0.1525676522682363,2012
p65_solar_g02,71,2.5546428945181148e-17,2012
p65_solar_g02,72,0.1936194884757218,2012
p65_solar_g02,73,2.7426364270447017e-17,2012
p65_solar_g02,74,0.22819933832657496,2012
p65_solar_g02,75,0.0,2012
p65_solar_g02,76,0.24552396871388882,2012
p65_solar_g02,77,0.0,2012
p65_solar_g02,78,0.24097525344079768,2012
p65_solar_g02,79,0.0,2012
p65_solar_g02,80,0.21916852206978105,2012
p65_solar_g02,81,0.0,2012
p65_solar_g02,82,0.1116263055971155,2012
p65_solar_g02,83,0.0,2012
p65_solar_g02,84,0.04074660585895591,2012
p65_solar_g02,85,0.04269636647915259,2012
p65_solar_g02,86,4.4393661759784355e-17,2012
p65_solar_g02,87,0.21554954534327245,2012
p65_solar_g02,88,4.7528676678553565e-17,2012
p65_solar_g02,89,0.30372134042973375,2012
p65_solar_g02,90,5.079503870004548e-17,2012
p65_solar_g02,91,0.3835043369496014,2012
p65_solar_g02,92,5.4184038502974105e-17,2012
p65_solar_g02,93,0.4614151133257422,2012
p65_solar_g02,94,0.0,2012
p65_solar_g02,95,0.4763364998726085,2012
p65_solar_g02,96,0.0,2012
p65_solar_g02,97,0.46094058097480844,2012
p65_solar_g02,98,0.0,2012
p65_solar_g02,99,0.31315378895563745,2012
p65_solar_g02,100,0.0,2012
p65_solar_g02,101,0.20659188932955497,2012
p65_solar_g02,102,0.07277994429724872,2012
p65_solar_g02,103,0.07406792179697476,2012
p65_solar_g02,104,0.22553167537398,2012
p65_solar_g02,105,7.921511469006286e-17,2012
p65_solar_g02,106,0.37982462628930175,2012
p65_solar_g02,107,8.322444109151577e-17,2012
p65_solar_g02,108,0.5251359737886437,2012
p65_solar_g02,109,8.726993657231987e-17,2012
p65_solar_g02,110,0.7134056862333704,2012
p65_solar_g02,111,9.134081435511502e-17,2012
p65_solar_g02,112,0.7680865691951863,2012
p65_solar_g02,113,0.0,2012
p65_solar_g02,114,0.7781866776483148,2012
p65_solar_g02,115,0.0,2012
p65_solar_g02,116,0.6248837081624479,2012
p65_solar_g02,117,0.0,2012
p65_solar_g02,118,0.4931240691323393,2012
p65_solar_g02,119,0.0,2012
p65_solar_g02,120,0.3195384362810373,2012
p65_solar_g02,121,0.11125236443120104,2012
p65_solar_g02,122,0.11256315925136627,2012
p65_solar_g02,123,0.3388137523850459,2012
p65_solar_g02,124,1.1832608840451936e-16,2012
p65_solar_g02,125,0.5609760217104203,2012
p65_solar_g02,126,1.2223113057977634e-16,2012
p65_solar_g02,127,0.9023225767753669,2012
p65_solar_g02,128,1.2606833566825206e-16,2012
p65_solar_g02,129,1.0,2012
p65_solar_g02,130,0.0,2012
p65_solar_g02,131,1.0,2012
p65_solar_g02,132,0.0,2012
p65_solar_g02,133,0.9825402363168303,2012
p65_solar_g02,134,0.0,2012
p65_solar_g02,135,0.8519879321074735,2012
p65_solar_g02,136,0.0,2012
p65_solar_g02,137,0.6623165549681286,2012
p65_solar_g02,138,0.0,2012
p65_solar_g02,139,0.42289797240499044,2012
p65_solar_g02,140,0.1458227336224747,2012
p65_solar_g02,141,1.4918507435000136e-16,2012
p65_solar_g02,142,0.437804102679189,2012
p65_solar_g02,143,1.5218038306439773e-16,2012
p65_solar_g02,144,0.9418411378740862,2012
p65_solar_g02,145,1.5502799898084313e-16,2012
p65_solar_g02,146,1.0,2012
p65_solar_g02,147,1.577203293090247e-16,2012
p65_solar_g02,148,1.0,2012
p65_solar_g02,149,0.0,2012
p65_solar_g02,150,1.0,2012
p65_solar_g02,151,0.0,2012
p65_solar_g02,152,1.0,2012
p65_solar_g02,153,0.0,2012
p65_solar_g02,154,1.0,2012
p65_solar_g02,155,0.0,2012
p65_solar_g02,156,0.4865490796455495,2012
p65_solar_g02,157,0.0,2012
p65_solar_g02,158,0.16705029179656,2012
p65_solar_g02,159,0.16805312201514558,2012
p65_solar_g02,160,1.712177921636955e-16,2012
p65_solar_g02,161,0.7983253068290879,2012
p65_solar_g02,162,1.7251484816409245e-16,2012
p65_solar_g02,163,1.0,2012
p65_solar_g02,164,1.7360999221123148e-16,2012
p65_solar_g02,165,1.0,2012
p65_solar_g02,166,1.7450030424870186e-16,2012
p65_solar_g02,167,1.0,2012
p65_solar_g02,168,0.0,2012
p65_solar_g02,169,1.0,2012
p65_solar_g02,170,0.0,2012
p65_solar_g02,171,1.0,2012
p65_solar_g02,172,0.0,2012
p65_solar_g02,173,0.8163006489932775,2012
p65_solar_g02,174,0.0,2012
p65_solar_g02,175,0.5093072219643576,2012
p65_solar_g02,176,0.0,2012
p65_solar_g02,177,0.17282863620686667,2012
p65_solar_g02,178,0.5075265281692968,2012
p65_solar_g02,179,1.750840328292204e-16,2012
p65_solar_g02,180,0.8100323444795375,2012
p65_solar_g02,181,1.7436625090676452e-16,2012
p65_solar_g02,182,1.0,2012
p65_solar_g02,183,1.734416205110909e-16,2012
p65_solar_g02,184,1.0,2012
p65_solar_g02,185,1.7231260704656473e-16,2012
p65_solar_g02,186,1.0,2012
p65_solar_g02,187,0.0,2012
p65_solar_g02,188,1.0,2012
p65_solar_g02,189,0.0,2012
p65_solar_g02,190,1.0,2012
p65_solar_g02,191,0.0,2012
p65_solar_g02,192,0.7722281148640527,2012
p65_solar_g02,193,0.0,2012
p65_solar_g02,194,0.47615962039322096,2012
p65_solar_g02,195,0.1604214330274514,2012
p65_solar_g02,196,0.15967540369062003,2012
p65_solar_g02,197,0.4651892144463341,2012
p65_solar_g02,198,1.5984012497988267e-16,2012
p65_solar_g02,199,0.7336106696271554,2012
p65_solar_g02,200,1.5728270122461361e-16,2012
p65_solar_g02,201,1.0,2012
p65_solar_g02,202,1.5456398001646919e-16,2012
p65_solar_g02,203,1.0,2012
p65_solar_g02,204,0.0,2012
p65_solar_g02,205,1.0,2012
p65_solar_g02,206,0.0,2012
p65_solar_g02,207,1.0,2012
p65_solar_g02,208,0.0,2012
p65_solar_g02,209,0.8760825622741378,2012
p65_solar_g02,210,0.0,2012
p65_solar_g02,211,0.6492541181924398,2012
p65_solar_g02,212,0.0,2012
p65_solar_g02,213,0.39519693590836014,2012
p65_solar_g02,214,0.13198990701972355,2012
p65_solar_g02,215,1.3289321231035785e-16,2012
p65_solar_g02,216,0.37771447263475694,2012
p65_solar_g02,217,1.2920679906120365e-16,2012
p65_solar_g02,218,0.7744006352437275,2012
p65_solar_g02,219,1.254339490300753e-16,2012
p65_solar_g02,220,0.8884274930655361,2012
p65_solar_g02,221,1.215847220213879e-16,2012
p65_solar_g02,222,0.9433235974212475,2012
p65_solar_g02,223,0.0,2012
p65_solar_g02,224,0.9119778990841593,2012
p65_solar_g02,225,0.0,2012
p65_solar_g02,226,0.8027460389778166,2012
p65_solar_g02,227,0.0,2012
p65_solar_g02,228,0.6538987412861144,2012
p65_solar_g02,229,0.0,2012
p65_solar_g02,230,0.2980052766207347,2012
p65_solar_g02,231,0.0,2012
p65_solar_g02,232,0.09727799000384468,2012
p65_solar_g02,233,0.0945947141872871,2012
p65_solar_g02,234,9.474477218000881e-17,2012
p65_solar_g02,235,0.42684867384913067,2012
p65_solar_g02,236,9.066103207407467e-17,2012
p65_solar_g02,237,0.5375364912863376,2012
p65_solar_g02,238,8.659363236355735e-17,2012
p65_solar_g02,239,0.60659639938939,2012
p65_solar_g02,240,8.25534182305414e-17,2012
p65_solar_g03,1,0.0,2012
p65_solar_g03,2,0.6361105264325632,2012
p65_solar_g03,3,0.0,2012
p65_solar_g03,4,0.5512665120191743,2012
p65_solar_g03,5,0.0,2012
p65_solar_g03,6,0.441970969360852,2012
p65_solar_g03,7,0.0,2012
p65_solar_g03,8,0.19818768727162864,2012
p65_solar_g03,9,0.0,2012
p65_solar_g03,10,0.06363779428194105,2012
p65_solar_g03,11,0.06119811438635614,2012
p65_solar_g03,12,6.095302598040155e-17,2012
p65_solar_g03,13,0.27153302305709637,2012
p65_solar_g03,14,5.734705345365133e-17,2012
p65_solar_g03,15,0.3361724375149232,2012
p65_solar_g03,16,5.384738623039765e-17,2012
p65_solar_g03,17,0.3729239319246547,2012
p65_solar_g03,18,5.0463355709316046e-17,2012
p65_solar_g03,19,0.3942038411777613,2012
p65_solar_g03,20,0.0,2012
p65_solar_g03,21,0.357604935663327,2012
p65_solar_g03,22,0.0,2012
p65_solar_g03,23,0.30419426267683436,2012
p65_solar_g03,24,0.0,2012
p65_solar_g03,25,0.18177160789579466,2012
p65_solar_g03,26,0.0,2012
p65_solar_g03,27,0.10556093164702839,2012
p65_solar_g03,28,0.03417844206379812,2012
p65_solar_g03,29,0.03335383232017358,2012
p65_solar_g03,30,0.09343499612585698,2012
p65_solar_g03,31,3.148749179284313e-17,2012
p65_solar_g03,32,0.1390865283096669,2012
p65_solar_g03,33,2.9262908836233597e-17,2012
p65_solar_g03,34,0.17040508930098733,2012
p65_solar_g03,35,2.7219513831432616e-17,2012
p65_solar_g03,36,0.20582467472878982,2012
p65_solar_g03,37,2.5362755220313435e-17,2012
p65_solar_g03,38,0.197861691834886,2012
p65_solar_g03,39,0.0,2012
p65_solar_g03,40,0.17994259904103646,2012
p65_solar_g03,41,0.0,2012
p65_solar_g03,42,0.13055268268670467,2012
p65_solar_g03,43,0.0,2012
p65_solar_g03,44,0.09381978121312128,2012
p65_solar_g03,45,0.0,2012
p65_solar_g03,46,0.05587629182366108,2012
p65_solar_g03,47,0.0184974595224589,2012
p65_solar_g03,48,0.018283776698934703,2012
p65_solar_g03,49,0.052734073143771154,2012
p65_solar_g03,50,1.806496471161776e-17,2012
p65_solar_g03,51,0.08275870850710704,2012
p65_solar_g03,52,1.7764747156349858e-17,2012
p65_solar_g03,53,0.12784805412087355,2012
p65_solar_g03,54,1.7676375876618696e-17,2012
p65_solar_g03,55,0.14061146699647198,2012
p65_solar_g03,56,0.0,2012
p65_solar_g03,57,0.14698314574351468,2012
p65_solar_g03,58,0.0,2012
p65_solar_g03,59,0.13358995218060063,2012
p65_solar_g03,60,0.0,2012
p65_solar_g03,61,0.11712241816624958,2012
p65_solar_g03,62,0.0,2012
p65_solar_g03,63,0.0930353294383748,2012
p65_solar_g03,64,0.0,2012
p65_solar_g03,65,0.020823660578276993,2012
p65_solar_g03,66,0.021656524277418467,2012
p65_solar_g03,67,2.2459511131470017e-17,2012
p65_solar_g03,68,0.06786923663742964,2012
p65_solar_g03,69,2.3961612872911022e-17,2012
p65_solar_g03,70,0.1532401714651156,2012
p65_solar_g03,71,2.5659037769017156e-17,2012
p65_solar_g03,72,0.19447296443182382,2012
p65_solar_g03,73,2.7547259861342337e-17,2012
p65_solar_g03,74,0.22920524248422666,2012
p65_solar_g03,75,0.0,2012
p65_solar_g03,76,0.24660623995421557,2012
p65_solar_g03,77,0.0,2012
p65_solar_g03,78,0.24203747391481314,2012
p65_solar_g03,79,0.0,2012
p65_solar_g03,80,0.22013461833102818,2012
p65_solar_g03,81,0.0,2012
p65_solar_g03,82,0.11211835507336221,2012
p65_solar_g03,83,0.0,2012
p65_solar_g03,84,0.040926217160830336,2012
p65_solar_g03,85,0.042884572338437496,2012
p65_solar_g03,86,4.458934930763186e-17,2012
p65_solar_g03,87,0.2164996891317283,2012
p65_solar_g03,88,4.773818339241713e-17,2012
p65_solar_g03,89,0.30506014606057474,2012
p65_solar_g03,90,5.1018943558802495e-17,2012
p65_solar_g03,91,0.3851948265445493,2012
p65_solar_g03,92,5.442288209475745e-17,2012
p65_solar_g03,93,0.4634490341263076,2012
p65_solar_g03,94,0.0,2012
p65_solar_g03,95,0.4784361942414739,2012
p65_solar_g03,96,0.0,2012
p65_solar_g03,97,0.4629724100337052,2012
p65_solar_g03,98,0.0,2012
p65_solar_g03,99,0.3145341728805201,2012
p65_solar_g03,100,0.0,2012
p65_solar_g03,101,0.2075025477124304,2012
p65_solar_g03,102,0.07310075876191423,2012
p65_solar_g03,103,0.07439441367478017,2012
p65_solar_g03,104,0.2265258204561019,2012
p65_solar_g03,105,7.956429542739505e-17,2012
p65_solar_g03,106,0.38149889569588585,2012
p65_solar_g03,107,8.359129496552828e-17,2012
p65_solar_g03,108,0.5274507765538057,2012
p65_solar_g03,109,8.765462301654816e-17,2012
p65_solar_g03,110,0.7165503831073269,2012
p65_solar_g03,111,9.174344525491024e-17,2012
p65_solar_g03,112,0.7714722997545106,2012
p65_solar_g03,113,0.0,2012
p65_solar_g03,114,0.7816169295509534,2012
p65_solar_g03,115,0.0,2012
p65_solar_g03,116,0.6276381995851612,2012
p65_solar_g03,117,0.0,2012
p65_solar_g03,118,0.4952977632149596,2012
p65_solar_g03,119,0.0,2012
p65_solar_g03,120,0.32094696377257903,2012
p65_solar_g03,121,0.1117427655723725,2012
p65_solar_g03,122,0.11305933838457358,2012
p65_solar_g03,123,0.34030724559450454,2012
p65_solar_g03,124,1.1884767056666583e-16,2012
p65_solar_g03,125,0.5634488076383701,2012
p65_solar_g03,126,1.227699261930603e-16,2012
p65_solar_g03,127,0.9063000205233518,2012
p65_solar_g03,128,1.2662404570635676e-16,2012
p65_solar_g03,129,1.0,2012
p65_solar_g03,130,0.0,2012
p65_solar_g03,131,1.0,2012
p65_solar_g03,132,0.0,2012
p65_solar_g03,133,0.9868712800263294,2012
p65_solar_g03,134,0.0,2012
p65_solar_g03,135,0.8557435004165695,2012
p65_solar_g03,136,0.0,2012
p65_solar_g03,137,0.6652360506214007,2012
p65_solar_g03,138,0.0,2012
p65_solar_g03,139,0.4247621093995328,2012
p65_solar_g03,140,0.14646552117438716,2012
p65_solar_g03,141,1.4984268312156354e-16,2012
p65_solar_g03,142,0.43973394599228277,2012
p65_solar_g03,143,1.528511951761245e-16,2012
p65_solar_g03,144,0.9459927796947085,2012
p65_solar_g03,145,1.5571136340192695e-16,2012
p65_solar_g03,146,1.0,2012
p65_solar_g03,147,1.5841556153958926e-16,2012
p65_solar_g03,148,1.0,2012
p65_solar_g03,149,0.0,2012
p65_solar_g03,150,1.0,2012
p65_solar_g03,151,0.0,2012
p65_solar_g03,152,1.0,2012
p65_solar_g03,153,0.0,2012
p65_solar_g03,154,1.0,2012
p65_solar_g03,155,0.0,2012
p65_solar_g03,156,0.48869379113203354,2012
p65_solar_g03,157,0.0,2012
p65_solar_g03,158,0.16778665056204695,2012
p65_solar_g03,159,0.16879390126271493,2012
p65_solar_g03,160,1.719725212977254e-16,2012
p65_solar_g03,161,0.8018443299392632,2012
p65_solar_g03,162,1.7327529472935184e-16,2012
p65_solar_g03,163,1.0,2012
p65_solar_g03,164,1.7437526617852597e-16,2012
p65_solar_g03,165,1.0,2012
p65_solar_g03,166,1.752695027172095e-16,2012
p65_solar_g03,167,1.0,2012
p65_solar_g03,168,0.0,2012
p65_solar_g03,169,1.0,2012
p65_solar_g03,170,0.0,2012
p65_solar_g03,171,1.0,2012
p65_solar_g03,172,0.0,2012
p65_solar_g03,173,0.8198989075278444,2012
p65_solar_g03,174,0.0,2012
p65_solar_g03,175,0.5115522514892146,2012
p65_solar_g03,176,0.0,2012
p65_solar_g03,177,0.17359046595184588,2012
p65_solar_g03,178,0.5097637083844008,2012
p65_solar_g03,179,1.758558043770822e-16,2012
p65_solar_g03,180,0.8136029722873107,2012
p65_solar_g03,181,1.7513485846727483e-16,2012
p65_solar_g03,182,1.0,2012
p65_solar_g03,183,1.7420615229484339e-16,2012
p65_solar_g03,184,1.0,2012
p65_solar_g03,185,1.7307216213167148e-16,2012
p65_solar_g03,186,1.0,2012
p65_solar_g03,187,0.0,2012
p65_solar_g03,188,1.0,2012
p65_solar_g03,189,0.0,2012
p65_solar_g03,190,1.0,2012
p65_solar_g03,191,0.0,2012
p65_solar_g03,192,0.7756321013834424,2012
p65_solar_g03,193,0.0,2012
p65_solar_g03,194,0.4782585350761984,2012
p65_solar_g03,195,0.1611285717406576,2012
p65_solar_g03,196,0.16037925390168967,2012
p65_solar_g03,197,0.46723977150902213,2012
p65_solar_g03,198,1.6054470128345957e-16,2012
p65_solar_g03,199,0.7368444301984483,2012
p65_solar_g03,200,1.5797600438775476e-16,2012
p65_solar_g03,201,1.0,2012
p65_solar_g03,202,1.552452990389602e-16,2012
p65_solar_g03,203,1.0,2012
p65_solar_g03,204,0.0,2012
p65_solar_g03,205,1.0,2012
p65_solar_g03,206,0.0,2012
p65_solar_g03,207,1.0,2012
p65_solar_g03,208,0.0,2012
p65_solar_g03,209,0.8799443398686747,2012
p65_solar_g03,210,0.0,2012
p65_solar_g03,211,0.6521160345400132,2012
p65_solar_g03,212,0.0,2012
p65_solar_g03,213,0.3969389665550596,2012
p65_solar_g03,214,0.1325717193826025,2012
p65_solar_g03,215,1.3347900644879384e-16,2012
p65_solar_g03,216,0.3793794404703989,2012
p65_solar_g03,217,1.2977634346622088e-16,2012
p65_solar_g03,218,0.7778141982469865,2012
p65_solar_g03,219,1.2598686268778038e-16,2012
p65_solar_g03,220,0.8923436871947573,2012
p65_solar_g03,221,1.221206682615703e-16,2012
p65_solar_g03,222,0.9474817739331313,2012
p65_solar_g03,223,0.0,2012
p65_solar_g03,224,0.9159979035552607,2012
p65_solar_g03,225,0.0,2012
p65_solar_g03,226,0.8062845487038641,2012
p65_solar_g03,227,0.0,2012
p65_solar_g03,228,0.6567811311622918,2012
p65_solar_g03,229,0.0,2012
p65_solar_g03,230,0.2993188858053764,2012
p65_solar_g03,231,0.0,2012
p65_solar_g03,232,0.0977067920122573,2012
p65_solar_g03,233,0.09501168829856473,2012
p65_solar_g03,234,9.516240774788782e-17,2012
p65_solar_g03,235,0.42873022556116275,2012
p65_solar_g03,236,9.106066648918325e-17,2012
p65_solar_g03,237,0.5399059556127443,2012
p65_solar_g03,238,8.697533765446407e-17,2012
p65_solar_g03,239,0.6092702802368846,2012
p65_solar_g03,240,8.291731423144752e-17,2012
p65_solar_g04,1,0.0,2012
p65_solar_g04,2,0.6368302849264174,2012
p65_solar_g04,3,0.0,2012
p65_solar_g04,4,0.5518902695863198,2012
p65_solar_g04,5,0.0,2012
p65_solar_g04,6,0.44247105911886697,2012
p65_solar_g04,7,0.0,2012
p65_solar_g04,8,0.198411936463182,2012
p65_solar_g04,9,0.0,2012
p65_solar_g04,10,0.06370980038946682,2012
p65_solar_g04,11,0.06126735999825392,2012
p65_solar_g04,12,6.102199427498638e-17,2012
p65_solar_g04,13,0.27184026243073683,2012
p65_solar_g04,14,5.741194159353523e-17,2012
p65_solar_g04,15,0.33655281632842593,2012
p65_solar_g04,16,5.39083144999368e-17,2012
p65_solar_g04,17,0.37334589502133475,2012
p65_solar_g04,18,5.0520454951335926e-17,2012
p65_solar_g04,19,0.39464988247279986,2012
p65_solar_g04,20,0.0,2012
p65_solar_g04,21,0.3580095653293873,2012
p65_solar_g04,22,0.0,2012
p65_solar_g04,23,0.3045384582140019,2012
p65_solar_g04,24,0.0,2012
p65_solar_g04,25,0.18197728230816174,2012
p65_solar_g04,26,0.0,2012
p65_solar_g04,27,0.10568037374712726,2012
p65_solar_g04,28,0.03421711494053872,2012
p65_solar_g04,29,0.03339157215172403,2012
p65_solar_g04,30,0.09354071774071844,2012
p65_solar_g04,31,3.1523119861749905e-17,2012
p65_solar_g04,32,0.13924390459251668,2012
p65_solar_g04,33,2.9296019791507173e-17,2012
p65_solar_g04,34,0.1705979025076925,2012
p65_solar_g04,35,2.725031268707902e-17,2012
p65_solar_g04,36,0.20605756516484602,2012
p65_solar_g04,37,2.539145315524582e-17,2012
p65_solar_g04,38,0.19808557216289313,2012
p65_solar_g04,39,0.0,2012
p65_solar_g04,40,0.18014620393151412,2012
p65_solar_g04,41,0.0,2012
p65_solar_g04,42,0.13070040293083612,2012
p65_solar_g04,43,0.0,2012
p65_solar_g04,44,0.0939259382119661,2012
p65_solar_g04,45,0.0,2012
p65_solar_g04,46,0.05593951579807116,2012
p65_solar_g04,47,0.01851838938142646,2012
p65_solar_g04,48,0.018304464775977847,2012
p65_solar_g04,49,0.0527937417005448,2012
p65_solar_g04,50,1.8085405203092228e-17,2012
p65_solar_g04,51,0.08285234991204095,2012
p65_solar_g04,52,1.7784847951928048e-17,2012
p65_solar_g04,53,0.12799271408019272,2012
p65_solar_g04,54,1.769637668017261e-17,2012
p65_solar_g04,55,0.14077056874608707,2012
p65_solar_g04,56,0.0,2012
p65_solar_g04,57,0.14714945704195462,2012
p65_solar_g04,58,0.0,2012
p65_solar_g04,59,0.1337411090924581,2012
p65_solar_g04,60,0.0,2012
p65_solar_g04,61,0.11725494207804313,2012
p65_solar_g04,62,0.0,2012
p65_solar_g04,63,0.09314059883073549,2012
p65_solar_g04,64,0.0,2012
p65_solar_g04,65,0.020847222531666456,2012
p65_solar_g04,66,0.02168102861534139,2012
p65_solar_g04,67,2.2484924048302798e-17,2012
p65_solar_g04,68,0.06794603061821021,2012
p65_solar_g04,69,2.3988725416525804e-17,2012
p65_solar_g04,70,0.1534135625825842,2012
p65_solar_g04,71,2.5688070947389395e-17,2012
p65_solar_g04,72,0.19469301041779394,2012
p65_solar_g04,73,2.757842956132955e-17,2012
p65_solar_g04,74,0.22946458801186498,2012
p65_solar_g04,75,0.0,2012
p65_solar_g04,76,0.24688527469498606,2012
p65_solar_g04,77,0.0,2012
p65_solar_g04,78,0.24231133910088104,2012
p65_solar_g04,79,0.0,2012
p65_solar_g04,80,0.22038370045551947,2012
p65_solar_g04,81,0.0,2012
p65_solar_g04,82,0.11224521689222502,2012
p65_solar_g04,83,0.0,2012
p65_solar_g04,84,0.040972525139080646,2012
p65_solar_g04,85,0.04293309619382628,2012
p65_solar_g04,86,4.463980211664225e-17,2012
p65_solar_g04,87,0.2167446583370695,2012
p65_solar_g04,88,4.7792199104388694e-17,2012
p65_solar_g04,89,0.30540532134401943,2012
p65_solar_g04,90,5.107667144797901e-17,2012
p65_solar_g04,91,0.3856306741475578,2012
p65_solar_g04,92,5.448446153735433e-17,2012
p65_solar_g04,93,0.4639734262954668,2012
p65_solar_g04,94,0.0,2012
p65_solar_g04,95,0.47897754436894907,2012
p65_solar_g04,96,0.0,2012
p65_solar_g04,97,0.4634962629031283,2012
p65_solar_g04,98,0.0,2012
p65_solar_g04,99,0.31489006801686975,2012
p65_solar_g04,100,0.0,2012
p65_solar_g04,101,0.20773733666027253,2012
p65_solar_g04,102,0.07318347220531714,2012
p65_solar_g04,103,0.07447859088756428,2012
p65_solar_g04,104,0.22678213422010288,2012
p65_solar_g04,105,7.965432235677563e-17,2012
p65_solar_g04,106,0.3819305613564324,2012
p65_solar_g04,107,8.368587844129802e-17,2012
p65_solar_g04,108,0.528047586637493,2012
p65_solar_g04,109,8.775380414438702e-17,2012
p65_solar_g04,110,0.7173611592273329,2012
p65_solar_g04,111,9.184725288146847e-17,2012
p65_solar_g04,112,0.7723452199742649,2012
p65_solar_g04,113,0.0,2012
p65_solar_g04,114,0.7825013284102831,2012
p65_solar_g04,115,0.0,2012
p65_solar_g04,116,0.6283483716487368,2012
p65_solar_g04,117,0.0,2012
p65_solar_g04,118,0.49585819219270383,2012
p65_solar_g04,119,0.0,2012
p65_solar_g04,120,0.32131011497610895,2012
p65_solar_g04,121,0.11186920241204962,2012
p65_solar_g04,122,0.11318726492521455,2012
p65_solar_g04,123,0.34069230293966507,2012
p65_solar_g04,124,1.189821466000132e-16,2012
p65_solar_g04,125,0.5640863494621536,2012
p65_solar_g04,126,1.22908840255154e-16,2012
p65_solar_g04,127,0.9073254981890182,2012
p65_solar_g04,128,1.2676732070124555e-16,2012
p65_solar_g04,129,1.0,2012
p65_solar_g04,130,0.0,2012
p65_solar_g04,131,1.0,2012
p65_solar_g04,132,0.0,2012
p65_solar_g04,133,0.9879879240003308,2012
p65_solar_g04,134,0.0,2012
p65_solar_g04,135,0.8567117734247834,2012
p65_solar_g04,136,0.0,2012
p65_solar_g04,137,0.6659887646199223,2012
p65_solar_g04,138,0.0,2012
p65_solar_g04,139,0.4252427273478354,2012
p65_solar_g04,140,0.14663124678108835,2012
p65_solar_g04,141,1.5001222998399873e-16,2012
p65_solar_g04,142,0.44023150456034954,2012
p65_solar_g04,143,1.5302414616726872e-16,2012
p65_solar_g04,144,0.9470631696820092,2012
p65_solar_g04,145,1.5588755067087012e-16,2012
p65_solar_g04,146,1.0,2012
p65_solar_g04,147,1.5859480860631562e-16,2012
p65_solar_g04,148,1.0,2012
p65_solar_g04,149,0.0,2012
p65_solar_g04,150,1.0,2012
p65_solar_g04,151,0.0,2012
p65_solar_g04,152,1.0,2012
p65_solar_g04,153,0.0,2012
p65_solar_g04,154,1.0,2012
p65_solar_g04,155,0.0,2012
p65_solar_g04,156,0.48924674772125043,2012
p65_solar_g04,157,0.0,2012
p65_solar_g04,158,0.16797650100765213,2012
p65_solar_g04,159,0.16898489141159043,2012
p65_solar_g04,160,1.721671080523382e-16,2012
p65_solar_g04,161,0.8027516160841086,2012
p65_solar_g04,162,1.7347135557094172e-16,2012
p65_solar_g04,163,1.0,2012
p65_solar_g04,164,1.7457257163683044e-16,2012
p65_solar_g04,165,1.0,2012
p65_solar_g04,166,1.754678200033607e-16,2012
p65_solar_g04,167,1.0,2012
p65_solar_g04,168,0.0,2012
p65_solar_g04,169,1.0,2012
p65_solar_g04,170,0.0,2012
p65_solar_g04,171,1.0,2012
p65_solar_g04,172,0.0,2012
p65_solar_g04,173,0.8208266224111439,2012
p65_solar_g04,174,0.0,2012
p65_solar_g04,175,0.5121310724059577,2012
p65_solar_g04,176,0.0,2012
p65_solar_g04,177,0.17378688340939316,2012
p65_solar_g04,178,0.5103405055662145,2012
p65_solar_g04,179,1.760547850630391e-16,2012
p65_solar_g04,180,0.8145235633254955,2012
p65_solar_g04,181,1.7533302340357719e-16,2012
p65_solar_g04,182,1.0,2012
p65_solar_g04,183,1.7440326640093918e-16,2012
p65_solar_g04,184,1.0,2012
p65_solar_g04,185,1.7326799312890806e-16,2012
p65_solar_g04,186,1.0,2012
p65_solar_g04,187,0.0,2012
p65_solar_g04,188,1.0,2012
p65_solar_g04,189,0.0,2012
p65_solar_g04,190,1.0,2012
p65_solar_g04,191,0.0,2012
p65_solar_g04,192,0.7765097284150332,2012
p65_solar_g04,193,0.0,2012
p65_solar_g04,194,0.4787996841824864,2012
p65_solar_g04,195,0.16131088857600906,2012
p65_solar_g04,196,0.160560722884574,2012
p65_solar_g04,197,0.4677684528941521,2012
p65_solar_g04,198,1.6072635746990897e-16,2012
p65_solar_g04,199,0.7376781690146549,2012
p65_solar_g04,200,1.581547540959555e-16,2012
p65_solar_g04,201,1.0,2012
p65_solar_g04,202,1.5542095895649198e-16,2012
p65_solar_g04,203,1.0,2012
p65_solar_g04,204,0.0,2012
p65_solar_g04,205,1.0,2012
p65_solar_g04,206,0.0,2012
p65_solar_g04,207,1.0,2012
p65_solar_g04,208,0.0,2012
p65_solar_g04,209,0.8809399961051645,2012
p65_solar_g04,210,0.0,2012
p65_solar_g04,211,0.6528539032520293,2012
p65_solar_g04,212,0.0,2012
p65_solar_g04,213,0.39738810264202545,2012
p65_solar_g04,214,0.1327217241649563,2012
p65_solar_g04,215,1.336300378256546e-16,2012
p65_solar_g04,216,0.3798087079692463,2012
p65_solar_g04,217,1.299231852832161e-16,2012
p65_solar_g04,218,0.7786942943192341,2012
p65_solar_g04,219,1.261294167106514e-16,2012
p65_solar_g04,220,0.8933533732816982,2012
p65_solar_g04,221,1.2225884768889301e-16,2012
p65_solar_g04,222,0.9485538487160861,2012
p65_solar_g04,223,0.0,2012
p65_solar_g04,224,0.9170343543669364,2012
p65_solar_g04,225,0.0,2012
p65_solar_g04,226,0.8071968589522853,2012
p65_solar_g04,227,0.0,2012
p65_solar_g04,228,0.6575242784269791,2012
p65_solar_g04,229,0.0,2012
p65_solar_g04,230,0.2996575648579581,2012
p65_solar_g04,231,0.0,2012
p65_solar_g04,232,0.09781734716035785,2012
p65_solar_g04,233,0.0951191939392147,2012
p65_solar_g04,234,9.527008392746039e-17,2012
p65_solar_g04,235,0.4292153334293665,2012
p65_solar_g04,236,9.116370155217646e-17,2012
p65_solar_g04,237,0.5405168587204386,2012
p65_solar_g04,238,8.7073750171521e-17,2012
p65_solar_g04,239,0.6099596690160842,2012
p65_solar_g04,240,8.301113509861719e-17,2012
p65_solar_g05,1,0.0,2012
p65_solar_g05,2,0.6375337213718729,2012
p65_solar_g05,3,0.0,2012
p65_solar_g05,4,0.5524998821294232,2012
p65_solar_g05,5,0.0,2012
p65_solar_g05,6,0.44295980828235804,2012
p65_solar_g05,7,0.0,2012
p65_solar_g05,8,0.1986311003293253,2012
p65_solar_g05,9,0.0,2012
p65_solar_g05,10,0.0637801736059853,2012
p65_solar_g05,11,0.061335035319229896,2012
p65_solar_g05,12,6.108939856740688e-17,2012
p65_solar_g05,13,0.2721405345008035,2012
p65_solar_g05,14,5.747535825740499e-17,2012
p65_solar_g05,15,0.33692456924663633,2012
p65_solar_g05,16,5.396786109190945e-17,2012
p65_solar_g05,17,0.37375828921102,2012
p65_solar_g05,18,5.057625934709872e-17,2012
p65_solar_g05,19,0.39508580883669475,2012
p65_solar_g05,20,0.0,2012
p65_solar_g05,21,0.3584050191607068,2012
p65_solar_g05,22,0.0,2012
p65_solar_g05,23,0.30487484838830925,2012
p65_solar_g05,24,0.0,2012
p65_solar_g05,25,0.18217829261758087,2012
p65_solar_g05,26,0.0,2012
p65_solar_g05,27,0.10579710724461111,2012
p65_solar_g05,28,0.034254910827884594,2012
p65_solar_g05,29,0.033428456152655765,2012
p65_solar_g05,30,0.09364404189402954,2012
p65_solar_g05,31,3.155793998872892e-17,2012
p65_solar_g05,32,0.13939771203480758,2012
p65_solar_g05,33,2.9328379885736224e-17,2012
p65_solar_g05,34,0.17078634326652992,2012
p65_solar_g05,35,2.7280413113437308e-17,2012
p65_solar_g05,36,0.20628517431696972,2012
p65_solar_g05,37,2.5419500303717318e-17,2012
p65_solar_g05,38,0.19830437553025249,2012
p65_solar_g05,39,0.0,2012
p65_solar_g05,40,0.18034519164983617,2012
p65_solar_g05,41,0.0,2012
p65_solar_g05,42,0.1308447733055395,2012
p65_solar_g05,43,0.0,2012
p65_solar_g05,44,0.09402968787600656,2012
p65_solar_g05,45,0.0,2012
p65_solar_g05,46,0.05600130603494415,2012
p65_solar_g05,47,0.018538844611509522,2012
p65_solar_g05,48,0.01832468370705376,2012
p65_solar_g05,49,0.05285205714640715,2012
p65_solar_g05,50,1.8105382163126653e-17,2012
p65_solar_g05,51,0.08294386779977221,2012
p65_solar_g05,52,1.7804492919390168e-17,2012
p65_solar_g05,53,0.12813409356852404,2012
p65_solar_g05,54,1.7715923923141406e-17,2012
p65_solar_g05,55,0.14092606252652962,2012
p65_solar_g05,56,0.0,2012
p65_solar_g05,57,0.14731199687943153,2012
p65_solar_g05,58,0.0,2012
p65_solar_g05,59,0.13388883820116743,2012
p65_solar_g05,60,0.0,2012
p65_solar_g05,61,0.11738446072943234,2012
p65_solar_g05,62,0.0,2012
p65_solar_g05,63,0.09324348101664891,2012
p65_solar_g05,64,0.0,2012
p65_solar_g05,65,0.020870250167855257,2012
p65_solar_g05,66,0.02170497726549825,2012
p65_solar_g05,67,2.250976067341824e-17,2012
p65_solar_g05,68,0.06802108313281607,2012
p65_solar_g05,69,2.401522312578591e-17,2012
p65_solar_g05,70,0.15358302168919727,2012
p65_solar_g05,71,2.571644573694566e-17,2012
p65_solar_g05,72,0.1949080663949436,2012
p65_solar_g05,73,2.760889242234771e-17,2012
p65_solar_g05,74,0.22971805233033352,2012
p65_solar_g05,75,0.0,2012
p65_solar_g05,76,0.24715798173197445,2012
p65_solar_g05,77,0.0,2012
p65_solar_g05,78,0.2425789938137696,2012
p65_solar_g05,79,0.0,2012
p65_solar_g05,80,0.22062713411524673,2012
p65_solar_g05,81,0.0,2012
p65_solar_g05,82,0.11236920185063382,2012
p65_solar_g05,83,0.0,2012
p65_solar_g05,84,0.04101778298583726,2012
p65_solar_g05,85,0.042980519668013716,2012
p65_solar_g05,86,4.4689110801342126e-17,2012
p65_solar_g05,87,0.2169840723468001,2012
p65_solar_g05,88,4.784498989567837e-17,2012
p65_solar_g05,89,0.3057426690467819,2012
p65_solar_g05,90,5.11330902349926e-17,2012
p65_solar_g05,91,0.3860566379829812,2012
p65_solar_g05,92,5.4544644535656346e-17,2012
p65_solar_g05,93,0.46448592676145334,2012
p65_solar_g05,94,0.0,2012
p65_solar_g05,95,0.4795066182356275,2012
p65_solar_g05,96,0.0,2012
p65_solar_g05,97,0.46400823629914256,2012
p65_solar_g05,98,0.0,2012
p65_solar_g05,99,0.3152378924771663,2012
p65_solar_g05,100,0.0,2012
p65_solar_g05,101,0.20796680127140607,2012
p65_solar_g05,102,0.0732643099461921,2012
p65_solar_g05,103,0.07456085920374925,2012
p65_solar_g05,104,0.22703263552659628,2012
p65_solar_g05,105,7.974230773484273e-17,2012
p65_solar_g05,106,0.382352438083797,2012
p65_solar_g05,107,8.377831703641347e-17,2012
p65_solar_g05,108,0.5286308627884043,2012
p65_solar_g05,109,8.785073613007244e-17,2012
p65_solar_g05,110,0.718153549281479,2012
p65_solar_g05,111,9.194870645021523e-17,2012
p65_solar_g05,112,0.7731983448790676,2012
p65_solar_g05,113,0.0,2012
p65_solar_g05,114,0.7833656716521953,2012
p65_solar_g05,115,0.0,2012
p65_solar_g05,116,0.6290424390565258,2012
p65_solar_g05,117,0.0,2012
p65_solar_g05,118,0.49640591225630976,2012
p65_solar_g05,119,0.0,2012
p65_solar_g05,120,0.32166503095689314,2012
p65_solar_g05,121,0.1119927720285759,2012
p65_solar_g05,122,0.11331229046057997,2012
p65_solar_g05,123,0.34106862829391804,2012
p65_solar_g05,124,1.1911357310446509e-16,2012
p65_solar_g05,125,0.5647094336746791,2012
p65_solar_g05,126,1.2304460414665007e-16,2012
p65_solar_g05,127,0.9083277209765087,2012
p65_solar_g05,128,1.269073466321485e-16,2012
p65_solar_g05,129,1.0,2012
p65_solar_g05,130,0.0,2012
p65_solar_g05,131,1.0,2012
p65_solar_g05,132,0.0,2012
p65_solar_g05,133,0.9890792457070114,2012
p65_solar_g05,134,0.0,2012
p65_solar_g05,135,0.8576580887915966,2012
p65_solar_g05,136,0.0,2012
p65_solar_g05,137,0.6667244092341725,2012
p65_solar_g05,138,0.0,2012
p65_solar_g05,139,0.4257124462661434,2012
p65_solar_g05,140,0.1467932142086273,2012
p65_solar_g05,141,1.5017793201220395e-16,2012
p65_solar_g05,142,0.4407177799339858,2012
p65_solar_g05,143,1.5319317512835403e-16,2012
p65_solar_g05,144,0.9481092863091103,2012
p65_solar_g05,145,1.560597425203004e-16,2012
p65_solar_g05,146,1.0,2012
p65_solar_g05,147,1.587699908661333e-16,2012
p65_solar_g05,148,1.0,2012
p65_solar_g05,149,0.0,2012
p65_solar_g05,150,1.0,2012
p65_solar_g05,151,0.0,2012
p65_solar_g05,152,1.0,2012
p65_solar_g05,153,0.0,2012
p65_solar_g05,154,1.0,2012
p65_solar_g05,155,0.0,2012
p65_solar_g05,156,0.4897871648485664,2012
p65_solar_g05,157,0.0,2012
p65_solar_g05,158,0.1681620461922731,2012
p65_solar_g05,159,0.16917155045429597,2012
p65_solar_g05,160,1.7235728214012784e-16,2012
p65_solar_g05,161,0.8036383275938591,2012
p65_solar_g05,162,1.7366297031766389e-16,2012
p65_solar_g05,163,1.0,2012
p65_solar_g05,164,1.7476540277594696e-16,2012
p65_solar_g05,165,1.0,2012
p65_solar_g05,166,1.756616400249843e-16,2012
p65_solar_g05,167,1.0,2012
p65_solar_g05,168,0.0,2012
p65_solar_g05,169,1.0,2012
p65_solar_g05,170,0.0,2012
p65_solar_g05,171,1.0,2012
p65_solar_g05,172,0.0,2012
p65_solar_g05,173,0.821733299394433,2012
p65_solar_g05,174,0.0,2012
p65_solar_g05,175,0.5126967673323889,2012
p65_solar_g05,176,0.0,2012
p65_solar_g05,177,0.17397884668505056,2012
p65_solar_g05,178,0.5109042226501923,2012
p65_solar_g05,179,1.7624925344047267e-16,2012
p65_solar_g05,180,0.8154232780119471,2012
p65_solar_g05,181,1.755266945302075e-16,2012
p65_solar_g05,182,1.0,2012
p65_solar_g05,183,1.7459591052716364e-16,2012
p65_solar_g05,184,1.0,2012
p65_solar_g05,185,1.7345938324348452e-16,2012
p65_solar_g05,186,1.0,2012
p65_solar_g05,187,0.0,2012
p65_solar_g05,188,1.0,2012
p65_solar_g05,189,0.0,2012
p65_solar_g05,190,1.0,2012
p65_solar_g05,191,0.0,2012
p65_solar_g05,192,0.7773674533947443,2012
p65_solar_g05,193,0.0,2012
p65_solar_g05,194,0.47932856158655884,2012
p65_solar_g05,195,0.16148907099094603,2012
p65_solar_g05,196,0.16073807667389442,2012
p65_solar_g05,197,0.46828514530905213,2012
p65_solar_g05,198,1.6090389421755707e-16,2012
p65_solar_g05,199,0.7384930010372271,2012
p65_solar_g05,200,1.5832945027590556e-16,2012
p65_solar_g05,201,1.0,2012
p65_solar_g05,202,1.555926354133211e-16,2012
p65_solar_g05,203,1.0,2012
p65_solar_g05,204,0.0,2012
p65_solar_g05,205,1.0,2012
p65_solar_g05,206,0.0,2012
p65_solar_g05,207,1.0,2012
p65_solar_g05,208,0.0,2012
p65_solar_g05,209,0.8819130737275509,2012
p65_solar_g05,210,0.0,2012
p65_solar_g05,211,0.65357503922809,2012
p65_solar_g05,212,0.0,2012
p65_solar_g05,213,0.3978270536168855,2012
p65_solar_g05,214,0.13286832727113887,2012
p65_solar_g05,215,1.337776442461392e-16,2012
p65_solar_g05,216,0.380228240918308,2012
p65_solar_g05,217,1.300666971509792e-16,2012
p65_solar_g05,218,0.7795544323488753,2012
p65_solar_g05,219,1.262687380191042e-16,2012
p65_solar_g05,220,0.8943401625979596,2012
p65_solar_g05,221,1.2239389360501761e-16,2012
p65_solar_g05,222,0.949601611932531,2012
p65_solar_g05,223,0.0,2012
p65_solar_g05,224,0.9180473014611078,2012
p65_solar_g05,225,0.0,2012
p65_solar_g05,226,0.8080884806334212,2012
p65_solar_g05,227,0.0,2012
p65_solar_g05,228,0.6582505732533486,2012
p65_solar_g05,229,0.0,2012
p65_solar_g05,230,0.2999885636456522,2012
p65_solar_g05,231,0.0,2012
p65_solar_g05,232,0.09792539523630374,2012
p65_solar_g05,233,0.09522426166175074,2012
p65_solar_g05,234,9.537531832158776e-17,2012
p65_solar_g05,235,0.42968944044913154,2012
p65_solar_g05,236,9.126440007687342e-17,2012
p65_solar_g05,237,0.5411139083061868,2012
p65_solar_g05,238,8.7169930976302e-17,2012
p65_solar_g05,239,0.6106334244444924,2012
p65_solar_g05,240,8.310282837889791e-17,2012
p65_solar_g06,1,0.0,2012
p65_solar_g06,2,0.6379014359792285,2012
p65_solar_g06,3,0.0,2012
p65_solar_g06,4,0.5528185511980712,2012
p65_solar_g06,5,0.0,2012
p65_solar_g06,6,0.4432152971867353,2012
p65_solar_g06,7,0.0,2012
p65_solar_g06,8,0.1987456661234437,2012
p65_solar_g06,9,0.0,2012
p65_solar_g06,10,0.06381696052518407,2012
p65_solar_g06,11,0.061370411939592855,2012
p65_solar_g06,12,6.112463351021032e-17,2012
p65_solar_g06,13,0.2722974988250971,2012
p65_solar_g06,14,5.750850870590012e-17,2012
p65_solar_g06,15,0.33711889949386215,2012
p65_solar_g06,16,5.399898849770146e-17,2012
p65_solar_g06,17,0.37397386429035445,2012
p65_solar_g06,18,5.060543055596798e-17,2012
p65_solar_g06,19,0.39531368513279963,2012
p65_solar_g06,20,0.0,2012
p65_solar_g06,21,0.3586117388313328,2012
p65_solar_g06,22,0.0,2012
p65_solar_g06,23,0.30505069310272914,2012
p65_solar_g06,24,0.0,2012
p65_solar_g06,25,0.18228336881526722,2012
p65_solar_g06,26,0.0,2012
p65_solar_g06,27,0.10585812855288967,2012
p65_solar_g06,28,0.034274668262923434,2012
p65_solar_g06,29,0.03344773690787955,2012
p65_solar_g06,30,0.09369805359716293,2012
p65_solar_g06,31,3.1576141873778915e-17,2012
p65_solar_g06,32,0.1394781133896361,2012
p65_solar_g06,33,2.934529581242769e-17,2012
p65_solar_g06,34,0.17088484885305924,2012
p65_solar_g06,35,2.7296147820575496e-17,2012
p65_solar_g06,36,0.20640415480276114,2012
p65_solar_g06,37,2.5434161679672842e-17,2012
p65_solar_g06,38,0.19841875287711358,2012
p65_solar_g06,39,0.0,2012
p65_solar_g06,40,0.1804492105575628,2012
p65_solar_g06,41,0.0,2012
p65_solar_g06,42,0.13092024152443943,2012
p65_solar_g06,43,0.0,2012
p65_solar_g06,44,0.0940839220107637,2012
p65_solar_g06,45,0.0,2012
p65_solar_g06,46,0.05603360628443642,2012
p65_solar_g06,47,0.01854953738545798,2012
p65_solar_g06,48,0.018335252957978648,2012
p65_solar_g06,49,0.05288254098246167,2012
p65_solar_g06,50,1.8115824926026805e-17,2012
p65_solar_g06,51,0.08299170789161069,2012
p65_solar_g06,52,1.7814762136379868e-17,2012
p65_solar_g06,53,0.128207998330462,2012
p65_solar_g06,54,1.7726142055596144e-17,2012
p65_solar_g06,55,0.1410073453983385,2012
p65_solar_g06,56,0.0,2012
p65_solar_g06,57,0.14739696300949712,2012
p65_solar_g06,58,0.0,2012
p65_solar_g06,59,0.1339660621658269,2012
p65_solar_g06,60,0.0,2012
p65_solar_g06,61,0.11745216535342289,2012
p65_solar_g06,62,0.0,2012
p65_solar_g06,63,0.09329726168559412,2012
p65_solar_g06,64,0.0,2012
p65_solar_g06,65,0.02088228764224857,2012
p65_solar_g06,66,0.02171749619104727,2012
p65_solar_g06,67,2.2522743779299893e-17,2012
p65_solar_g06,68,0.06806031610989259,2012
p65_solar_g06,69,2.402907454735974e-17,2012
p65_solar_g06,70,0.15367160480037045,2012
p65_solar_g06,71,2.5731278384113554e-17,2012
p65_solar_g06,72,0.1950204848297687,2012
p65_solar_g06,73,2.7624816588703588e-17,2012
p65_solar_g06,74,0.22985054835459615,2012
p65_solar_g06,75,0.0,2012
p65_solar_g06,76,0.24730053670147759,2012
p65_solar_g06,77,0.0,2012
p65_solar_g06,78,0.24271890772965002,2012
p65_solar_g06,79,0.0,2012
p65_solar_g06,80,0.2207543867095387,2012
p65_solar_g06,81,0.0,2012
p65_solar_g06,82,0.11243401379006888,2012
p65_solar_g06,83,0.0,2012
p65_solar_g06,84,0.041041441088082865,2012
p65_solar_g06,85,0.043005309831080946,2012
p65_solar_g06,86,4.4714886439995447e-17,2012
p65_solar_g06,87,0.2171092237078822,2012
p65_solar_g06,88,4.7872585771917774e-17,2012
p65_solar_g06,89,0.3059190142999529,2012
p65_solar_g06,90,5.11625826109538e-17,2012
p65_solar_g06,91,0.3862793064635558,2012
p65_solar_g06,92,5.457610461670997e-17,2012
p65_solar_g06,93,0.4647538314297958,2012
p65_solar_g06,94,0.0,2012
p65_solar_g06,95,0.4797831864890989,2012
p65_solar_g06,96,0.0,2012
p65_solar_g06,97,0.46427586544674804,2012
p65_solar_g06,98,0.0,2012
p65_solar_g06,99,0.3154197143541432,2012
p65_solar_g06,100,0.0,2012
p65_solar_g06,101,0.20808675168047303,2012
p65_solar_g06,102,0.07330656709442117,2012
p65_solar_g06,103,0.07460386417140367,2012
p65_solar_g06,104,0.2271635826649687,2012
p65_solar_g06,105,7.978830124137483e-17,2012
p65_solar_g06,106,0.3825729700681113,2012
p65_solar_g06,107,8.38266384191439e-17,2012
p65_solar_g06,108,0.5289357647624177,2012
p65_solar_g06,109,8.790140638932156e-17,2012
p65_solar_g06,110,0.7185677635285731,2012
p65_solar_g06,111,9.200174032333561e-17,2012
p65_solar_g06,112,0.7736443076827031,2012
p65_solar_g06,113,0.0,2012
p65_solar_g06,114,0.7838174987331968,2012
p65_solar_g06,115,0.0,2012
p65_solar_g06,116,0.6294052560899369,2012
p65_solar_g06,117,0.0,2012
p65_solar_g06,118,0.496692227629121,2012
p65_solar_g06,119,0.0,2012
p65_solar_g06,120,0.3218505598577077,2012
p65_solar_g06,121,0.1120573668520537,2012
p65_solar_g06,122,0.11337764635156816,2012
p65_solar_g06,123,0.34126534873791986,2012
p65_solar_g06,124,1.1918227504021616e-16,2012
p65_solar_g06,125,0.5650351449283941,2012
p65_solar_g06,126,1.2311557340958357e-16,2012
p65_solar_g06,127,0.90885162325818,2012
p65_solar_g06,128,1.2698054383501482e-16,2012
p65_solar_g06,129,1.0,2012
p65_solar_g06,130,0.0,2012
p65_solar_g06,131,1.0,2012
p65_solar_g06,132,0.0,2012
p65_solar_g06,133,0.9896497235880812,2012
p65_solar_g06,134,0.0,2012
p65_solar_g06,135,0.8581527660091197,2012
p65_solar_g06,136,0.0,2012
p65_solar_g06,137,0.6671089603506664,2012
p65_solar_g06,138,0.0,2012
p65_solar_g06,139,0.42595798729366474,2012
p65_solar_g06,140,0.1468778811169267,2012
p65_solar_g06,141,1.5026455114692913e-16,2012
p65_solar_g06,142,0.4409719756886109,2012
p65_solar_g06,143,1.5328153338510738e-16,2012
p65_solar_g06,144,0.9486561336714665,2012
p65_solar_g06,145,1.5614975414638567e-16,2012
p65_solar_g06,146,1.0,2012
p65_solar_g06,147,1.5886156570036412e-16,2012
p65_solar_g06,148,1.0,2012
p65_solar_g06,149,0.0,2012
p65_solar_g06,150,1.0,2012
p65_solar_g06,151,0.0,2012
p65_solar_g06,152,1.0,2012
p65_solar_g06,153,0.0,2012
p65_solar_g06,154,1.0,2012
p65_solar_g06,155,0.0,2012
p65_solar_g06,156,0.4900696626819713,2012
p65_solar_g06,157,0.0,2012
p65_solar_g06,158,0.16825903814534915,2012
p65_solar_g06,159,0.16926912466592697,2012
p65_solar_g06,160,1.7245669380762469e-16,2012
p65_solar_g06,161,0.8041018474708175,2012
p65_solar_g06,162,1.7376313507570236e-16,2012
p65_solar_g06,163,1.0,2012
p65_solar_g06,164,1.748662033913604e-16,2012
p65_solar_g06,165,1.0,2012
p65_solar_g06,166,1.7576295756917667e-16,2012
p65_solar_g06,167,1.0,2012
p65_solar_g06,168,0.0,2012
p65_solar_g06,169,1.0,2012
p65_solar_g06,170,0.0,2012
p65_solar_g06,171,1.0,2012
p65_solar_g06,172,0.0,2012
p65_solar_g06,173,0.8222072560298368,2012
p65_solar_g06,174,0.0,2012
p65_solar_g06,175,0.5129924788911224,2012
p65_solar_g06,176,0.0,2012
p65_solar_g06,177,0.17407919363322347,2012
p65_solar_g06,178,0.5111989003108874,2012
p65_solar_g06,179,1.7635090990640223e-16,2012
p65_solar_g06,180,0.8158935951739282,2012
p65_solar_g06,181,1.756279342409803e-16,2012
p65_solar_g06,182,1.0,2012
p65_solar_g06,183,1.746966133833941e-16,2012
p65_solar_g06,184,1.0,2012
p65_solar_g06,185,1.7355943057723852e-16,2012
p65_solar_g06,186,1.0,2012
p65_solar_g06,187,0.0,2012
p65_solar_g06,188,1.0,2012
p65_solar_g06,189,0.0,2012
p65_solar_g06,190,1.0,2012
p65_solar_g06,191,0.0,2012
p65_solar_g06,192,0.7778158208431062,2012
p65_solar_g06,193,0.0,2012
p65_solar_g06,194,0.4796050271411006,2012
p65_solar_g06,195,0.16158221412728693,2012
p65_solar_g06,196,0.16083078665419798,2012
p65_solar_g06,197,0.4685552412781991,2012
p65_solar_g06,198,1.6099669983755925e-16,2012
p65_solar_g06,199,0.7389189466065484,2012
p65_solar_g06,200,1.5842077101658067e-16,2012
p65_solar_g06,201,1.0,2012
p65_solar_g06,202,1.556823776229023e-16,2012
p65_solar_g06,203,1.0,2012
p65_solar_g06,204,0.0,2012
p65_solar_g06,205,1.0,2012
p65_solar_g06,206,0.0,2012
p65_solar_g06,207,1.0,2012
p65_solar_g06,208,0.0,2012
p65_solar_g06,209,0.8824217406556778,2012
p65_solar_g06,210,0.0,2012
p65_solar_g06,211,0.6539520060941093,2012
p65_solar_g06,212,0.0,2012
p65_solar_g06,213,0.39805651099915756,2012
p65_solar_g06,214,0.13294496262885355,2012
p65_solar_g06,215,1.3385480407671426e-16,2012
p65_solar_g06,216,0.3804475477151531,2012
p65_solar_g06,217,1.3014171659366843e-16,2012
p65_solar_g06,218,0.7800040611957804,2012
p65_solar_g06,219,1.263415668873907e-16,2012
p65_solar_g06,220,0.894855997181618,2012
p65_solar_g06,221,1.224644875532606e-16,2012
p65_solar_g06,222,0.9501493200335623,2012
p65_solar_g06,223,0.0,2012
p65_solar_g06,224,0.9185768097705103,2012
p65_solar_g06,225,0.0,2012
p65_solar_g06,226,0.8085545672550438,2012
p65_solar_g06,227,0.0,2012
p65_solar_g06,228,0.6586302368585374,2012
p65_solar_g06,229,0.0,2012
p65_solar_g06,230,0.3001615900647956,2012
p65_solar_g06,231,0.0,2012
p65_solar_g06,232,0.097981876324366,2012
p65_solar_g06,233,0.09527918479885529,2012
p65_solar_g06,234,9.543032858465678e-17,2012
p65_solar_g06,235,0.4299372753143048,2012
p65_solar_g06,236,9.131703925800975e-17,2012
p65_solar_g06,237,0.541426010210223,2012
p65_solar_g06,238,8.722020856298902e-17,2012
p65_solar_g06,239,0.6109856235868761,2012
p65_solar_g06,240,8.315076015549747e-17,2012
p65_solar_g07,1,0.0,2012
p65_solar_g07,2,0.6370705381978246,2012
p65_solar_g07,3,0.0,2012
p65_solar_g07,4,0.5520984780303343,2012
p65_solar_g07,5,0.0,2012
p65_solar_g07,6,0.44263798761139084,2012
p65_solar_g07,7,0.0,2012
p65_solar_g07,8,0.19848679018473045,2012
p65_solar_g07,9,0.0,2012
p65_solar_g07,10,0.06373383581668592,2012
p65_solar_g07,11,0.06129047398013963,2012
p65_solar_g07,12,6.104501568916747e-17,2012
p65_solar_g07,13,0.27194281803133413,2012
p65_solar_g07,14,5.743360106406006e-17,2012
p65_solar_g07,15,0.3366797856592478,2012
p65_solar_g07,16,5.3928652177370204e-17,2012
p65_solar_g07,17,0.37348674506375334,2012
p65_solar_g07,18,5.0539514510628774e-17,2012
p65_solar_g07,19,0.3947987697471158,2012
p65_solar_g07,20,0.0,2012
p65_solar_g07,21,0.3581446295235712,2012
p65_solar_g07,22,0.0,2012
p65_solar_g07,23,0.3046533496734488,2012
p65_solar_g07,24,0.0,2012
p65_solar_g07,25,0.18204593582296966,2012
p65_solar_g07,26,0.0,2012
p65_solar_g07,27,0.10572024316935365,2012
p65_solar_g07,28,0.03423002383321729,2012
p65_solar_g07,29,0.03340416959665837,2012
p65_solar_g07,30,0.09357600730526792,2012
p65_solar_g07,31,3.153501240651577e-17,2012
p65_solar_g07,32,0.13929643633353733,2012
p65_solar_g07,33,2.930707213113473e-17,2012
p65_solar_g07,34,0.17066226298982223,2012
p65_solar_g07,35,2.7260593254641376e-17,2012
p65_solar_g07,36,0.20613530330843127,2012
p65_solar_g07,37,2.5401032441643974e-17,2012
p65_solar_g07,38,0.1981603027588732,2012
p65_solar_g07,39,0.0,2012
p65_solar_g07,40,0.18021416664599327,2012
p65_solar_g07,41,0.0,2012
p65_solar_g07,42,0.1307497115144912,2012
p65_solar_g07,43,0.0,2012
p65_solar_g07,44,0.09396137310641058,2012
p65_solar_g07,45,0.0,2012
p65_solar_g07,46,0.05596061977504828,2012
p65_solar_g07,47,0.018525375706881432,2012
p65_solar_g07,48,0.018311370395336535,2012
p65_solar_g07,49,0.0528136588895567,2012
p65_solar_g07,50,1.8092228179115218e-17,2012
p65_solar_g07,51,0.0828836071379947,2012
p65_solar_g07,52,1.7791557538458505e-17,2012
p65_solar_g07,53,0.1280410011497651,2012
p65_solar_g07,54,1.770305288965903e-17,2012
p65_solar_g07,55,0.14082367644284652,2012
p65_solar_g07,56,0.0,2012
p65_solar_g07,57,0.14720497126493823,2012
p65_solar_g07,58,0.0,2012
p65_solar_g07,59,0.133791564825707,2012
p65_solar_g07,60,0.0,2012
p65_solar_g07,61,0.11729917817059353,2012
p65_solar_g07,62,0.0,2012
p65_solar_g07,63,0.09317573744474233,2012
p65_solar_g07,64,0.0,2012
p65_solar_g07,65,0.020855087442509326,2012
p65_solar_g07,66,0.02168920809137386,2012
p65_solar_g07,67,2.2493406805306998e-17,2012
p65_solar_g07,68,0.06797166422346039,2012
p65_solar_g07,69,2.399777550395824e-17,2012
p65_solar_g07,70,0.15347144002836705,2012
p65_solar_g07,71,2.5697762137063207e-17,2012
p65_solar_g07,72,0.194766461121663,2012
p65_solar_g07,73,2.758883391564374e-17,2012
p65_solar_g07,74,0.22955115678732502,2012
p65_solar_g07,75,0.0,2012
p65_solar_g07,76,0.24697841567196485,2012
p65_solar_g07,77,0.0,2012
p65_solar_g07,78,0.24240275449568244,2012
p65_solar_g07,79,0.0,2012
p65_solar_g07,80,0.22046684333715139,2012
p65_solar_g07,81,0.0,2012
p65_solar_g07,82,0.11228756299478401,2012
p65_solar_g07,83,0.0,2012
p65_solar_g07,84,0.04098798260621981,2012
p65_solar_g07,85,0.04294929331424651,2012
p65_solar_g07,86,4.4656643116116275e-17,2012
p65_solar_g07,87,0.2168264283383682,2012
p65_solar_g07,88,4.781022939040736e-17,2012
p65_solar_g07,89,0.3055205398398963,2012
p65_solar_g07,90,5.1095940847846486e-17,2012
p65_solar_g07,91,0.38577615879741173,2012
p65_solar_g07,92,5.4505016574441987e-17,2012
p65_solar_g07,93,0.4641484668614574,2012
p65_solar_g07,94,0.0,2012
p65_solar_g07,95,0.47915824545162217,2012
p65_solar_g07,96,0.0,2012
p65_solar_g07,97,0.4636711234524508,2012
p65_solar_g07,98,0.0,2012
p65_solar_g07,99,0.3150088647681634,2012
p65_solar_g07,100,0.0,2012
p65_solar_g07,101,0.20781570852151623,2012
p65_solar_g07,102,0.0732110817098059,2012
p65_solar_g07,103,0.07450668899397359,2012
p65_solar_g07,104,0.22686769100176468,2012
p65_solar_g07,105,7.968437308140495e-17,2012
p65_solar_g07,106,0.3820746500861743,2012
p65_solar_g07,107,8.371745012773003e-17,2012
p65_solar_g07,108,0.5282468000906706,2012
p65_solar_g07,109,8.778691051357695e-17,2012
p65_solar_g07,110,0.7176317939150421,2012
p65_solar_g07,111,9.188190356234349e-17,2012
p65_solar_g07,112,0.7726365981799606,2012
p65_solar_g07,113,0.0,2012
p65_solar_g07,114,0.7827965381521576,2012
p65_solar_g07,115,0.0,2012
p65_solar_g07,116,0.6285854249978712,2012
p65_solar_g07,117,0.0,2012
p65_solar_g07,118,0.49604526173956454,2012
p65_solar_g07,119,0.0,2012
p65_solar_g07,120,0.3214313337813172,2012
p65_solar_g07,121,0.11191140665780452,2012
p65_solar_g07,122,0.11322996642877614,2012
p65_solar_g07,123,0.34082083395061397,2012
p65_solar_g07,124,1.190270343050051e-16,2012
p65_solar_g07,125,0.5642991590505514,2012
p65_solar_g07,126,1.2295520936110752e-16,2012
p65_solar_g07,127,0.9076677996221171,2012
p65_solar_g07,128,1.2681514547375855e-16,2012
p65_solar_g07,129,1.0,2012
p65_solar_g07,130,0.0,2012
p65_solar_g07,131,1.0,2012
p65_solar_g07,132,0.0,2012
p65_solar_g07,133,0.9883606564794076,2012
p65_solar_g07,134,0.0,2012
p65_solar_g07,135,0.8570349801112275,2012
p65_solar_g07,136,0.0,2012
p65_solar_g07,137,0.6662400183420012,2012
p65_solar_g07,138,0.0,2012
p65_solar_g07,139,0.4254031562074636,2012
p65_solar_g07,140,0.14668656550188966,2012
p65_solar_g07,141,1.5006882422874152e-16,2012
p65_solar_g07,142,0.44039758814910246,2012
p65_solar_g07,143,1.5308187670017706e-16,2012
p65_solar_g07,144,0.9474204627161676,2012
p65_solar_g07,145,1.559463614638032e-16,2012
p65_solar_g07,146,1.0,2012
p65_solar_g07,147,1.586546407507625e-16,2012
p65_solar_g07,148,1.0,2012
p65_solar_g07,149,0.0,2012
p65_solar_g07,150,1.0,2012
p65_solar_g07,151,0.0,2012
p65_solar_g07,152,1.0,2012
p65_solar_g07,153,0.0,2012
p65_solar_g07,154,1.0,2012
p65_solar_g07,155,0.0,2012
p65_solar_g07,156,0.4894313230067661,2012
p65_solar_g07,157,0.0,2012
p65_solar_g07,158,0.16803987252882796,2012
p65_solar_g07,159,0.1690486433623707,2012
p65_solar_g07,160,1.722320605395508e-16,2012
p65_solar_g07,161,0.8030544655346713,2012
p65_solar_g07,162,1.7353680010405807e-16,2012
p65_solar_g07,163,1.0,2012
p65_solar_g07,164,1.7463843161935084e-16,2012
p65_solar_g07,165,1.0,2012
p65_solar_g07,166,1.755340177310447e-16,2012
p65_solar_g07,167,1.0,2012
p65_solar_g07,168,0.0,2012
p65_solar_g07,169,1.0,2012
p65_solar_g07,170,0.0,2012
p65_solar_g07,171,1.0,2012
p65_solar_g07,172,0.0,2012
p65_solar_g07,173,0.8211362909146057,2012
p65_solar_g07,174,0.0,2012
p65_solar_g07,175,0.5123242811280413,2012
p65_solar_g07,176,0.0,2012
p65_solar_g07,177,0.17385244697986876,2012
p65_solar_g07,178,0.510533038771522,2012
p65_solar_g07,179,1.7612120423162995e-16,2012
p65_solar_g07,180,0.8148308539103799,2012
p65_solar_g07,181,1.7539917027732908e-16,2012
p65_solar_g07,182,1.0,2012
p65_solar_g07,183,1.7446906251065428e-16,2012
p65_solar_g07,184,1.0,2012
p65_solar_g07,185,1.733333609406543e-16,2012
p65_solar_g07,186,1.0,2012
p65_solar_g07,187,0.0,2012
p65_solar_g07,188,1.0,2012
p65_solar_g07,189,0.0,2012
p65_solar_g07,190,1.0,2012
p65_solar_g07,191,0.0,2012
p65_solar_g07,192,0.7768026777406966,2012
p65_solar_g07,193,0.0,2012
p65_solar_g07,194,0.47898031816487757,2012
p65_solar_g07,195,0.16137174540020743,2012
p65_solar_g07,196,0.1606212966981089,2012
p65_solar_g07,197,0.46794492518783687,2012
p65_solar_g07,198,1.607869937714441e-16,2012
p65_solar_g07,199,0.7379564685829173,2012
p65_solar_g07,200,1.5821442022358717e-16,2012
p65_solar_g07,201,1.0,2012
p65_solar_g07,202,1.554795937210727e-16,2012
p65_solar_g07,203,1.0,2012
p65_solar_g07,204,0.0,2012
p65_solar_g07,205,1.0,2012
p65_solar_g07,206,0.0,2012
p65_solar_g07,207,1.0,2012
p65_solar_g07,208,0.0,2012
p65_solar_g07,209,0.881272343232786,2012
p65_solar_g07,210,0.0,2012
p65_solar_g07,211,0.6531002016610715,2012
p65_solar_g07,212,0.0,2012
p65_solar_g07,213,0.3975380229487977,2012
p65_solar_g07,214,0.13277179532076058,2012
p65_solar_g07,215,1.3368045165569034e-16,2012
p65_solar_g07,216,0.3799519961996562,2012
p65_solar_g07,217,1.2997220065047293e-16,2012
p65_solar_g07,218,0.7789880678034174,2012
p65_solar_g07,219,1.2617700082482227e-16,2012
p65_solar_g07,220,0.8936904035321963,2012
p65_solar_g07,221,1.2230497157591752e-16,2012
p65_solar_g07,222,0.9489117041300857,2012
p65_solar_g07,223,0.0,2012
p65_solar_g07,224,0.9173803186039464,2012
p65_solar_g07,225,0.0,2012
p65_solar_g07,226,0.8075013854338663,2012
p65_solar_g07,227,0.0,2012
p65_solar_g07,228,0.6577723388014005,2012
p65_solar_g07,229,0.0,2012
p65_solar_g07,230,0.29977061493105145,2012
p65_solar_g07,231,0.0,2012
p65_solar_g07,232,0.09785425014410706,2012
p65_solar_g07,233,0.09515507900633292,2012
p65_solar_g07,234,9.530602591997015e-17,2012
p65_solar_g07,235,0.4293772610110713,2012
p65_solar_g07,236,9.119809435360239e-17,2012
p65_solar_g07,237,0.5407207763836405,2012
p65_solar_g07,238,8.710659998068925e-17,2012
p65_solar_g07,239,0.6101897849659318,2012
p65_solar_g07,240,8.304245222853819e-17,2012
p65_solar_g08,1,0.0,2012
p65_solar_g08,2,0.6340277680652597,2012
p65_solar_g08,3,0.0,2012
p65_solar_g08,4,0.5494615506283274,2012
p65_solar_g08,5,0.0,2012
p65_solar_g08,6,0.44052386434326335,2012
p65_solar_g08,7,0.0,2012
p65_solar_g08,8,0.19753877950040147,2012
p65_solar_g08,9,0.0,2012
p65_solar_g08,10,0.06342943088751529,2012
p65_solar_g08,11,0.06099773901210129,2012
p65_solar_g08,12,6.075345307664047e-17,2012
p65_solar_g08,13,0.27064396737845037,2012
p65_solar_g08,14,5.71592872550779e-17,2012
p65_solar_g08,15,0.335071738928755,2012
p65_solar_g08,16,5.36710786713045e-17,2012
p65_solar_g08,17,0.37170290129034067,2012
p65_solar_g08,18,5.02981281710528e-17,2012
p65_solar_g08,19,0.3929131356878826,2012
p65_solar_g08,20,0.0,2012
p65_solar_g08,21,0.35643406261376626,2012
p65_solar_g08,22,0.0,2012
p65_solar_g08,23,0.3031982672962375,2012
p65_solar_g08,24,0.0,2012
p65_solar_g08,25,0.18117644978796338,2012
p65_solar_g08,26,0.0,2012
p65_solar_g08,27,0.10521530316815192,2012
p65_solar_g08,28,0.0340665347250075,2012
p65_solar_g08,29,0.03324462492545231,2012
p65_solar_g08,30,0.0931290704857462,2012
p65_solar_g08,31,3.1384395185772764e-17,2012
p65_solar_g08,32,0.1386311300438329,2012
p65_solar_g08,33,2.9167095977150584e-17,2012
p65_solar_g08,34,0.16984714754271596,2012
p65_solar_g08,35,2.7130391473240737e-17,2012
p65_solar_g08,36,0.2051507618698201,2012
p65_solar_g08,37,2.5279712276582842e-17,2012
p65_solar_g08,38,0.19721385144062456,2012
p65_solar_g08,39,0.0,2012
p65_solar_g08,40,0.17935342948918379,2012
p65_solar_g08,41,0.0,2012
p65_solar_g08,42,0.1301252260090663,2012
p65_solar_g08,43,0.0,2012
p65_solar_g08,44,0.09351259570648288,2012
p65_solar_g08,45,0.0,2012
p65_solar_g08,46,0.05569334120502836,2012
p65_solar_g08,47,0.01843689498690512,2012
p65_solar_g08,48,0.018223911805455927,2012
p65_solar_g08,49,0.05256141080363014,2012
p65_solar_g08,50,1.8005816254164665e-17,2012
p65_solar_g08,51,0.08248773925656332,2012
p65_solar_g08,52,1.7706581673708943e-17,2012
p65_solar_g08,53,0.12742945296054212,2012
p65_solar_g08,54,1.7618499739955626e-17,2012
p65_solar_g08,55,0.14015107576372798,2012
p65_solar_g08,56,0.0,2012
p65_solar_g08,57,0.14650189230731275,2012
p65_solar_g08,58,0.0,2012
p65_solar_g08,59,0.13315255084996677,2012
p65_solar_g08,60,0.0,2012
p65_solar_g08,61,0.11673893497221627,2012
p65_solar_g08,62,0.0,2012
p65_solar_g08,63,0.09273071239025062,2012
p65_solar_g08,64,0.0,2012
p65_solar_g08,65,0.020755479575911687,2012
p65_solar_g08,66,0.021585616305814126,2012
p65_solar_g08,67,2.2385974013640898e-17,2012
p65_solar_g08,68,0.06764701861930965,2012
p65_solar_g08,69,2.3883157561088052e-17,2012
p65_solar_g08,70,0.1527384312233436,2012
p65_solar_g08,71,2.557502473450555e-17,2012
p65_solar_g08,72,0.19383621943696228,2012
p65_solar_g08,73,2.7457064394378037e-17,2012
p65_solar_g08,74,0.22845477677618206,2012
p65_solar_g08,75,0.0,2012
p65_solar_g08,76,0.24579879975577337,2012
p65_solar_g08,77,0.0,2012
p65_solar_g08,78,0.24124499280807185,2012
p65_solar_g08,79,0.0,2012
p65_solar_g08,80,0.21941385173589983,2012
p65_solar_g08,81,0.0,2012
p65_solar_g08,82,0.11175125622425662,2012
p65_solar_g08,83,0.0,2012
p65_solar_g08,84,0.04079221620078989,2012
p65_solar_g08,85,0.042744159315614205,2012
p65_solar_g08,86,4.444335448990118e-17,2012
p65_solar_g08,87,0.21579082405196529,2012
p65_solar_g08,88,4.758187863598112e-17,2012
p65_solar_g08,89,0.3040613155974134,2012
p65_solar_g08,90,5.0851896910189384e-17,2012
p65_solar_g08,91,0.3839336184451849,2012
p65_solar_g08,92,5.424469024232684e-17,2012
p65_solar_g08,93,0.4619316054507305,2012
p65_solar_g08,94,0.0,2012
p65_solar_g08,95,0.4768696944818085,2012
p65_solar_g08,96,0.0,2012
p65_solar_g08,97,0.4614565419246895,2012
p65_solar_g08,98,0.0,2012
p65_solar_g08,99,0.31350432248008153,2012
p65_solar_g08,100,0.0,2012
p65_solar_g08,101,0.20682314114780617,2012
p65_solar_g08,102,0.07286141165061666,2012
p65_solar_g08,103,0.07415083086782562,2012
p65_solar_g08,104,0.22578412773390918,2012
p65_solar_g08,105,7.93037853506803e-17,2012
p65_solar_g08,106,0.3802497888439937,2012
p65_solar_g08,107,8.331759965348939e-17,2012
p65_solar_g08,108,0.5257237928417626,2012
p65_solar_g08,109,8.73676235220666e-17,2012
p65_solar_g08,110,0.7142042478934026,2012
p65_solar_g08,111,9.144305810470614e-17,2012
p65_solar_g08,112,0.7689463387450808,2012
p65_solar_g08,113,0.0,2012
p65_solar_g08,114,0.7790577529104127,2012
p65_solar_g08,115,0.0,2012
p65_solar_g08,116,0.6255831813807677,2012
p65_solar_g08,117,0.0,2012
p65_solar_g08,118,0.49367605516615876,2012
p65_solar_g08,119,0.0,2012
p65_solar_g08,120,0.31989611655895595,2012
p65_solar_g08,121,0.1113768964815296,2012
p65_solar_g08,122,0.11268915856009738,2012
p65_solar_g08,123,0.3391930087853907,2012
p65_solar_g08,124,1.1845853853689822e-16,2012
p65_solar_g08,125,0.5616039588740566,2012
p65_solar_g08,126,1.2236795188135408e-16,2012
p65_solar_g08,127,0.9033326054710993,2012
p65_solar_g08,128,1.2620945220453913e-16,2012
p65_solar_g08,129,1.0,2012
p65_solar_g08,130,0.0,2012
p65_solar_g08,131,1.0,2012
p65_solar_g08,132,0.0,2012
p65_solar_g08,133,0.983640057887225,2012
p65_solar_g08,134,0.0,2012
p65_solar_g08,135,0.852941617942224,2012
p65_solar_g08,136,0.0,2012
p65_solar_g08,137,0.6630579292209674,2012
p65_solar_g08,138,0.0,2012
p65_solar_g08,139,0.4233713497741155,2012
p65_solar_g08,140,0.14598596254884735,2012
p65_solar_g08,141,1.4935206696433551e-16,2012
p65_solar_g08,142,0.43829416545518163,2012
p65_solar_g08,143,1.523507285237476e-16,2012
p65_solar_g08,144,0.942895402280806,2012
p65_solar_g08,145,1.5520153196299702e-16,2012
p65_solar_g08,146,1.0,2012
p65_solar_g08,147,1.578968759926639e-16,2012
p65_solar_g08,148,1.0,2012
p65_solar_g08,149,0.0,2012
p65_solar_g08,150,1.0,2012
p65_solar_g08,151,0.0,2012
p65_solar_g08,152,1.0,2012
p65_solar_g08,153,0.0,2012
p65_solar_g08,154,1.0,2012
p65_solar_g08,155,0.0,2012
p65_solar_g08,156,0.48709370586345974,2012
p65_solar_g08,157,0.0,2012
p65_solar_g08,158,0.1672372821176356,2012
p65_solar_g08,159,0.16824123486969622,2012
p65_solar_g08,160,1.714094474405958e-16,2012
p65_solar_g08,161,0.799218924576422,2012
p65_solar_g08,162,1.7270795532063545e-16,2012
p65_solar_g08,163,1.0,2012
p65_solar_g08,164,1.7380432523415758e-16,2012
p65_solar_g08,165,1.0,2012
p65_solar_g08,166,1.7469563385614124e-16,2012
p65_solar_g08,167,1.0,2012
p65_solar_g08,168,0.0,2012
p65_solar_g08,169,1.0,2012
p65_solar_g08,170,0.0,2012
p65_solar_g08,171,1.0,2012
p65_solar_g08,172,0.0,2012
p65_solar_g08,173,0.8172143877171546,2012
p65_solar_g08,174,0.0,2012
p65_solar_g08,175,0.5098773228599444,2012
p65_solar_g08,176,0.0,2012
p65_solar_g08,177,0.1730220946068959,2012
p65_solar_g08,178,0.5080946358178147,2012
p65_solar_g08,179,1.752800158422511e-16,2012
p65_solar_g08,180,0.8109390666800609,2012
p65_solar_g08,181,1.7456143045952766e-16,2012
p65_solar_g08,182,1.0,2012
p65_solar_g08,183,1.736357650645571e-16,2012
p65_solar_g08,184,1.0,2012
p65_solar_g08,185,1.7250548782139302e-16,2012
p65_solar_g08,186,1.0,2012
p65_solar_g08,187,0.0,2012
p65_solar_g08,188,1.0,2012
p65_solar_g08,189,0.0,2012
p65_solar_g08,190,1.0,2012
p65_solar_g08,191,0.0,2012
p65_solar_g08,192,0.7730925203169801,2012
p65_solar_g08,193,0.0,2012
p65_solar_g08,194,0.4766926170096471,2012
p65_solar_g08,195,0.16060100323320564,2012
p65_solar_g08,196,0.15985413881692767,2012
p65_solar_g08,197,0.4657099311696318,2012
p65_solar_g08,198,1.6001904448950647e-16,2012
p65_solar_g08,199,0.7344318480470359,2012
p65_solar_g08,200,1.5745875804250559e-16,2012
p65_solar_g08,201,1.0,2012
p65_solar_g08,202,1.5473699359183726e-16,2012
p65_solar_g08,203,1.0,2012
p65_solar_g08,204,0.0,2012
p65_solar_g08,205,1.0,2012
p65_solar_g08,206,0.0,2012
p65_solar_g08,207,1.0,2012
p65_solar_g08,208,0.0,2012
p65_solar_g08,209,0.8770632188048543,2012
p65_solar_g08,210,0.0,2012
p65_solar_g08,211,0.6499808708051699,2012
p65_solar_g08,212,0.0,2012
p65_solar_g08,213,0.39563930569496064,2012
p65_solar_g08,214,0.1321376519582503,2012
p65_solar_g08,215,1.3304196837759625e-16,2012
p65_solar_g08,216,0.378137273156404,2012
p65_solar_g08,217,1.2935142868490422e-16,2012
p65_solar_g08,218,0.7752674725408555,2012
p65_solar_g08,219,1.2557435545589272e-16,2012
p65_solar_g08,220,0.8894219680849694,2012
p65_solar_g08,221,1.2172081975557414e-16,2012
p65_solar_g08,222,0.9443795212419303,2012
p65_solar_g08,223,0.0,2012
p65_solar_g08,224,0.912998735613863,2012
p65_solar_g08,225,0.0,2012
p65_solar_g08,226,0.8036446051398766,2012
p65_solar_g08,227,0.0,2012
p65_solar_g08,228,0.6546306929293532,2012
p65_solar_g08,229,0.0,2012
p65_solar_g08,230,0.29833885342421257,2012
p65_solar_g08,231,0.0,2012
p65_solar_g08,232,0.09738687962258633,2012
p65_solar_g08,233,0.0947006002398507,2012
p65_solar_g08,234,9.485082620230139e-17,2012
p65_solar_g08,235,0.4273264734968616,2012
p65_solar_g08,236,9.076251489888304e-17,2012
p65_solar_g08,237,0.5381381910500106,2012
p65_solar_g08,238,8.669056228175519e-17,2012
p65_solar_g08,239,0.6072754024265309,2012
p65_solar_g08,240,8.264582567272424e-17,2012
p65_solar_g09,1,0.0,2012
p65_solar_g09,2,0.6296699672205749,2012
p65_solar_g09,3,0.0,2012
p65_solar_g09,4,0.5456849904679473,2012
p65_solar_g09,5,0.0,2012
p65_solar_g09,6,0.4374960548925875,2012
p65_solar_g09,7,0.0,2012
p65_solar_g09,8,0.1961810555906243,2012
p65_solar_g09,9,0.0,2012
p65_solar_g09,10,0.06299346760416735,2012
p65_solar_g09,11,0.060578489237912474,2012
p65_solar_g09,12,6.033588232900146e-17,2012
p65_solar_g09,13,0.2687837767542295,2012
p65_solar_g09,14,5.676641993470507e-17,2012
p65_solar_g09,15,0.3327687232242702,2012
p65_solar_g09,16,5.330218651271235e-17,2012
p65_solar_g09,17,0.3691481122120047,2012
p65_solar_g09,18,4.995241898216548e-17,2012
p65_solar_g09,19,0.3902125643867023,2012
p65_solar_g09,20,0.0,2012
p65_solar_g09,21,0.3539842193460612,2012
p65_solar_g09,22,0.0,2012
p65_solar_g09,23,0.301114324396761,2012
p65_solar_g09,24,0.0,2012
p65_solar_g09,25,0.17993118747345585,2012
p65_solar_g09,26,0.0,2012
p65_solar_g09,27,0.10449213714906874,2012
p65_solar_g09,28,0.033832388554638444,2012
p65_solar_g09,29,0.03301612790705917,2012
p65_solar_g09,30,0.09248897558380537,2012
p65_solar_g09,31,3.116868390191555e-17,2012
p65_solar_g09,32,0.13767829030079115,2012
p65_solar_g09,33,2.896662463837296e-17,2012
p65_solar_g09,34,0.16867975380965036,2012
p65_solar_g09,35,2.6943918815679548e-17,2012
p65_solar_g09,36,0.20374071926854395,2012
p65_solar_g09,37,2.510595971074736e-17,2012
p65_solar_g09,38,0.19585836082699729,2012
p65_solar_g09,39,0.0,2012
p65_solar_g09,40,0.17812069716121318,2012
p65_solar_g09,41,0.0,2012
p65_solar_g09,42,0.12923084906159052,2012
p65_solar_g09,43,0.0,2012
p65_solar_g09,44,0.09286986475827551,2012
p65_solar_g09,45,0.0,2012
p65_solar_g09,46,0.05531054962779635,2012
p65_solar_g09,47,0.01831017448569983,2012
p65_solar_g09,48,0.01809865518065286,2012
p65_solar_g09,49,0.05220014561630744,2012
p65_solar_g09,50,1.78820586441138e-17,2012
p65_solar_g09,51,0.0819207843723864,2012
p65_solar_g09,52,1.758488076333773e-17,2012
p65_solar_g09,53,0.12655360460543974,2012
p65_solar_g09,54,1.74974042344967e-17,2012
p65_solar_g09,55,0.13918778912691337,2012
p65_solar_g09,56,0.0,2012
p65_solar_g09,57,0.14549495522631883,2012
p65_solar_g09,58,0.0,2012
p65_solar_g09,59,0.13223736648771625,2012
p65_solar_g09,60,0.0,2012
p65_solar_g09,61,0.11593656470540302,2012
p65_solar_g09,62,0.0,2012
p65_solar_g09,63,0.09209335548391892,2012
p65_solar_g09,64,0.0,2012
p65_solar_g09,65,0.02061282297476037,2012
p65_solar_g09,66,0.02143725400733379,2012
p65_solar_g09,67,2.2232110695061928e-17,2012
p65_solar_g09,68,0.0671820670040528,2012
p65_solar_g09,69,2.3719003797742565e-17,2012
p65_solar_g09,70,0.1516886291513744,2012
p65_solar_g09,71,2.5399242426530368e-17,2012
p65_solar_g09,72,0.19250394396995787,2012
p65_solar_g09,73,2.726834644788256e-17,2012
p65_solar_g09,74,0.22688456097594117,2012
p65_solar_g09,75,0.0,2012
p65_solar_g09,76,0.24410937498425772,2012
p65_solar_g09,77,0.0,2012
p65_solar_g09,78,0.23958686727101053,2012
p65_solar_g09,79,0.0,2012
p65_solar_g09,80,0.21790577603860348,2012
p65_solar_g09,81,0.0,2012
p65_solar_g09,82,0.11098316728036903,2012
p65_solar_g09,83,0.0,2012
p65_solar_g09,84,0.04051184306388641,2012
p65_solar_g09,85,0.04245037007963274,2012
p65_solar_g09,86,4.41378863424607e-17,2012
p65_solar_g09,87,0.21430765015534173,2012
p65_solar_g09,88,4.725483877849301e-17,2012
p65_solar_g09,89,0.30197144079273447,2012
p65_solar_g09,90,5.050238155696555e-17,2012
p65_solar_g09,91,0.3812947651787597,2012
p65_solar_g09,92,5.3871855535608845e-17,2012
p65_solar_g09,93,0.4587566562737212,2012
p65_solar_g09,94,0.0,2012
p65_solar_g09,95,0.4735920728032521,2012
p65_solar_g09,96,0.0,2012
p65_solar_g09,97,0.45828485795519847,2012
p65_solar_g09,98,0.0,2012
p65_solar_g09,99,0.3113495439827848,2012
p65_solar_g09,100,0.0,2012
p65_solar_g09,101,0.2054016039461398,2012
p65_solar_g09,102,0.07236062045939662,2012
p65_solar_g09,103,0.07364117723802335,2012
p65_solar_g09,104,0.22423226784367487,2012
p65_solar_g09,105,7.875871442446129e-17,2012
p65_solar_g09,106,0.37763625528209294,2012
p65_solar_g09,107,8.274494097127577e-17,2012
p65_solar_g09,108,0.5221103870827251,2012
p65_solar_g09,109,8.676712820820302e-17,2012
p65_solar_g09,110,0.7092953779171794,2012
p65_solar_g09,111,9.081455150622505e-17,2012
p65_solar_g09,112,0.7636612153273384,2012
p65_solar_g09,113,0.0,2012
p65_solar_g09,114,0.7737031317018637,2012
p65_solar_g09,115,0.0,2012
p65_solar_g09,116,0.6212834218851219,2012
p65_solar_g09,117,0.0,2012
p65_solar_g09,118,0.4902829199778237,2012
p65_solar_g09,119,0.0,2012
p65_solar_g09,120,0.3176974059706075,2012
p65_solar_g09,121,0.11061138058772788,2012
p65_solar_g09,122,0.11191462322411591,2012
p65_solar_g09,123,0.33686166676119716,2012
p65_solar_g09,124,1.176443490876388e-16,2012
p65_solar_g09,125,0.557743941490547,2012
p65_solar_g09,126,1.2152689224496284e-16,2012
p65_solar_g09,127,0.897123818112833,2012
p65_solar_g09,128,1.2534198916092124e-16,2012
p65_solar_g09,129,1.0,2012
p65_solar_g09,130,0.0,2012
p65_solar_g09,131,1.0,2012
p65_solar_g09,132,0.0,2012
p65_solar_g09,133,0.976879301196383,2012
p65_solar_g09,134,0.0,2012
p65_solar_g09,135,0.8470791780139575,2012
p65_solar_g09,136,0.0,2012
p65_solar_g09,137,0.6585005982181765,2012
p65_solar_g09,138,0.0,2012
p65_solar_g09,139,0.42046143301874855,2012
p65_solar_g09,140,0.144982571557237,2012
p65_solar_g09,141,1.48325540057543e-16,2012
p65_solar_g09,142,0.4352816811750855,2012
p65_solar_g09,143,1.5130359121070046e-16,2012
p65_solar_g09,144,0.9364146918333012,2012
p65_solar_g09,145,1.541348005024041e-16,2012
p65_solar_g09,146,1.0,2012
p65_solar_g09,147,1.5681161888843072e-16,2012
p65_solar_g09,148,1.0,2012
p65_solar_g09,149,0.0,2012
p65_solar_g09,150,1.0,2012
p65_solar_g09,151,0.0,2012
p65_solar_g09,152,1.0,2012
p65_solar_g09,153,0.0,2012
p65_solar_g09,154,1.0,2012
p65_solar_g09,155,0.0,2012
p65_solar_g09,156,0.4837458124906982,2012
p65_solar_g09,157,0.0,2012
p65_solar_g09,158,0.1660878265165049,2012
p65_solar_g09,159,0.16708487889862697,2012
p65_solar_g09,160,1.7023131570494175e-16,2012
p65_solar_g09,161,0.7937257315649626,2012
p65_solar_g09,162,1.7152089867818475e-16,2012
p65_solar_g09,163,1.0,2012
p65_solar_g09,164,1.7260973301996084e-16,2012
p65_solar_g09,165,1.0,2012
p65_solar_g09,166,1.734949154978521e-16,2012
p65_solar_g09,167,1.0,2012
p65_solar_g09,168,0.0,2012
p65_solar_g09,169,1.0,2012
p65_solar_g09,170,0.0,2012
p65_solar_g09,171,1.0,2012
p65_solar_g09,172,0.0,2012
p65_solar_g09,173,0.811597508254683,2012
p65_solar_g09,174,0.0,2012
p65_solar_g09,175,0.5063728330881083,2012
p65_solar_g09,176,0.0,2012
p65_solar_g09,177,0.1718328788217137,2012
p65_solar_g09,178,0.5046023988139003,2012
p65_solar_g09,179,1.7407528090859892e-16,2012
p65_solar_g09,180,0.8053653187659119,2012
p65_solar_g09,181,1.7336163450827585e-16,2012
p65_solar_g09,182,1.0,2012
p65_solar_g09,183,1.7244233139843423e-16,2012
p65_solar_g09,184,1.0,2012
p65_solar_g09,185,1.7131982277893789e-16,2012
p65_solar_g09,186,1.0,2012
p65_solar_g09,187,0.0,2012
p65_solar_g09,188,1.0,2012
p65_solar_g09,189,0.0,2012
p65_solar_g09,190,1.0,2012
p65_solar_g09,191,0.0,2012
p65_solar_g09,192,0.767778899356281,2012
p65_solar_g09,193,0.0,2012
p65_solar_g09,194,0.4734162124203045,2012
p65_solar_g09,195,0.15949716011655074,2012
p65_solar_g09,196,0.15875542905017961,2012
p65_solar_g09,197,0.4625090127972045,2012
p65_solar_g09,198,1.5891920129278034e-16,2012
p65_solar_g09,199,0.7293839496914967,2012
p65_solar_g09,200,1.563765122113892e-16,2012
p65_solar_g09,201,1.0,2012
p65_solar_g09,202,1.5367345499724831e-16,2012
p65_solar_g09,203,1.0,2012
p65_solar_g09,204,0.0,2012
p65_solar_g09,205,1.0,2012
p65_solar_g09,206,0.0,2012
p65_solar_g09,207,1.0,2012
p65_solar_g09,208,0.0,2012
p65_solar_g09,209,0.8710349862442949,2012
p65_solar_g09,210,0.0,2012
p65_solar_g09,211,0.6455134210648105,2012
p65_solar_g09,212,0.0,2012
p65_solar_g09,213,0.3929199968769744,2012
p65_solar_g09,214,0.1312294432009659,2012
p65_solar_g09,215,1.3212754407100223e-16,2012
p65_solar_g09,216,0.37553825934128954,2012
p65_solar_g09,217,1.284623702026482e-16,2012
p65_solar_g09,218,0.7699389026944518,2012
p65_solar_g09,219,1.2471125756043885e-16,2012
p65_solar_g09,220,0.8833087913456772,2012
p65_solar_g09,221,1.2088420798892362e-16,2012
p65_solar_g09,222,0.9378886101451981,2012
p65_solar_g09,223,0.0,2012
p65_solar_g09,224,0.9067235109917692,2012
p65_solar_g09,225,0.0,2012
p65_solar_g09,226,0.7981209935324673,2012
p65_solar_g09,227,0.0,2012
p65_solar_g09,228,0.6501312840228485,2012
p65_solar_g09,229,0.0,2012
p65_solar_g09,230,0.29628831025727587,2012
p65_solar_g09,231,0.0,2012
p65_solar_g09,232,0.09671751993889997,2012
p65_solar_g09,233,0.0940497038966563,2012
p65_solar_g09,234,9.41988973257401e-17,2012
p65_solar_g09,235,0.424389372377705,2012
p65_solar_g09,236,9.013868581124069e-17,2012
p65_solar_g09,237,0.5344394586259229,2012
p65_solar_g09,238,8.609472054647846e-17,2012
p65_solar_g09,239,0.6031014759915324,2012
p65_solar_g09,240,8.207778422869524e-17,2012
p65_solar_g10,1,0.0,2012
p65_solar_g10,2,0.6233441527319207,2012
p65_solar_g10,3,0.0,2012
p65_solar_g10,4,0.5402029090623812,2012
p65_solar_g10,5,0.0,2012
p65_solar_g10,6,0.43310086530623215,2012
p65_solar_g10,7,0.0,2012
p65_solar_g10,8,0.1942101739725402,2012
p65_solar_g10,9,0.0,2012
p65_solar_g10,10,0.06236062022251445,2012
p65_solar_g10,11,0.059969903304215345,2012
p65_solar_g10,12,5.972973368210428e-17,2012
p65_solar_g10,13,0.2660835109041489,2012
p65_solar_g10,14,5.619613095732687e-17,2012
p65_solar_g10,15,0.32942564935966323,2012
p65_solar_g10,16,5.2766700049530045e-17,2012
p65_solar_g10,17,0.3654395623394458,2012
p65_solar_g10,18,4.94505850815659e-17,2012
p65_solar_g10,19,0.38629239600969023,2012
p65_solar_g10,20,0.0,2012
p65_solar_g10,21,0.3504280095535274,2012
p65_solar_g10,22,0.0,2012
p65_solar_g10,23,0.29808925816338433,2012
p65_solar_g10,24,0.0,2012
p65_solar_g10,25,0.1781235559014682,2012
p65_solar_g10,26,0.0,2012
p65_solar_g10,27,0.10344238424748804,2012
p65_solar_g10,28,0.03349250031977565,2012
p65_solar_g10,29,0.03268444002110896,2012
p65_solar_g10,30,0.09155980930266387,2012
p65_solar_g10,31,3.0855555878533174e-17,2012
p65_solar_g10,32,0.13629514139914947,2012
p65_solar_g10,33,2.867561902691962e-17,2012
p65_solar_g10,34,0.16698515682052964,2012
p65_solar_g10,35,2.6673233788763467e-17,2012
p65_solar_g10,36,0.20169389146831268,2012
p65_solar_g10,37,2.485373925883214e-17,2012
p65_solar_g10,38,0.1938907210773799,2012
p65_solar_g10,39,0.0,2012
p65_solar_g10,40,0.1763312542061915,2012
p65_solar_g10,41,0.0,2012
p65_solar_g10,42,0.12793256516696014,2012
p65_solar_g10,43,0.0,2012
p65_solar_g10,44,0.0919368719737531,2012
p65_solar_g10,45,0.0,2012
p65_solar_g10,46,0.054754886670334096,2012
p65_solar_g10,47,0.01812622611102556,2012
p65_solar_g10,48,0.01791683177930454,2012
p65_solar_g10,49,0.051675730518495055,2012
p65_solar_g10,50,1.7702411223168483e-17,2012
p65_solar_g10,51,0.08109778865767538,2012
p65_solar_g10,52,1.7408218862175447e-17,2012
p65_solar_g10,53,0.12528221694638045,2012
p65_solar_g10,54,1.732162114338153e-17,2012
p65_solar_g10,55,0.1377894754404765,2012
p65_solar_g10,56,0.0,2012
p65_solar_g10,57,0.1440332782467745,2012
p65_solar_g10,58,0.0,2012
p65_solar_g10,59,0.13090887840282012,2012
p65_solar_g10,60,0.0,2012
p65_solar_g10,61,0.11477183835833661,2012
p65_solar_g10,62,0.0,2012
p65_solar_g10,63,0.09116816369654424,2012
p65_solar_g10,64,0.0,2012
p65_solar_g10,65,0.02040574164483547,2012
p65_solar_g10,66,0.021221890246862347,2012
p65_solar_g10,67,2.2008761614957365e-17,2012
p65_solar_g10,68,0.06650713995503395,2012
p65_solar_g10,69,2.3480717035325575e-17,2012
p65_solar_g10,70,0.15016472904814185,2012
p65_solar_g10,71,2.5144075586587527e-17,2012
p65_solar_g10,72,0.19057000349116468,2012
p65_solar_g10,73,2.6994402143689258e-17,2012
p65_solar_g10,74,0.22460522462866578,2012
p65_solar_g10,75,0.0,2012
p65_solar_g10,76,0.2416569940522149,2012
p65_solar_g10,77,0.0,2012
p65_solar_g10,78,0.23717992052879228,2012
p65_solar_g10,79,0.0,2012
p65_solar_g10,80,0.21571664270370589,2012
p65_solar_g10,81,0.0,2012
p65_solar_g10,82,0.10986820394381694,2012
p65_solar_g10,83,0.0,2012
p65_solar_g10,84,0.040104851437865525,2012
p65_solar_g10,85,0.04202390354942199,2012
p65_solar_g10,86,4.369446662187888e-17,2012
p65_solar_g10,87,0.21215466445020137,2012
p65_solar_g10,88,4.678010541122841e-17,2012
p65_solar_g10,89,0.29893776376386433,2012
p65_solar_g10,90,4.9995022601329216e-17,2012
p65_solar_g10,91,0.37746418713696006,2012
p65_solar_g10,92,5.333064604171779e-17,2012
p65_solar_g10,93,0.4541478776212588,2012
p65_solar_g10,94,0.0,2012
p65_solar_g10,95,0.4688342540222888,2012
p65_solar_g10,96,0.0,2012
p65_solar_g10,97,0.45368081910103425,2012
p65_solar_g10,98,0.0,2012
p65_solar_g10,99,0.3082216522952458,2012
p65_solar_g10,100,0.0,2012
p65_solar_g10,101,0.20333809050278676,2012
p65_solar_g10,102,0.07163366842874702,2012
p65_solar_g10,103,0.07290136042892555,2012
p65_solar_g10,104,0.22197957706502697,2012
p65_solar_g10,105,7.796748561770526e-17,2012
p65_solar_g10,106,0.37384243150223373,2012
p65_solar_g10,107,8.191366558304437e-17,2012
p65_solar_g10,108,0.5168651417586333,2012
p65_solar_g10,109,8.589544496883693e-17,2012
p65_solar_g10,110,0.7021696275845577,2012
p65_solar_g10,111,8.990220688824286e-17,2012
p65_solar_g10,112,0.7559892928412391,2012
p65_solar_g10,113,0.0,2012
p65_solar_g10,114,0.7659303257317127,2012
p65_solar_g10,115,0.0,2012
p65_solar_g10,116,0.6150418606287235,2012
p65_solar_g10,117,0.0,2012
p65_solar_g10,118,0.48535742097010465,2012
p65_solar_g10,119,0.0,2012
p65_solar_g10,120,0.31450574214937155,2012
p65_solar_g10,121,0.1095001523088559,2012
p65_solar_g10,122,0.11079030225926449,2012
p65_solar_g10,123,0.33347747421081037,2012
p65_solar_g10,124,1.1646246593184557e-16,2012
p65_solar_g10,125,0.5521407129903633,2012
p65_solar_g10,126,1.2030600413572415e-16,2012
p65_solar_g10,127,0.8881110985261182,2012
p65_solar_g10,128,1.240827736792447e-16,2012
p65_solar_g10,129,1.0,2012
p65_solar_g10,130,0.0,2012
p65_solar_g10,131,1.0,2012
p65_solar_g10,132,0.0,2012
p65_solar_g10,133,0.9670653390275159,2012
p65_solar_g10,134,0.0,2012
p65_solar_g10,135,0.8385692188031493,2012
p65_solar_g10,136,0.0,2012
p65_solar_g10,137,0.65188514434258,2012
p65_solar_g10,138,0.0,2012
p65_solar_g10,139,0.41623737730167065,2012
p65_solar_g10,140,0.14352604210609066,2012
p65_solar_g10,141,1.4683542634849135e-16,2012
p65_solar_g10,142,0.43090873771459715,2012
p65_solar_g10,143,1.4978355929034245e-16,2012
p65_solar_g10,144,0.9270072467694448,2012
p65_solar_g10,145,1.5258632557906002e-16,2012
p65_solar_g10,146,1.0,2012
p65_solar_g10,147,1.5523625200991757e-16,2012
p65_solar_g10,148,1.0,2012
p65_solar_g10,149,0.0,2012
p65_solar_g10,150,1.0,2012
p65_solar_g10,151,0.0,2012
p65_solar_g10,152,1.0,2012
p65_solar_g10,153,0.0,2012
p65_solar_g10,154,0.9995377661251595,2012
p65_solar_g10,155,0.0,2012
p65_solar_g10,156,0.4788859868220436,2012
p65_solar_g10,157,0.0,2012
p65_solar_g10,158,0.1644192686464117,2012
p65_solar_g10,159,0.1654063044027884,2012
p65_solar_g10,160,1.6852113135541286e-16,2012
p65_solar_g10,161,0.7857517737868677,2012
p65_solar_g10,162,1.6979775887090637e-16,2012
p65_solar_g10,163,1.0,2012
p65_solar_g10,164,1.7087565452350634e-16,2012
p65_solar_g10,165,1.0,2012
p65_solar_g10,166,1.7175194424735937e-16,2012
p65_solar_g10,167,1.0,2012
p65_solar_g10,168,0.0,2012
p65_solar_g10,169,1.0,2012
p65_solar_g10,170,0.0,2012
p65_solar_g10,171,1.0,2012
p65_solar_g10,172,0.0,2012
p65_solar_g10,173,0.8034440063506059,2012
p65_solar_g10,174,0.0,2012
p65_solar_g10,175,0.501285690980396,2012
p65_solar_g10,176,0.0,2012
p65_solar_g10,177,0.17010660478759448,2012
p65_solar_g10,178,0.49953304291065387,2012
p65_solar_g10,179,1.7232647916893706e-16,2012
p65_solar_g10,180,0.7972744269220511,2012
p65_solar_g10,181,1.716200022303542e-16,2012
p65_solar_g10,182,1.0,2012
p65_solar_g10,183,1.7070993465854745e-16,2012
p65_solar_g10,184,1.0,2012
p65_solar_g10,185,1.6959870302804298e-16,2012
p65_solar_g10,186,1.0,2012
p65_solar_g10,187,0.0,2012
p65_solar_g10,188,1.0,2012
p65_solar_g10,189,0.0,2012
p65_solar_g10,190,1.0,2012
p65_solar_g10,191,0.0,2012
p65_solar_g10,192,0.7600656096355253,2012
p65_solar_g10,193,0.0,2012
p65_solar_g10,194,0.46866016037464114,2012
p65_solar_g10,195,0.1578948136511189,2012
p65_solar_g10,196,0.15716053419173331,2012
p65_solar_g10,197,0.4578625370772329,2012
p65_solar_g10,198,1.5732266113937158e-16,2012
p65_solar_g10,199,0.722056384781395,2012
p65_solar_g10,200,1.5480551651820333e-16,2012
p65_solar_g10,201,1.0,2012
p65_solar_g10,202,1.5212961486074928e-16,2012
p65_solar_g10,203,1.0,2012
p65_solar_g10,204,0.0,2012
p65_solar_g10,205,1.0,2012
p65_solar_g10,206,0.0,2012
p65_solar_g10,207,1.0,2012
p65_solar_g10,208,0.0,2012
p65_solar_g10,209,0.862284361277329,2012
p65_solar_g10,210,0.0,2012
p65_solar_g10,211,0.6390284394646604,2012
p65_solar_g10,212,0.0,2012
p65_solar_g10,213,0.38897262898820917,2012
p65_solar_g10,214,0.12991108095351273,2012
p65_solar_g10,215,1.3080015928826595e-16,2012
p65_solar_g10,216,0.3717655125284295,2012
p65_solar_g10,217,1.2717180662969934e-16,2012
p65_solar_g10,218,0.7622039130656119,2012
p65_solar_g10,219,1.2345837855867163e-16,2012
p65_solar_g10,220,0.8744348608088365,2012
p65_solar_g10,221,1.196697764388193e-16,2012
p65_solar_g10,222,0.9284663577468683,2012
p65_solar_g10,223,0.0,2012
p65_solar_g10,224,0.8976143506035846,2012
p65_solar_g10,225,0.0,2012
p65_solar_g10,226,0.7901028799056217,2012
p65_solar_g10,227,0.0,2012
p65_solar_g10,228,0.6435999102713694,2012
p65_solar_g10,229,0.0,2012
p65_solar_g10,230,0.29331172731158206,2012
p65_solar_g10,231,0.0,2012
p65_solar_g10,232,0.09574587269385695,2012
p65_solar_g10,233,0.09310485816709223,2012
p65_solar_g10,234,9.325255276344707e-17,2012
p65_solar_g10,235,0.4201258556461259,2012
p65_solar_g10,236,8.923313110103286e-17,2012
p65_solar_g10,237,0.5290703525121163,2012
p65_solar_g10,238,8.522979247466085e-17,2012
p65_solar_g10,239,0.5970425748948258,2012
p65_solar_g10,240,8.125321125602775e-17,2012
p67_solar_g01,1,0.0,2012
p67_solar_g01,2,0.60312002628737,2012
p67_solar_g01,3,0.0,2012
p67_solar_g01,4,0.522676263643939,2012
p67_solar_g01,5,0.0,2012
p67_solar_g01,6,0.4190490985176785,2012
p67_solar_g01,7,0.0,2012
p67_solar_g01,8,0.1879091104299934,2012
p67_solar_g01,9,0.0,2012
p67_solar_g01,10,0.060337357370022236,2012
p67_solar_g01,11,0.05802420620899686,2012
p67_solar_g01,12,5.77918287844775e-17,2012
p67_solar_g01,13,0.2574505486059531,2012
p67_solar_g01,14,5.437287224350962e-17,2012
p67_solar_g01,15,0.3187375792822765,2012
p67_solar_g01,16,5.1054707710809384e-17,2012
p67_solar_g01,17,0.3535830367200057,2012
p67_solar_g01,18,4.784618263219103e-17,2012
p67_solar_g01,19,0.37375930938775115,2012
p67_solar_g01,20,0.0,2012
p67_solar_g01,21,0.33905852715145113,2012
p67_solar_g01,22,0.0,2012
p67_solar_g01,23,0.2884178834942916,2012
p67_solar_g01,24,0.0,2012
p67_solar_g01,25,0.1723444155958824,2012
p67_solar_g01,26,0.0,2012
p67_solar_g01,27,0.10008624165823253,2012
p67_solar_g01,28,0.03240585090076265,2012
p67_solar_g01,29,0.0316240077625256,2012
p67_solar_g01,30,0.08858919162307144,2012
p67_solar_g01,31,2.9854460960309523e-17,2012
p67_solar_g01,32,0.13187310557615564,2012
p67_solar_g01,33,2.7745251199557333e-17,2012
p67_solar_g01,34,0.16156739696652186,2012
p67_solar_g01,35,2.5807832468377604e-17,2012
p67_solar_g01,36,0.19515002200828602,2012
p67_solar_g01,37,2.4047370636959975e-17,2012
p67_solar_g01,38,0.18760002204329362,2012
p67_solar_g01,39,0.0,2012
p67_solar_g01,40,0.17061026433957782,2012
p67_solar_g01,41,0.0,2012
p67_solar_g01,42,0.12378184944600105,2012
p67_solar_g01,43,0.0,2012
p67_solar_g01,44,0.08895402066189796,2012
p67_solar_g01,45,0.0,2012
p67_solar_g01,46,0.05297838849252234,2012
p67_solar_g01,47,0.01753812868968093,2012
p67_solar_g01,48,0.017335528064811794,2012
p67_solar_g01,49,0.04999913420562321,2012
p67_solar_g01,50,1.712806428916466e-17,2012
p67_solar_g01,51,0.07846660662925962,2012
p67_solar_g01,52,1.6843416869728654e-17,2012
p67_solar_g01,53,0.12121749060592678,2012
p67_solar_g01,54,1.6759628775773635e-17,2012
p67_solar_g01,55,0.1333189566077845,2012
p67_solar_g01,56,0.0,2012
p67_solar_g01,57,0.1393601819825048,2012
p67_solar_g01,58,0.0,2012
p67_solar_g01,59,0.12666159751002648,2012
p67_solar_g01,60,0.0,2012
p67_solar_g01,61,0.1110481166212198,2012
p67_solar_g01,62,0.0,2012
p67_solar_g01,63,0.0882102527861176,2012
p67_solar_g01,64,0.0,2012
p67_solar_g01,65,0.019743686346151264,2012
p67_solar_g01,66,0.02053335536630897,2012
p67_solar_g01,67,2.1294697039492748e-17,2012
p67_solar_g01,68,0.06434934509641355,2012
p67_solar_g01,69,2.2718895514661746e-17,2012
p67_solar_g01,70,0.14529270056360197,2012
p67_solar_g01,71,2.4328287130458093e-17,2012
p67_solar_g01,72,0.18438704367634584,2012
p67_solar_g01,73,2.6118580657506474e-17,2012
p67_solar_g01,74,0.2173180070569781,2012
p67_solar_g01,75,0.0,2012
p67_solar_g01,76,0.23381653933309626,2012
p67_solar_g01,77,0.0,2012
p67_solar_g01,78,0.2294847224879346,2012
p67_solar_g01,79,0.0,2012
p67_solar_g01,80,0.20871781125704286,2012
p67_solar_g01,81,0.0,2012
p67_solar_g01,82,0.10630357846516739,2012
p67_solar_g01,83,0.0,2012
p67_solar_g01,84,0.03880366719964884,2012
p67_solar_g01,85,0.04066045651081213,2012
p67_solar_g01,86,4.2276818900286926e-17,2012
p67_solar_g01,87,0.20527139981887765,2012
p67_solar_g01,88,4.52623454983782e-17,2012
p67_solar_g01,89,0.28923885970434127,2012
p67_solar_g01,90,4.837295611645711e-17,2012
p67_solar_g01,91,0.36521752786296113,2012
p67_solar_g01,92,5.160035672370581e-17,2012
p67_solar_g01,93,0.4394132497896143,2012
p67_solar_g01,94,0.0,2012
p67_solar_g01,95,0.453623133177844,2012
p67_solar_g01,96,0.0,2012
p67_solar_g01,97,0.43896134477733334,2012
p67_solar_g01,98,0.0,2012
p67_solar_g01,99,0.29822153656199024,2012
p67_solar_g01,100,0.0,2012
p67_solar_g01,101,0.19674087572937665,2012
p67_solar_g01,102,0.06930954561209643,2012
p67_solar_g01,103,0.07053610790376322,2012
p67_solar_g01,104,0.2147775474719112,2012
p67_solar_g01,105,7.543786489248402e-17,2012
p67_solar_g01,106,0.3617132784943752,2012
p67_solar_g01,107,7.925601278718895e-17,2012
p67_solar_g01,108,0.500095679919785,2012
p67_solar_g01,109,8.310860509483272e-17,2012
p67_solar_g01,110,0.6793880433320134,2012
p67_solar_g01,111,8.698536938879187e-17,2012
p67_solar_g01,112,0.7314615532576723,2012
p67_solar_g01,113,0.0,2012
p67_solar_g01,114,0.741080053715163,2012
p67_solar_g01,115,0.0,2012
p67_solar_g01,116,0.5950870983941984,2012
p67_solar_g01,117,0.0,2012
p67_solar_g01,118,0.4696102132526981,2012
p67_solar_g01,119,0.0,2012
p67_solar_g01,120,0.30430174188901843,2012
p67_solar_g01,121,0.10594746810337134,2012
p67_solar_g01,122,0.107195759706966,2012
p67_solar_g01,123,0.3226579444610073,2012
p67_solar_g01,124,1.126838925278487e-16,2012
p67_solar_g01,125,0.5342267507822285,2012
p67_solar_g01,126,1.164027288278287e-16,2012
p67_solar_g01,127,0.8592967251584009,2012
p67_solar_g01,128,1.200569627472236e-16,2012
p67_solar_g01,129,0.97084452931206,2012
p67_solar_g01,130,0.0,2012
p67_solar_g01,131,1.0,2012
p67_solar_g01,132,0.0,2012
p67_solar_g01,133,0.9356893301070538,2012
p67_solar_g01,134,0.0,2012
p67_solar_g01,135,0.8113622098992308,2012
p67_solar_g01,136,0.0,2012
p67_solar_g01,137,0.6307350179978828,2012
p67_solar_g01,138,0.0,2012
p67_solar_g01,139,0.4027327389528492,2012
p67_solar_g01,140,0.1388694028949616,2012
p67_solar_g01,141,1.4207141562344247e-16,2012
p67_solar_g01,142,0.4169280935400947,2012
p67_solar_g01,143,1.4492389769068435e-16,2012
p67_solar_g01,144,0.896930905006209,2012
p67_solar_g01,145,1.4763572946181784e-16,2012
p67_solar_g01,146,1.0,2012
p67_solar_g01,147,1.5019968019695169e-16,2012
p67_solar_g01,148,1.0,2012
p67_solar_g01,149,0.0,2012
p67_solar_g01,150,1.0,2012
p67_solar_g01,151,0.0,2012
p67_solar_g01,152,1.0,2012
p67_solar_g01,153,0.0,2012
p67_solar_g01,154,0.9671082036120215,2012
p67_solar_g01,155,0.0,2012
p67_solar_g01,156,0.4633487419348238,2012
p67_solar_g01,157,0.0,2012
p67_solar_g01,158,0.15908475790390758,2012
p67_solar_g01,159,0.1600397697199701,2012
p67_solar_g01,160,1.6305353748423665e-16,2012
p67_solar_g01,161,0.7602584036197623,2012
p67_solar_g01,162,1.6428874538236022e-16,2012
p67_solar_g01,163,1.0,2012
p67_solar_g01,164,1.65331669185338e-16,2012
p67_solar_g01,165,1.0,2012
p67_solar_g01,166,1.6617952807511713e-16,2012
p67_solar_g01,167,1.0,2012
p67_solar_g01,168,0.0,2012
p67_solar_g01,169,1.0,2012
p67_solar_g01,170,0.0,2012
p67_solar_g01,171,1.0,2012
p67_solar_g01,172,0.0,2012
p67_solar_g01,173,0.7773766194916181,2012
p67_solar_g01,174,0.0,2012
p67_solar_g01,175,0.4850216975591062,2012
p67_solar_g01,176,0.0,2012
p67_solar_g01,177,0.16458757092933185,2012
p67_solar_g01,178,0.48332591338392356,2012
p67_solar_g01,179,1.6673542246425399e-16,2012
p67_solar_g01,180,0.7714072093498464,2012
p67_solar_g01,181,1.6605186685873156e-16,2012
p67_solar_g01,182,1.0,2012
p67_solar_g01,183,1.6517132602839607e-16,2012
p67_solar_g01,184,1.0,2012
p67_solar_g01,185,1.6409614781863196e-16,2012
p67_solar_g01,186,1.0,2012
p67_solar_g01,187,0.0,2012
p67_solar_g01,188,1.0,2012
p67_solar_g01,189,0.0,2012
p67_solar_g01,190,0.9797675512964164,2012
p67_solar_g01,191,0.0,2012
p67_solar_g01,192,0.7354056157492361,2012
p67_solar_g01,193,0.0,2012
p67_solar_g01,194,0.45345468792190385,2012
p67_solar_g01,195,0.15277198597683364,2012
p67_solar_g01,196,0.1520615298910486,2012
p67_solar_g01,197,0.4430073887558929,2012
p67_solar_g01,198,1.5221839670128968e-16,2012
p67_solar_g01,199,0.6986295834519627,2012
p67_solar_g01,200,1.4978291972852178e-16,2012
p67_solar_g01,201,1.0,2012
p67_solar_g01,202,1.4719383652157595e-16,2012
p67_solar_g01,203,1.0,2012
p67_solar_g01,204,0.0,2012
p67_solar_g01,205,1.0,2012
p67_solar_g01,206,0.0,2012
p67_solar_g01,207,1.0,2012
p67_solar_g01,208,0.0,2012
p67_solar_g01,209,0.8343079250226504,2012
p67_solar_g01,210,0.0,2012
p67_solar_g01,211,0.618295443246189,2012
p67_solar_g01,212,0.0,2012
p67_solar_g01,213,0.37635258338795796,2012
p67_solar_g01,214,0.1256961731594197,2012
p67_solar_g01,215,1.265564057392519e-16,2012
p67_solar_g01,216,0.35970374424176743,2012
p67_solar_g01,217,1.2304577338435808e-16,2012
p67_solar_g01,218,0.7374745428664826,2012
p67_solar_g01,219,1.1945282585128372e-16,2012
p67_solar_g01,220,0.8460642069493038,2012
p67_solar_g01,221,1.1578714325828372e-16,2012
p67_solar_g01,222,0.8983426757707264,2012
p67_solar_g01,223,0.0,2012
p67_solar_g01,224,0.8684916484085144,2012
p67_solar_g01,225,0.0,2012
p67_solar_g01,226,0.7644683400172095,2012
p67_solar_g01,227,0.0,2012
p67_solar_g01,228,0.622718594696364,2012
p67_solar_g01,229,0.0,2012
p67_solar_g01,230,0.2837953575264144,2012
p67_solar_g01,231,0.0,2012
p67_solar_g01,232,0.09263944003155014,2012
p67_solar_g01,233,0.09008411205770663,2012
p67_solar_g01,234,9.022701476794404e-17,2012
p67_solar_g01,235,0.40649505733034164,2012
p67_solar_g01,236,8.633800147076172e-17,2012
p67_solar_g01,237,0.5119048979869181,2012
p67_solar_g01,238,8.246454940260198e-17,2012
p67_solar_g01,239,0.5776717915570282,2012
p67_solar_g01,240,7.861698660987405e-17,2012
p67_solar_g02,1,0.0,2012
p67_solar_g02,2,0.6080788843643151,2012
p67_solar_g02,3,0.0,2012
p67_solar_g02,4,0.5269737124080814,2012
p67_solar_g02,5,0.0,2012
p67_solar_g02,6,0.4224945238331211,2012
p67_solar_g02,7,0.0,2012
p67_solar_g02,8,0.18945410076255342,2012
p67_solar_g02,9,0.0,2012
p67_solar_g02,10,0.060833451644619056,2012
p67_solar_g02,11,0.058501281734724325,2012
p67_solar_g02,12,5.826699370100902e-17,2012
p67_solar_g02,13,0.25956730924516996,2012
p67_solar_g02,14,5.481992646976567e-17,2012
p67_solar_g02,15,0.3213582424182353,2012
p67_solar_g02,16,5.147447995955442e-17,2012
p67_solar_g02,17,0.3564901995086516,2012
p67_solar_g02,18,4.823957435996559e-17,2012
p67_solar_g02,19,0.37683236166492384,2012
p67_solar_g02,20,0.0,2012
p67_solar_g02,21,0.34184626929669526,2012
p67_solar_g02,22,0.0,2012
p67_solar_g02,23,0.2907892578290241,2012
p67_solar_g02,24,0.0,2012
p67_solar_g02,25,0.1737614328727831,2012
p67_solar_g02,26,0.0,2012
p67_solar_g02,27,0.10090915160352677,2012
p67_solar_g02,28,0.03267229208738469,2012
p67_solar_g02,29,0.03188402062809716,2012
p67_solar_g02,30,0.08931757272345422,2012
p67_solar_g02,31,3.009992459675547e-17,2012
p67_solar_g02,32,0.13295736739174083,2012
p67_solar_g02,33,2.797337289509234e-17,2012
p67_solar_g02,34,0.16289580550296245,2012
p67_solar_g02,35,2.60200246903339e-17,2012
p67_solar_g02,36,0.1967545471785225,2012
p67_solar_g02,37,2.4245088326499206e-17,2012
p67_solar_g02,38,0.1891424710484626,2012
p67_solar_g02,39,0.0,2012
p67_solar_g02,40,0.1720130234098378,2012
p67_solar_g02,41,0.0,2012
p67_solar_g02,42,0.12479958488364348,2012
p67_solar_g02,43,0.0,2012
p67_solar_g02,44,0.08968540138979607,2012
p67_solar_g02,45,0.0,2012
p67_solar_g02,46,0.053413977261306644,2012
p67_solar_g02,47,0.01768232733558344,2012
p67_solar_g02,48,0.01747806092662285,2012
p67_solar_g02,49,0.0504102275198712,2012
p67_solar_g02,50,1.7268891382016468e-17,2012
p67_solar_g02,51,0.0791117597481988,2012
p67_solar_g02,52,1.6981903589033857e-17,2012
p67_solar_g02,53,0.12221414186298817,2012
p67_solar_g02,54,1.6897426588645043e-17,2012
p67_solar_g02,55,0.13441510622306754,2012
p67_solar_g02,56,0.0,2012
p67_solar_g02,57,0.14050600260511364,2012
p67_solar_g02,58,0.0,2012
p67_solar_g02,59,0.1277030102611794,2012
p67_solar_g02,60,0.0,2012
p67_solar_g02,61,0.1119611551973494,2012
p67_solar_g02,62,0.0,2012
p67_solar_g02,63,0.08893551824810274,2012
p67_solar_g02,64,0.0,2012
p67_solar_g02,65,0.019906019106197326,2012
p67_solar_g02,66,0.020702180791874407,2012
p67_solar_g02,67,2.1469782222885533e-17,2012
p67_solar_g02,68,0.06487842596882588,2012
p67_solar_g02,69,2.2905690470245713e-17,2012
p67_solar_g02,70,0.1464872984053385,2012
p67_solar_g02,71,2.4528314517838572e-17,2012
p67_solar_g02,72,0.18590307554556917,2012
p67_solar_g02,73,2.633332785376373e-17,2012
p67_solar_g02,74,0.2191047975921785,2012
p67_solar_g02,75,0.0,2012
p67_solar_g02,76,0.23573898094348777,2012
p67_solar_g02,77,0.0,2012
p67_solar_g02,78,0.23137154786272754,2012
p67_solar_g02,79,0.0,2012
p67_solar_g02,80,0.21043389090793,2012
p67_solar_g02,81,0.0,2012
p67_solar_g02,82,0.1071776074075076,2012
p67_solar_g02,83,0.0,2012
p67_solar_g02,84,0.039122711287261976,2012
p67_solar_g02,85,0.040994767136214645,2012
p67_solar_g02,86,4.262441927124748e-17,2012
p67_solar_g02,87,0.2069591430450869,2012
p67_solar_g02,88,4.5634492894871987e-17,2012
p67_solar_g02,89,0.2916169841125794,2012
p67_solar_g02,90,4.877067898037924e-17,2012
p67_solar_g02,91,0.3682203495384964,2012
p67_solar_g02,92,5.20246153033582e-17,2012
p67_solar_g02,93,0.4430261093330937,2012
p67_solar_g02,94,0.0,2012
p67_solar_g02,95,0.4573528265055469,2012
p67_solar_g02,96,0.0,2012
p67_solar_g02,97,0.44257048875388993,2012
p67_solar_g02,98,0.0,2012
p67_solar_g02,99,0.30067351661710906,2012
p67_solar_g02,100,0.0,2012
p67_solar_g02,101,0.19835848091267894,2012
p67_solar_g02,102,0.06987940929608587,2012
p67_solar_g02,103,0.07111605639353229,2012
p67_solar_g02,104,0.2165434503264121,2012
p67_solar_g02,105,7.60581156706456e-17,2012
p67_solar_g02,106,0.364687288201268,2012
p67_solar_g02,107,7.990765641039198e-17,2012
p67_solar_g02,108,0.5042074709290822,2012
p67_solar_g02,109,8.379192476533853e-17,2012
p67_solar_g02,110,0.6849739777053011,2012
p67_solar_g02,111,8.77005638488812e-17,2012
p67_solar_g02,112,0.7374756364803347,2012
p67_solar_g02,113,0.0,2012
p67_solar_g02,114,0.7471732203318477,2012
p67_solar_g02,115,0.0,2012
p67_solar_g02,116,0.59997990966847,2012
p67_solar_g02,117,0.0,2012
p67_solar_g02,118,0.47347135249116606,2012
p67_solar_g02,119,0.0,2012
p67_solar_g02,120,0.30680371344496843,2012
p67_solar_g02,121,0.10681856910323426,2012
p67_solar_g02,122,0.1080771241711993,2012
p67_solar_g02,123,0.3253108408734016,2012
p67_solar_g02,124,1.136103804676424e-16,2012
p67_solar_g02,125,0.5386191677516068,2012
p67_solar_g02,126,1.1735979307187237e-16,2012
p67_solar_g02,127,0.8663618702710154,2012
p67_solar_g02,128,1.210440721341848e-16,2012
p67_solar_g02,129,0.9788268214360213,2012
p67_solar_g02,130,0.0,2012
p67_solar_g02,131,1.0,2012
p67_solar_g02,132,0.0,2012
p67_solar_g02,133,0.9433825758788362,2012
p67_solar_g02,134,0.0,2012
p67_solar_g02,135,0.818033237012447,2012
p67_solar_g02,136,0.0,2012
p67_solar_g02,137,0.6359209267757162,2012
p67_solar_g02,138,0.0,2012
p67_solar_g02,139,0.4060440110187099,2012
p67_solar_g02,140,0.14001118832766435,2012
p67_solar_g02,141,1.4323952803251646e-16,2012
p67_solar_g02,142,0.42035607993425145,2012
p67_solar_g02,143,1.4611546323200726e-16,2012
p67_solar_g02,144,0.9043054786713063,2012
p67_solar_g02,145,1.4884959170743753e-16,2012
p67_solar_g02,146,1.0,2012
p67_solar_g02,147,1.5143462326771007e-16,2012
p67_solar_g02,148,1.0,2012
p67_solar_g02,149,0.0,2012
p67_solar_g02,150,1.0,2012
p67_solar_g02,151,0.0,2012
p67_solar_g02,152,1.0,2012
p67_solar_g02,153,0.0,2012
p67_solar_g02,154,0.9750597756337342,2012
p67_solar_g02,155,0.0,2012
p67_solar_g02,156,0.46715839930191483,2012
p67_solar_g02,157,0.0,2012
p67_solar_g02,158,0.16039275416048482,2012
p67_solar_g02,159,0.1613556180919659,2012
p67_solar_g02,160,1.6439416508087842e-16,2012
p67_solar_g02,161,0.7665092547953769,2012
p67_solar_g02,162,1.6563952886903273e-16,2012
p67_solar_g02,163,1.0,2012
p67_solar_g02,164,1.666910276005465e-16,2012
p67_solar_g02,165,1.0,2012
p67_solar_g02,166,1.6754585759345676e-16,2012
p67_solar_g02,167,1.0,2012
p67_solar_g02,168,0.0,2012
p67_solar_g02,169,1.0,2012
p67_solar_g02,170,0.0,2012
p67_solar_g02,171,1.0,2012
p67_solar_g02,172,0.0,2012
p67_solar_g02,173,0.7837682167863123,2012
p67_solar_g02,174,0.0,2012
p67_solar_g02,175,0.48900955015494846,2012
p67_solar_g02,176,0.0,2012
p67_solar_g02,177,0.16594081136223832,2012
p67_solar_g02,178,0.48729982322759824,2012
p67_solar_g02,179,1.681063225510731e-16,2012
p67_solar_g02,180,0.7777497261026817,2012
p67_solar_g02,181,1.67417146745445e-16,2012
p67_solar_g02,182,1.0,2012
p67_solar_g02,183,1.665293661007802e-16,2012
p67_solar_g02,184,1.0,2012
p67_solar_g02,185,1.6544534776646832e-16,2012
p67_solar_g02,186,1.0,2012
p67_solar_g02,187,0.0,2012
p67_solar_g02,188,1.0,2012
p67_solar_g02,189,0.0,2012
p67_solar_g02,190,0.9878232085843737,2012
p67_solar_g02,191,0.0,2012
p67_solar_g02,192,0.7414521270878452,2012
p67_solar_g02,193,0.0,2012
p67_solar_g02,194,0.45718299629125436,2012
p67_solar_g02,195,0.15402807856798098,2012
p67_solar_g02,196,0.15331178110610866,2012
p67_solar_g02,197,0.4466497993410652,2012
p67_solar_g02,198,1.5346993767662144e-16,2012
p67_solar_g02,199,0.704373721934678,2012
p67_solar_g02,200,1.5101443619110113e-16,2012
p67_solar_g02,201,1.0,2012
p67_solar_g02,202,1.4840406551961581e-16,2012
p67_solar_g02,203,1.0,2012
p67_solar_g02,204,0.0,2012
p67_solar_g02,205,1.0,2012
p67_solar_g02,206,0.0,2012
p67_solar_g02,207,1.0,2012
p67_solar_g02,208,0.0,2012
p67_solar_g02,209,0.8411676120042373,2012
p67_solar_g02,210,0.0,2012
p67_solar_g02,211,0.6233790737327329,2012
p67_solar_g02,212,0.0,2012
p67_solar_g02,213,0.37944695758640856,2012
p67_solar_g02,214,0.1267296481832049,2012
p67_solar_g02,215,1.2759695360275492e-16,2012
p67_solar_g02,216,0.36266123154064006,2012
p67_solar_g02,217,1.2405745679824997e-16,2012
p67_solar_g02,218,0.7435380649417591,2012
p67_solar_g02,219,1.204349680194569e-16,2012
p67_solar_g02,220,0.8530205541826581,2012
p67_solar_g02,221,1.167391461524459e-16,2012
p67_solar_g02,222,0.9057288570272704,2012
p67_solar_g02,223,0.0,2012
p67_solar_g02,224,0.8756323942596856,2012
p67_solar_g02,225,0.0,2012
p67_solar_g02,226,0.7707538053263268,2012
p67_solar_g02,227,0.0,2012
p67_solar_g02,228,0.6278385923724196,2012
p67_solar_g02,229,0.0,2012
p67_solar_g02,230,0.28612872541262485,2012
p67_solar_g02,231,0.0,2012
p67_solar_g02,232,0.09340112230940777,2012
p67_solar_g02,233,0.09082478440684352,2012
p67_solar_g02,234,9.096886206440152e-17,2012
p67_solar_g02,235,0.40983726321047,2012
p67_solar_g02,236,8.704787326622516e-17,2012
p67_solar_g02,237,0.5161137844893879,2012
p67_solar_g02,238,8.314257364163111e-17,2012
p67_solar_g02,239,0.5824214140277318,2012
p67_solar_g02,240,7.926337615431557e-17,2012
p67_solar_g03,1,0.0,2012
p67_solar_g03,2,0.6109120052175839,2012
p67_solar_g03,3,0.0,2012
p67_solar_g03,4,0.5294289534173274,2012
p67_solar_g03,5,0.0,2012
p67_solar_g03,6,0.424462982328625,2012
p67_solar_g03,7,0.0,2012
p67_solar_g03,8,0.1903367927576369,2012
p67_solar_g03,9,0.0,2012
p67_solar_g03,10,0.06111688283235198,2012
p67_solar_g03,11,0.05877384703091754,2012
p67_solar_g03,12,5.853846741791695e-17,2012
p67_solar_g03,13,0.2607766680562692,2012
p67_solar_g03,14,5.5075339839395365e-17,2012
p67_solar_g03,15,0.32285549345157233,2012
p67_solar_g03,16,5.171430644643701e-17,2012
p67_solar_g03,17,0.358151135028999,2012
p67_solar_g03,18,4.8464328988988603e-17,2012
p67_solar_g03,19,0.37858807403953704,2012
p67_solar_g03,20,0.0,2012
p67_solar_g03,21,0.3434389767875483,2012
p67_solar_g03,22,0.0,2012
p67_solar_g03,23,0.29214408387453494,2012
p67_solar_g03,24,0.0,2012
p67_solar_g03,25,0.1745710106292618,2012
p67_solar_g03,26,0.0,2012
p67_solar_g03,27,0.10137930083752374,2012
p67_solar_g03,28,0.032824516666163844,2012
p67_solar_g03,29,0.03203257254471559,2012
p67_solar_g03,30,0.08973371524106641,2012
p67_solar_g03,31,3.024016417133967e-17,2012
p67_solar_g03,32,0.13357683354956845,2012
p67_solar_g03,33,2.810370458087058e-17,2012
p67_solar_g03,34,0.1636547588482392,2012
p67_solar_g03,35,2.6141255465564352e-17,2012
p67_solar_g03,36,0.1976712529298983,2012
p67_solar_g03,37,2.4358049435811456e-17,2012
p67_solar_g03,38,0.19002371111902744,2012
p67_solar_g03,39,0.0,2012
p67_solar_g03,40,0.17281445509277754,2012
p67_solar_g03,41,0.0,2012
p67_solar_g03,42,0.12538104284165622,2012
p67_solar_g03,43,0.0,2012
p67_solar_g03,44,0.0901032576703621,2012
p67_solar_g03,45,0.0,2012
p67_solar_g03,46,0.05366284012552735,2012
p67_solar_g03,47,0.017764711663664716,2012
p67_solar_g03,48,0.01755949355018399,2012
p67_solar_g03,49,0.05064509551229273,2012
p67_solar_g03,50,1.73493494566927e-17,2012
p67_solar_g03,51,0.07948035201812398,2012
p67_solar_g03,52,1.7061024549197748e-17,2012
p67_solar_g03,53,0.12278355389616269,2012
p67_solar_g03,54,1.6976153959165258e-17,2012
p67_solar_g03,55,0.13504136418108398,2012
p67_solar_g03,56,0.0,2012
p67_solar_g03,57,0.1411606388640361,2012
p67_solar_g03,58,0.0,2012
p67_solar_g03,59,0.12829799566636144,2012
p67_solar_g03,60,0.0,2012
p67_solar_g03,61,0.1124827971943039,2012
p67_solar_g03,62,0.0,2012
p67_solar_g03,63,0.08934988072281418,2012
p67_solar_g03,64,0.0,2012
p67_solar_g03,65,0.019998763911658366,2012
p67_solar_g03,66,0.02079863502111625,2012
p67_solar_g03,67,2.1569812809861736e-17,2012
p67_solar_g03,68,0.06518070323295369,2012
p67_solar_g03,69,2.301241114580019e-17,2012
p67_solar_g03,70,0.14716980232139706,2012
p67_solar_g03,71,2.4642595215857993e-17,2012
p67_solar_g03,72,0.18676922283921438,2012
p67_solar_g03,73,2.645601835033714e-17,2012
p67_solar_g03,74,0.22012563614959457,2012
p67_solar_g03,75,0.0,2012
p67_solar_g03,76,0.23683732038597233,2012
p67_solar_g03,77,0.0,2012
p67_solar_g03,78,0.2324495388503413,2012
p67_solar_g03,79,0.0,2012
p67_solar_g03,80,0.21141433055136374,2012
p67_solar_g03,81,0.0,2012
p67_solar_g03,82,0.10767696221550607,2012
p67_solar_g03,83,0.0,2012
p67_solar_g03,84,0.039304989231841864,2012
p67_solar_g03,85,0.0411857672393837,2012
p67_solar_g03,86,4.282301214168087e-17,2012
p67_solar_g03,87,0.20792339337347748,2012
p67_solar_g03,88,4.584711010091749e-17,2012
p67_solar_g03,89,0.2929756666455544,2012
p67_solar_g03,90,4.89979080968644e-17,2012
p67_solar_g03,91,0.3699359373967494,2012
p67_solar_g03,92,5.22670049443886e-17,2012
p67_solar_g03,93,0.4450902272315573,2012
p67_solar_g03,94,0.0,2012
p67_solar_g03,95,0.4594836944955263,2012
p67_solar_g03,96,0.0,2012
p67_solar_g03,97,0.4446324838551354,2012
p67_solar_g03,98,0.0,2012
p67_solar_g03,99,0.3020743947463408,2012
p67_solar_g03,100,0.0,2012
p67_solar_g03,101,0.1992826596058495,2012
p67_solar_g03,102,0.07020498681042073,2012
p67_solar_g03,103,0.07144739561209663,2012
p67_solar_g03,104,0.2175523552243348,2012
p67_solar_g03,105,7.641248060438623e-17,2012
p67_solar_g03,106,0.36638641505420116,2012
p67_solar_g03,107,8.02799568693181e-17,2012
p67_solar_g03,108,0.5065566409742753,2012
p67_solar_g03,109,8.41823225500542e-17,2012
p67_solar_g03,110,0.6881653630832231,2012
p67_solar_g03,111,8.810917250587056e-17,2012
p67_solar_g03,112,0.7409116341086265,2012
p67_solar_g03,113,0.0,2012
p67_solar_g03,114,0.750654400300363,2012
p67_solar_g03,115,0.0,2012
p67_solar_g03,116,0.6027752963153868,2012
p67_solar_g03,117,0.0,2012
p67_solar_g03,118,0.47567731884957765,2012
p67_solar_g03,119,0.0,2012
p67_solar_g03,120,0.3082331529811396,2012
p67_solar_g03,121,0.10731625110375147,2012
p67_solar_g03,122,0.10858066994811086,2012
p67_solar_g03,123,0.32682650759160436,2012
p67_solar_g03,124,1.1413970642571637e-16,2012
p67_solar_g03,125,0.5411286664948868,2012
p67_solar_g03,126,1.1790658804475623e-16,2012
p67_solar_g03,127,0.8703983661011703,2012
p67_solar_g03,128,1.2160803265599513e-16,2012
p67_solar_g03,129,0.9833873065159271,2012
p67_solar_g03,130,0.0,2012
p67_solar_g03,131,1.0,2012
p67_solar_g03,132,0.0,2012
p67_solar_g03,133,0.9477779214779961,2012
p67_solar_g03,134,0.0,2012
p67_solar_g03,135,0.8218445632762585,2012
p67_solar_g03,136,0.0,2012
p67_solar_g03,137,0.6388837674284742,2012
p67_solar_g03,138,0.0,2012
p67_solar_g03,139,0.40793582437474285,2012
p67_solar_g03,140,0.14066351918068637,2012
p67_solar_g03,141,1.439069001520163e-16,2012
p67_solar_g03,142,0.42231457513361204,2012
p67_solar_g03,143,1.4679623471826005e-16,2012
p67_solar_g03,144,0.9085187588479846,2012
p67_solar_g03,145,1.4954310186394911e-16,2012
p67_solar_g03,146,1.0,2012
p67_solar_g03,147,1.5214017743201092e-16,2012
p67_solar_g03,148,1.0,2012
p67_solar_g03,149,0.0,2012
p67_solar_g03,150,1.0,2012
p67_solar_g03,151,0.0,2012
p67_solar_g03,152,1.0,2012
p67_solar_g03,153,0.0,2012
p67_solar_g03,154,0.9796027095434019,2012
p67_solar_g03,155,0.0,2012
p67_solar_g03,156,0.4693349527670553,2012
p67_solar_g03,157,0.0,2012
p67_solar_g03,158,0.16114004545477195,2012
p67_solar_g03,159,0.16210739549809358,2012
p67_solar_g03,160,1.6516009948383543e-16,2012
p67_solar_g03,161,0.7700805239346672,2012
p67_solar_g03,162,1.6641126558844711e-16,2012
p67_solar_g03,163,1.0,2012
p67_solar_g03,164,1.6746766339318977e-16,2012
p67_solar_g03,165,1.0,2012
p67_solar_g03,166,1.6832647615337115e-16,2012
p67_solar_g03,167,1.0,2012
p67_solar_g03,168,0.0,2012
p67_solar_g03,169,1.0,2012
p67_solar_g03,170,0.0,2012
p67_solar_g03,171,1.0,2012
p67_solar_g03,172,0.0,2012
p67_solar_g03,173,0.7874198977379175,2012
p67_solar_g03,174,0.0,2012
p67_solar_g03,175,0.49128791105452135,2012
p67_solar_g03,176,0.0,2012
p67_solar_g03,177,0.1667139517970853,2012
p67_solar_g03,178,0.4895702182807393,2012
p67_solar_g03,179,1.6888955239218766e-16,2012
p67_solar_g03,180,0.7813733661012143,2012
p67_solar_g03,181,1.6819716562430333e-16,2012
p67_solar_g03,182,1.0,2012
p67_solar_g03,183,1.673052486908737e-16,2012
p67_solar_g03,184,1.0,2012
p67_solar_g03,185,1.6621617977015398e-16,2012
p67_solar_g03,186,1.0,2012
p67_solar_g03,187,0.0,2012
p67_solar_g03,188,1.0,2012
p67_solar_g03,189,0.0,2012
p67_solar_g03,190,0.9924256090352772,2012
p67_solar_g03,191,0.0,2012
p67_solar_g03,192,0.7449066517177361,2012
p67_solar_g03,193,0.0,2012
p67_solar_g03,194,0.45931307301955043,2012
p67_solar_g03,195,0.1547457159874024,2012
p67_solar_g03,196,0.1540260811998499,2012
p67_solar_g03,197,0.44873080049594716,2012
p67_solar_g03,198,1.5418497464297826e-16,2012
p67_solar_g03,199,0.7076554933156951,2012
p67_solar_g03,200,1.517180326476117e-16,2012
p67_solar_g03,201,1.0,2012
p67_solar_g03,202,1.4909549991002885e-16,2012
p67_solar_g03,203,1.0,2012
p67_solar_g03,204,0.0,2012
p67_solar_g03,205,1.0,2012
p67_solar_g03,206,0.0,2012
p67_solar_g03,207,1.0,2012
p67_solar_g03,208,0.0,2012
p67_solar_g03,209,0.8450867244153759,2012
p67_solar_g03,210,0.0,2012
p67_solar_g03,211,0.6262834802146813,2012
p67_solar_g03,212,0.0,2012
p67_solar_g03,213,0.38121485171312414,2012
p67_solar_g03,214,0.12732009856427773,2012
p67_solar_g03,215,1.2819144487578022e-16,2012
p67_solar_g03,216,0.3643509187246048,2012
p67_solar_g03,217,1.2463545708225266e-16,2012
p67_solar_g03,218,0.7470023082351072,2012
p67_solar_g03,219,1.2099609064372855e-16,2012
p67_solar_g03,220,0.856994891036746,2012
p67_solar_g03,221,1.1728304944832013e-16,2012
p67_solar_g03,222,0.909948768914087,2012
p67_solar_g03,223,0.0,2012
p67_solar_g03,224,0.8797120827010434,2012
p67_solar_g03,225,0.0,2012
p67_solar_g03,226,0.7743448503942525,2012
p67_solar_g03,227,0.0,2012
p67_solar_g03,228,0.6307637763481742,2012
p67_solar_g03,229,0.0,2012
p67_solar_g03,230,0.28746183741425796,2012
p67_solar_g03,231,0.0,2012
p67_solar_g03,232,0.09383629063071877,2012
p67_solar_g03,233,0.09124794922527932,2012
p67_solar_g03,234,9.139269815991438e-17,2012
p67_solar_g03,235,0.41174674983581466,2012
p67_solar_g03,236,8.745344095049206e-17,2012
p67_solar_g03,237,0.518518427641937,2012
p67_solar_g03,238,8.352994601261023e-17,2012
p67_solar_g03,239,0.5851349932949963,2012
p67_solar_g03,240,7.963267482535565e-17,2012
p67_solar_g04,1,0.0,2012
p67_solar_g04,2,0.6122769537967194,2012
p67_solar_g04,3,0.0,2012
p67_solar_g04,4,0.5306118460295995,2012
p67_solar_g04,5,0.0,2012
p67_solar_g04,6,0.42541135155312365,2012
p67_solar_g04,7,0.0,2012
p67_solar_g04,8,0.19076205847939862,2012
p67_solar_g04,9,0.0,2012
p67_solar_g04,10,0.061253435071742836,2012
p67_solar_g04,11,0.05890516427187864,2012
p67_solar_g04,12,5.86692587548762e-17,2012
p67_solar_g04,13,0.2613593161946183,2012
p67_solar_g04,14,5.519839357907825e-17,2012
p67_solar_g04,15,0.32357684307850576,2012
p67_solar_g04,16,5.182985069585785e-17,2012
p67_solar_g04,17,0.35895134500801146,2012
p67_solar_g04,18,4.857261187822192e-17,2012
p67_solar_g04,19,0.37943394586612506,2012
p67_solar_g04,20,0.0,2012
p67_solar_g04,21,0.34420631568313764,2012
p67_solar_g04,22,0.0,2012
p67_solar_g04,23,0.29279681560804444,2012
p67_solar_g04,24,0.0,2012
p67_solar_g04,25,0.1749610511766428,2012
p67_solar_g04,26,0.0,2012
p67_solar_g04,27,0.10160581059907713,2012
p67_solar_g04,28,0.032897855832855025,2012
p67_solar_g04,29,0.03210414228636012,2012
p67_solar_g04,30,0.08993420550164859,2012
p67_solar_g04,31,3.030772917049826e-17,2012
p67_solar_g04,32,0.13387528161999715,2012
p67_solar_g04,33,2.816649613073125e-17,2012
p67_solar_g04,34,0.16402040943073043,2012
p67_solar_g04,35,2.619966235428122e-17,2012
p67_solar_g04,36,0.1981129058905837,2012
p67_solar_g04,37,2.4412472142656256e-17,2012
p67_solar_g04,38,0.1904482773286923,2012
p67_solar_g04,39,0.0,2012
p67_solar_g04,40,0.17320057100295508,2012
p67_solar_g04,41,0.0,2012
p67_solar_g04,42,0.12566117921942524,2012
p67_solar_g04,43,0.0,2012
p67_solar_g04,44,0.09030457359226618,2012
p67_solar_g04,45,0.0,2012
p67_solar_g04,46,0.053782737945108794,2012
p67_solar_g04,47,0.017804403006668256,2012
p67_solar_g04,48,0.01759872637842597,2012
p67_solar_g04,49,0.050758250844925405,2012
p67_solar_g04,50,1.738811276415366e-17,2012
p67_solar_g04,51,0.07965793339257692,2012
p67_solar_g04,52,1.709914365803525e-17,2012
p67_solar_g04,53,0.12305788675588789,2012
p67_solar_g04,54,1.7014083443326397e-17,2012
p67_solar_g04,55,0.13534308442326165,2012
p67_solar_g04,56,0.0,2012
p67_solar_g04,57,0.14147603128029532,2012
p67_solar_g04,58,0.0,2012
p67_solar_g04,59,0.12858464933398475,2012
p67_solar_g04,60,0.0,2012
p67_solar_g04,61,0.1127341152775897,2012
p67_solar_g04,62,0.0,2012
p67_solar_g04,63,0.08954951338954349,2012
p67_solar_g04,64,0.0,2012
p67_solar_g04,65,0.020043446753299304,2012
p67_solar_g04,66,0.020845104998915953,2012
p67_solar_g04,67,2.1618005814902707e-17,2012
p67_solar_g04,68,0.0653263351856818,2012
p67_solar_g04,69,2.3063827319697046e-17,2012
p67_solar_g04,70,0.14749862089240995,2012
p67_solar_g04,71,2.4697653677696732e-17,2012
p67_solar_g04,72,0.18718651761025076,2012
p67_solar_g04,73,2.6515128507525845e-17,2012
p67_solar_g04,74,0.22061745849344702,2012
p67_solar_g04,75,0.0,2012
p67_solar_g04,76,0.2373664813145286,2012
p67_solar_g04,77,0.0,2012
p67_solar_g04,78,0.23296889624562034,2012
p67_solar_g04,79,0.0,2012
p67_solar_g04,80,0.2118866893978595,2012
p67_solar_g04,81,0.0,2012
p67_solar_g04,82,0.10791754271699637,2012
p67_solar_g04,83,0.0,2012
p67_solar_g04,84,0.03939280758988155,2012
p67_solar_g04,85,0.041277787782430624,2012
p67_solar_g04,86,4.2918690748547134e-17,2012
p67_solar_g04,87,0.20838795248826048,2012
p67_solar_g04,88,4.5949545389887515e-17,2012
p67_solar_g04,89,0.29363025636795925,2012
p67_solar_g04,90,4.9107383151317806e-17,2012
p67_solar_g04,91,0.3707624779260046,2012
p67_solar_g04,92,5.2383784077103636e-17,2012
p67_solar_g04,93,0.44608468350031316,2012
p67_solar_g04,94,0.0,2012
p67_solar_g04,95,0.4605103098027738,2012
p67_solar_g04,96,0.0,2012
p67_solar_g04,97,0.4456259173969422,2012
p67_solar_g04,98,0.0,2012
p67_solar_g04,99,0.3027493135765173,2012
p67_solar_g04,100,0.0,2012
p67_solar_g04,101,0.1997279129005175,2012
p67_solar_g04,102,0.0703618444203166,2012
p67_solar_g04,103,0.07160702911134165,2012
p67_solar_g04,104,0.218038428137643,2012
p67_solar_g04,105,7.658320749457402e-17,2012
p67_solar_g04,106,0.3672050249560719,2012
p67_solar_g04,107,8.045932478503424e-17,2012
p67_solar_g04,108,0.5076884304324041,2012
p67_solar_g04,109,8.437040944402859e-17,2012
p67_solar_g04,110,0.689702917307937,2012
p67_solar_g04,111,8.830603308283347e-17,2012
p67_solar_g04,112,0.7425670382807567,2012
p67_solar_g04,113,0.0,2012
p67_solar_g04,114,0.7523315725418006,2012
p67_solar_g04,115,0.0,2012
p67_solar_g04,116,0.6041220652071697,2012
p67_solar_g04,117,0.0,2012
p67_solar_g04,118,0.4767401152506068,2012
p67_solar_g04,119,0.0,2012
p67_solar_g04,120,0.3089218322027147,2012
p67_solar_g04,121,0.10755602567555753,2012
p67_solar_g04,122,0.108823269585868,2012
p67_solar_g04,123,0.32755672957668736,2012
p67_solar_g04,124,1.143947265084421e-16,2012
p67_solar_g04,125,0.5423376995440878,2012
p67_solar_g04,126,1.1817002439638775e-16,2012
p67_solar_g04,127,0.8723430799109252,2012
p67_solar_g04,128,1.2187973907192348e-16,2012
p67_solar_g04,129,0.9855844692747286,2012
p67_solar_g04,130,0.0,2012
p67_solar_g04,131,1.0,2012
p67_solar_g04,132,0.0,2012
p67_solar_g04,133,0.9498955228939263,2012
p67_solar_g04,134,0.0,2012
p67_solar_g04,135,0.8236807942871629,2012
p67_solar_g04,136,0.0,2012
p67_solar_g04,137,0.6403112127612496,2012
p67_solar_g04,138,0.0,2012
p67_solar_g04,139,0.40884726729795157,2012
p67_solar_g04,140,0.14097780089229475,2012
p67_solar_g04,141,1.4422842848541407e-16,2012
p67_solar_g04,142,0.42325814421451685,2012
p67_solar_g04,143,1.471242186345849e-16,2012
p67_solar_g04,144,0.9105486442953429,2012
p67_solar_g04,145,1.4987722305106841e-16,2012
p67_solar_g04,146,1.0,2012
p67_solar_g04,147,1.5248010121357304e-16,2012
p67_solar_g04,148,1.0,2012
p67_solar_g04,149,0.0,2012
p67_solar_g04,150,1.0,2012
p67_solar_g04,151,0.0,2012
p67_solar_g04,152,1.0,2012
p67_solar_g04,153,0.0,2012
p67_solar_g04,154,0.9817914164522347,2012
p67_solar_g04,155,0.0,2012
p67_solar_g04,156,0.4703835785453127,2012
p67_solar_g04,157,0.0,2012
p67_solar_g04,158,0.1615000774629938,2012
p67_solar_g04,159,0.16246958883733512,2012
p67_solar_g04,160,1.655291134190585e-16,2012
p67_solar_g04,161,0.7718010995789292,2012
p67_solar_g04,162,1.6678307497928763e-16,2012
p67_solar_g04,163,1.0,2012
p67_solar_g04,164,1.678418330726975e-16,2012
p67_solar_g04,165,1.0,2012
p67_solar_g04,166,1.6870256466119907e-16,2012
p67_solar_g04,167,1.0,2012
p67_solar_g04,168,0.0,2012
p67_solar_g04,169,1.0,2012
p67_solar_g04,170,0.0,2012
p67_solar_g04,171,1.0,2012
p67_solar_g04,172,0.0,2012
p67_solar_g04,173,0.7891792144012358,2012
p67_solar_g04,174,0.0,2012
p67_solar_g04,175,0.4923855858921627,2012
p67_solar_g04,176,0.0,2012
p67_solar_g04,177,0.16708643747371965,2012
p67_solar_g04,178,0.49066405531147733,2012
p67_solar_g04,179,1.692668989700904e-16,2012
p67_solar_g04,180,0.7831191731187968,2012
p67_solar_g04,181,1.6857296521618033e-16,2012
p67_solar_g04,182,1.0,2012
p67_solar_g04,183,1.6767905549043267e-16,2012
p67_solar_g04,184,1.0,2012
p67_solar_g04,185,1.6658755328461916e-16,2012
p67_solar_g04,186,1.0,2012
p67_solar_g04,187,0.0,2012
p67_solar_g04,188,1.0,2012
p67_solar_g04,189,0.0,2012
p67_solar_g04,190,0.9946429658941722,2012
p67_solar_g04,191,0.0,2012
p67_solar_g04,192,0.7465709818784908,2012
p67_solar_g04,193,0.0,2012
p67_solar_g04,194,0.46033930711061755,2012
p67_solar_g04,195,0.1550914612720921,2012
p67_solar_g04,196,0.15437021861880384,2012
p67_solar_g04,197,0.4497333908253567,2012
p67_solar_g04,198,1.545294670744014e-16,2012
p67_solar_g04,199,0.7092365939519066,2012
p67_solar_g04,200,1.52057013239453e-16,2012
p67_solar_g04,201,1.0,2012
p67_solar_g04,202,1.4942862102897825e-16,2012
p67_solar_g04,203,1.0,2012
p67_solar_g04,204,0.0,2012
p67_solar_g04,205,1.0,2012
p67_solar_g04,206,0.0,2012
p67_solar_g04,207,1.0,2012
p67_solar_g04,208,0.0,2012
p67_solar_g04,209,0.8469748849260312,2012
p67_solar_g04,210,0.0,2012
p67_solar_g04,211,0.6276827729755932,2012
p67_solar_g04,212,0.0,2012
p67_solar_g04,213,0.3820665924969804,2012
p67_solar_g04,214,0.12760456733579714,2012
p67_solar_g04,215,1.28477860479085e-16,2012
p67_solar_g04,216,0.3651649807573893,2012
p67_solar_g04,217,1.249139276125441e-16,2012
p67_solar_g04,218,0.7486713206796627,2012
p67_solar_g04,219,1.2126642980975345e-16,2012
p67_solar_g04,220,0.8589096577279497,2012
p67_solar_g04,221,1.1754509264003014e-16,2012
p67_solar_g04,222,0.9119818494045795,2012
p67_solar_g04,223,0.0,2012
p67_solar_g04,224,0.8816776059631105,2012
p67_solar_g04,225,0.0,2012
p67_solar_g04,226,0.7760749537385634,2012
p67_solar_g04,227,0.0,2012
p67_solar_g04,228,0.6321730793458948,2012
p67_solar_g04,229,0.0,2012
p67_solar_g04,230,0.2881041076973481,2012
p67_solar_g04,231,0.0,2012
p67_solar_g04,232,0.09404594719414175,2012
p67_solar_g04,233,0.09145182270882582,2012
p67_solar_g04,234,9.159689505313522e-17,2012
p67_solar_g04,235,0.412666707434212,2012
p67_solar_g04,236,8.764883643944367e-17,2012
p67_solar_g04,237,0.5196769430828202,2012
p67_solar_g04,238,8.371657531462334e-17,2012
p67_solar_g04,239,0.5864423488075403,2012
p67_solar_g04,240,7.981059653163629e-17,2012
p67_solar_g05,1,0.0,2012
p67_solar_g05,2,0.6140493949432984,2012
p67_solar_g05,3,0.0,2012
p67_solar_g05,4,0.5321478801117794,2012
p67_solar_g05,5,0.0,2012
p67_solar_g05,6,0.4266428474946888,2012
p67_solar_g05,7,0.0,2012
p67_solar_g05,8,0.1913142832847883,2012
p67_solar_g05,9,0.0,2012
p67_solar_g05,10,0.06143075369857866,2012
p67_solar_g05,11,0.059075685040713796,2012
p67_solar_g05,12,5.883909661601339e-17,2012
p67_solar_g05,13,0.2621159084576334,2012
p67_solar_g05,14,5.535818385600756e-17,2012
p67_solar_g05,15,0.32451354485569345,2012
p67_solar_g05,16,5.1979889594798475e-17,2012
p67_solar_g05,17,0.3599904501540844,2012
p67_solar_g05,18,4.871322160614964e-17,2012
p67_solar_g05,19,0.3805323447751344,2012
p67_solar_g05,20,0.0,2012
p67_solar_g05,21,0.3452027363928279,2012
p67_solar_g05,22,0.0,2012
p67_solar_g05,23,0.2936444142647518,2012
p67_solar_g05,24,0.0,2012
p67_solar_g05,25,0.17546753466296577,2012
p67_solar_g05,26,0.0,2012
p67_solar_g05,27,0.10189994272069394,2012
p67_solar_g05,28,0.032993089718355365,2012
p67_solar_g05,29,0.03219707850159918,2012
p67_solar_g05,30,0.09019455024486903,2012
p67_solar_g05,31,3.039546506502777e-17,2012
p67_solar_g05,32,0.13426282855636593,2012
p67_solar_g05,33,2.824803350754658e-17,2012
p67_solar_g05,34,0.16449522155741755,2012
p67_solar_g05,35,2.6275506070585168e-17,2012
p67_solar_g05,36,0.1986864101910336,2012
p67_solar_g05,37,2.4483142237042533e-17,2012
p67_solar_g05,38,0.19099959378922415,2012
p67_solar_g05,39,0.0,2012
p67_solar_g05,40,0.17370195818853013,2012
p67_solar_g05,41,0.0,2012
p67_solar_g05,42,0.12602494767942526,2012
p67_solar_g05,43,0.0,2012
p67_solar_g05,44,0.09056599049023477,2012
p67_solar_g05,45,0.0,2012
p67_solar_g05,46,0.05393843013165683,2012
p67_solar_g05,47,0.017855943827016968,2012
p67_solar_g05,48,0.017649671798741204,2012
p67_solar_g05,49,0.05090518763842717,2012
p67_solar_g05,50,1.743844849267231e-17,2012
p67_solar_g05,51,0.07988853001706347,2012
p67_solar_g05,52,1.714864286848704e-17,2012
p67_solar_g05,53,0.1234141191120866,2012
p67_solar_g05,54,1.7063336418437217e-17,2012
p67_solar_g05,55,0.13573488040749584,2012
p67_solar_g05,56,0.0,2012
p67_solar_g05,57,0.14188558113766123,2012
p67_solar_g05,58,0.0,2012
p67_solar_g05,59,0.12895688075946096,2012
p67_solar_g05,60,0.0,2012
p67_solar_g05,61,0.1130604620121877,2012
p67_solar_g05,62,0.0,2012
p67_solar_g05,63,0.08980874451232791,2012
p67_solar_g05,64,0.0,2012
p67_solar_g05,65,0.020101469237282274,2012
p67_solar_g05,66,0.020905448151758356,2012
p67_solar_g05,67,2.1680586388572377e-17,2012
p67_solar_g05,68,0.06551544418892014,2012
p67_solar_g05,69,2.313059330898593e-17,2012
p67_solar_g05,70,0.14792560515682202,2012
p67_solar_g05,71,2.4769149325754127e-17,2012
p67_solar_g05,72,0.18772839181250495,2012
p67_solar_g05,73,2.659188544649299e-17,2012
p67_solar_g05,74,0.2212561097748037,2012
p67_solar_g05,75,0.0,2012
p67_solar_g05,76,0.23805361826406043,2012
p67_solar_g05,77,0.0,2012
p67_solar_g05,78,0.23364330290917068,2012
p67_solar_g05,79,0.0,2012
p67_solar_g05,80,0.2125000665376854,2012
p67_solar_g05,81,0.0,2012
p67_solar_g05,82,0.10822994626568978,2012
p67_solar_g05,83,0.0,2012
p67_solar_g05,84,0.039506843293199485,2012
p67_solar_g05,85,0.04139728019358811,2012
p67_solar_g05,86,4.3042933304090513e-17,2012
p67_solar_g05,87,0.20899120135979019,2012
p67_solar_g05,88,4.6082561771462237e-17,2012
p67_solar_g05,89,0.2944802676986811,2012
p67_solar_g05,90,4.924954095418541e-17,2012
p67_solar_g05,91,0.37183577436058146,2012
p67_solar_g05,92,5.253542652213774e-17,2012
p67_solar_g05,93,0.44737602533996873,2012
p67_solar_g05,94,0.0,2012
p67_solar_g05,95,0.4618434114595597,2012
p67_solar_g05,96,0.0,2012
p67_solar_g05,97,0.4469159311841319,2012
p67_solar_g05,98,0.0,2012
p67_solar_g05,99,0.30362572307903746,2012
p67_solar_g05,100,0.0,2012
p67_solar_g05,101,0.20030609238081645,2012
p67_solar_g05,102,0.07056553039514614,2012
p67_solar_g05,103,0.0718143196911915,2012
p67_solar_g05,104,0.21866961355001252,2012
p67_solar_g05,105,7.680490329295195e-17,2012
p67_solar_g05,106,0.3682680231490085,2012
p67_solar_g05,107,8.06922413058842e-17,2012
p67_solar_g05,108,0.5091581049941535,2012
p67_solar_g05,109,8.461464791213521e-17,2012
p67_solar_g05,110,0.6916994938930455,2012
p67_solar_g05,111,8.856166453451005e-17,2012
p67_solar_g05,112,0.7447166478072635,2012
p67_solar_g05,113,0.0,2012
p67_solar_g05,114,0.7545094487900812,2012
p67_solar_g05,115,0.0,2012
p67_solar_g05,116,0.6058708992916303,2012
p67_solar_g05,117,0.0,2012
p67_solar_g05,118,0.47812019952661156,2012
p67_solar_g05,119,0.0,2012
p67_solar_g05,120,0.3098161101321342,2012
p67_solar_g05,121,0.10786738269183539,2012
p67_solar_g05,122,0.10913829506498031,2012
p67_solar_g05,123,0.32850495247114775,2012
p67_solar_g05,124,1.1472588043961312e-16,2012
p67_solar_g05,125,0.5439076780449151,2012
p67_solar_g05,126,1.1851210719443134e-16,2012
p67_solar_g05,127,0.8748683697477869,2012
p67_solar_g05,128,1.2223256088421908e-16,2012
p67_solar_g05,129,0.9884375743212918,2012
p67_solar_g05,130,0.0,2012
p67_solar_g05,131,1.0,2012
p67_solar_g05,132,0.0,2012
p67_solar_g05,133,0.9526453143066,2012
p67_solar_g05,134,0.0,2012
p67_solar_g05,135,0.8260652148053423,2012
p67_solar_g05,136,0.0,2012
p67_solar_g05,137,0.6421648084797823,2012
p67_solar_g05,138,0.0,2012
p67_solar_g05,139,0.41003081293809307,2012
p67_solar_g05,140,0.1413859084545772,2012
p67_solar_g05,141,1.446459460803011e-16,2012
p67_solar_g05,142,0.42448340697474074,2012
p67_solar_g05,143,1.4755011906599784e-16,2012
p67_solar_g05,144,0.9131845329615795,2012
p67_solar_g05,145,1.5031109297777954e-16,2012
p67_solar_g05,146,1.0,2012
p67_solar_g05,147,1.5292150604475208e-16,2012
p67_solar_g05,148,1.0,2012
p67_solar_g05,149,0.0,2012
p67_solar_g05,150,1.0,2012
p67_solar_g05,151,0.0,2012
p67_solar_g05,152,1.0,2012
p67_solar_g05,153,0.0,2012
p67_solar_g05,154,0.9846335412343079,2012
p67_solar_g05,155,0.0,2012
p67_solar_g05,156,0.4717452616923245,2012
p67_solar_g05,157,0.0,2012
p67_solar_g05,158,0.1619675936428795,2012
p67_solar_g05,159,0.16293991159329935,2012
p67_solar_g05,160,1.6600829299581924e-16,2012
p67_solar_g05,161,0.7740353369079447,2012
p67_solar_g05,162,1.6726588456866242e-16,2012
p67_solar_g05,163,1.0,2012
p67_solar_g05,164,1.6832770759273381e-16,2012
p67_solar_g05,165,1.0,2012
p67_solar_g05,166,1.691909308577131e-16,2012
p67_solar_g05,167,1.0,2012
p67_solar_g05,168,0.0,2012
p67_solar_g05,169,1.0,2012
p67_solar_g05,170,0.0,2012
p67_solar_g05,171,1.0,2012
p67_solar_g05,172,0.0,2012
p67_solar_g05,173,0.7914637585163716,2012
p67_solar_g05,174,0.0,2012
p67_solar_g05,175,0.4938109612341642,2012
p67_solar_g05,176,0.0,2012
p67_solar_g05,177,0.16757012524765474,2012
p67_solar_g05,178,0.4920844471054008,2012
p67_solar_g05,179,1.6975689882167392e-16,2012
p67_solar_g05,180,0.7853861744104564,2012
p67_solar_g05,181,1.6906095624360217e-16,2012
p67_solar_g05,182,1.0,2012
p67_solar_g05,183,1.6816445879612267e-16,2012
p67_solar_g05,184,1.0,2012
p67_solar_g05,185,1.6706979687082407e-16,2012
p67_solar_g05,186,1.0,2012
p67_solar_g05,187,0.0,2012
p67_solar_g05,188,1.0,2012
p67_solar_g05,189,0.0,2012
p67_solar_g05,190,0.9975222937995818,2012
p67_solar_g05,191,0.0,2012
p67_solar_g05,192,0.7487321821636196,2012
p67_solar_g05,193,0.0,2012
p67_solar_g05,194,0.4616719137427159,2012
p67_solar_g05,195,0.1555404255614339,2012
p67_solar_g05,196,0.1548170950292088,2012
p67_solar_g05,197,0.4510352950730118,2012
p67_solar_g05,198,1.5497680448291098e-16,2012
p67_solar_g05,199,0.7112897173203181,2012
p67_solar_g05,200,1.5249719330048625e-16,2012
p67_solar_g05,201,1.0,2012
p67_solar_g05,202,1.4986119232656828e-16,2012
p67_solar_g05,203,1.0,2012
p67_solar_g05,204,0.0,2012
p67_solar_g05,205,1.0,2012
p67_solar_g05,206,0.0,2012
p67_solar_g05,207,1.0,2012
p67_solar_g05,208,0.0,2012
p67_solar_g05,209,0.8494267380079623,2012
p67_solar_g05,210,0.0,2012
p67_solar_g05,211,0.6294998114365737,2012
p67_solar_g05,212,0.0,2012
p67_solar_g05,213,0.3831726124852808,2012
p67_solar_g05,214,0.12797396158497618,2012
p67_solar_g05,215,1.2884978276837822e-16,2012
p67_solar_g05,216,0.3662220733576752,2012
p67_solar_g05,217,1.2527553290196146e-16,2012
p67_solar_g05,218,0.7508386011004063,2012
p67_solar_g05,219,1.2161747619253937e-16,2012
p67_solar_g05,220,0.8613960600155269,2012
p67_solar_g05,221,1.178853663633537e-16,2012
p67_solar_g05,222,0.9146218869640439,2012
p67_solar_g05,223,0.0,2012
p67_solar_g05,224,0.884229917718658,2012
p67_solar_g05,225,0.0,2012
p67_solar_g05,226,0.7783215631729146,2012
p67_solar_g05,227,0.0,2012
p67_solar_g05,228,0.6340031165057847,2012
p67_solar_g05,229,0.0,2012
p67_solar_g05,230,0.2889381217359538,2012
p67_solar_g05,231,0.0,2012
p67_solar_g05,232,0.09431819475375057,2012
p67_solar_g05,233,0.09171656070442344,2012
p67_solar_g05,234,9.186205300932533e-17,2012
p67_solar_g05,235,0.4138613097257797,2012
p67_solar_g05,236,8.790256541485536e-17,2012
p67_solar_g05,237,0.5211813224182446,2012
p67_solar_g05,238,8.39589210403904e-17,2012
p67_solar_g05,239,0.5881400030188859,2012
p67_solar_g05,240,8.004163509081852e-17,2012
p67_solar_g06,1,0.0,2012
p67_solar_g06,2,0.6129804657271943,2012
p67_solar_g06,3,0.0,2012
p67_solar_g06,4,0.5312215239895788,2012
p67_solar_g06,5,0.0,2012
p67_solar_g06,6,0.42590015316376933,2012
p67_solar_g06,7,0.0,2012
p67_solar_g06,8,0.1909812458637841,2012
p67_solar_g06,9,0.0,2012
p67_solar_g06,10,0.061323815839936575,2012
p67_solar_g06,11,0.05897284685502157,2012
p67_solar_g06,12,5.873667028037987e-17,2012
p67_solar_g06,13,0.26165962048656244,2012
p67_solar_g06,14,5.526181704812298e-17,2012
p67_solar_g06,15,0.3239486358891277,2012
p67_solar_g06,16,5.188940367771216e-17,2012
p67_solar_g06,17,0.35936378345128,2012
p67_solar_g06,18,4.862842226229527e-17,2012
p67_solar_g06,19,0.37986991900881595,2012
p67_solar_g06,20,0.0,2012
p67_solar_g06,21,0.3446018119501885,2012
p67_solar_g06,22,0.0,2012
p67_solar_g06,23,0.29313324188002476,2012
p67_solar_g06,24,0.0,2012
p67_solar_g06,25,0.17516208305626513,2012
p67_solar_g06,26,0.0,2012
p67_solar_g06,27,0.10172255662310885,2012
p67_solar_g06,28,0.0329356557760375,2012
p67_solar_g06,29,0.0321410302452749,2012
p67_solar_g06,30,0.09003754074256505,2012
p67_solar_g06,31,3.0342553033988187e-17,2012
p67_solar_g06,32,0.13402910556720163,2012
p67_solar_g06,33,2.8198859697487715e-17,2012
p67_solar_g06,34,0.16420887041094592,2012
p67_solar_g06,35,2.6229766010684348e-17,2012
p67_solar_g06,36,0.19834053946720423,2012
p67_solar_g06,37,2.4440522300837527e-17,2012
p67_solar_g06,38,0.19066710417560903,2012
p67_solar_g06,39,0.0,2012
p67_solar_g06,40,0.17339958007443826,2012
p67_solar_g06,41,0.0,2012
p67_solar_g06,42,0.12580556508636048,2012
p67_solar_g06,43,0.0,2012
p67_solar_g06,44,0.09040833438957312,2012
p67_solar_g06,45,0.0,2012
p67_solar_g06,46,0.05384453481262661,2012
p67_solar_g06,47,0.017824860431780377,2012
p67_solar_g06,48,0.017618947479173943,2012
p67_solar_g06,49,0.050816572548556434,2012
p67_solar_g06,50,1.740809186789449e-17,2012
p67_solar_g06,51,0.07974946110099569,2012
p67_solar_g06,52,1.7118790733578002e-17,2012
p67_solar_g06,53,0.12319928141550222,2012
p67_solar_g06,54,1.7033632783889114e-17,2012
p67_solar_g06,55,0.13549859488957694,2012
p67_solar_g06,56,0.0,2012
p67_solar_g06,57,0.14163858855974987,2012
p67_solar_g06,58,0.0,2012
p67_solar_g06,59,0.12873239429534813,2012
p67_solar_g06,60,0.0,2012
p67_solar_g06,61,0.1128636478274881,2012
p67_solar_g06,62,0.0,2012
p67_solar_g06,63,0.08965240661563523,2012
p67_solar_g06,64,0.0,2012
p67_solar_g06,65,0.020066476860559335,2012
p67_solar_g06,66,0.020869056218977073,2012
p67_solar_g06,67,2.1642845105210063e-17,2012
p67_solar_g06,68,0.06540139575409343,2012
p67_solar_g06,69,2.3090327872398245e-17,2012
p67_solar_g06,70,0.1476680981835001,2012
p67_solar_g06,71,2.4726031512121583e-17,2012
p67_solar_g06,72,0.18740159666482936,2012
p67_solar_g06,73,2.6545594637481328e-17,2012
p67_solar_g06,74,0.22087095001090287,2012
p67_solar_g06,75,0.0,2012
p67_solar_g06,76,0.23763921761542006,2012
p67_solar_g06,77,0.0,2012
p67_solar_g06,78,0.23323657968025238,2012
p67_solar_g06,79,0.0,2012
p67_solar_g06,80,0.2121301491801947,2012
p67_solar_g06,81,0.0,2012
p67_solar_g06,82,0.10804154098009962,2012
p67_solar_g06,83,0.0,2012
p67_solar_g06,84,0.03943807029320973,2012
p67_solar_g06,85,0.041325216345580805,2012
p67_solar_g06,86,4.29680047245097e-17,2012
p67_solar_g06,87,0.20862739218925466,2012
p67_solar_g06,88,4.600234184610105e-17,2012
p67_solar_g06,89,0.293967640271146,2012
p67_solar_g06,90,4.9163807992571626e-17,2012
p67_solar_g06,91,0.37118848747115557,2012
p67_solar_g06,92,5.244397353357941e-17,2012
p67_solar_g06,93,0.4465972389621814,2012
p67_solar_g06,94,0.0,2012
p67_solar_g06,95,0.461039440443808,2012
p67_solar_g06,96,0.0,2012
p67_solar_g06,97,0.44613794573227883,2012
p67_solar_g06,98,0.0,2012
p67_solar_g06,99,0.303097175361488,2012
p67_solar_g06,100,0.0,2012
p67_solar_g06,101,0.19995740213525523,2012
p67_solar_g06,102,0.07044269083580383,2012
p67_solar_g06,103,0.07168930625565242,2012
p67_solar_g06,104,0.21828895632516604,2012
p67_solar_g06,105,7.667120231425876e-17,2012
p67_solar_g06,106,0.3676269469545809,2012
p67_solar_g06,107,8.055177329963735e-17,2012
p67_solar_g06,108,0.5082717691740609,2012
p67_solar_g06,109,8.446735183138264e-17,2012
p67_solar_g06,110,0.6904953923926199,2012
p67_solar_g06,111,8.840749753845514e-17,2012
p67_solar_g06,112,0.7434202547334885,2012
p67_solar_g06,113,0.0,2012
p67_solar_g06,114,0.7531960085354699,2012
p67_solar_g06,115,0.0,2012
p67_solar_g06,116,0.6048162070945964,2012
p67_solar_g06,117,0.0,2012
p67_solar_g06,118,0.47728789408947214,2012
p67_solar_g06,119,0.0,2012
p67_solar_g06,120,0.3092767862691565,2012
p67_solar_g06,121,0.10767960855220837,2012
p67_solar_g06,122,0.10894830853759106,2012
p67_solar_g06,123,0.32793309531401515,2012
p67_solar_g06,124,1.1452616711613287e-16,2012
p67_solar_g06,125,0.5429608506191196,2012
p67_solar_g06,126,1.183058028565631e-16,2012
p67_solar_g06,127,0.8733454102458806,2012
p67_solar_g06,128,1.2201978002886065e-16,2012
p67_solar_g06,129,0.9867169150222388,2012
p67_solar_g06,130,0.0,2012
p67_solar_g06,131,1.0,2012
p67_solar_g06,132,0.0,2012
p67_solar_g06,133,0.9509869617091824,2012
p67_solar_g06,134,0.0,2012
p67_solar_g06,135,0.8246272112020749,2012
p67_solar_g06,136,0.0,2012
p67_solar_g06,137,0.6410469363167436,2012
p67_solar_g06,138,0.0,2012
p67_solar_g06,139,0.4093170366212987,2012
p67_solar_g06,140,0.14113978570038663,2012
p67_solar_g06,141,1.4439414829492826e-16,2012
p67_solar_g06,142,0.42374447176984803,2012
p67_solar_g06,143,1.4729326573398888e-16,2012
p67_solar_g06,144,0.9115948731801102,2012
p67_solar_g06,145,1.5004943337822353e-16,2012
p67_solar_g06,146,1.0,2012
p67_solar_g06,147,1.5265530227201331e-16,2012
p67_solar_g06,148,1.0,2012
p67_solar_g06,149,0.0,2012
p67_solar_g06,150,1.0,2012
p67_solar_g06,151,0.0,2012
p67_solar_g06,152,1.0,2012
p67_solar_g06,153,0.0,2012
p67_solar_g06,154,0.9829195039466748,2012
p67_solar_g06,155,0.0,2012
p67_solar_g06,156,0.4709240536642177,2012
p67_solar_g06,157,0.0,2012
p67_solar_g06,158,0.16168564255827184,2012
p67_solar_g06,159,0.16265626791022467,2012
p67_solar_g06,160,1.6571930791422791e-16,2012
p67_solar_g06,161,0.7726879062407518,2012
p67_solar_g06,162,1.6697471028798516e-16,2012
p67_solar_g06,163,1.0,2012
p67_solar_g06,164,1.6803468490431915e-16,2012
p67_solar_g06,165,1.0,2012
p67_solar_g06,166,1.6889640548144373e-16,2012
p67_solar_g06,167,1.0,2012
p67_solar_g06,168,0.0,2012
p67_solar_g06,169,1.0,2012
p67_solar_g06,170,0.0,2012
p67_solar_g06,171,1.0,2012
p67_solar_g06,172,0.0,2012
p67_solar_g06,173,0.7900859886790709,2012
p67_solar_g06,174,0.0,2012
p67_solar_g06,175,0.4929513415227168,2012
p67_solar_g06,176,0.0,2012
p67_solar_g06,177,0.16727842134875265,2012
p67_solar_g06,178,0.4912278328873379,2012
p67_solar_g06,179,1.694613882157194e-16,2012
p67_solar_g06,180,0.7840189843526777,2012
p67_solar_g06,181,1.6876665712545393e-16,2012
p67_solar_g06,182,1.0,2012
p67_solar_g06,183,1.678717202890941e-16,2012
p67_solar_g06,184,1.0,2012
p67_solar_g06,185,1.6677896393706592e-16,2012
p67_solar_g06,186,1.0,2012
p67_solar_g06,187,0.0,2012
p67_solar_g06,188,1.0,2012
p67_solar_g06,189,0.0,2012
p67_solar_g06,190,0.9957858199387845,2012
p67_solar_g06,191,0.0,2012
p67_solar_g06,192,0.7474287988997603,2012
p67_solar_g06,193,0.0,2012
p67_solar_g06,194,0.46086824126796355,2012
p67_solar_g06,195,0.15526966280759516,2012
p67_solar_g06,196,0.1545475914397714,2012
p67_solar_g06,197,0.450250138685972,2012
p67_solar_g06,198,1.547070228733297e-16,2012
p67_solar_g06,199,0.7100515134132395,2012
p67_solar_g06,200,1.5223172816586494e-16,2012
p67_solar_g06,201,1.0,2012
p67_solar_g06,202,1.4960031590822599e-16,2012
p67_solar_g06,203,1.0,2012
p67_solar_g06,204,0.0,2012
p67_solar_g06,205,1.0,2012
p67_solar_g06,206,0.0,2012
p67_solar_g06,207,1.0,2012
p67_solar_g06,208,0.0,2012
p67_solar_g06,209,0.8479480669683458,2012
p67_solar_g06,210,0.0,2012
p67_solar_g06,211,0.6284039863359909,2012
p67_solar_g06,212,0.0,2012
p67_solar_g06,213,0.3825055905752042,2012
p67_solar_g06,214,0.12775118617380363,2012
p67_solar_g06,215,1.2862548273905812e-16,2012
p67_solar_g06,216,0.365584558726087,2012
p67_solar_g06,217,1.2505745488041359e-16,2012
p67_solar_g06,218,0.7495315510098041,2012
p67_solar_g06,219,1.214057660686282e-16,2012
p67_solar_g06,220,0.8598965529355265,2012
p67_solar_g06,221,1.1768015304778883e-16,2012
p67_solar_g06,222,0.9130297250553845,2012
p67_solar_g06,223,0.0,2012
p67_solar_g06,224,0.8826906617555608,2012
p67_solar_g06,225,0.0,2012
p67_solar_g06,226,0.7769666710986767,2012
p67_solar_g06,227,0.0,2012
p67_solar_g06,228,0.6328994521101922,2012
p67_solar_g06,229,0.0,2012
p67_solar_g06,230,0.2884351420041713,2012
p67_solar_g06,231,0.0,2012
p67_solar_g06,232,0.09415400686461213,2012
p67_solar_g06,233,0.0915569017060678,2012
p67_solar_g06,234,9.170214073985387e-17,2012
p67_solar_g06,235,0.4131408653298988,2012
p67_solar_g06,236,8.774954576999258e-17,2012
p67_solar_g06,237,0.5202740567373264,2012
p67_solar_g06,238,8.381276644046454e-17,2012
p67_solar_g06,239,0.5871161765359293,2012
p67_solar_g06,240,7.99022996514257e-17,2012
p67_solar_g07,1,0.0,2012
p67_solar_g07,2,0.6147076308812475,2012
p67_solar_g07,3,0.0,2012
p67_solar_g07,4,0.5327183209621045,2012
p67_solar_g07,5,0.0,2012
p67_solar_g07,6,0.42710019124781773,2012
p67_solar_g07,7,0.0,2012
p67_solar_g07,8,0.19151936440324238,2012
p67_solar_g07,9,0.0,2012
p67_solar_g07,10,0.06149660496414898,2012
p67_solar_g07,11,0.0591390117686171,2012
p67_solar_g07,12,5.890216973076289e-17,2012
p67_solar_g07,13,0.2623968860341538,2012
p67_solar_g07,14,5.541752557407404e-17,2012
p67_solar_g07,15,0.3248614101566519,2012
p67_solar_g07,16,5.203560991903246e-17,2012
p67_solar_g07,17,0.36037634525236356,2012
p67_solar_g07,18,4.87654401953682e-17,2012
p67_solar_g07,19,0.380940259947669,2012
p67_solar_g07,20,0.0,2012
p67_solar_g07,21,0.34557277966433564,2012
p67_solar_g07,22,0.0,2012
p67_solar_g07,23,0.29395918911517716,2012
p67_solar_g07,24,0.0,2012
p67_solar_g07,25,0.17565562871241788,2012
p67_solar_g07,26,0.0,2012
p67_solar_g07,27,0.10200917530837511,2012
p67_solar_g07,28,0.03302845696655305,2012
p67_solar_g07,29,0.03223159245819819,2012
p67_solar_g07,30,0.09029123512863772,2012
p67_solar_g07,31,3.042804776541187e-17,2012
p67_solar_g07,32,0.13440675283935402,2012
p67_solar_g07,33,2.8278314248777136e-17,2012
p67_solar_g07,34,0.16467155373418,2012
p67_solar_g07,35,2.630367234275462e-17,2012
p67_solar_g07,36,0.19889939392922606,2012
p67_solar_g07,37,2.450938716819474e-17,2012
p67_solar_g07,38,0.19120433757335795,2012
p67_solar_g07,39,0.0,2012
p67_solar_g07,40,0.17388815961192275,2012
p67_solar_g07,41,0.0,2012
p67_solar_g07,42,0.12616004128968508,2012
p67_solar_g07,43,0.0,2012
p67_solar_g07,44,0.0906630735428158,2012
p67_solar_g07,45,0.0,2012
p67_solar_g07,46,0.05399624993156477,2012
p67_solar_g07,47,0.017875084671433936,2012
p67_solar_g07,48,0.017668591527946396,2012
p67_solar_g07,49,0.05095975592594214,2012
p67_solar_g07,50,1.7457141799097623e-17,2012
p67_solar_g07,51,0.07997416726696585,2012
p67_solar_g07,52,1.7167025515088515e-17,2012
p67_solar_g07,53,0.12354641402047489,2012
p67_solar_g07,54,1.7081627619999217e-17,2012
p67_solar_g07,55,0.13588038267010402,2012
p67_solar_g07,56,0.0,2012
p67_solar_g07,57,0.14203767670090206,2012
p67_solar_g07,58,0.0,2012
p67_solar_g07,59,0.1290951172825497,2012
p67_solar_g07,60,0.0,2012
p67_solar_g07,61,0.11318165822192328,2012
p67_solar_g07,62,0.0,2012
p67_solar_g07,63,0.0899050158280672,2012
p67_solar_g07,64,0.0,2012
p67_solar_g07,65,0.0201230171934671,2012
p67_solar_g07,66,0.020927857940589253,2012
p67_solar_g07,67,2.170382709401772e-17,2012
p67_solar_g07,68,0.06558567407630539,2012
p67_solar_g07,69,2.3155388362783623e-17,2012
p67_solar_g07,70,0.14808417537976976,2012
p67_solar_g07,71,2.4795700844854876e-17,2012
p67_solar_g07,72,0.1879296290013728,2012
p67_solar_g07,73,2.6620390864465636e-17,2012
p67_solar_g07,74,0.22149328731156853,2012
p67_solar_g07,75,0.0,2012
p67_solar_g07,76,0.23830880204567575,2012
p67_solar_g07,77,0.0,2012
p67_solar_g07,78,0.23389375901238066,2012
p67_solar_g07,79,0.0,2012
p67_solar_g07,80,0.21272785795277932,2012
p67_solar_g07,81,0.0,2012
p67_solar_g07,82,0.10834596435931719,2012
p67_solar_g07,83,0.0,2012
p67_solar_g07,84,0.0395491930198903,2012
p67_solar_g07,85,0.0414416563916288,2012
p67_solar_g07,86,4.3089073575229637e-17,2012
p67_solar_g07,87,0.20921523141434772,2012
p67_solar_g07,88,4.6131960400498483e-17,2012
p67_solar_g07,89,0.294795938549939,2012
p67_solar_g07,90,4.930233445589798e-17,2012
p67_solar_g07,91,0.37223436716388825,2012
p67_solar_g07,92,5.2591742359327916e-17,2012
p67_solar_g07,93,0.44785559421517757,2012
p67_solar_g07,94,0.0,2012
p67_solar_g07,95,0.46233848878335676,2012
p67_solar_g07,96,0.0,2012
p67_solar_g07,97,0.44739500685714767,2012
p67_solar_g07,98,0.0,2012
p67_solar_g07,99,0.3039511974859211,2012
p67_solar_g07,100,0.0,2012
p67_solar_g07,101,0.20052081235233826,2012
p67_solar_g07,102,0.07064117376922814,2012
p67_solar_g07,103,0.07189130171652917,2012
p67_solar_g07,104,0.21890401846818586,2012
p67_solar_g07,105,7.688723502061826e-17,2012
p67_solar_g07,106,0.3686627914683496,2012
p67_solar_g07,107,8.077874010154885e-17,2012
p67_solar_g07,108,0.5097039017420457,2012
p67_solar_g07,109,8.470535136790171e-17,2012
p67_solar_g07,110,0.6924409675739758,2012
p67_solar_g07,111,8.865659903131319e-17,2012
p67_solar_g07,112,0.7455149537175251,2012
p67_solar_g07,113,0.0,2012
p67_solar_g07,114,0.7553182521840845,2012
p67_solar_g07,115,0.0,2012
p67_solar_g07,116,0.6065203682153936,2012
p67_solar_g07,117,0.0,2012
p67_solar_g07,118,0.4786327249041781,2012
p67_solar_g07,119,0.0,2012
p67_solar_g07,120,0.31014822038177203,2012
p67_solar_g07,121,0.10798301213208072,2012
p67_solar_g07,122,0.10925528687151877,2012
p67_solar_g07,123,0.32885709639847915,2012
p67_solar_g07,124,1.1484886191006175e-16,2012
p67_solar_g07,125,0.5444907249195867,2012
p67_solar_g07,126,1.1863914734572839e-16,2012
p67_solar_g07,127,0.8758061930022112,2012
p67_solar_g07,128,1.223635892103181e-16,2012
p67_solar_g07,129,0.9894971391367535,2012
p67_solar_g07,130,0.0,2012
p67_solar_g07,131,1.0,2012
p67_solar_g07,132,0.0,2012
p67_solar_g07,133,0.9536665112773313,2012
p67_solar_g07,134,0.0,2012
p67_solar_g07,135,0.8269507230656751,2012
p67_solar_g07,136,0.0,2012
p67_solar_g07,137,0.6428531829957553,2012
p67_solar_g07,138,0.0,2012
p67_solar_g07,139,0.41047034926687204,2012
p67_solar_g07,140,0.14153746838905606,2012
p67_solar_g07,141,1.448010006423164e-16,2012
p67_solar_g07,142,0.4249384358955976,2012
p67_solar_g07,143,1.4770828678315172e-16,2012
p67_solar_g07,144,0.914163429582152,2012
p67_solar_g07,145,1.5047222034649803e-16,2012
p67_solar_g07,146,1.0,2012
p67_solar_g07,147,1.5308543166994263e-16,2012
p67_solar_g07,148,1.0,2012
p67_solar_g07,149,0.0,2012
p67_solar_g07,150,1.0,2012
p67_solar_g07,151,0.0,2012
p67_solar_g07,152,1.0,2012
p67_solar_g07,153,0.0,2012
p67_solar_g07,154,0.9856890282812585,2012
p67_solar_g07,155,0.0,2012
p67_solar_g07,156,0.47225095339621714,2012
p67_solar_g07,157,0.0,2012
p67_solar_g07,158,0.16214121630548098,2012
p67_solar_g07,159,0.1631145765411361,2012
p67_solar_g07,160,1.6618624712352834e-16,2012
p67_solar_g07,161,0.7748650712586191,2012
p67_solar_g07,162,1.6744518678330936e-16,2012
p67_solar_g07,163,1.0,2012
p67_solar_g07,164,1.6850814803840897e-16,2012
p67_solar_g07,165,1.0,2012
p67_solar_g07,166,1.6937229664356474e-16,2012
p67_solar_g07,167,1.0,2012
p67_solar_g07,168,0.0,2012
p67_solar_g07,169,1.0,2012
p67_solar_g07,170,0.0,2012
p67_solar_g07,171,1.0,2012
p67_solar_g07,172,0.0,2012
p67_solar_g07,173,0.79231217542506,2012
p67_solar_g07,174,0.0,2012
p67_solar_g07,175,0.4943403064691148,2012
p67_solar_g07,176,0.0,2012
p67_solar_g07,177,0.16774975359591626,2012
p67_solar_g07,178,0.4926119415875353,2012
p67_solar_g07,179,1.6993887130212811e-16,2012
p67_solar_g07,180,0.7862280763965549,2012
p67_solar_g07,181,1.6924218270196202e-16,2012
p67_solar_g07,182,1.0,2012
p67_solar_g07,183,1.6834472424573785e-16,2012
p67_solar_g07,184,1.0,2012
p67_solar_g07,185,1.6724888888744662e-16,2012
p67_solar_g07,186,1.0,2012
p67_solar_g07,187,0.0,2012
p67_solar_g07,188,1.0,2012
p67_solar_g07,189,0.0,2012
p67_solar_g07,190,0.9985915970642565,2012
p67_solar_g07,191,0.0,2012
p67_solar_g07,192,0.7495347925631375,2012
p67_solar_g07,193,0.0,2012
p67_solar_g07,194,0.46216680722794645,2012
p67_solar_g07,195,0.15570715856166412,2012
p67_solar_g07,196,0.15498305264857345,2012
p67_solar_g07,197,0.45151878653631333,2012
p67_solar_g07,198,1.5514293330430424e-16,2012
p67_solar_g07,199,0.7120521909227506,2012
p67_solar_g07,200,1.5266066407969941e-16,2012
p67_solar_g07,201,1.0,2012
p67_solar_g07,202,1.5002183742011544e-16,2012
p67_solar_g07,203,1.0,2012
p67_solar_g07,204,0.0,2012
p67_solar_g07,205,1.0,2012
p67_solar_g07,206,0.0,2012
p67_solar_g07,207,1.0,2012
p67_solar_g07,208,0.0,2012
p67_solar_g07,209,0.8503372888695316,2012
p67_solar_g07,210,0.0,2012
p67_solar_g07,211,0.6301746095916277,2012
p67_solar_g07,212,0.0,2012
p67_solar_g07,213,0.3835833579172488,2012
p67_solar_g07,214,0.12811114445874927,2012
p67_solar_g07,215,1.2898790448678318e-16,2012
p67_solar_g07,216,0.3666146485021821,2012
p67_solar_g07,217,1.2540982317010742e-16,2012
p67_solar_g07,218,0.7516434694952191,2012
p67_solar_g07,219,1.2174784517290455e-16,2012
p67_solar_g07,220,0.8623194415027156,2012
p67_solar_g07,221,1.1801173467401023e-16,2012
p67_solar_g07,222,0.9156023243695562,2012
p67_solar_g07,223,0.0,2012
p67_solar_g07,224,0.8851777761711624,2012
p67_solar_g07,225,0.0,2012
p67_solar_g07,226,0.7791558921835449,2012
p67_solar_g07,227,0.0,2012
p67_solar_g07,228,0.6346827420204297,2012
p67_solar_g07,229,0.0,2012
p67_solar_g07,230,0.28924785163250016,2012
p67_solar_g07,231,0.0,2012
p67_solar_g07,232,0.09441930001645527,2012
p67_solar_g07,233,0.09181487712140536,2012
p67_solar_g07,234,9.196052538813146e-17,2012
p67_solar_g07,235,0.41430495219107905,2012
p67_solar_g07,236,8.799679338425077e-17,2012
p67_solar_g07,237,0.5217400075654471,2012
p67_solar_g07,238,8.404892158366154e-17,2012
p67_solar_g07,239,0.5887704651441165,2012
p67_solar_g07,240,8.012743646312319e-17,2012
p67_solar_g08,1,0.0,2012
p67_solar_g08,2,0.6124839919229661,2012
p67_solar_g08,3,0.0,2012
p67_solar_g08,4,0.5307912695432316,2012
p67_solar_g08,5,0.0,2012
p67_solar_g08,6,0.42555520209096187,2012
p67_solar_g08,7,0.0,2012
p67_solar_g08,8,0.19082656363331893,2012
p67_solar_g08,9,0.0,2012
p67_solar_g08,10,0.06127414758810456,2012
p67_solar_g08,11,0.058925082733224395,2012
p67_solar_g08,12,5.868909744605275e-17,2012
p67_solar_g08,13,0.26144769342777474,2012
p67_solar_g08,14,5.5217058616048146e-17,2012
p67_solar_g08,15,0.3236862588304336,2012
p67_solar_g08,16,5.184737667834857e-17,2012
p67_solar_g08,17,0.3590727224556245,2012
p67_solar_g08,18,4.858903644309867e-17,2012
p67_solar_g08,19,0.3795622493939638,2012
p67_solar_g08,20,0.0,2012
p67_solar_g08,21,0.3443227071791745,2012
p67_solar_g08,22,0.0,2012
p67_solar_g08,23,0.29289582326086977,2012
p67_solar_g08,24,0.0,2012
p67_solar_g08,25,0.17502021330576936,2012
p67_solar_g08,26,0.0,2012
p67_solar_g08,27,0.10164016805204307,2012
p67_solar_g08,28,0.03290898006411496,2012
p67_solar_g08,29,0.03211499812769549,2012
p67_solar_g08,30,0.08996461626474701,2012
p67_solar_g08,31,3.0317977564496004e-17,2012
p67_solar_g08,32,0.13392055081931203,2012
p67_solar_g08,33,2.817602047840705e-17,2012
p67_solar_g08,34,0.16407587204127647,2012
p67_solar_g08,35,2.6208521627798685e-17,2012
p67_solar_g08,36,0.19817989669362882,2012
p67_solar_g08,37,2.4420727087511066e-17,2012
p67_solar_g08,38,0.19051267637922084,2012
p67_solar_g08,39,0.0,2012
p67_solar_g08,40,0.17325913783527325,2012
p67_solar_g08,41,0.0,2012
p67_solar_g08,42,0.12570367086462958,2012
p67_solar_g08,43,0.0,2012
p67_solar_g08,44,0.09033510959332273,2012
p67_solar_g08,45,0.0,2012
p67_solar_g08,46,0.05380092428581543,2012
p67_solar_g08,47,0.017810423468837513,2012
p67_solar_g08,48,0.017604677292160552,2012
p67_solar_g08,49,0.0507754144717471,2012
p67_solar_g08,50,1.7393992460038556e-17,2012
p67_solar_g08,51,0.07968486929007886,2012
p67_solar_g08,52,1.7104925640586493e-17,2012
p67_solar_g08,53,0.12309949811188588,2012
p67_solar_g08,54,1.7019836663228055e-17,2012
p67_solar_g08,55,0.13538884995212186,2012
p67_solar_g08,56,0.0,2012
p67_solar_g08,57,0.14152387063182315,2012
p67_solar_g08,58,0.0,2012
p67_solar_g08,59,0.12862812953472905,2012
p67_solar_g08,60,0.0,2012
p67_solar_g08,61,0.11277223570633751,2012
p67_solar_g08,62,0.0,2012
p67_solar_g08,63,0.08957979407109373,2012
p67_solar_g08,64,0.0,2012
p67_solar_g08,65,0.02005022433594976,2012
p67_solar_g08,66,0.02085215365794783,2012
p67_solar_g08,67,2.1625315826147376e-17,2012
p67_solar_g08,68,0.06534842493109444,2012
p67_solar_g08,69,2.3071626227630353e-17,2012
p67_solar_g08,70,0.14754849674990247,2012
p67_solar_g08,71,2.4706005055138607e-17,2012
p67_solar_g08,72,0.1872498137144473,2012
p67_solar_g08,73,2.652409445420952e-17,2012
p67_solar_g08,74,0.22069205908871772,2012
p67_solar_g08,75,0.0,2012
p67_solar_g08,76,0.23744674550089126,2012
p67_solar_g08,77,0.0,2012
p67_solar_g08,78,0.23304767341247815,2012
p67_solar_g08,79,0.0,2012
p67_solar_g08,80,0.2119583377309831,2012
p67_solar_g08,81,0.0,2012
p67_solar_g08,82,0.10795403444789481,2012
p67_solar_g08,83,0.0,2012
p67_solar_g08,84,0.03940612805379976,2012
p67_solar_g08,85,0.04129174564216238,2012
p67_solar_g08,86,4.2933203470704054e-17,2012
p67_solar_g08,87,0.20845841774250204,2012
p67_solar_g08,88,4.5965082979078835e-17,2012
p67_solar_g08,89,0.2937295458442506,2012
p67_solar_g08,90,4.912398854619585e-17,2012
p67_solar_g08,91,0.3708878492440599,2012
p67_solar_g08,92,5.2401497369158446e-17,2012
p67_solar_g08,93,0.4462355246130588,2012
p67_solar_g08,94,0.0,2012
p67_solar_g08,95,0.46066602886269853,2012
p67_solar_g08,96,0.0,2012
p67_solar_g08,97,0.4457766033804218,2012
p67_solar_g08,98,0.0,2012
p67_solar_g08,99,0.30285168661247214,2012
p67_solar_g08,100,0.0,2012
p67_solar_g08,101,0.19979544980941086,2012
p67_solar_g08,102,0.07038563689582576,2012
p67_solar_g08,103,0.07163124263929067,2012
p67_solar_g08,104,0.2181121566478073,2012
p67_solar_g08,105,7.660910369021443e-17,2012
p67_solar_g08,106,0.3673291933407282,2012
p67_solar_g08,107,8.048653166868266e-17,2012
p67_solar_g08,108,0.5078601025175642,2012
p67_solar_g08,109,8.439893883971077e-17,2012
p67_solar_g08,110,0.6899361366031935,2012
p67_solar_g08,111,8.833589328827215e-17,2012
p67_solar_g08,112,0.7428181332913801,2012
p67_solar_g08,113,0.0,2012
p67_solar_g08,114,0.7525859693766469,2012
p67_solar_g08,115,0.0,2012
p67_solar_g08,116,0.6043263458021343,2012
p67_solar_g08,117,0.0,2012
p67_solar_g08,118,0.47690132233108895,2012
p67_solar_g08,119,0.0,2012
p67_solar_g08,120,0.3090262924423159,2012
p67_solar_g08,121,0.10759239516143203,2012
p67_solar_g08,122,0.10886006758338754,2012
p67_solar_g08,123,0.32766749110561716,2012
p67_solar_g08,124,1.1443340846385776e-16,2012
p67_solar_g08,125,0.5425210880913951,2012
p67_solar_g08,126,1.182099829482781e-16,2012
p67_solar_g08,127,0.8726380579851268,2012
p67_solar_g08,128,1.2192095204368146e-16,2012
p67_solar_g08,129,0.985917739309655,2012
p67_solar_g08,130,0.0,2012
p67_solar_g08,131,1.0,2012
p67_solar_g08,132,0.0,2012
p67_solar_g08,133,0.9502167249054841,2012
p67_solar_g08,134,0.0,2012
p67_solar_g08,135,0.8239593174737977,2012
p67_solar_g08,136,0.0,2012
p67_solar_g08,137,0.6405277305198925,2012
p67_solar_g08,138,0.0,2012
p67_solar_g08,139,0.4089855167806693,2012
p67_solar_g08,140,0.1410254717699231,2012
p67_solar_g08,141,1.4427719854510673e-16,2012
p67_solar_g08,142,0.423401266656989,2012
p67_solar_g08,143,1.471739678899876e-16,2012
p67_solar_g08,144,0.9108565413736214,2012
p67_solar_g08,145,1.4992790321996114e-16,2012
p67_solar_g08,146,1.0,2012
p67_solar_g08,147,1.5253166153157846e-16,2012
p67_solar_g08,148,1.0,2012
p67_solar_g08,149,0.0,2012
p67_solar_g08,150,1.0,2012
p67_solar_g08,151,0.0,2012
p67_solar_g08,152,1.0,2012
p67_solar_g08,153,0.0,2012
p67_solar_g08,154,0.9821234038869516,2012
p67_solar_g08,155,0.0,2012
p67_solar_g08,156,0.47054263619743447,2012
p67_solar_g08,157,0.0,2012
p67_solar_g08,158,0.16155468783697455,2012
p67_solar_g08,159,0.16252452704632103,2012
p67_solar_g08,160,1.6558508618966342e-16,2012
p67_solar_g08,161,0.7720620799285912,2012
p67_solar_g08,162,1.6683947177018305e-16,2012
p67_solar_g08,163,1.0,2012
p67_solar_g08,164,1.678985878768914e-16,2012
p67_solar_g08,165,1.0,2012
p67_solar_g08,166,1.6875961051710441e-16,2012
p67_solar_g08,167,1.0,2012
p67_solar_g08,168,0.0,2012
p67_solar_g08,169,1.0,2012
p67_solar_g08,170,0.0,2012
p67_solar_g08,171,1.0,2012
p67_solar_g08,172,0.0,2012
p67_solar_g08,173,0.789446071066033,2012
p67_solar_g08,174,0.0,2012
p67_solar_g08,175,0.49255208340356144,2012
p67_solar_g08,176,0.0,2012
p67_solar_g08,177,0.1671429368449948,2012
p67_solar_g08,178,0.49082997069666096,2012
p67_solar_g08,179,1.6932413565257703e-16,2012
p67_solar_g08,180,0.7833839806135504,2012
p67_solar_g08,181,1.6862996724873727e-16,2012
p67_solar_g08,182,1.0,2012
p67_solar_g08,183,1.6773575525227127e-16,2012
p67_solar_g08,184,1.0,2012
p67_solar_g08,185,1.6664388396091552e-16,2012
p67_solar_g08,186,1.0,2012
p67_solar_g08,187,0.0,2012
p67_solar_g08,188,1.0,2012
p67_solar_g08,189,0.0,2012
p67_solar_g08,190,0.9949792990105277,2012
p67_solar_g08,191,0.0,2012
p67_solar_g08,192,0.7468234308008939,2012
p67_solar_g08,193,0.0,2012
p67_solar_g08,194,0.4604949683469107,2012
p67_solar_g08,195,0.1551439046073173,2012
p67_solar_g08,196,0.15442241806974338,2012
p67_solar_g08,197,0.4498854657286657,2012
p67_solar_g08,198,1.545817203743412e-16,2012
p67_solar_g08,199,0.70947641845382,2012
p67_solar_g08,200,1.5210843049255803e-16,2012
p67_solar_g08,201,1.0,2012
p67_solar_g08,202,1.4947914950553387e-16,2012
p67_solar_g08,203,1.0,2012
p67_solar_g08,204,0.0,2012
p67_solar_g08,205,1.0,2012
p67_solar_g08,206,0.0,2012
p67_solar_g08,207,1.0,2012
p67_solar_g08,208,0.0,2012
p67_solar_g08,209,0.84726128488289,2012
p67_solar_g08,210,0.0,2012
p67_solar_g08,211,0.627895020495916,2012
p67_solar_g08,212,0.0,2012
p67_solar_g08,213,0.38219578623997774,2012
p67_solar_g08,214,0.1276477161271372,2012
p67_solar_g08,215,1.2852130456975805e-16,2012
p67_solar_g08,216,0.3652884593121807,2012
p67_solar_g08,217,1.249561665786764e-16,2012
p67_solar_g08,218,0.748924479820223,2012
p67_solar_g08,219,1.213074353943157e-16,2012
p67_solar_g08,220,0.8592000933634059,2012
p67_solar_g08,221,1.1758483987464147e-16,2012
p67_solar_g08,222,0.912290231113381,2012
p67_solar_g08,223,0.0,2012
p67_solar_g08,224,0.8819757404565947,2012
p67_solar_g08,225,0.0,2012
p67_solar_g08,226,0.7763373792687954,2012
p67_solar_g08,227,0.0,2012
p67_solar_g08,228,0.6323868452389269,2012
p67_solar_g08,229,0.0,2012
p67_solar_g08,230,0.2882015285364827,2012
p67_solar_g08,231,0.0,2012
p67_solar_g08,232,0.09407774832035991,2012
p67_solar_g08,233,0.09148274664593967,2012
p67_solar_g08,234,9.162786804567432e-17,2012
p67_solar_g08,235,0.412806248439866,2012
p67_solar_g08,236,8.767847441740706e-17,2012
p67_solar_g08,237,0.5198526690184156,2012
p67_solar_g08,238,8.374488361984606e-17,2012
p67_solar_g08,239,0.5866406511024346,2012
p67_solar_g08,240,7.98375840513495e-17,2012
p67_solar_g09,1,0.0,2012
p67_solar_g09,2,0.6127455198311533,2012
p67_solar_g09,3,0.0,2012
p67_solar_g09,4,0.5310179150266048,2012
p67_solar_g09,5,0.0,2012
p67_solar_g09,6,0.4257369122471271,2012
p67_solar_g09,7,0.0,2012
p67_solar_g09,8,0.1909080457172129,2012
p67_solar_g09,9,0.0,2012
p67_solar_g09,10,0.06130031137337241,2012
p67_solar_g09,11,0.058950243478370724,2012
p67_solar_g09,12,5.871415742654345e-17,2012
p67_solar_g09,13,0.2615593304162744,2012
p67_solar_g09,14,5.524063605158368e-17,2012
p67_solar_g09,15,0.3238244714062678,2012
p67_solar_g09,16,5.186951527486129e-17,2012
p67_solar_g09,17,0.3592260448921768,2012
p67_solar_g09,18,4.860978374299446e-17,2012
p67_solar_g09,19,0.3797243207663097,2012
p67_solar_g09,20,0.0,2012
p67_solar_g09,21,0.3444697314255833,2012
p67_solar_g09,22,0.0,2012
p67_solar_g09,23,0.29302088845928204,2012
p67_solar_g09,24,0.0,2012
p67_solar_g09,25,0.17509494614920684,2012
p67_solar_g09,26,0.0,2012
p67_solar_g09,27,0.10168356794638968,2012
p67_solar_g09,28,0.03292303205050194,2012
p67_solar_g09,29,0.032128711087368776,2012
p67_solar_g09,30,0.09000303075102398,2012
p67_solar_g09,31,3.033092320447594e-17,2012
p67_solar_g09,32,0.13397773429182877,2012
p67_solar_g09,33,2.8188051512350684e-17,2012
p67_solar_g09,34,0.16414593170024686,2012
p67_solar_g09,35,2.6219712548587453e-17,2012
p67_solar_g09,36,0.1982645186176473,2012
p67_solar_g09,37,2.443115462807675e-17,2012
p67_solar_g09,38,0.1905940244346699,2012
p67_solar_g09,39,0.0,2012
p67_solar_g09,40,0.1733331187074102,2012
p67_solar_g09,41,0.0,2012
p67_solar_g09,42,0.12575734576638412,2012
p67_solar_g09,43,0.0,2012
p67_solar_g09,44,0.09037368227858367,2012
p67_solar_g09,45,0.0,2012
p67_solar_g09,46,0.05382389703836498,2012
p67_solar_g09,47,0.017818028439506396,2012
p67_solar_g09,48,0.01761219441013791,2012
p67_solar_g09,49,0.050797095345221754,2012
p67_solar_g09,50,1.7401419616540744e-17,2012
p67_solar_g09,51,0.07971889437065963,2012
p67_solar_g09,52,1.7112229366857666e-17,2012
p67_solar_g09,53,0.12315206104359455,2012
p67_solar_g09,54,1.702710405688882e-17,2012
p67_solar_g09,55,0.1354466603817605,2012
p67_solar_g09,56,0.0,2012
p67_solar_g09,57,0.14158430068768257,2012
p67_solar_g09,58,0.0,2012
p67_solar_g09,59,0.12868305316717477,2012
p67_solar_g09,60,0.0,2012
p67_solar_g09,61,0.11282038894347483,2012
p67_solar_g09,62,0.0,2012
p67_solar_g09,63,0.08961804424002583,2012
p67_solar_g09,64,0.0,2012
p67_solar_g09,65,0.020058785691509116,2012
p67_solar_g09,66,0.02086105743371875,2012
p67_solar_g09,67,2.1634549738684658e-17,2012
p67_solar_g09,68,0.06537632841445228,2012
p67_solar_g09,69,2.3081477708200228e-17,2012
p67_solar_g09,70,0.14761149929400166,2012
p67_solar_g09,71,2.471655440811263e-17,2012
p67_solar_g09,72,0.18732976854222236,2012
p67_solar_g09,73,2.6535420123174992e-17,2012
p67_solar_g09,74,0.22078629360476734,2012
p67_solar_g09,75,0.0,2012
p67_solar_g09,76,0.2375481341926377,2012
p67_solar_g09,77,0.0,2012
p67_solar_g09,78,0.23314718372024001,2012
p67_solar_g09,79,0.0,2012
p67_solar_g09,80,0.21204884298731738,2012
p67_solar_g09,81,0.0,2012
p67_solar_g09,82,0.10800013033477814,2012
p67_solar_g09,83,0.0,2012
p67_solar_g09,84,0.0394229542931392,2012
p67_solar_g09,85,0.04130937703172619,2012
p67_solar_g09,86,4.2951535755373595e-17,2012
p67_solar_g09,87,0.20854742854875194,2012
p67_solar_g09,88,4.598470986265408e-17,2012
p67_solar_g09,89,0.29385496703845393,2012
p67_solar_g09,90,4.914496426823222e-17,2012
p67_solar_g09,91,0.37104621668657917,2012
p67_solar_g09,92,5.2423872572712436e-17,2012
p67_solar_g09,93,0.4464260651738733,2012
p67_solar_g09,94,0.0,2012
p67_solar_g09,95,0.460862731183886,2012
p67_solar_g09,96,0.0,2012
p67_solar_g09,97,0.4459669479839352,2012
p67_solar_g09,98,0.0,2012
p67_solar_g09,99,0.3029810029197311,2012
p67_solar_g09,100,0.0,2012
p67_solar_g09,101,0.1998807615673393,2012
p67_solar_g09,102,0.07041569124602354,2012
p67_solar_g09,103,0.07166182885753532,2012
p67_solar_g09,104,0.218205289557125,2012
p67_solar_g09,105,7.664181543272592e-17,2012
p67_solar_g09,106,0.36748604125319184,2012
p67_solar_g09,107,8.052089905549136e-17,2012
p67_solar_g09,108,0.5080769564958146,2012
p67_solar_g09,109,8.443497680677448e-17,2012
p67_solar_g09,110,0.690230736228601,2012
p67_solar_g09,111,8.837361231716791e-17,2012
p67_solar_g09,112,0.7431353132913885,2012
p67_solar_g09,113,0.0,2012
p67_solar_g09,114,0.7529073201987054,2012
p67_solar_g09,115,0.0,2012
p67_solar_g09,116,0.6045843904321399,2012
p67_solar_g09,117,0.0,2012
p67_solar_g09,118,0.4771049570495236,2012
p67_solar_g09,119,0.0,2012
p67_solar_g09,120,0.3091582452784767,2012
p67_solar_g09,121,0.10763833662996752,2012
p67_solar_g09,122,0.1089065503423423,2012
p67_solar_g09,123,0.3278074036497161,2012
p67_solar_g09,124,1.1448227101428676e-16,2012
p67_solar_g09,125,0.5427527421545006,2012
p67_solar_g09,126,1.182604580790162e-16,2012
p67_solar_g09,127,0.8730106705087503,2012
p67_solar_g09,128,1.219730117415228e-16,2012
p67_solar_g09,129,0.9863387217474111,2012
p67_solar_g09,130,0.0,2012
p67_solar_g09,131,1.0,2012
p67_solar_g09,132,0.0,2012
p67_solar_g09,133,0.950622463170755,2012
p67_solar_g09,134,0.0,2012
p67_solar_g09,135,0.824311144394292,2012
p67_solar_g09,136,0.0,2012
p67_solar_g09,137,0.6408012329782553,2012
p67_solar_g09,138,0.0,2012
p67_solar_g09,139,0.4091601517557757,2012
p67_solar_g09,140,0.14108568901171145,2012
p67_solar_g09,141,1.4433880425959432e-16,2012
p67_solar_g09,142,0.4235820570924173,2012
p67_solar_g09,143,1.472368105119491e-16,2012
p67_solar_g09,144,0.911245473017657,2012
p67_solar_g09,145,1.4999192175991498e-16,2012
p67_solar_g09,146,1.0,2012
p67_solar_g09,147,1.5259679186461368e-16,2012
p67_solar_g09,148,1.0,2012
p67_solar_g09,149,0.0,2012
p67_solar_g09,150,1.0,2012
p67_solar_g09,151,0.0,2012
p67_solar_g09,152,1.0,2012
p67_solar_g09,153,0.0,2012
p67_solar_g09,154,0.9825427661605579,2012
p67_solar_g09,155,0.0,2012
p67_solar_g09,156,0.4707435557855061,2012
p67_solar_g09,157,0.0,2012
p67_solar_g09,158,0.1616236709616358,2012
p67_solar_g09,159,0.1625939242879601,2012
p67_solar_g09,160,1.6565579027628326e-16,2012
p67_solar_g09,161,0.772391746962207,2012
p67_solar_g09,162,1.6691071147380066e-16,2012
p67_solar_g09,163,1.0,2012
p67_solar_g09,164,1.6797027981832023e-16,2012
p67_solar_g09,165,1.0,2012
p67_solar_g09,166,1.6883167011132575e-16,2012
p67_solar_g09,167,1.0,2012
p67_solar_g09,168,0.0,2012
p67_solar_g09,169,1.0,2012
p67_solar_g09,170,0.0,2012
p67_solar_g09,171,1.0,2012
p67_solar_g09,172,0.0,2012
p67_solar_g09,173,0.7897831609856313,2012
p67_solar_g09,174,0.0,2012
p67_solar_g09,175,0.4927624009265409,2012
p67_solar_g09,176,0.0,2012
p67_solar_g09,177,0.16721430612683366,2012
p67_solar_g09,178,0.4910395528852646,2012
p67_solar_g09,179,1.6939643629649068e-16,2012
p67_solar_g09,180,0.7837184820478067,2012
p67_solar_g09,181,1.6870197148586645e-16,2012
p67_solar_g09,182,1.0,2012
p67_solar_g09,183,1.678073776649022e-16,2012
p67_solar_g09,184,1.0,2012
p67_solar_g09,185,1.6671504014941877e-16,2012
p67_solar_g09,186,1.0,2012
p67_solar_g09,187,0.0,2012
p67_solar_g09,188,1.0,2012
p67_solar_g09,189,0.0,2012
p67_solar_g09,190,0.9954041506934963,2012
p67_solar_g09,191,0.0,2012
p67_solar_g09,192,0.7471423210449137,2012
p67_solar_g09,193,0.0,2012
p67_solar_g09,194,0.46069159762602774,2012
p67_solar_g09,195,0.15521015035639,2012
p67_solar_g09,196,0.1544883557473114,2012
p67_solar_g09,197,0.4500775647979107,2012
p67_solar_g09,198,1.5464772607327637e-16,2012
p67_solar_g09,199,0.7097793616916406,2012
p67_solar_g09,200,1.5217338010784426e-16,2012
p67_solar_g09,201,1.0,2012
p67_solar_g09,202,1.4954297642967117e-16,2012
p67_solar_g09,203,1.0,2012
p67_solar_g09,204,0.0,2012
p67_solar_g09,205,1.0,2012
p67_solar_g09,206,0.0,2012
p67_solar_g09,207,1.0,2012
p67_solar_g09,208,0.0,2012
p67_solar_g09,209,0.847623061638602,2012
p67_solar_g09,210,0.0,2012
p67_solar_g09,211,0.6281631288439494,2012
p67_solar_g09,212,0.0,2012
p67_solar_g09,213,0.3823589821207051,2012
p67_solar_g09,214,0.12770222112747004,2012
p67_solar_g09,215,1.2857618258842446e-16,2012
p67_solar_g09,216,0.36544443584039804,2012
p67_solar_g09,217,1.250095222994648e-16,2012
p67_solar_g09,218,0.7492442672027188,2012
p67_solar_g09,219,1.2135923312330878e-16,2012
p67_solar_g09,220,0.8595669679366108,2012
p67_solar_g09,221,1.1763504807210047e-16,2012
p67_solar_g09,222,0.9126797749364836,2012
p67_solar_g09,223,0.0,2012
p67_solar_g09,224,0.8823523401286111,2012
p67_solar_g09,225,0.0,2012
p67_solar_g09,226,0.7766688718359893,2012
p67_solar_g09,227,0.0,2012
p67_solar_g09,228,0.6326568715759111,2012
p67_solar_g09,229,0.0,2012
p67_solar_g09,230,0.2883245892921734,2012
p67_solar_g09,231,0.0,2012
p67_solar_g09,232,0.09411791909551429,2012
p67_solar_g09,233,0.09152180936705735,2012
p67_solar_g09,234,9.16669927329766e-17,2012
p67_solar_g09,235,0.4129825148501964,2012
p67_solar_g09,236,8.771591273140354e-17,2012
p67_solar_g09,237,0.5200746437685917,2012
p67_solar_g09,238,8.378064230827434e-17,2012
p67_solar_g09,239,0.5868911440203943,2012
p67_solar_g09,240,7.987167434044607e-17,2012
p67_solar_g10,1,0.0,2012
p67_solar_g10,2,0.614381992046749,2012
p67_solar_g10,3,0.0,2012
p67_solar_g10,4,0.5324361156266909,2012
p67_solar_g10,5,0.0,2012
p67_solar_g10,6,0.42687393668141094,2012
p67_solar_g10,7,0.0,2012
p67_solar_g10,8,0.19141790780912343,2012
p67_solar_g10,9,0.0,2012
p67_solar_g10,10,0.0614640273910718,2012
p67_solar_g10,11,0.05910768312082056,2012
p67_solar_g10,12,5.887096654905997e-17,2012
p67_solar_g10,13,0.26225788236500835,2012
p67_solar_g10,14,5.5388168368254334e-17,2012
p67_solar_g10,15,0.32468931616324354,2012
p67_solar_g10,16,5.2008044269095504e-17,2012
p67_solar_g10,17,0.3601854373684309,2012
p67_solar_g10,18,4.873960690436731e-17,2012
p67_solar_g10,19,0.3807384584146621,2012
p67_solar_g10,20,0.0,2012
p67_solar_g10,21,0.3453897139082737,2012
p67_solar_g10,22,0.0,2012
p67_solar_g10,23,0.29380346544603003,2012
p67_solar_g10,24,0.0,2012
p67_solar_g10,25,0.1755625758669131,2012
p67_solar_g10,26,0.0,2012
p67_solar_g10,27,0.10195513636809396,2012
p67_solar_g10,28,0.0330109602775719,2012
p67_solar_g10,29,0.032214517904906786,2012
p67_solar_g10,30,0.0902434037188819,2012
p67_solar_g10,31,3.0411928632489796e-17,2012
p67_solar_g10,32,0.1343355514158731,2012
p67_solar_g10,33,2.8263333928327314e-17,2012
p67_solar_g10,34,0.16458431965713402,2012
p67_solar_g10,35,2.6289738080717813e-17,2012
p67_solar_g10,36,0.19879402779487582,2012
p67_solar_g10,37,2.4496403421335637e-17,2012
p67_solar_g10,38,0.191103047863404,2012
p67_solar_g10,39,0.0,2012
p67_solar_g10,40,0.17379604307589094,2012
p67_solar_g10,41,0.0,2012
p67_solar_g10,42,0.12609320852766626,2012
p67_solar_g10,43,0.0,2012
p67_solar_g10,44,0.09061504515319226,2012
p67_solar_g10,45,0.0,2012
p67_solar_g10,46,0.05396764564066018,2012
p67_solar_g10,47,0.01786561541898522,2012
p67_solar_g10,48,0.01765923166438957,2012
p67_solar_g10,49,0.050932760205224865,2012
p67_solar_g10,50,1.7447893950163356e-17,2012
p67_solar_g10,51,0.07993180128139729,2012
p67_solar_g10,52,1.715793135406025e-17,2012
p67_solar_g10,53,0.12348096581673222,2012
p67_solar_g10,54,1.7072578698153982e-17,2012
p67_solar_g10,55,0.1358084005972925,2012
p67_solar_g10,56,0.0,2012
p67_solar_g10,57,0.14196243282694945,2012
p67_solar_g10,58,0.0,2012
p67_solar_g10,59,0.1290267296761179,2012
p67_solar_g10,60,0.0,2012
p67_solar_g10,61,0.11312170070485594,2012
p67_solar_g10,62,0.0,2012
p67_solar_g10,63,0.0898573890163944,2012
p67_solar_g10,64,0.0,2012
p67_solar_g10,65,0.020112357108027657,2012
p67_solar_g10,66,0.02091677149408044,2012
p67_solar_g10,67,2.1692329581047335e-17,2012
p67_solar_g10,68,0.06555093033571543,2012
p67_solar_g10,69,2.3143121891212405e-17,2012
p67_solar_g10,70,0.14800572839805717,2012
p67_solar_g10,71,2.4782565424505343e-17,2012
p67_solar_g10,72,0.18783007405479113,2012
p67_solar_g10,73,2.6606288822097023e-17,2012
p67_solar_g10,74,0.22137595215529926,2012
p67_solar_g10,75,0.0,2012
p67_solar_g10,76,0.238182558939766,2012
p67_solar_g10,77,0.0,2012
p67_solar_g10,78,0.2337698547573252,2012
p67_solar_g10,79,0.0,2012
p67_solar_g10,80,0.21261516624659407,2012
p67_solar_g10,81,0.0,2012
p67_solar_g10,82,0.10828856853114763,2012
p67_solar_g10,83,0.0,2012
p67_solar_g10,84,0.0395282419978542,2012
p67_solar_g10,85,0.0414197028449196,2012
p67_solar_g10,86,4.306624731605576e-17,2012
p67_solar_g10,87,0.20910440050759713,2012
p67_solar_g10,88,4.6107522184567423e-17,2012
p67_solar_g10,89,0.29463977161622673,2012
p67_solar_g10,90,4.9276216747374896e-17,2012
p67_solar_g10,91,0.37203717754171006,2012
p67_solar_g10,92,5.256388210052231e-17,2012
p67_solar_g10,93,0.4476183445595734,2012
p67_solar_g10,94,0.0,2012
p67_solar_g10,95,0.4620935668740332,2012
p67_solar_g10,96,0.0,2012
p67_solar_g10,97,0.44715800119579857,2012
p67_solar_g10,98,0.0,2012
p67_solar_g10,99,0.3037901805915126,2012
p67_solar_g10,100,0.0,2012
p67_solar_g10,101,0.2004145872782596,2012
p67_solar_g10,102,0.07060375189850754,2012
p67_solar_g10,103,0.07185321759567974,2012
p67_solar_g10,104,0.21878805496641704,2012
p67_solar_g10,105,7.68465043246872e-17,2012
p67_solar_g10,106,0.36846749387367916,2012
p67_solar_g10,107,8.073594789683649e-17,2012
p67_solar_g10,108,0.5094338882003809,2012
p67_solar_g10,109,8.466047905705096e-17,2012
p67_solar_g10,110,0.692074149824672,2012
p67_solar_g10,111,8.860963356329425e-17,2012
p67_solar_g10,112,0.745120020242758,2012
p67_solar_g10,113,0.0,2012
p67_solar_g10,114,0.7549181254523503,2012
p67_solar_g10,115,0.0,2012
p67_solar_g10,116,0.6061990665495559,2012
p67_solar_g10,117,0.0,2012
p67_solar_g10,118,0.4783791711904115,2012
p67_solar_g10,119,0.0,2012
p67_solar_g10,120,0.30998392064001984,2012
p67_solar_g10,121,0.10792580857635797,2012
p67_solar_g10,122,0.10919740933349532,2012
p67_solar_g10,123,0.3286828857067488,2012
p67_solar_g10,124,1.1478802119871048e-16,2012
p67_solar_g10,125,0.5442022832016861,2012
p67_solar_g10,126,1.1857629874628582e-16,2012
p67_solar_g10,127,0.8753422382803104,2012
p67_solar_g10,128,1.2229876760314468e-16,2012
p67_solar_g10,129,0.9889729571046123,2012
p67_solar_g10,130,0.0,2012
p67_solar_g10,131,1.0,2012
p67_solar_g10,132,0.0,2012
p67_solar_g10,133,0.9531613103726552,2012
p67_solar_g10,134,0.0,2012
p67_solar_g10,135,0.8265126493276597,2012
p67_solar_g10,136,0.0,2012
p67_solar_g10,137,0.6425126341710007,2012
p67_solar_g10,138,0.0,2012
p67_solar_g10,139,0.4102529042907298,2012
p67_solar_g10,140,0.1414624894983955,2012
p67_solar_g10,141,1.4472429290889237e-16,2012
p67_solar_g10,142,0.4247133265101809,2012
p67_solar_g10,143,1.4763003892687431e-16,2012
p67_solar_g10,144,0.9136791552722278,2012
p67_solar_g10,145,1.5039250830780447e-16,2012
p67_solar_g10,146,1.0,2012
p67_solar_g10,147,1.5300433529331846e-16,2012
p67_solar_g10,148,1.0,2012
p67_solar_g10,149,0.0,2012
p67_solar_g10,150,1.0,2012
p67_solar_g10,151,0.0,2012
p67_solar_g10,152,1.0,2012
p67_solar_g10,153,0.0,2012
p67_solar_g10,154,0.9851668635801514,2012
p67_solar_g10,155,0.0,2012
p67_solar_g10,156,0.4720007803996102,2012
p67_solar_g10,157,0.0,2012
p67_solar_g10,158,0.16205532266426137,2012
p67_solar_g10,159,0.16302816726634245,2012
p67_solar_g10,160,1.660982106439008e-16,2012
p67_solar_g10,161,0.7744545896800247,2012
p67_solar_g10,162,1.6735648338558463e-16,2012
p67_solar_g10,163,1.0,2012
p67_solar_g10,164,1.6841888154133939e-16,2012
p67_solar_g10,165,1.0,2012
p67_solar_g10,166,1.6928257236733237e-16,2012
p67_solar_g10,167,1.0,2012
p67_solar_g10,168,0.0,2012
p67_solar_g10,169,1.0,2012
p67_solar_g10,170,0.0,2012
p67_solar_g10,171,1.0,2012
p67_solar_g10,172,0.0,2012
p67_solar_g10,173,0.7918924513149258,2012
p67_solar_g10,174,0.0,2012
p67_solar_g10,175,0.4940784317287387,2012
p67_solar_g10,176,0.0,2012
p67_solar_g10,177,0.16766088885517755,2012
p67_solar_g10,178,0.49235098244133335,2012
p67_solar_g10,179,1.69848846885305e-16,2012
p67_solar_g10,180,0.785811575312811,2012
p67_solar_g10,181,1.6915252735305406e-16,2012
p67_solar_g10,182,1.0,2012
p67_solar_g10,183,1.6825554432174901e-16,2012
p67_solar_g10,184,1.0,2012
p67_solar_g10,185,1.6716028947772333e-16,2012
p67_solar_g10,186,1.0,2012
p67_solar_g10,187,0.0,2012
p67_solar_g10,188,1.0,2012
p67_solar_g10,189,0.0,2012
p67_solar_g10,190,0.9980625972805027,2012
p67_solar_g10,191,0.0,2012
p67_solar_g10,192,0.7491377295953061,2012
p67_solar_g10,193,0.0,2012
p67_solar_g10,194,0.46192197626621945,2012
p67_solar_g10,195,0.15562467333602215,2012
p67_solar_g10,196,0.1549009510150552,2012
p67_solar_g10,197,0.45127959631967157,2012
p67_solar_g10,198,1.550607469746674e-16,2012
p67_solar_g10,199,0.7116749842086877,2012
p67_solar_g10,200,1.525797927219559e-16,2012
p67_solar_g10,201,1.0,2012
p67_solar_g10,202,1.499423639699213e-16,2012
p67_solar_g10,203,1.0,2012
p67_solar_g10,204,0.0,2012
p67_solar_g10,205,1.0,2012
p67_solar_g10,206,0.0,2012
p67_solar_g10,207,1.0,2012
p67_solar_g10,208,0.0,2012
p67_solar_g10,209,0.8498868261946482,2012
p67_solar_g10,210,0.0,2012
p67_solar_g10,211,0.6298407771888906,2012
p67_solar_g10,212,0.0,2012
p67_solar_g10,213,0.3833801562139836,2012
p67_solar_g10,214,0.12804327810786634,2012
p67_solar_g10,215,1.2891957367588816e-16,2012
p67_solar_g10,216,0.36642043590280843,2012
p67_solar_g10,217,1.253433878330461e-16,2012
p67_solar_g10,218,0.7512452894644719,2012
p67_solar_g10,219,1.2168334975359772e-16,2012
p67_solar_g10,220,0.8618626313318483,2012
p67_solar_g10,221,1.179492184438452e-16,2012
p67_solar_g10,222,0.9151172878110474,2012
p67_solar_g10,223,0.0,2012
p67_solar_g10,224,0.8847088568916944,2012
p67_solar_g10,225,0.0,2012
p67_solar_g10,226,0.7787431375602462,2012
p67_solar_g10,227,0.0,2012
p67_solar_g10,228,0.6343465214531147,2012
p67_solar_g10,229,0.0,2012
p67_solar_g10,230,0.28909462377497097,2012
p67_solar_g10,231,0.0,2012
p67_solar_g10,232,0.0943692817813352,2012
p67_solar_g10,233,0.09176623856858218,2012
p67_solar_g10,234,9.191180967873914e-17,2012
p67_solar_g10,235,0.41408547584983857,2012
p67_solar_g10,236,8.795017744555457e-17,2012
p67_solar_g10,237,0.5214636179463183,2012
p67_solar_g10,238,8.400439701378413e-17,2012
p67_solar_g10,239,0.5884585664162908,2012
p67_solar_g10,240,8.008498928382952e-17,2012
