region,time_index,value,weather_year
p60,1,0.009533898,2012
p60,2,0.0,2012
p60,3,0.60865617,2012
p60,4,0.0,2012
p60,5,0.42599878,2012
p60,6,0.0,2012
p60,7,0.0,2012
p60,8,0.31933516,2012
p60,9,0.0,2012
p60,10,0.6889881,2012
p60,11,0.0,2012
p60,12,0.054529864,2012
p60,13,0.008373689,2012
p60,14,0.0,2012
p60,15,0.5593725,2012
p60,16,0.0,2012
p60,17,0.3333081,2012
p60,18,0.0,2012
p60,19,0.0,2012
p60,20,0.20268361,2012
p60,21,0.0,2012
p60,22,0.51132464,2012
p60,23,0.0,2012
p60,24,0.017983252,2012
p60,25,0.011375101,2012
p60,26,0.0,2012
p60,27,0.5146287,2012
p60,28,0.0,2012
p60,29,0.35497376,2012
p60,30,0.0,2012
p60,31,0.0,2012
p60,32,0.3991122,2012
p60,33,0.0,2012
p60,34,0.66449755,2012
p60,35,0.0,2012
p60,36,0.054050647,2012
p60,37,0.012711864,2012
p60,38,0.0,2012
p60,39,0.5389427,2012
p60,40,0.0,2012
p60,41,0.3813055,2012
p60,42,0.0,2012
p60,43,0.0,2012
p60,44,0.28866526,2012
p60,45,0.0,2012
p60,46,0.6015688,2012
p60,47,0.0,2012
p60,48,0.025322841,2012
p60,49,0.010189669,2012
p60,50,0.0,2012
p60,51,0.477275,2012
p60,52,0.0,2012
p60,53,0.29600483,2012
p60,54,0.0,2012
p60,55,0.0,2012
p60,56,0.3224879,2012
p60,57,0.0,2012
p60,58,0.45979622,2012
p60,59,0.0,2012
p60,60,0.018008474,2012
p60,61,0.011778652,2012
p60,62,0.0,2012
p60,63,0.58416563,2012
p60,64,0.0,2012
p60,65,0.40387914,2012
p60,66,0.0,2012
p60,67,0.0,2012
p60,68,0.36085048,2012
p60,69,0.0,2012
p60,70,0.626589,2012
p60,71,0.0,2012
p60,72,0.05619451,2012
p60,73,0.038463477,2012
p60,74,0.0,2012
p60,75,0.57425344,2012
p60,76,0.0,2012
p60,77,0.33941182,2012
p60,78,0.0,2012
p60,79,0.0,2012
p60,80,0.30725384,2012
p60,81,0.0,2012
p60,82,0.43644068,2012
p60,83,0.0,2012
p60,84,0.021262107,2012
p60,85,0.04996469,2012
p60,86,0.0,2012
p60,87,0.60434324,2012
p60,88,0.0,2012
p60,89,0.3762611,2012
p60,90,0.0,2012
p60,91,0.0,2012
p60,92,0.3314417,2012
p60,93,0.0,2012
p60,94,0.5278198,2012
p60,95,0.0,2012
p60,96,0.054933414,2012
p60,97,0.03811037,2012
p60,98,0.0,2012
p60,99,0.56270176,2012
p60,100,0.0,2012
p60,101,0.4766697,2012
p60,102,0.0,2012
p60,103,0.0,2012
p60,104,0.29867837,2012
p60,105,0.0,2012
p60,106,0.5312752,2012
p60,107,0.0,2012
p60,108,0.06224778,2012
p60,109,0.040128127,2012
p60,110,0.0,2012
p60,111,0.51715094,2012
p60,112,0.0,2012
p60,113,0.3429429,2012
p60,114,0.0,2012
p60,115,0.0,2012
p60,116,0.30531174,2012
p60,117,0.0,2012
p60,118,0.47137308,2012
p60,119,0.0,2012
p60,120,0.057304278,2012
p60,121,0.064215094,2012
p60,122,0.0,2012
p60,123,0.5787429,2012
p60,124,0.0,2012
p60,125,0.43454903,2012
p60,126,0.0,2012
p60,127,0.0,2012
p60,128,0.40208837,2012
p60,129,0.0,2012
p60,130,0.5697892,2012
p60,131,0.0,2012
p60,132,0.08530065,2012
p60,133,0.07982748,2012
p60,134,0.0,2012
p60,135,0.7828138,2012
p60,136,0.0,2012
p60,137,0.47677058,2012
p60,138,0.0,2012
p60,139,0.0,2012
p60,140,0.32687652,2012
p60,141,0.0,2012
p60,142,0.54577786,2012
p60,143,0.0,2012
p60,144,0.08973971,2012
p60,145,0.054328088,2012
p60,146,0.0,2012
p60,147,0.6717615,2012
p60,148,0.0,2012
p60,149,0.47283596,2012
p60,150,0.0,2012
p60,151,0.0,2012
p60,152,0.44993442,2012
p60,153,0.0,2012
p60,154,0.78571427,2012
p60,155,0.0,2012
p60,156,0.17168583,2012
p60,157,0.102703795,2012
p60,158,0.0,2012
p60,159,0.68742436,2012
p60,160,0.0,2012
p60,161,0.39711964,2012
p60,162,0.0,2012
p60,163,0.0,2012
p60,164,0.42103007,2012
p60,165,0.0,2012
p60,166,0.64250404,2012
p60,167,0.0,2012
p60,168,0.16868442,2012
p60,169,0.08065981,2012
p60,170,0.0,2012
p60,171,0.54683715,2012
p60,172,0.0,2012
p60,173,0.48970944,2012
p60,174,0.0,2012
p60,175,0.0,2012
p60,176,0.47190276,2012
p60,177,0.0,2012
p60,178,0.6866677,2012
p60,179,0.0,2012
p60,180,0.13735875,2012
p60,181,0.05783394,2012
p60,182,0.0,2012
p60,183,0.7408192,2012
p60,184,0.0,2012
p60,185,0.50706214,2012
p60,186,0.0002774415,2012
p60,187,5.0443905e-05,2012
p60,188,0.42042473,2012
p60,189,0.0,2012
p60,190,0.5362944,2012
p60,191,0.0,2012
p60,192,0.15208837,2012
p60,193,0.05657284,2012
p60,194,0.0,2012
p60,195,0.59670097,2012
p60,196,0.0,2012
p60,197,0.39134383,2012
p60,198,0.0008575464,2012
p60,199,5.0443905e-05,2012
p60,200,0.5366223,2012
p60,201,0.0,2012
p60,202,0.79961157,2012
p60,203,0.0,2012
p60,204,0.22732547,2012
p60,205,0.11246469,2012
p60,206,0.0,2012
p60,207,0.7330761,2012
p60,208,0.0,2012
p60,209,0.5682002,2012
p60,210,0.000554883,2012
p60,211,0.0011602099,2012
p60,212,0.48887712,2012
p60,213,0.0,2012
p60,214,0.6322135,2012
p60,215,0.0,2012
p60,216,0.20038842,2012
p60,217,0.12187248,2012
p60,218,0.0,2012
p60,219,0.83429176,2012
p60,220,0.0,2012
p60,221,0.67720944,2012
p60,222,0.0020177562,2012
p60,223,0.0025978612,2012
p60,224,0.50605327,2012
p60,225,0.0,2012
p60,226,0.6787732,2012
p60,227,0.0,2012
p60,228,0.1883071,2012
p60,229,0.1510795,2012
p60,230,0.0,2012
p60,231,0.6905771,2012
p60,232,0.0,2012
p60,233,0.5512762,2012
p60,234,0.0024717513,2012
p60,235,0.0047165053,2012
p60,236,0.4962167,2012
p60,237,0.0,2012
p60,238,0.8557304,2012
p60,239,0.0,2012
p60,240,0.22664447,2012
p60,241,0.13715698,2012
p60,242,0.0,2012
p60,243,0.8123991,2012
p60,244,0.0,2012
p60,245,0.5382365,2012
p60,246,0.003253632,2012
p60,247,0.0066838176,2012
p60,248,0.43929076,2012
p60,249,0.0,2012
p60,250,0.6646237,2012
p60,251,0.0,2012
p60,252,0.23529561,2012
p60,253,0.1441939,2012
p60,254,0.0,2012
p60,255,0.61710554,2012
p60,256,0.0,2012
p60,257,0.6133727,2012
p60,258,0.0038841807,2012
p60,259,0.009281679,2012
p60,260,0.5242383,2012
p60,261,0.0,2012
p60,262,0.7597861,2012
p60,263,0.0,2012
p60,264,0.24374495,2012
p60,265,0.10853007,2012
p60,266,0.0,2012
p60,267,0.7427361,2012
p60,268,0.0,2012
p60,269,0.6200817,2012
p60,270,0.005901937,2012
p60,271,0.011097659,2012
p60,272,0.6323648,2012
p60,273,0.0,2012
p60,274,0.9177764,2012
p60,275,0.0,2012
p60,276,0.343977,2012
p60,277,0.16732244,2012
p60,278,0.0,2012
p60,279,0.7928269,2012
p60,280,0.0,2012
p60,281,0.5603309,2012
p60,282,0.0073648104,2012
p60,283,0.014653955,2012
p60,284,0.52340597,2012
p60,285,0.0,2012
p60,286,0.8244804,2012
p60,287,0.0,2012
p60,288,0.19655468,2012
p60,289,0.14974274,2012
p60,290,0.0,2012
p60,291,0.7253834,2012
p60,292,0.0,2012
p60,293,0.64880955,2012
p60,294,0.007036925,2012
p60,295,0.018260693,2012
p60,296,0.5072892,2012
p60,297,0.0,2012
p60,298,0.7689417,2012
p60,299,0.0,2012
p60,300,0.30495864,2012
p60,301,0.18530568,2012
p60,302,0.0,2012
p60,303,0.78901833,2012
p60,304,0.0,2012
p60,305,0.6520127,2012
p60,306,0.010214891,2012
p60,307,0.01937046,2012
p60,308,0.51129943,2012
p60,309,0.0,2012
p60,310,0.72041464,2012
p60,311,0.0,2012
p60,312,0.3482395,2012
p60,313,0.20101897,2012
p60,314,0.0,2012
p60,315,0.8214033,2012
p60,316,0.0,2012
p60,317,0.58383775,2012
p60,318,0.011778652,2012
p60,319,0.016722156,2012
p60,320,0.5369754,2012
p60,321,0.0,2012
p60,322,0.83842814,2012
p60,323,0.0,2012
p60,324,0.3692494,2012
p60,325,0.21017453,2012
p60,326,0.0,2012
p60,327,0.8468523,2012
p60,328,0.0,2012
p60,329,0.7531275,2012
p60,330,0.014704399,2012
p60,331,0.037378933,2012
p60,332,0.5944814,2012
p60,333,0.0,2012
p60,334,0.9061491,2012
p60,335,0.0,2012
p60,336,0.3457173,2012
p60,337,0.19605024,2012
p60,338,0.0,2012
p60,339,0.78773206,2012
p60,340,0.0,2012
p60,341,0.6276231,2012
p60,342,0.0099878935,2012
p60,343,0.0356134,2012
p60,344,0.550116,2012
p60,345,0.0,2012
p60,346,0.85504943,2012
p60,347,0.0,2012
p60,348,0.3591606,2012
p60,349,0.17620057,2012
p60,350,0.0,2012
p60,351,0.66137004,2012
p60,352,0.0,2012
p60,353,0.6263872,2012
p60,354,0.008953793,2012
p60,355,0.03576473,2012
p60,356,0.53183013,2012
p60,357,0.0,2012
p60,358,0.87023306,2012
p60,359,0.0,2012
p60,360,0.37091404,2012
p60,361,0.21980932,2012
p60,362,0.0,2012
p60,363,0.7484615,2012
p60,364,0.0,2012
p60,365,0.6212167,2012
p60,366,0.011702986,2012
p60,367,0.030342009,2012
p60,368,0.49669594,2012
p60,369,0.0,2012
p60,370,0.8444562,2012
p60,371,0.0,2012
p60,372,0.29797214,2012
p60,373,0.21711057,2012
p60,374,0.0,2012
p60,375,0.75451475,2012
p60,376,0.0,2012
p60,377,0.6555942,2012
p60,378,0.015738498,2012
p60,379,0.035714287,2012
p60,380,0.5120813,2012
p60,381,0.0,2012
p60,382,0.74866325,2012
p60,383,0.0,2012
p60,384,0.30427763,2012
p60,385,0.24359362,2012
p60,386,0.0,2012
p60,387,0.78268766,2012
p60,388,0.0,2012
p60,389,0.5898154,2012
p60,390,0.015839387,2012
p60,391,0.032460652,2012
p60,392,0.5504439,2012
p60,393,0.0,2012
p60,394,0.8249344,2012
p60,395,0.0,2012
p60,396,0.32844028,2012
p60,397,0.20750101,2012
p60,398,0.0,2012
p60,399,0.7527744,2012
p60,400,0.0,2012
p60,401,0.6740567,2012
p60,402,0.019547014,2012
p60,403,0.035083737,2012
p60,404,0.5375807,2012
p60,405,0.0,2012
p60,406,0.85815173,2012
p60,407,0.0,2012
p60,408,0.36894673,2012
p60,409,0.2469986,2012
p60,410,0.0,2012
p60,411,0.7857395,2012
p60,412,0.0,2012
p60,413,0.6197034,2012
p60,414,0.020581113,2012
p60,415,0.034427967,2012
p60,416,0.64520276,2012
p60,417,0.0,2012
p60,418,0.80256253,2012
p60,419,0.0,2012
p60,420,0.35931194,2012
p60,421,0.25587672,2012
p60,422,0.0,2012
p60,423,0.8185785,2012
p60,424,0.0,2012
p60,425,0.7055337,2012
p60,426,0.021690879,2012
p60,427,0.033519976,2012
p60,428,0.60595745,2012
p60,429,0.0,2012
p60,430,0.8768412,2012
p60,431,0.0,2012
p60,432,0.36771086,2012
p60,433,0.2471247,2012
p60,434,0.0,2012
p60,435,0.78024113,2012
p60,436,0.0,2012
p60,437,0.63831717,2012
p60,438,0.018285915,2012
p60,439,0.02930791,2012
p60,440,0.5815678,2012
p60,441,0.0,2012
p60,442,0.74281174,2012
p60,443,0.0,2012
p60,444,0.31383675,2012
p60,445,0.23968422,2012
p60,446,0.0,2012
p60,447,0.82705307,2012
p60,448,0.0,2012
p60,449,0.67448545,2012
p60,450,0.021236885,2012
p60,451,0.022800645,2012
p60,452,0.5424738,2012
p60,453,0.0,2012
p60,454,0.7916162,2012
p60,455,0.0,2012
p60,456,0.2976695,2012
p60,457,0.20770279,2012
p60,458,0.0,2012
p60,459,0.6744098,2012
p60,460,0.0,2012
p60,461,0.5713277,2012
p60,462,0.019874899,2012
p60,463,0.022497982,2012
p60,464,0.60341,2012
p60,465,0.0,2012
p60,466,0.79769474,2012
p60,467,0.0,2012
p60,468,0.29693806,2012
p60,469,0.23814568,2012
p60,470,0.0,2012
p60,471,0.740794,2012
p60,472,0.0,2012
p60,473,0.6107748,2012
p60,474,0.012510089,2012
p60,475,0.02428874,2012
p60,476,0.5223467,2012
p60,477,0.0,2012
p60,478,0.82884383,2012
p60,479,0.0,2012
p60,480,0.29449153,2012
p60,481,0.23865013,2012
p60,482,0.0,2012
p60,483,0.7395581,2012
p60,484,0.0,2012
p60,485,0.6253279,2012
p60,486,0.018159807,2012
p60,487,0.018058918,2012
p60,488,0.54035515,2012
p60,489,0.0,2012
p60,490,0.8579752,2012
p60,491,0.0,2012
p60,492,0.29643363,2012
p60,493,0.1839437,2012
p60,494,0.0,2012
p60,495,0.73398405,2012
p60,496,0.0,2012
p60,497,0.70114505,2012
p60,498,0.01626816,2012
p60,499,0.016621267,2012
p60,500,0.468977,2012
p60,501,0.0,2012
p60,502,0.76490617,2012
p60,503,0.0,2012
p60,504,0.30165455,2012
p60,505,0.2257617,2012
p60,506,0.0,2012
p60,507,0.8274566,2012
p60,508,0.0,2012
p60,509,0.6808162,2012
p60,510,0.015133172,2012
p60,511,0.014653955,2012
p60,512,0.6001816,2012
p60,513,0.0,2012
p60,514,0.83550245,2012
p60,515,0.0,2012
p60,516,0.29244855,2012
p60,517,0.21882567,2012
p60,518,0.0,2012
p60,519,0.70903957,2012
p60,520,0.0,2012
p60,521,0.59710455,2012
p60,522,0.012333535,2012
p60,523,0.0137459645,2012
p60,524,0.56585455,2012
p60,525,0.0,2012
p60,526,0.7913388,2012
p60,527,0.0,2012
p60,528,0.2818049,2012
p60,529,0.18641545,2012
p60,530,0.0,2012
p60,531,0.64870864,2012
p60,532,0.0,2012
p60,533,0.6604873,2012
p60,534,0.011576877,2012
p60,535,0.009786118,2012
p60,536,0.538186,2012
p60,537,0.0,2012
p60,538,0.79111177,2012
p60,539,0.0,2012
p60,540,0.24238297,2012
p60,541,0.16845742,2012
p60,542,0.0,2012
p60,543,0.72666967,2012
p60,544,0.0,2012
p60,545,0.5473416,2012
p60,546,0.009256457,2012
p60,547,0.010240113,2012
p60,548,0.4687248,2012
p60,549,0.0,2012
p60,550,0.7820319,2012
p60,551,0.0,2012
p60,552,0.26452786,2012
p60,553,0.15491323,2012
p60,554,0.0,2012
p60,555,0.6996822,2012
p60,556,0.0,2012
p60,557,0.59047115,2012
p60,558,0.0073143663,2012
p60,559,0.008020581,2012
p60,560,0.526256,2012
p60,561,0.0,2012
p60,562,0.79655975,2012
p60,563,0.0,2012
p60,564,0.2752976,2012
p60,565,0.17617534,2012
p60,566,0.0,2012
p60,567,0.79605526,2012
p60,568,0.0,2012
p60,569,0.5598265,2012
p60,570,0.005271388,2012
p60,571,0.0072639226,2012
p60,572,0.52605426,2012
p60,573,0.0,2012
p60,574,0.8198648,2012
p60,575,0.0,2012
p60,576,0.28964892,2012
p60,577,0.16792776,2012
p60,578,0.0,2012
p60,579,0.8091707,2012
p60,580,0.0,2012
p60,581,0.63998187,2012
p60,582,0.0036319613,2012
p60,583,0.0035058516,2012
p60,584,0.5389175,2012
p60,585,0.0,2012
p60,586,0.6929227,2012
p60,587,0.0,2012
p60,588,0.23373184,2012
p60,589,0.1487843,2012
p60,590,0.0,2012
p60,591,0.7897246,2012
p60,592,0.0,2012
p60,593,0.63448346,2012
p60,594,0.0021943098,2012
p60,595,0.0025474173,2012
p60,596,0.4835553,2012
p60,597,0.0,2012
p60,598,0.70308715,2012
p60,599,0.0,2012
p60,600,0.24467817,2012
p60,601,0.11256558,2012
p60,602,0.0,2012
p60,603,0.6717867,2012
p60,604,0.0,2012
p60,605,0.66454804,2012
p60,606,0.00050443906,2012
p60,607,0.0046408395,2012
p60,608,0.53909403,2012
p60,609,0.0,2012
p60,610,0.8853915,2012
p60,611,0.0,2012
p60,612,0.260341,2012
p60,613,0.12431901,2012
p60,614,0.0,2012
p60,615,0.7422064,2012
p60,616,0.0,2012
p60,617,0.41285816,2012
p60,618,0.00032788538,2012
p60,619,0.0035815174,2012
p60,620,0.42504036,2012
p60,621,0.0,2012
p60,622,0.67836964,2012
p60,623,0.0,2012
p60,624,0.21958232,2012
p60,625,0.106714085,2012
p60,626,0.0,2012
p60,627,0.550797,2012
p60,628,0.0,2012
p60,629,0.5737742,2012
p60,630,0.0,2012
p60,631,0.002799637,2012
p60,632,0.5127875,2012
p60,633,0.0,2012
p60,634,0.8070773,2012
p60,635,0.0,2012
p60,636,0.22349173,2012
p60,637,0.08436743,2012
p60,638,0.0,2012
p60,639,0.7939619,2012
p60,640,0.0,2012
p60,641,0.64366424,2012
p60,642,0.0,2012
p60,643,0.0025474173,2012
p60,644,0.40160915,2012
p60,645,0.0,2012
p60,646,0.7711108,2012
p60,647,0.0,2012
p60,648,0.2144875,2012
p60,649,0.06580408,2012
p60,650,0.0,2012
p60,651,0.6434625,2012
p60,652,0.0,2012
p60,653,0.468523,2012
p60,654,0.0,2012
p60,655,0.00040355124,2012
p60,656,0.32316887,2012
p60,657,0.0,2012
p60,658,0.7068452,2012
p60,659,0.0,2012
p60,660,0.19539447,2012
p60,661,0.06519875,2012
p60,662,0.0,2012
p60,663,0.71327686,2012
p60,664,0.0,2012
p60,665,0.592842,2012
p60,666,0.0,2012
p60,667,0.0011349879,2012
p60,668,0.40080205,2012
p60,669,0.0,2012
p60,670,0.5678975,2012
p60,671,0.0,2012
p60,672,0.14951573,2012
p60,673,0.052032888,2012
p60,674,0.0,2012
p60,675,0.6126665,2012
p60,676,0.0,2012
p60,677,0.6108757,2012
p60,678,0.0,2012
p60,679,0.0008575464,2012
p60,680,0.37820318,2012
p60,681,0.0,2012
p60,682,0.7305791,2012
p60,683,0.0,2012
p60,684,0.19799234,2012
p60,685,0.030064568,2012
p60,686,0.0,2012
p60,687,0.52103513,2012
p60,688,0.0,2012
p60,689,0.4761148,2012
p60,690,0.0,2012
p60,691,0.00050443906,2012
p60,692,0.40042374,2012
p60,693,0.0,2012
p60,694,0.7730781,2012
p60,695,0.0,2012
p60,696,0.19458736,2012
p60,697,0.025348064,2012
p60,698,0.0,2012
p60,699,0.5992736,2012
p60,700,0.0,2012
p60,701,0.561819,2012
p60,702,0.0,2012
p60,703,0.00050443906,2012
p60,704,0.34049636,2012
p60,705,0.0,2012
p60,706,0.67269474,2012
p60,707,0.0,2012
p60,708,0.19721045,2012
p60,709,0.021110775,2012
p60,710,0.0,2012
p60,711,0.3994653,2012
p60,712,0.0,2012
p60,713,0.3795904,2012
p60,714,0.0,2012
p60,715,0.00022699758,2012
p60,716,0.27913135,2012
p60,717,0.0,2012
p60,718,0.56963784,2012
p60,719,0.0,2012
p60,720,0.1436138,2012
p60,721,0.015007062,2012
p60,722,0.0,2012
p60,723,0.59922314,2012
p60,724,0.0,2012
p60,725,0.49102098,2012
p60,726,0.0,2012
p60,727,0.0,2012
p60,728,0.37739608,2012
p60,729,0.0,2012
p60,730,0.72018766,2012
p60,731,0.0,2012
p60,732,0.18946731,2012
p60,733,0.008373689,2012
p60,734,0.0,2012
p60,735,0.58509886,2012
p60,736,0.0,2012
p60,737,0.4796711,2012
p60,738,0.0,2012
p60,739,0.0,2012
p60,740,0.28177965,2012
p60,741,0.0,2012
p60,742,0.56199557,2012
p60,743,0.0,2012
p60,744,0.1538287,2012
p60,745,0.014149516,2012
p60,746,0.0,2012
p60,747,0.58782285,2012
p60,748,0.0,2012
p60,749,0.49674636,2012
p60,750,0.0,2012
p60,751,0.0,2012
p60,752,0.30740517,2012
p60,753,0.0,2012
p60,754,0.6515587,2012
p60,755,0.0,2012
p60,756,0.13443302,2012
p60,757,0.011904762,2012
p60,758,0.0,2012
p60,759,0.4832526,2012
p60,760,0.0,2012
p60,761,0.51821023,2012
p60,762,0.0,2012
p60,763,0.0,2012
p60,764,0.26003835,2012
p60,765,0.0,2012
p60,766,0.67758775,2012
p60,767,0.0,2012
p60,768,0.09221146,2012
p60,769,0.0041868445,2012
p60,770,0.0,2012
p60,771,0.59137917,2012
p60,772,0.0,2012
p60,773,0.48395884,2012
p60,774,0.0,2012
p60,775,0.0,2012
p60,776,0.17645279,2012
p60,777,0.0,2012
p60,778,0.58431697,2012
p60,779,0.0,2012
p60,780,0.11228813,2012
p60,781,0.0026483051,2012
p60,782,0.0,2012
p60,783,0.502724,2012
p60,784,0.0,2012
p60,785,0.4020127,2012
p60,786,0.0,2012
p60,787,0.0,2012
p60,788,0.28054377,2012
p60,789,0.0,2012
p60,790,0.6558969,2012
p60,791,0.0,2012
p60,792,0.118013516,2012
p60,793,0.009508676,2012
p60,794,0.0,2012
p60,795,0.5216909,2012
p60,796,0.0,2012
p60,797,0.42319915,2012
p60,798,0.0,2012
p60,799,0.0,2012
p60,800,0.2257617,2012
p60,801,0.0,2012
p60,802,0.61208636,2012
p60,803,0.0,2012
p60,804,0.08136602,2012
p60,805,0.00083232444,2012
p60,806,0.0,2012
p60,807,0.44743744,2012
p60,808,0.0,2012
p60,809,0.3341152,2012
p60,810,0.0,2012
p60,811,0.0,2012
p60,812,0.24109665,2012
p60,813,0.0,2012
p60,814,0.52095944,2012
p60,815,0.0,2012
p60,816,0.060961463,2012
p60,817,0.001084544,2012
p60,818,0.0,2012
p60,819,0.4442595,2012
p60,820,0.0,2012
p60,821,0.22442494,2012
p60,822,0.0,2012
p60,823,0.0,2012
p60,824,0.20729923,2012
p60,825,0.0,2012
p60,826,0.37472257,2012
p60,827,0.0,2012
p60,828,0.029736683,2012
p60,829,0.0028500806,2012
p60,830,0.0,2012
p60,831,0.5814417,2012
p60,832,0.0,2012
p60,833,0.43222862,2012
p60,834,0.0,2012
p60,835,0.0,2012
p60,836,0.2120914,2012
p60,837,0.0,2012
p60,838,0.31681296,2012
p60,839,0.0,2012
p60,840,0.031830106,2012
p60,841,0.0007818806,2012
p60,842,0.0,2012
p60,843,0.3241021,2012
p60,844,0.0,2012
p60,845,0.27832425,2012
p60,846,0.0,2012
p60,847,0.0,2012
p60,848,0.24957123,2012
p60,849,0.0,2012
p60,850,0.3610775,2012
p60,851,0.0,2012
p60,852,0.02996368,2012
p60,853,0.007062147,2012
p60,854,0.0,2012
p60,855,0.52532285,2012
p60,856,0.0,2012
p60,857,0.403753,2012
p60,858,0.0,2012
p60,859,0.0,2012
p60,860,0.16583434,2012
p60,861,0.0,2012
p60,862,0.46993542,2012
p60,863,0.0,2012
p60,864,0.008979015,2012
p60,865,0.0011854318,2012
p60,866,0.0,2012
p60,867,0.4185331,2012
p60,868,0.0,2012
p60,869,0.25085753,2012
p60,870,0.0,2012
p60,871,0.0,2012
p60,872,0.22772902,2012
p60,873,0.0,2012
p60,874,0.60126615,2012
p60,875,0.0,2012
p60,876,0.050973568,2012
p61,1,0.0102355275,2012
p61,2,0.0,2012
p61,3,0.4790887,2012
p61,4,0.0,2012
p61,5,0.34866828,2012
p61,6,0.0,2012
p61,7,0.0,2012
p61,8,0.2557231,2012
p61,9,0.0,2012
p61,10,0.570438,2012
p61,11,0.0,2012
p61,12,0.07965551,2012
p61,13,0.028725512,2012
p61,14,0.0,2012
p61,15,0.52225953,2012
p61,16,0.0,2012
p61,17,0.33584636,2012
p61,18,0.0,2012
p61,19,0.0,2012
p61,20,0.18712854,2012
p61,21,0.0,2012
p61,22,0.47884107,2012
p61,23,0.0,2012
p61,24,0.09674224,2012
p61,25,0.023139996,2012
p61,26,0.0,2012
p61,27,0.41090688,2012
p61,28,0.0,2012
p61,29,0.28860334,2012
p61,30,0.0,2012
p61,31,0.0,2012
p61,32,0.26901278,2012
p61,33,0.0,2012
p61,34,0.574978,2012
p61,35,0.0,2012
p61,36,0.11033458,2012
p61,37,0.028395334,2012
p61,38,0.0,2012
p61,39,0.38597843,2012
p61,40,0.0,2012
p61,41,0.36457187,2012
p61,42,0.0,2012
p61,43,0.0,2012
p61,44,0.22694255,2012
p61,45,0.0,2012
p61,46,0.47853842,2012
p61,47,0.0,2012
p61,48,0.0994387,2012
p61,49,0.012326657,2012
p61,50,0.0,2012
p61,51,0.41800573,2012
p61,52,0.0,2012
p61,53,0.24196567,2012
p61,54,0.0,2012
p61,55,0.0,2012
p61,56,0.2835681,2012
p61,57,0.0,2012
p61,58,0.3945906,2012
p61,59,0.0,2012
p61,60,0.092064716,2012
p61,61,0.037585296,2012
p61,62,0.0,2012
p61,63,0.46068126,2012
p61,64,0.0,2012
p61,65,0.28376073,2012
p61,66,0.0,2012
p61,67,0.0,2012
p61,68,0.28711754,2012
p61,69,0.0,2012
p61,70,0.5868369,2012
p61,71,0.0,2012
p61,72,0.111435175,2012
p61,73,0.03318292,2012
p61,74,0.0,2012
p61,75,0.5195631,2012
p61,76,0.0,2012
p61,77,0.28255007,2012
p61,78,0.0,2012
p61,79,0.0,2012
p61,80,0.27842286,2012
p61,81,0.0,2012
p61,82,0.50008255,2012
p61,83,0.0,2012
p61,84,0.070272945,2012
p61,85,0.06941999,2012
p61,86,0.0,2012
p61,87,0.5433634,2012
p61,88,0.0,2012
p61,89,0.4344596,2012
p61,90,0.0,2012
p61,91,0.0003301783,2012
p61,92,0.21827537,2012
p61,93,0.0,2012
p61,94,0.5061083,2012
p61,95,0.0,2012
p61,96,0.13806956,2012
p61,97,0.053048648,2012
p61,98,0.0,2012
p61,99,0.5070713,2012
p61,100,0.0,2012
p61,101,0.36669052,2012
p61,102,0.0,2012
p61,103,0.0018710103,2012
p61,104,0.2716542,2012
p61,105,0.0,2012
p61,106,0.54319835,2012
p61,107,0.0,2012
p61,108,0.10736298,2012
p61,109,0.034476116,2012
p61,110,0.0,2012
p61,111,0.609234,2012
p61,112,0.0,2012
p61,113,0.2908871,2012
p61,114,0.0,2012
p61,115,0.00093550514,2012
p61,116,0.27382788,2012
p61,117,0.0,2012
p61,118,0.5642472,2012
p61,119,0.0,2012
p61,120,0.12654082,2012
p61,121,0.07550077,2012
p61,122,0.0,2012
p61,123,0.5901937,2012
p61,124,0.0,2012
p61,125,0.3831444,2012
p61,126,0.0,2012
p61,127,0.00077041605,2012
p61,128,0.30569008,2012
p61,129,0.0,2012
p61,130,0.5620735,2012
p61,131,0.0,2012
p61,132,0.08983601,2012
p61,133,0.08658926,2012
p61,134,0.0,2012
p61,135,0.64395773,2012
p61,136,0.0,2012
p61,137,0.49746862,2012
p61,138,0.0,2012
p61,139,0.007676645,2012
p61,140,0.33045346,2012
p61,141,0.0,2012
p61,142,0.593523,2012
p61,143,0.0,2012
p61,144,0.08303984,2012
p61,145,0.049361654,2012
p61,146,0.0,2012
p61,147,0.48340854,2012
p61,148,0.0,2012
p61,149,0.34919107,2012
p61,150,0.0,2012
p61,151,0.0012106538,2012
p61,152,0.46472594,2012
p61,153,0.0,2012
p61,154,0.6571924,2012
p61,155,0.0,2012
p61,156,0.18159807,2012
p61,157,0.11828637,2012
p61,158,0.0,2012
p61,159,0.6536155,2012
p61,160,0.0,2012
p61,161,0.4914704,2012
p61,162,0.0,2012
p61,163,0.008942328,2012
p61,164,0.41005394,2012
p61,165,0.0,2012
p61,166,0.595339,2012
p61,167,0.0,2012
p61,168,0.19637354,2012
p61,169,0.081691615,2012
p61,170,0.0,2012
p61,171,0.5816366,2012
p61,172,0.0,2012
p61,173,0.49254346,2012
p61,174,5.5029715e-05,2012
p61,175,0.005282853,2012
p61,176,0.38061303,2012
p61,177,0.0,2012
p61,178,0.61173785,2012
p61,179,0.0,2012
p61,180,0.14802994,2012
p61,181,0.092394896,2012
p61,182,0.0,2012
p61,183,0.485197,2012
p61,184,0.0,2012
p61,185,0.4525919,2012
p61,186,0.0003301783,2012
p61,187,0.019453004,2012
p61,188,0.36578253,2012
p61,189,0.0,2012
p61,190,0.6135538,2012
p61,191,0.0,2012
p61,192,0.1888895,2012
p61,193,0.10197006,2012
p61,194,0.0,2012
p61,195,0.71992624,2012
p61,196,0.0,2012
p61,197,0.5535164,2012
p61,198,0.0019810698,2012
p61,199,0.017857144,2012
p61,200,0.45515078,2012
p61,201,0.0,2012
p61,202,0.6235967,2012
p61,203,0.0,2012
p61,204,0.15823795,2012
p61,205,0.10730795,2012
p61,206,0.0,2012
p61,207,0.7335186,2012
p61,208,0.0,2012
p61,209,0.58353513,2012
p61,210,0.0006053269,2012
p61,211,0.020608628,2012
p61,212,0.4362756,2012
p61,213,0.0,2012
p61,214,0.5416025,2012
p61,215,0.0,2012
p61,216,0.25187102,2012
p61,217,0.10450143,2012
p61,218,0.0,2012
p61,219,0.540777,2012
p61,220,0.0,2012
p61,221,0.63512546,2012
p61,222,0.005282853,2012
p61,223,0.031009246,2012
p61,224,0.40826547,2012
p61,225,0.0,2012
p61,226,0.6942549,2012
p61,227,0.0,2012
p61,228,0.3022507,2012
p61,229,0.11988223,2012
p61,230,0.0,2012
p61,231,0.75269645,2012
p61,232,0.0,2012
p61,233,0.64602137,2012
p61,234,0.0074290116,2012
p61,235,0.041327316,2012
p61,236,0.41973916,2012
p61,237,0.0,2012
p61,238,0.7374532,2012
p61,239,0.0,2012
p61,240,0.31496257,2012
p61,241,0.12560533,2012
p61,242,0.0,2012
p61,243,0.69100815,2012
p61,244,0.0,2012
p61,245,0.57181376,2012
p61,246,0.0043198327,2012
p61,247,0.048453666,2012
p61,248,0.36138016,2012
p61,249,0.0,2012
p61,250,0.66767555,2012
p61,251,0.0,2012
p61,252,0.24920207,2012
p61,253,0.122413605,2012
p61,254,0.0,2012
p61,255,0.6410687,2012
p61,256,0.0,2012
p61,257,0.53183466,2012
p61,258,0.0070713186,2012
p61,259,0.05747854,2012
p61,260,0.44615343,2012
p61,261,0.0,2012
p61,262,0.7681598,2012
p61,263,0.0,2012
p61,264,0.29355603,2012
p61,265,0.12860444,2012
p61,266,0.0,2012
p61,267,0.679617,2012
p61,268,0.0,2012
p61,269,0.57935286,2012
p61,270,0.011116003,2012
p61,271,0.030101255,2012
p61,272,0.4702014,2012
p61,273,0.0,2012
p61,274,0.76546335,2012
p61,275,0.0,2012
p61,276,0.36102244,2012
p61,277,0.15416574,2012
p61,278,0.00011005943,2012
p61,279,0.65810037,2012
p61,280,0.0,2012
p61,281,0.5337057,2012
p61,282,0.010868369,2012
p61,283,0.050104555,2012
p61,284,0.46998128,2012
p61,285,0.0,2012
p61,286,0.6644013,2012
p61,287,0.0,2012
p61,288,0.31160578,2012
p61,289,0.15281752,2012
p61,290,0.0003301783,2012
p61,291,0.70512325,2012
p61,292,0.0,2012
p61,293,0.50310916,2012
p61,294,0.014995597,2012
p61,295,0.041024655,2012
p61,296,0.4665144,2012
p61,297,0.0,2012
p61,298,0.69408983,2012
p61,299,0.0,2012
p61,300,0.21621175,2012
p61,301,0.18157054,2012
p61,302,0.00011005943,2012
p61,303,0.61864406,2012
p61,304,0.0,2012
p61,305,0.6683359,2012
p61,306,0.016233766,2012
p61,307,0.06152322,2012
p61,308,0.47950143,2012
p61,309,0.0,2012
p61,310,0.53043145,2012
p61,311,0.0,2012
p61,312,0.32005283,2012
p61,313,0.1538906,2012
p61,314,0.00022011886,2012
p61,315,0.72752035,2012
p61,316,0.0,2012
p61,317,0.6288246,2012
p61,318,0.019342946,2012
p61,319,0.08804755,2012
p61,320,0.5376128,2012
p61,321,0.0,2012
p61,322,0.8152928,2012
p61,323,0.0,2012
p61,324,0.3196126,2012
p61,325,0.19342946,2012
p61,326,0.0016233766,2012
p61,327,0.74766123,2012
p61,328,0.0,2012
p61,329,0.69199866,2012
p61,330,0.020773718,2012
p61,331,0.084635705,2012
p61,332,0.50275147,2012
p61,333,0.0,2012
p61,334,0.85169494,2012
p61,335,0.0,2012
p61,336,0.38542813,2012
p61,337,0.17128,2012
p61,338,0.0027790007,2012
p61,339,0.70842505,2012
p61,340,0.0,2012
p61,341,0.64882785,2012
p61,342,0.014665419,2012
p61,343,0.055469953,2012
p61,344,0.42474687,2012
p61,345,0.0,2012
p61,346,0.67342615,2012
p61,347,0.0,2012
p61,348,0.32825226,2012
p61,349,0.18996258,2012
p61,350,0.0012931983,2012
p61,351,0.6177361,2012
p61,352,0.0,2012
p61,353,0.5550022,2012
p61,354,0.02391041,2012
p61,355,0.092284836,2012
p61,356,0.46456087,2012
p61,357,0.0,2012
p61,358,0.77622163,2012
p61,359,0.0,2012
p61,360,0.31094542,2012
p61,361,0.19505283,2012
p61,362,0.0013207132,2012
p61,363,0.7257869,2012
p61,364,0.0,2012
p61,365,0.59217477,2012
p61,366,0.019232886,2012
p61,367,0.070493065,2012
p61,368,0.42840633,2012
p61,369,0.0,2012
p61,370,0.7024268,2012
p61,371,0.0,2012
p61,372,0.32957298,2012
p61,373,0.17540722,2012
p61,374,0.00049526745,2012
p61,375,0.61231565,2012
p61,376,0.0,2012
p61,377,0.52063614,2012
p61,378,0.026359234,2012
p61,379,0.06919987,2012
p61,380,0.4383392,2012
p61,381,0.0,2012
p61,382,0.7033623,2012
p61,383,0.0,2012
p61,384,0.38961038,2012
p61,385,0.22256769,2012
p61,386,0.0036319613,2012
p61,387,0.80307615,2012
p61,388,0.0,2012
p61,389,0.610197,2012
p61,390,0.025176095,2012
p61,391,0.06551287,2012
p61,392,0.47958398,2012
p61,393,0.0,2012
p61,394,0.7563009,2012
p61,395,0.0,2012
p61,396,0.33972594,2012
p61,397,0.20603126,2012
p61,398,0.0024213076,2012
p61,399,0.76441777,2012
p61,400,0.0,2012
p61,401,0.6742241,2012
p61,402,0.030348888,2012
p61,403,0.09707242,2012
p61,404,0.44469514,2012
p61,405,0.0,2012
p61,406,0.7715166,2012
p61,407,5.5029715e-05,2012
p61,408,0.34217477,2012
p61,409,0.20823245,2012
p61,410,0.0032192385,2012
p61,411,0.6544684,2012
p61,412,0.0,2012
p61,413,0.60430884,2012
p61,414,0.03070658,2012
p61,415,0.094953775,2012
p61,416,0.53984153,2012
p61,417,0.0,2012
p61,418,0.7883282,2012
p61,419,0.0,2012
p61,420,0.363884,2012
p61,421,0.24306625,2012
p61,422,0.001733436,2012
p61,423,0.7134327,2012
p61,424,0.0,2012
p61,425,0.59038633,2012
p61,426,0.02531367,2012
p61,427,0.083920315,2012
p61,428,0.5126018,2012
p61,429,0.0,2012
p61,430,0.789759,2012
p61,431,0.0,2012
p61,432,0.38490534,2012
p61,433,0.21816531,2012
p61,434,0.0009905349,2012
p61,435,0.72083426,2012
p61,436,0.0,2012
p61,437,0.6444805,2012
p61,438,0.023662778,2012
p61,439,0.089973584,2012
p61,440,0.4426315,2012
p61,441,0.0,2012
p61,442,0.7274378,2012
p61,443,0.0,2012
p61,444,0.3483381,2012
p61,445,0.2468633,2012
p61,446,0.0006053269,2012
p61,447,0.7827977,2012
p61,448,0.0,2012
p61,449,0.687046,2012
p61,450,0.030156285,2012
p61,451,0.077756986,2012
p61,452,0.5449593,2012
p61,453,0.0,2012
p61,454,0.7656835,2012
p61,455,0.0,2012
p61,456,0.35931653,2012
p61,457,0.20751706,2012
p61,458,0.0014032577,2012
p61,459,0.74573517,2012
p61,460,0.0,2012
p61,461,0.5874422,2012
p61,462,0.03087167,2012
p61,463,0.07682148,2012
p61,464,0.54008913,2012
p61,465,0.0,2012
p61,466,0.7389115,2012
p61,467,0.0,2012
p61,468,0.2977658,2012
p61,469,0.22215496,2012
p61,470,0.0012381686,2012
p61,471,0.6699868,2012
p61,472,0.0,2012
p61,473,0.5598723,2012
p61,474,0.026441779,2012
p61,475,0.070878275,2012
p61,476,0.51656395,2012
p61,477,0.0,2012
p61,478,0.70853513,2012
p61,479,0.0,2012
p61,480,0.31719127,2012
p61,481,0.20578362,2012
p61,482,0.0016784064,2012
p61,483,0.6537255,2012
p61,484,0.0,2012
p61,485,0.53634715,2012
p61,486,0.025836451,2012
p61,487,0.067163765,2012
p61,488,0.5820493,2012
p61,489,0.0,2012
p61,490,0.79116225,2012
p61,491,0.0,2012
p61,492,0.28714505,2012
p61,493,0.18121286,2012
p61,494,0.0006603566,2012
p61,495,0.6861105,2012
p61,496,0.0,2012
p61,497,0.7238884,2012
p61,498,0.027212195,2012
p61,499,0.043748625,2012
p61,500,0.474989,2012
p61,501,0.0,2012
p61,502,0.6887244,2012
p61,503,0.0,2012
p61,504,0.30263594,2012
p61,505,0.2103786,2012
p61,506,0.00022011886,2012
p61,507,0.72826326,2012
p61,508,0.0,2012
p61,509,0.6423894,2012
p61,510,0.024983492,2012
p61,511,0.05618534,2012
p61,512,0.52619416,2012
p61,513,0.0,2012
p61,514,0.7728648,2012
p61,515,0.0,2012
p61,516,0.34605438,2012
p61,517,0.19752917,2012
p61,518,0.0003301783,2012
p61,519,0.6854226,2012
p61,520,0.0,2012
p61,521,0.6259905,2012
p61,522,0.020250935,2012
p61,523,0.0514803,2012
p61,524,0.496258,2012
p61,525,0.0,2012
p61,526,0.76587605,2012
p61,527,0.0,2012
p61,528,0.33821264,2012
p61,529,0.17177525,2012
p61,530,0.00022011886,2012
p61,531,0.69142085,2012
p61,532,0.0,2012
p61,533,0.59880584,2012
p61,534,0.015848558,2012
p61,535,0.04174004,2012
p61,536,0.51802224,2012
p61,537,0.0,2012
p61,538,0.66657495,2012
p61,539,0.0,2012
p61,540,0.27693704,2012
p61,541,0.18396434,2012
p61,542,0.00011005943,2012
p61,543,0.7037475,2012
p61,544,0.0,2012
p61,545,0.6016124,2012
p61,546,0.013674884,2012
p61,547,0.022232005,2012
p61,548,0.43976998,2012
p61,549,0.0,2012
p61,550,0.76417017,2012
p61,551,0.0,2012
p61,552,0.30183798,2012
p61,553,0.16872111,2012
p61,554,0.0,2012
p61,555,0.65966874,2012
p61,556,0.0,2012
p61,557,0.5864792,2012
p61,558,0.013152102,2012
p61,559,0.04724301,2012
p61,560,0.5008805,2012
p61,561,0.0,2012
p61,562,0.7270251,2012
p61,563,0.0,2012
p61,564,0.32940787,2012
p61,565,0.16098943,2012
p61,566,0.0,2012
p61,567,0.64596635,2012
p61,568,0.0,2012
p61,569,0.61336124,2012
p61,570,0.010840854,2012
p61,571,0.034531146,2012
p61,572,0.48054698,2012
p61,573,0.0,2012
p61,574,0.7600154,2012
p61,575,0.0,2012
p61,576,0.2877779,2012
p61,577,0.16784063,2012
p61,578,0.0,2012
p61,579,0.71103895,2012
p61,580,0.0,2012
p61,581,0.6809377,2012
p61,582,0.008034338,2012
p61,583,0.055580013,2012
p61,584,0.48803103,2012
p61,585,0.0,2012
p61,586,0.8132567,2012
p61,587,0.0,2012
p61,588,0.30241582,2012
p61,589,0.15730244,2012
p61,590,0.0,2012
p61,591,0.6605492,2012
p61,592,0.0,2012
p61,593,0.5759135,2012
p61,594,0.005090249,2012
p61,595,0.016316311,2012
p61,596,0.46711975,2012
p61,597,0.0,2012
p61,598,0.7304369,2012
p61,599,0.0,2012
p61,600,0.2548426,2012
p61,601,0.13625358,2012
p61,602,0.0,2012
p61,603,0.6762877,2012
p61,604,0.0,2012
p61,605,0.5584966,2012
p61,606,0.0025038521,2012
p61,607,0.034916356,2012
p61,608,0.4740535,2012
p61,609,0.0,2012
p61,610,0.76279444,2012
p61,611,0.0,2012
p61,612,0.3383502,2012
p61,613,0.1329793,2012
p61,614,0.0,2012
p61,615,0.63790447,2012
p61,616,0.0,2012
p61,617,0.60287803,2012
p61,618,0.0010455647,2012
p61,619,0.0412998,2012
p61,620,0.38121834,2012
p61,621,0.0,2012
p61,622,0.70366496,2012
p61,623,0.0,2012
p61,624,0.2628219,2012
p61,625,0.10895884,2012
p61,626,0.0,2012
p61,627,0.68231344,2012
p61,628,0.0,2012
p61,629,0.53199977,2012
p61,630,0.00019260401,2012
p61,631,0.033100374,2012
p61,632,0.44934514,2012
p61,633,0.0,2012
p61,634,0.76505065,2012
p61,635,0.0,2012
p61,636,0.22661237,2012
p61,637,0.08543363,2012
p61,638,0.0,2012
p61,639,0.60827094,2012
p61,640,0.0,2012
p61,641,0.60692275,2012
p61,642,0.0,2012
p61,643,0.032577593,2012
p61,644,0.38168612,2012
p61,645,0.0,2012
p61,646,0.74972486,2012
p61,647,0.0,2012
p61,648,0.22193484,2012
p61,649,0.07596853,2012
p61,650,0.0,2012
p61,651,0.5903588,2012
p61,652,0.0,2012
p61,653,0.44304425,2012
p61,654,0.0,2012
p61,655,0.025451243,2012
p61,656,0.35901386,2012
p61,657,0.0,2012
p61,658,0.62299144,2012
p61,659,0.0,2012
p61,660,0.23792098,2012
p61,661,0.07583095,2012
p61,662,0.0,2012
p61,663,0.55533236,2012
p61,664,0.0,2012
p61,665,0.5424829,2012
p61,666,0.0,2012
p61,667,0.0098503195,2012
p61,668,0.37450475,2012
p61,669,0.0,2012
p61,670,0.6157825,2012
p61,671,0.0,2012
p61,672,0.20757209,2012
p61,673,0.07580344,2012
p61,674,0.0,2012
p61,675,0.48563725,2012
p61,676,0.0,2012
p61,677,0.47485143,2012
p61,678,0.0,2012
p61,679,0.019810697,2012
p61,680,0.32451025,2012
p61,681,0.0,2012
p61,682,0.53549415,2012
p61,683,0.0,2012
p61,684,0.26199648,2012
p61,685,0.049279112,2012
p61,686,0.0,2012
p61,687,0.49818403,2012
p61,688,0.0,2012
p61,689,0.53681487,2012
p61,690,0.0,2012
p61,691,0.007539071,2012
p61,692,0.24799141,2012
p61,693,0.0,2012
p61,694,0.5924499,2012
p61,695,0.0,2012
p61,696,0.23266564,2012
p61,697,0.055497468,2012
p61,698,0.0,2012
p61,699,0.59954876,2012
p61,700,0.0,2012
p61,701,0.43327647,2012
p61,702,0.0,2012
p61,703,0.00866718,2012
p61,704,0.26571098,2012
p61,705,0.0,2012
p61,706,0.6358684,2012
p61,707,0.0,2012
p61,708,0.25231126,2012
p61,709,0.040116664,2012
p61,710,0.0,2012
p61,711,0.44670373,2012
p61,712,0.0,2012
p61,713,0.33287475,2012
p61,714,0.0,2012
p61,715,0.018242352,2012
p61,716,0.23082215,2012
p61,717,0.0,2012
p61,718,0.5884327,2012
p61,719,0.0,2012
p61,720,0.15003853,2012
p61,721,0.03334801,2012
p61,722,0.0,2012
p61,723,0.42730576,2012
p61,724,0.0,2012
p61,725,0.32429013,2012
p61,726,0.0,2012
p61,727,0.004017169,2012
p61,728,0.26694915,2012
p61,729,0.0,2012
p61,730,0.54958177,2012
p61,731,0.0,2012
p61,732,0.16902377,2012
p61,733,0.011941449,2012
p61,734,0.0,2012
p61,735,0.4616443,2012
p61,736,0.0,2012
p61,737,0.38124588,2012
p61,738,0.0,2012
p61,739,0.003274268,2012
p61,740,0.19340193,2012
p61,741,0.0,2012
p61,742,0.558304,2012
p61,743,0.0,2012
p61,744,0.14596632,2012
p61,745,0.027817521,2012
p61,746,0.0,2012
p61,747,0.562899,2012
p61,748,0.0,2012
p61,749,0.3872441,2012
p61,750,0.0,2012
p61,751,0.0022562183,2012
p61,752,0.17493947,2012
p61,753,0.0,2012
p61,754,0.5338433,2012
p61,755,0.0,2012
p61,756,0.16621725,2012
p61,757,0.025533788,2012
p61,758,0.0,2012
p61,759,0.4324235,2012
p61,760,0.0,2012
p61,761,0.43660578,2012
p61,762,0.0,2012
p61,763,0.0011005943,2012
p61,764,0.18641317,2012
p61,765,0.0,2012
p61,766,0.5645223,2012
p61,767,0.0,2012
p61,768,0.1531477,2012
p61,769,0.007566586,2012
p61,770,0.0,2012
p61,771,0.40218467,2012
p61,772,0.0,2012
p61,773,0.43080014,2012
p61,774,0.0,2012
p61,775,0.0036319613,2012
p61,776,0.13677636,2012
p61,777,0.0,2012
p61,778,0.47749284,2012
p61,779,0.0,2012
p61,780,0.12332159,2012
p61,781,0.0098778345,2012
p61,782,0.0,2012
p61,783,0.45008805,2012
p61,784,0.0,2012
p61,785,0.43600044,2012
p61,786,0.0,2012
p61,787,0.0021461588,2012
p61,788,0.20383006,2012
p61,789,0.0,2012
p61,790,0.5410797,2012
p61,791,0.0,2012
p61,792,0.15490866,2012
p61,793,0.02022342,2012
p61,794,0.0,2012
p61,795,0.42879155,2012
p61,796,0.0,2012
p61,797,0.3166685,2012
p61,798,0.0,2012
p61,799,0.0,2012
p61,800,0.14786485,2012
p61,801,0.0,2012
p61,802,0.53502643,2012
p61,803,0.0,2012
p61,804,0.09038631,2012
p61,805,0.008419546,2012
p61,806,0.0,2012
p61,807,0.35174996,2012
p61,808,0.0,2012
p61,809,0.2642802,2012
p61,810,0.0,2012
p61,811,0.0,2012
p61,812,0.19263153,2012
p61,813,0.0,2012
p61,814,0.35937157,2012
p61,815,0.0,2012
p61,816,0.08835021,2012
p61,817,0.010263042,2012
p61,818,0.0,2012
p61,819,0.32041052,2012
p61,820,0.0,2012
p61,821,0.24375413,2012
p61,822,0.0,2012
p61,823,0.0,2012
p61,824,0.15997139,2012
p61,825,0.0,2012
p61,826,0.35496917,2012
p61,827,0.0,2012
p61,828,0.0499945,2012
p61,829,0.017719569,2012
p61,830,0.0,2012
p61,831,0.4540777,2012
p61,832,0.0,2012
p61,833,0.35868368,2012
p61,834,0.0,2012
p61,835,0.0,2012
p61,836,0.15699978,2012
p61,837,0.0,2012
p61,838,0.3834746,2012
p61,839,0.0,2012
p61,840,0.10202509,2012
p61,841,0.001155624,2012
p61,842,0.0,2012
p61,843,0.2164869,2012
p61,844,0.0,2012
p61,845,0.2744332,2012
p61,846,0.0,2012
p61,847,0.0,2012
p61,848,0.23973696,2012
p61,849,0.0,2012
p61,850,0.35216266,2012
p61,851,0.0,2012
p61,852,0.060064934,2012
p61,853,0.015876073,2012
p61,854,0.0,2012
p61,855,0.36735088,2012
p61,856,0.0,2012
p61,857,0.32695904,2012
p61,858,0.0,2012
p61,859,0.0,2012
p61,860,0.108270966,2012
p61,861,0.0,2012
p61,862,0.48682037,2012
p61,863,0.0,2012
p61,864,0.05640546,2012
p61,865,0.0098778345,2012
p61,866,0.0,2012
p61,867,0.35307065,2012
p61,868,0.0,2012
p61,869,0.16153973,2012
p61,870,0.0,2012
p61,871,0.0,2012
p61,872,0.151827,2012
p61,873,0.0,2012
p61,874,0.37656835,2012
p61,875,0.0,2012
p61,876,0.076161124,2012
p62,1,0.014362756,2012
p62,2,0.0,2012
p62,3,0.53043145,2012
p62,4,0.0,2012
p62,5,0.36919436,2012
p62,6,0.0,2012
p62,7,0.0,2012
p62,8,0.29160246,2012
p62,9,0.0,2012
p62,10,0.5384658,2012
p62,11,0.0,2012
p62,12,0.07731675,2012
p62,13,0.017004183,2012
p62,14,0.0,2012
p62,15,0.5731345,2012
p62,16,0.0,2012
p62,17,0.28593442,2012
p62,18,0.0,2012
p62,19,0.0,2012
p62,20,0.2329408,2012
p62,21,0.0,2012
p62,22,0.58364516,2012
p62,23,0.0,2012
p62,24,0.04842615,2012
p62,25,0.020140877,2012
p62,26,0.0,2012
p62,27,0.38152102,2012
p62,28,0.0,2012
p62,29,0.3437156,2012
p62,30,0.0,2012
p62,31,0.0,2012
p62,32,0.26463792,2012
p62,33,0.0,2012
p62,34,0.614792,2012
p62,35,0.0,2012
p62,36,0.083645165,2012
p62,37,0.029826107,2012
p62,38,0.0,2012
p62,39,0.27845037,2012
p62,40,0.0,2012
p62,41,0.20597623,2012
p62,42,0.0,2012
p62,43,0.0,2012
p62,44,0.16828087,2012
p62,45,0.0,2012
p62,46,0.42785603,2012
p62,47,0.0,2012
p62,48,0.033678185,2012
p62,49,0.004567466,2012
p62,50,0.0,2012
p62,51,0.3690843,2012
p62,52,0.0,2012
p62,53,0.15755008,2012
p62,54,0.0,2012
p62,55,0.0,2012
p62,56,0.22749284,2012
p62,57,0.0,2012
p62,58,0.34861326,2012
p62,59,0.0,2012
p62,60,0.06322914,2012
p62,61,0.04451904,2012
p62,62,0.0,2012
p62,63,0.3765133,2012
p62,64,0.0,2012
p62,65,0.36104998,2012
p62,66,0.0,2012
p62,67,0.0,2012
p62,68,0.32401496,2012
p62,69,0.0,2012
p62,70,0.49471715,2012
p62,71,0.0,2012
p62,72,0.051232666,2012
p62,73,0.03301783,2012
p62,74,0.0,2012
p62,75,0.5329628,2012
p62,76,0.0,2012
p62,77,0.33337003,2012
p62,78,0.0,2012
p62,79,0.0,2012
p62,80,0.23486683,2012
p62,81,0.0,2012
p62,82,0.41938147,2012
p62,83,0.0,2012
p62,84,0.018269865,2012
p62,85,0.071373545,2012
p62,86,0.0,2012
p62,87,0.62915474,2012
p62,88,0.0,2012
p62,89,0.375908,2012
p62,90,0.0,2012
p62,91,0.0,2012
p62,92,0.33028835,2012
p62,93,0.0,2012
p62,94,0.51860005,2012
p62,95,0.0,2012
p62,96,0.07539071,2012
p62,97,0.047435615,2012
p62,98,0.0,2012
p62,99,0.43396434,2012
p62,100,0.0,2012
p62,101,0.40545896,2012
p62,102,0.0,2012
p62,103,0.0,2012
p62,104,0.34267005,2012
p62,105,0.0,2012
p62,106,0.5106758,2012
p62,107,0.0,2012
p62,108,0.019645609,2012
p62,109,0.037915476,2012
p62,110,0.0,2012
p62,111,0.7109289,2012
p62,112,0.0,2012
p62,113,0.3057451,2012
p62,114,0.0,2012
p62,115,0.0,2012
p62,116,0.41134712,2012
p62,117,0.0,2012
p62,118,0.5927251,2012
p62,119,0.0,2012
p62,120,0.047435615,2012
p62,121,0.08645169,2012
p62,122,0.0,2012
p62,123,0.56421965,2012
p62,124,0.0,2012
p62,125,0.3729364,2012
p62,126,0.0,2012
p62,127,0.0,2012
p62,128,0.2655734,2012
p62,129,0.0,2012
p62,130,0.5021462,2012
p62,131,0.0,2012
p62,132,0.05800132,2012
p62,133,0.10224521,2012
p62,134,0.0,2012
p62,135,0.5745653,2012
p62,136,0.0,2012
p62,137,0.46929342,2012
p62,138,0.0,2012
p62,139,0.0,2012
p62,140,0.3605547,2012
p62,141,0.0,2012
p62,142,0.50473255,2012
p62,143,0.0,2012
p62,144,0.06284393,2012
p62,145,0.06273387,2012
p62,146,0.0,2012
p62,147,0.7029496,2012
p62,148,0.0,2012
p62,149,0.34178957,2012
p62,150,0.0,2012
p62,151,0.0,2012
p62,152,0.41674003,2012
p62,153,0.0,2012
p62,154,0.7312899,2012
p62,155,0.0,2012
p62,156,0.13399737,2012
p62,157,0.07995818,2012
p62,158,0.0,2012
p62,159,0.68060756,2012
p62,160,0.0,2012
p62,161,0.51232666,2012
p62,162,0.0,2012
p62,163,0.0,2012
p62,164,0.4070548,2012
p62,165,0.0,2012
p62,166,0.7350319,2012
p62,167,0.0,2012
p62,168,0.19051288,2012
p62,169,0.090744,2012
p62,170,0.0,2012
p62,171,0.6738939,2012
p62,172,0.0,2012
p62,173,0.47490644,2012
p62,174,0.0,2012
p62,175,0.0016508915,2012
p62,176,0.4996148,2012
p62,177,0.0,2012
p62,178,0.6850099,2012
p62,179,0.0,2012
p62,180,0.14665419,2012
p62,181,0.08243451,2012
p62,182,0.0,2012
p62,183,0.6716377,2012
p62,184,0.0,2012
p62,185,0.54941666,2012
p62,186,0.00077041605,2012
p62,187,0.00082544575,2012
p62,188,0.3437156,2012
p62,189,0.0,2012
p62,190,0.5905789,2012
p62,191,0.0,2012
p62,192,0.19265904,2012
p62,193,0.06702619,2012
p62,194,0.0,2012
p62,195,0.5713185,2012
p62,196,0.0,2012
p62,197,0.46048868,2012
p62,198,0.001375743,2012
p62,199,0.0014307726,2012
p62,200,0.4733656,2012
p62,201,0.0,2012
p62,202,0.71010345,2012
p62,203,0.0,2012
p62,204,0.15914594,2012
p62,205,0.09927361,2012
p62,206,0.0,2012
p62,207,0.6724081,2012
p62,208,0.0,2012
p62,209,0.6554589,2012
p62,210,0.0018159806,2012
p62,211,0.008694695,2012
p62,212,0.47309047,2012
p62,213,0.0,2012
p62,214,0.60824347,2012
p62,215,0.0,2012
p62,216,0.18792649,2012
p62,217,0.10180497,2012
p62,218,0.0,2012
p62,219,0.69838214,2012
p62,220,0.0,2012
p62,221,0.6213955,2012
p62,222,0.0036319613,2012
p62,223,0.016398855,2012
p62,224,0.3738719,2012
p62,225,0.0,2012
p62,226,0.7469734,2012
p62,227,0.0,2012
p62,228,0.2479639,2012
p62,229,0.16140215,2012
p62,230,0.0,2012
p62,231,0.77492845,2012
p62,232,0.0,2012
p62,233,0.5087497,2012
p62,234,0.0046775257,2012
p62,235,0.023717808,2012
p62,236,0.56565046,2012
p62,237,0.0,2012
p62,238,0.9552058,2012
p62,239,0.0,2012
p62,240,0.32115343,2012
p62,241,0.13680388,2012
p62,242,0.0,2012
p62,243,0.71544135,2012
p62,244,0.0,2012
p62,245,0.68137795,2012
p62,246,0.0031917235,2012
p62,247,0.028450362,2012
p62,248,0.37398195,2012
p62,249,0.0,2012
p62,250,0.87585294,2012
p62,251,0.0,2012
p62,252,0.21868809,2012
p62,253,0.17807616,2012
p62,254,0.0,2012
p62,255,0.5416575,2012
p62,256,0.0,2012
p62,257,0.55376405,2012
p62,258,0.0,2012
p62,259,0.027845036,2012
p62,260,0.48706803,2012
p62,261,0.0,2012
p62,262,0.77790004,2012
p62,263,0.0,2012
p62,264,0.18511997,2012
p62,265,0.16409862,2012
p62,266,0.0,2012
p62,267,0.7581444,2012
p62,268,0.0,2012
p62,269,0.64098614,2012
p62,270,0.0072088926,2012
p62,271,0.031421967,2012
p62,272,0.4894343,2012
p62,273,0.0,2012
p62,274,0.90771514,2012
p62,275,0.0,2012
p62,276,0.38218138,2012
p62,277,0.17394893,2012
p62,278,0.0,2012
p62,279,0.5832049,2012
p62,280,0.0,2012
p62,281,0.43990755,2012
p62,282,0.008749725,2012
p62,283,0.042207792,2012
p62,284,0.34756768,2012
p62,285,0.0,2012
p62,286,0.6188642,2012
p62,287,0.0,2012
p62,288,0.26749945,2012
p62,289,0.16861105,2012
p62,290,0.0,2012
p62,291,0.670427,2012
p62,292,0.0,2012
p62,293,0.67714065,2012
p62,294,0.010730795,2012
p62,295,0.04468413,2012
p62,296,0.45949814,2012
p62,297,0.0,2012
p62,298,0.7818072,2012
p62,299,0.0,2012
p62,300,0.28015628,2012
p62,301,0.142582,2012
p62,302,0.0,2012
p62,303,0.64302224,2012
p62,304,0.0,2012
p62,305,0.6692164,2012
p62,306,0.012216597,2012
p62,307,0.035769314,2012
p62,308,0.4679727,2012
p62,309,0.0,2012
p62,310,0.77916574,2012
p62,311,0.0,2012
p62,312,0.34690732,2012
p62,313,0.19232886,2012
p62,314,0.0,2012
p62,315,0.8275369,2012
p62,316,0.0,2012
p62,317,0.51551837,2012
p62,318,0.015738498,2012
p62,319,0.047655735,2012
p62,320,0.52734977,2012
p62,321,0.0,2012
p62,322,0.59602684,2012
p62,323,0.0,2012
p62,324,0.33078364,2012
p62,325,0.24251595,2012
p62,326,0.0,2012
p62,327,0.799967,2012
p62,328,0.0,2012
p62,329,0.7628769,2012
p62,330,0.012987013,2012
p62,331,0.062238608,2012
p62,332,0.43589038,2012
p62,333,0.0,2012
p62,334,0.7788906,2012
p62,335,0.0,2012
p62,336,0.38234648,2012
p62,337,0.17482941,2012
p62,338,0.0,2012
p62,339,0.7872551,2012
p62,340,0.0,2012
p62,341,0.71098393,2012
p62,342,0.0075941007,2012
p62,343,0.062183578,2012
p62,344,0.5400066,2012
p62,345,0.0,2012
p62,346,0.75396216,2012
p62,347,0.0,2012
p62,348,0.36303103,2012
p62,349,0.1855602,2012
p62,350,0.0,2012
p62,351,0.53340304,2012
p62,352,0.0,2012
p62,353,0.5139225,2012
p62,354,0.007924279,2012
p62,355,0.06273387,2012
p62,356,0.5156835,2012
p62,357,0.0,2012
p62,358,0.7989764,2012
p62,359,0.0,2012
p62,360,0.3638565,2012
p62,361,0.2557231,2012
p62,362,0.0,2012
p62,363,0.72402596,2012
p62,364,0.0,2012
p62,365,0.6731785,2012
p62,366,0.021846797,2012
p62,367,0.029661017,2012
p62,368,0.41349328,2012
p62,369,0.0,2012
p62,370,0.7940788,2012
p62,371,0.0,2012
p62,372,0.41877612,2012
p62,373,0.17180277,2012
p62,374,0.0,2012
p62,375,0.7061413,2012
p62,376,0.0,2012
p62,377,0.67824125,2012
p62,378,0.020966321,2012
p62,379,0.050022013,2012
p62,380,0.6213955,2012
p62,381,0.0,2012
p62,382,0.8057451,2012
p62,383,0.0,2012
p62,384,0.36732337,2012
p62,385,0.21257979,2012
p62,386,0.0,2012
p62,387,0.77415806,2012
p62,388,0.0,2012
p62,389,0.5234977,2012
p62,390,0.016949153,2012
p62,391,0.03087167,2012
p62,392,0.55794626,2012
p62,393,0.0,2012
p62,394,0.6755998,2012
p62,395,0.0,2012
p62,396,0.42466432,2012
p62,397,0.28026634,2012
p62,398,0.0,2012
p62,399,0.8445961,2012
p62,400,0.0,2012
p62,401,0.71346027,2012
p62,402,0.029826107,2012
p62,403,0.058991857,2012
p62,404,0.54732555,2012
p62,405,0.0,2012
p62,406,0.80057234,2012
p62,407,0.0,2012
p62,408,0.3457517,2012
p62,409,0.24367158,2012
p62,410,0.0,2012
p62,411,0.84806293,2012
p62,412,0.0,2012
p62,413,0.69177854,2012
p62,414,0.025423728,2012
p62,415,0.062183578,2012
p62,416,0.6062074,2012
p62,417,0.0,2012
p62,418,0.8638015,2012
p62,419,0.0,2012
p62,420,0.40105656,2012
p62,421,0.22930883,2012
p62,422,0.0,2012
p62,423,0.86022455,2012
p62,424,0.0,2012
p62,425,0.63773936,2012
p62,426,0.023992956,2012
p62,427,0.064274706,2012
p62,428,0.6475897,2012
p62,429,0.0,2012
p62,430,0.92615014,2012
p62,431,0.0,2012
p62,432,0.3516949,2012
p62,433,0.23712304,2012
p62,434,0.0,2012
p62,435,0.6391151,2012
p62,436,0.0,2012
p62,437,0.6209003,2012
p62,438,0.015848558,2012
p62,439,0.04842615,2012
p62,440,0.53043145,2012
p62,441,0.0,2012
p62,442,0.7894013,2012
p62,443,0.0,2012
p62,444,0.36253577,2012
p62,445,0.23750825,2012
p62,446,0.0,2012
p62,447,0.7194035,2012
p62,448,0.0,2012
p62,449,0.5582765,2012
p62,450,0.025974026,2012
p62,451,0.05453445,2012
p62,452,0.43418446,2012
p62,453,0.0,2012
p62,454,0.75082546,2012
p62,455,0.0,2012
p62,456,0.24521242,2012
p62,457,0.20030816,2012
p62,458,0.0,2012
p62,459,0.6562294,2012
p62,460,0.0,2012
p62,461,0.58694696,2012
p62,462,0.024543254,2012
p62,463,0.035549197,2012
p62,464,0.48431653,2012
p62,465,0.0,2012
p62,466,0.7066366,2012
p62,467,0.0,2012
p62,468,0.28274268,2012
p62,469,0.22430113,2012
p62,470,0.0,2012
p62,471,0.6453885,2012
p62,472,0.0,2012
p62,473,0.59316534,2012
p62,474,0.026909532,2012
p62,475,0.03681488,2012
p62,476,0.5535439,2012
p62,477,0.0,2012
p62,478,0.7670592,2012
p62,479,0.0,2012
p62,480,0.28142196,2012
p62,481,0.23040943,2012
p62,482,0.0,2012
p62,483,0.70916796,2012
p62,484,0.0,2012
p62,485,0.6007044,2012
p62,486,0.0172243,2012
p62,487,0.046004843,2012
p62,488,0.5359344,2012
p62,489,0.0,2012
p62,490,0.779606,2012
p62,491,0.0,2012
p62,492,0.32902268,2012
p62,493,0.1683359,2012
p62,494,0.0,2012
p62,495,0.69634604,2012
p62,496,0.0,2012
p62,497,0.6160577,2012
p62,498,0.020085847,2012
p62,499,0.035879374,2012
p62,500,0.4186661,2012
p62,501,0.0,2012
p62,502,0.7279881,2012
p62,503,0.0,2012
p62,504,0.29160246,2012
p62,505,0.18952234,2012
p62,506,0.0,2012
p62,507,0.7953445,2012
p62,508,0.0,2012
p62,509,0.7117543,2012
p62,510,0.018710103,2012
p62,511,0.033953335,2012
p62,512,0.544464,2012
p62,513,0.0,2012
p62,514,0.8755228,2012
p62,515,0.0,2012
p62,516,0.32764694,2012
p62,517,0.20542593,2012
p62,518,0.0,2012
p62,519,0.73580235,2012
p62,520,0.0,2012
p62,521,0.6679507,2012
p62,522,0.014968082,2012
p62,523,0.021901827,2012
p62,524,0.49014968,2012
p62,525,0.0,2012
p62,526,0.78753024,2012
p62,527,0.0,2012
p62,528,0.27878055,2012
p62,529,0.1927691,2012
p62,530,0.0,2012
p62,531,0.77712965,2012
p62,532,0.0,2012
p62,533,0.6027955,2012
p62,534,0.013757429,2012
p62,535,0.012656835,2012
p62,536,0.42257318,2012
p62,537,0.0,2012
p62,538,0.64830506,2012
p62,539,0.0,2012
p62,540,0.29017168,2012
p62,541,0.18330398,2012
p62,542,0.0,2012
p62,543,0.7139555,2012
p62,544,0.0,2012
p62,545,0.6585406,2012
p62,546,0.010675765,2012
p62,547,0.019535549,2012
p62,548,0.4711094,2012
p62,549,0.0,2012
p62,550,0.77503854,2012
p62,551,0.0,2012
p62,552,0.28786045,2012
p62,553,0.19430992,2012
p62,554,0.0,2012
p62,555,0.749945,2012
p62,556,0.0,2012
p62,557,0.6142417,2012
p62,558,0.008639665,2012
p62,559,0.02911072,2012
p62,560,0.39489323,2012
p62,561,0.0,2012
p62,562,0.7577592,2012
p62,563,0.0,2012
p62,564,0.2628219,2012
p62,565,0.15254237,2012
p62,566,0.0,2012
p62,567,0.7381136,2012
p62,568,0.0,2012
p62,569,0.6172683,2012
p62,570,0.0070438036,2012
p62,571,0.025863966,2012
p62,572,0.5081444,2012
p62,573,0.0,2012
p62,574,0.83749723,2012
p62,575,0.0,2012
p62,576,0.26876512,2012
p62,577,0.1396104,2012
p62,578,0.0,2012
p62,579,0.7405349,2012
p62,580,0.0,2012
p62,581,0.6405459,2012
p62,582,0.004567466,2012
p62,583,0.020526083,2012
p62,584,0.47088927,2012
p62,585,0.0,2012
p62,586,0.75687873,2012
p62,587,0.0,2012
p62,588,0.19865727,2012
p62,589,0.13548316,2012
p62,590,0.0,2012
p62,591,0.61660796,2012
p62,592,0.0,2012
p62,593,0.5882126,2012
p62,594,0.003301783,2012
p62,595,0.0070988336,2012
p62,596,0.4971935,2012
p62,597,0.0,2012
p62,598,0.85274047,2012
p62,599,0.0,2012
p62,600,0.26568347,2012
p62,601,0.097732775,2012
p62,602,0.0,2012
p62,603,0.7033348,2012
p62,604,0.0,2012
p62,605,0.59256,2012
p62,606,0.0017609509,2012
p62,607,0.021681707,2012
p62,608,0.4877284,2012
p62,609,0.0,2012
p62,610,0.8401937,2012
p62,611,0.0,2012
p62,612,0.2657385,2012
p62,613,0.13031037,2012
p62,614,0.0,2012
p62,615,0.6268985,2012
p62,616,0.0,2012
p62,617,0.6010896,2012
p62,618,0.00077041605,2012
p62,619,0.012106538,2012
p62,620,0.4624147,2012
p62,621,0.0,2012
p62,622,0.8299582,2012
p62,623,0.0,2012
p62,624,0.2475787,2012
p62,625,0.12354171,2012
p62,626,0.0,2012
p62,627,0.551838,2012
p62,628,0.0,2012
p62,629,0.56477,2012
p62,630,0.0,2012
p62,631,0.017554479,2012
p62,632,0.5065485,2012
p62,633,0.0,2012
p62,634,0.76342726,2012
p62,635,0.0,2012
p62,636,0.2514858,2012
p62,637,0.11418666,2012
p62,638,0.0,2012
p62,639,0.7743782,2012
p62,640,0.0,2012
p62,641,0.5701079,2012
p62,642,0.0,2012
p62,643,0.016013646,2012
p62,644,0.33325997,2012
p62,645,0.0,2012
p62,646,0.6125908,2012
p62,647,0.0,2012
p62,648,0.17169271,2012
p62,649,0.08859784,2012
p62,650,0.0,2012
p62,651,0.62271625,2012
p62,652,0.0,2012
p62,653,0.53362316,2012
p62,654,0.0,2012
p62,655,0.004402377,2012
p62,656,0.31399956,2012
p62,657,0.0,2012
p62,658,0.7891812,2012
p62,659,0.0,2012
p62,660,0.1800022,2012
p62,661,0.077756986,2012
p62,662,0.0,2012
p62,663,0.7029496,2012
p62,664,0.0,2012
p62,665,0.5477658,2012
p62,666,0.0,2012
p62,667,0.0035219018,2012
p62,668,0.36231565,2012
p62,669,0.0,2012
p62,670,0.60769314,2012
p62,671,0.0,2012
p62,672,0.19491525,2012
p62,673,0.06614572,2012
p62,674,0.0,2012
p62,675,0.57495046,2012
p62,676,0.0,2012
p62,677,0.4982941,2012
p62,678,0.0,2012
p62,679,0.00775919,2012
p62,680,0.41508916,2012
p62,681,0.0,2012
p62,682,0.7553929,2012
p62,683,0.0,2012
p62,684,0.24664319,2012
p62,685,0.055139776,2012
p62,686,0.0,2012
p62,687,0.564825,2012
p62,688,0.0,2012
p62,689,0.40006605,2012
p62,690,0.0,2012
p62,691,0.00022011886,2012
p62,692,0.29936165,2012
p62,693,0.0,2012
p62,694,0.58876294,2012
p62,695,0.0,2012
p62,696,0.23976447,2012
p62,697,0.05414924,2012
p62,698,0.0,2012
p62,699,0.6087387,2012
p62,700,0.0,2012
p62,701,0.5478208,2012
p62,702,0.0,2012
p62,703,0.0034118425,2012
p62,704,0.23343605,2012
p62,705,0.0,2012
p62,706,0.6157275,2012
p62,707,0.0,2012
p62,708,0.20834251,2012
p62,709,0.03301783,2012
p62,710,0.0,2012
p62,711,0.42741582,2012
p62,712,0.0,2012
p62,713,0.47655734,2012
p62,714,0.0,2012
p62,715,0.0024213076,2012
p62,716,0.18578032,2012
p62,717,0.0,2012
p62,718,0.57599604,2012
p62,719,0.0,2012
p62,720,0.11446181,2012
p62,721,0.02509355,2012
p62,722,0.0,2012
p62,723,0.46659696,2012
p62,724,0.0,2012
p62,725,0.4213075,2012
p62,726,0.0,2012
p62,727,0.0015958617,2012
p62,728,0.3227493,2012
p62,729,0.0,2012
p62,730,0.59943867,2012
p62,731,0.0,2012
p62,732,0.13306186,2012
p62,733,0.0031917235,2012
p62,734,0.0,2012
p62,735,0.5127669,2012
p62,736,0.0,2012
p62,737,0.39813998,2012
p62,738,0.0,2012
p62,739,0.0,2012
p62,740,0.23987453,2012
p62,741,0.0,2012
p62,742,0.5554149,2012
p62,743,0.0,2012
p62,744,0.17626017,2012
p62,745,0.016674004,2012
p62,746,0.0,2012
p62,747,0.5557451,2012
p62,748,0.0,2012
p62,749,0.47397095,2012
p62,750,0.0,2012
p62,751,0.0,2012
p62,752,0.20394012,2012
p62,753,0.0,2012
p62,754,0.45817742,2012
p62,755,0.0,2012
p62,756,0.15292758,2012
p62,757,0.016013646,2012
p62,758,0.0,2012
p62,759,0.49675325,2012
p62,760,0.0,2012
p62,761,0.36996478,2012
p62,762,0.0,2012
p62,763,0.0,2012
p62,764,0.18143298,2012
p62,765,0.0,2012
p62,766,0.58694696,2012
p62,767,0.0,2012
p62,768,0.117268324,2012
p62,769,0.0045124367,2012
p62,770,0.0,2012
p62,771,0.53450364,2012
p62,772,0.0,2012
p62,773,0.46901828,2012
p62,774,0.0,2012
p62,775,0.0,2012
p62,776,0.2150011,2012
p62,777,0.0,2012
p62,778,0.5467202,2012
p62,779,0.0,2012
p62,780,0.064880036,2012
p62,781,0.0012106538,2012
p62,782,0.0,2012
p62,783,0.52845037,2012
p62,784,0.0,2012
p62,785,0.4159696,2012
p62,786,0.0,2012
p62,787,0.0,2012
p62,788,0.19821703,2012
p62,789,0.0,2012
p62,790,0.43434954,2012
p62,791,0.0,2012
p62,792,0.097952895,2012
p62,793,0.012821924,2012
p62,794,0.0,2012
p62,795,0.4974136,2012
p62,796,0.0,2012
p62,797,0.30987233,2012
p62,798,0.0,2012
p62,799,0.0,2012
p62,800,0.18418446,2012
p62,801,0.0,2012
p62,802,0.572254,2012
p62,803,0.0,2012
p62,804,0.10119965,2012
p62,805,0.010785825,2012
p62,806,0.0,2012
p62,807,0.41118205,2012
p62,808,0.0,2012
p62,809,0.23492186,2012
p62,810,0.0,2012
p62,811,0.0,2012
p62,812,0.142582,2012
p62,813,0.0,2012
p62,814,0.42548975,2012
p62,815,0.0,2012
p62,816,0.065430336,2012
p62,817,0.010895884,2012
p62,818,0.0,2012
p62,819,0.22254017,2012
p62,820,0.0,2012
p62,821,0.21004842,2012
p62,822,0.0,2012
p62,823,0.0,2012
p62,824,0.12150561,2012
p62,825,0.0,2012
p62,826,0.48420647,2012
p62,827,0.0,2012
p62,828,0.0102355275,2012
p62,829,0.0020911293,2012
p62,830,0.0,2012
p62,831,0.5031917,2012
p62,832,0.0,2012
p62,833,0.3952234,2012
p62,834,0.0,2012
p62,835,0.0,2012
p62,836,0.23684789,2012
p62,837,0.0,2012
p62,838,0.4414484,2012
p62,839,0.0,2012
p62,840,0.016839093,2012
p62,841,0.0011005943,2012
p62,842,0.0,2012
p62,843,0.26832488,2012
p62,844,0.0,2012
p62,845,0.14054589,2012
p62,846,0.0,2012
p62,847,0.0,2012
p62,848,0.1983271,2012
p62,849,0.0,2012
p62,850,0.41657495,2012
p62,851,0.0,2012
p62,852,0.020526083,2012
p62,853,0.0018159806,2012
p62,854,0.0,2012
p62,855,0.4827757,2012
p62,856,0.0,2012
p62,857,0.353731,2012
p62,858,0.0,2012
p62,859,0.0,2012
p62,860,0.1707572,2012
p62,861,0.0,2012
p62,862,0.29473916,2012
p62,863,0.0,2012
p62,864,0.022727273,2012
p62,865,0.0018159806,2012
p62,866,0.0,2012
p62,867,0.3083315,2012
p62,868,0.0,2012
p62,869,0.2562734,2012
p62,870,0.0,2012
p62,871,0.0,2012
p62,872,0.21582654,2012
p62,873,0.0,2012
p62,874,0.54413384,2012
p62,875,0.0,2012
p62,876,0.06631081,2012
p63,1,0.0042949384,2012
p63,2,0.0,2012
p63,3,0.41690686,2012
p63,4,0.0,2012
p63,5,0.37042162,2012
p63,6,0.0,2012
p63,7,0.0,2012
p63,8,0.1754295,2012
p63,9,0.0,2012
p63,10,0.55559397,2012
p63,11,0.0,2012
p63,12,0.09142358,2012
p63,13,0.0064760367,2012
p63,14,0.0,2012
p63,15,0.51235634,2012
p63,16,0.0,2012
p63,17,0.3762731,2012
p63,18,0.0,2012
p63,19,0.0,2012
p63,20,0.13520889,2012
p63,21,0.0,2012
p63,22,0.4969926,2012
p63,23,0.0,2012
p63,24,0.08832968,2012
p63,25,0.0045927977,2012
p63,26,0.0,2012
p63,27,0.35517314,2012
p63,28,0.0,2012
p63,29,0.22392291,2012
p63,30,0.0,2012
p63,31,0.0,2012
p63,32,0.2015162,2012
p63,33,0.0,2012
p63,34,0.5279315,2012
p63,35,0.0,2012
p63,36,0.104510166,2012
p63,37,0.0070525385,2012
p63,38,0.0,2012
p63,39,0.3482455,2012
p63,40,0.0,2012
p63,41,0.27234906,2012
p63,42,0.0,2012
p63,43,0.0,2012
p63,44,0.17637111,2012
p63,45,0.0,2012
p63,46,0.56546175,2012
p63,47,0.0,2012
p63,48,0.05646835,2012
p63,49,0.003891387,2012
p63,50,0.0,2012
p63,51,0.32286984,2012
p63,52,0.0,2012
p63,53,0.25343978,2012
p63,54,0.0,2012
p63,55,0.0,2012
p63,56,0.20449479,2012
p63,57,0.0,2012
p63,58,0.50087434,2012
p63,59,0.0,2012
p63,60,0.060321305,2012
p63,61,0.009694838,2012
p63,62,0.0,2012
p63,63,0.3743034,2012
p63,64,0.0,2012
p63,65,0.3119451,2012
p63,66,0.0,2012
p63,67,0.0,2012
p63,68,0.27012953,2012
p63,69,0.0,2012
p63,70,0.6216034,2012
p63,71,0.0,2012
p63,72,0.119412735,2012
p63,73,0.011116876,2012
p63,74,0.0,2012
p63,75,0.48140782,2012
p63,76,0.0,2012
p63,77,0.29005727,2012
p63,78,0.0,2012
p63,79,0.0,2012
p63,80,0.22339444,2012
p63,81,0.0,2012
p63,82,0.44005343,2012
p63,83,0.0,2012
p63,84,0.0484838,2012
p63,85,0.021465084,2012
p63,86,0.0,2012
p63,87,0.53483033,2012
p63,88,0.0,2012
p63,89,0.41528305,2012
p63,90,0.0,2012
p63,91,0.0,2012
p63,92,0.20481187,2012
p63,93,0.0,2012
p63,94,0.5060917,2012
p63,95,0.0,2012
p63,96,0.15285945,2012
p63,97,0.022925554,2012
p63,98,0.0,2012
p63,99,0.4883835,2012
p63,100,0.0,2012
p63,101,0.45559976,2012
p63,102,0.0,2012
p63,103,0.0,2012
p63,104,0.3019236,2012
p63,105,0.0,2012
p63,106,0.47803527,2012
p63,107,0.0,2012
p63,108,0.103434026,2012
p63,109,0.027499136,2012
p63,110,0.0,2012
p63,111,0.50385296,2012
p63,112,0.0,2012
p63,113,0.30797687,2012
p63,114,0.0,2012
p63,115,0.0,2012
p63,116,0.2958511,2012
p63,117,0.0,2012
p63,118,0.6107268,2012
p63,119,0.0,2012
p63,120,0.11690495,2012
p63,121,0.02741266,2012
p63,122,0.0,2012
p63,123,0.6265902,2012
p63,124,0.0,2012
p63,125,0.3410008,2012
p63,126,0.0,2012
p63,127,3.8433453e-05,2012
p63,128,0.22596948,2012
p63,129,0.0,2012
p63,130,0.55576694,2012
p63,131,0.0,2012
p63,132,0.105317265,2012
p63,133,0.0405569,2012
p63,134,0.0,2012
p63,135,0.6403494,2012
p63,136,0.0,2012
p63,137,0.5692475,2012
p63,138,0.0,2012
p63,139,0.00084553595,2012
p63,140,0.31576926,2012
p63,141,0.0,2012
p63,142,0.522791,2012
p63,143,0.0,2012
p63,144,0.09676582,2012
p63,145,0.028517623,2012
p63,146,0.0,2012
p63,147,0.59736156,2012
p63,148,0.0,2012
p63,149,0.38138476,2012
p63,150,0.0,2012
p63,151,0.00034590106,2012
p63,152,0.30978325,2012
p63,153,0.0,2012
p63,154,0.6285311,2012
p63,155,0.0,2012
p63,156,0.23579884,2012
p63,157,0.050491948,2012
p63,158,0.0,2012
p63,159,0.6879492,2012
p63,160,0.0,2012
p63,161,0.46705294,2012
p63,162,0.0,2012
p63,163,0.0026615167,2012
p63,164,0.32668436,2012
p63,165,0.0,2012
p63,166,0.74141014,2012
p63,167,0.0,2012
p63,168,0.28955764,2012
p63,169,0.055661246,2012
p63,170,0.0,2012
p63,171,0.63038546,2012
p63,172,0.0,2012
p63,173,0.42651525,2012
p63,174,0.0,2012
p63,175,0.004852223,2012
p63,176,0.43455744,2012
p63,177,0.0,2012
p63,178,0.7728967,2012
p63,179,0.0,2012
p63,180,0.22315423,2012
p63,181,0.05060725,2012
p63,182,0.0,2012
p63,183,0.6270706,2012
p63,184,0.0,2012
p63,185,0.52520275,2012
p63,186,0.00021138399,2012
p63,187,0.008609094,2012
p63,188,0.32245666,2012
p63,189,0.0,2012
p63,190,0.5484934,2012
p63,191,0.0,2012
p63,192,0.22865021,2012
p63,193,0.061378222,2012
p63,194,0.0,2012
p63,195,0.5358488,2012
p63,196,0.0,2012
p63,197,0.47387487,2012
p63,198,0.00034590106,2012
p63,199,0.013125024,2012
p63,200,0.36043853,2012
p63,201,0.0,2012
p63,202,0.5869941,2012
p63,203,0.0,2012
p63,204,0.20976017,2012
p63,205,0.06327107,2012
p63,206,0.0,2012
p63,207,0.66403395,2012
p63,208,0.0,2012
p63,209,0.66653216,2012
p63,210,0.00017295053,2012
p63,211,0.012884815,2012
p63,212,0.42445904,2012
p63,213,0.0,2012
p63,214,0.73577,2012
p63,215,0.0,2012
p63,216,0.26192397,2012
p63,217,0.06391483,2012
p63,218,0.0,2012
p63,219,0.6031266,2012
p63,220,0.0,2012
p63,221,0.6290307,2012
p63,222,0.0008839694,2012
p63,223,0.025932971,2012
p63,224,0.43065643,2012
p63,225,0.0,2012
p63,226,0.72925556,2012
p63,227,0.0,2012
p63,228,0.30940852,2012
p63,229,0.0755986,2012
p63,230,0.0,2012
p63,231,0.68329877,2012
p63,232,0.0,2012
p63,233,0.7518448,2012
p63,234,0.0011433952,2012
p63,235,0.045332257,2012
p63,236,0.4172816,2012
p63,237,0.0,2012
p63,238,0.87825245,2012
p63,239,0.0,2012
p63,240,0.40841308,2012
p63,241,0.0923748,2012
p63,242,0.0,2012
p63,243,0.7512491,2012
p63,244,0.0,2012
p63,245,0.7013721,2012
p63,246,0.0012106538,2012
p63,247,0.05398939,2012
p63,248,0.38299897,2012
p63,249,0.0,2012
p63,250,0.6885737,2012
p63,251,0.0,2012
p63,252,0.263567,2012
p63,253,0.069410816,2012
p63,254,0.0,2012
p63,255,0.593989,2012
p63,256,0.0,2012
p63,257,0.56104195,2012
p63,258,0.0019408894,2012
p63,259,0.050146047,2012
p63,260,0.40874937,2012
p63,261,0.0,2012
p63,262,0.716659,2012
p63,263,0.0,2012
p63,264,0.30945656,2012
p63,265,0.08000884,2012
p63,266,0.0,2012
p63,267,0.60600907,2012
p63,268,0.0,2012
p63,269,0.59730387,2012
p63,270,0.0021234483,2012
p63,271,0.035301127,2012
p63,272,0.4100273,2012
p63,273,0.0,2012
p63,274,0.8170472,2012
p63,275,0.0,2012
p63,276,0.43277028,2012
p63,277,0.09957147,2012
p63,278,0.0,2012
p63,279,0.6525904,2012
p63,280,0.0,2012
p63,281,0.57643455,2012
p63,282,0.0014508629,2012
p63,283,0.063520886,2012
p63,284,0.38680387,2012
p63,285,0.0,2012
p63,286,0.6083535,2012
p63,287,0.0,2012
p63,288,0.33645606,2012
p63,289,0.09721742,2012
p63,290,0.0,2012
p63,291,0.59678507,2012
p63,292,0.0,2012
p63,293,0.6257831,2012
p63,294,0.00434298,2012
p63,295,0.06021561,2012
p63,296,0.41411084,2012
p63,297,0.0,2012
p63,298,0.7250567,2012
p63,299,0.0,2012
p63,300,0.31805605,2012
p63,301,0.102405936,2012
p63,302,0.0,2012
p63,303,0.6205369,2012
p63,304,0.0,2012
p63,305,0.57659787,2012
p63,306,0.004852223,2012
p63,307,0.052807562,2012
p63,308,0.35944885,2012
p63,309,0.0,2012
p63,310,0.7021023,2012
p63,311,0.0,2012
p63,312,0.3942696,2012
p63,313,0.1376302,2012
p63,314,0.0,2012
p63,315,0.7529402,2012
p63,316,0.0,2012
p63,317,0.73496294,2012
p63,318,0.0058322763,2012
p63,319,0.08152696,2012
p63,320,0.42235482,2012
p63,321,0.0,2012
p63,322,0.7987048,2012
p63,323,0.0,2012
p63,324,0.37599447,2012
p63,325,0.1435105,2012
p63,326,0.0,2012
p63,327,0.7799012,2012
p63,328,0.0,2012
p63,329,0.7958703,2012
p63,330,0.0069180215,2012
p63,331,0.100301705,2012
p63,332,0.46959913,2012
p63,333,0.0,2012
p63,334,0.8188343,2012
p63,335,0.0,2012
p63,336,0.46583265,2012
p63,337,0.12056574,2012
p63,338,0.00015373381,2012
p63,339,0.7052154,2012
p63,340,0.0,2012
p63,341,0.6743149,2012
p63,342,0.007869249,2012
p63,343,0.084620856,2012
p63,344,0.4852992,2012
p63,345,0.0,2012
p63,346,0.7534974,2012
p63,347,0.0,2012
p63,348,0.42108652,2012
p63,349,0.13621776,2012
p63,350,9.608363e-05,2012
p63,351,0.6430589,2012
p63,352,0.0,2012
p63,353,0.5765787,2012
p63,354,0.006754679,2012
p63,355,0.097928435,2012
p63,356,0.45003653,2012
p63,357,0.0,2012
p63,358,0.79281485,2012
p63,359,0.0,2012
p63,360,0.42086554,2012
p63,361,0.14263615,2012
p63,362,0.0001825589,2012
p63,363,0.676448,2012
p63,364,0.0,2012
p63,365,0.60609555,2012
p63,366,0.007148622,2012
p63,367,0.052576963,2012
p63,368,0.39746916,2012
p63,369,0.0,2012
p63,370,0.7503267,2012
p63,371,0.0,2012
p63,372,0.4185403,2012
p63,373,0.14037819,2012
p63,374,0.00012490872,2012
p63,375,0.67435336,2012
p63,376,0.0,2012
p63,377,0.63355625,2012
p63,378,0.007148622,2012
p63,379,0.10071486,2012
p63,380,0.45844382,2012
p63,381,0.0,2012
p63,382,0.78506094,2012
p63,383,0.0,2012
p63,384,0.46934932,2012
p63,385,0.16240056,2012
p63,386,0.00026903418,2012
p63,387,0.75866675,2012
p63,388,0.0,2012
p63,389,0.6795899,2012
p63,390,0.007898075,2012
p63,391,0.07681886,2012
p63,392,0.4523329,2012
p63,393,0.0,2012
p63,394,0.7742707,2012
p63,395,0.0,2012
p63,396,0.44228256,2012
p63,397,0.1533687,2012
p63,398,0.0004419847,2012
p63,399,0.73572195,2012
p63,400,0.0,2012
p63,401,0.71957034,2012
p63,402,0.010607633,2012
p63,403,0.098581806,2012
p63,404,0.45938545,2012
p63,405,0.0,2012
p63,406,0.7635862,2012
p63,407,0.0,2012
p63,408,0.39057034,2012
p63,409,0.15687574,2012
p63,410,5.7650177e-05,2012
p63,411,0.7578885,2012
p63,412,0.0,2012
p63,413,0.6985953,2012
p63,414,0.010703716,2012
p63,415,0.09675622,2012
p63,416,0.5219359,2012
p63,417,0.0,2012
p63,418,0.8146739,2012
p63,419,0.0,2012
p63,420,0.4438007,2012
p63,421,0.16876128,2012
p63,422,0.00034590106,2012
p63,423,0.7249126,2012
p63,424,0.0,2012
p63,425,0.72422075,2012
p63,426,0.008830085,2012
p63,427,0.1068546,2012
p63,428,0.5387601,2012
p63,429,0.0,2012
p63,430,0.8912333,2012
p63,431,1.9216726e-05,2012
p63,432,0.4515354,2012
p63,433,0.1725566,2012
p63,434,0.00015373381,2012
p63,435,0.6949249,2012
p63,436,0.0,2012
p63,437,0.7154291,2012
p63,438,0.007994158,2012
p63,439,0.095660865,2012
p63,440,0.4465679,2012
p63,441,0.0,2012
p63,442,0.81083053,2012
p63,443,0.0,2012
p63,444,0.39401975,2012
p63,445,0.14449057,2012
p63,446,0.000115300354,2012
p63,447,0.7549003,2012
p63,448,0.0,2012
p63,449,0.6680599,2012
p63,450,0.010396249,2012
p63,451,0.08737846,2012
p63,452,0.48066798,2012
p63,453,0.0,2012
p63,454,0.79052806,2012
p63,455,0.0,2012
p63,456,0.3798282,2012
p63,457,0.15610708,2012
p63,458,5.7650177e-05,2012
p63,459,0.68513393,2012
p63,460,0.0,2012
p63,461,0.645461,2012
p63,462,0.01226988,2012
p63,463,0.079634115,2012
p63,464,0.48750913,2012
p63,465,0.0,2012
p63,466,0.7531131,2012
p63,467,0.0,2012
p63,468,0.3223702,2012
p63,469,0.14930436,2012
p63,470,5.7650177e-05,2012
p63,471,0.62704176,2012
p63,472,0.0,2012
p63,473,0.60332835,2012
p63,474,0.008176717,2012
p63,475,0.08274722,2012
p63,476,0.45582074,2012
p63,477,0.0,2012
p63,478,0.7895288,2012
p63,479,0.0,2012
p63,480,0.390186,2012
p63,481,0.16191053,2012
p63,482,0.0,2012
p63,483,0.64998657,2012
p63,484,0.0,2012
p63,485,0.5375783,2012
p63,486,0.007119797,2012
p63,487,0.06607671,2012
p63,488,0.45534033,2012
p63,489,0.0,2012
p63,490,0.73351204,2012
p63,491,0.0,2012
p63,492,0.36323455,2012
p63,493,0.13129829,2012
p63,494,0.0,2012
p63,495,0.65090895,2012
p63,496,0.0,2012
p63,497,0.70766556,2012
p63,498,0.008695569,2012
p63,499,0.062204544,2012
p63,500,0.42841768,2012
p63,501,0.0,2012
p63,502,0.76084787,2012
p63,503,0.0,2012
p63,504,0.36187977,2012
p63,505,0.13689996,2012
p63,506,0.0,2012
p63,507,0.6946174,2012
p63,508,0.0,2012
p63,509,0.6510435,2012
p63,510,0.005524809,2012
p63,511,0.060369346,2012
p63,512,0.49246705,2012
p63,513,0.0,2012
p63,514,0.81236786,2012
p63,515,0.0,2012
p63,516,0.37509128,2012
p63,517,0.12920366,2012
p63,518,0.0,2012
p63,519,0.69511706,2012
p63,520,0.0,2012
p63,521,0.5519332,2012
p63,522,0.006860371,2012
p63,523,0.04755179,2012
p63,524,0.47652677,2012
p63,525,0.0,2012
p63,526,0.777307,2012
p63,527,0.0,2012
p63,528,0.36967215,2012
p63,529,0.121315196,2012
p63,530,0.0,2012
p63,531,0.6246205,2012
p63,532,0.0,2012
p63,533,0.574926,2012
p63,534,0.005371075,2012
p63,535,0.039173298,2012
p63,536,0.4221242,2012
p63,537,0.0,2012
p63,538,0.6947519,2012
p63,539,0.0,2012
p63,540,0.30784234,2012
p63,541,0.12266036,2012
p63,542,0.0,2012
p63,543,0.600907,2012
p63,544,0.0,2012
p63,545,0.5941716,2012
p63,546,0.004179638,2012
p63,547,0.045687765,2012
p63,548,0.4054537,2012
p63,549,0.0,2012
p63,550,0.6817614,2012
p63,551,0.0,2012
p63,552,0.3536166,2012
p63,553,0.120056495,2012
p63,554,0.0,2012
p63,555,0.6550117,2012
p63,556,0.0,2012
p63,557,0.6008782,2012
p63,558,0.0033725353,2012
p63,559,0.04280526,2012
p63,560,0.421884,2012
p63,561,0.0,2012
p63,562,0.7639321,2012
p63,563,0.0,2012
p63,564,0.3726796,2012
p63,565,0.09322995,2012
p63,566,0.0,2012
p63,567,0.6728064,2012
p63,568,0.0,2012
p63,569,0.65597254,2012
p63,570,0.0024213076,2012
p63,571,0.03897152,2012
p63,572,0.40548253,2012
p63,573,0.0,2012
p63,574,0.70121837,2012
p63,575,0.0,2012
p63,576,0.33185366,2012
p63,577,0.096900344,2012
p63,578,0.0,2012
p63,579,0.6974807,2012
p63,580,0.0,2012
p63,581,0.6821265,2012
p63,582,0.0017102887,2012
p63,583,0.042401705,2012
p63,584,0.4339329,2012
p63,585,0.0,2012
p63,586,0.7288232,2012
p63,587,0.0,2012
p63,588,0.2690726,2012
p63,589,0.07384027,2012
p63,590,0.0,2012
p63,591,0.6214593,2012
p63,592,0.0,2012
p63,593,0.54624504,2012
p63,594,0.0011818287,2012
p63,595,0.022858296,2012
p63,596,0.40735617,2012
p63,597,0.0,2012
p63,598,0.7412852,2012
p63,599,0.0,2012
p63,600,0.29747492,2012
p63,601,0.07446481,2012
p63,602,0.0,2012
p63,603,0.6052308,2012
p63,604,0.0,2012
p63,605,0.60265577,2012
p63,606,0.000634152,2012
p63,607,0.029122949,2012
p63,608,0.44548213,2012
p63,609,0.0,2012
p63,610,0.8524059,2012
p63,611,0.0,2012
p63,612,0.3835947,2012
p63,613,0.055507515,2012
p63,614,0.0,2012
p63,615,0.66328454,2012
p63,616,0.0,2012
p63,617,0.53890425,2012
p63,618,0.00024981744,2012
p63,619,0.026202006,2012
p63,620,0.37681118,2012
p63,621,0.0,2012
p63,622,0.71923405,2012
p63,623,0.0,2012
p63,624,0.28517622,2012
p63,625,0.04912756,2012
p63,626,0.0,2012
p63,627,0.51867867,2012
p63,628,0.0,2012
p63,629,0.54258424,2012
p63,630,5.7650177e-05,2012
p63,631,0.025635112,2012
p63,632,0.39843962,2012
p63,633,0.0,2012
p63,634,0.7701295,2012
p63,635,0.0,2012
p63,636,0.28789538,2012
p63,637,0.0428533,2012
p63,638,0.0,2012
p63,639,0.6809447,2012
p63,640,0.0,2012
p63,641,0.701766,2012
p63,642,0.0,2012
p63,643,0.02846958,2012
p63,644,0.32052538,2012
p63,645,0.0,2012
p63,646,0.7037165,2012
p63,647,0.0,2012
p63,648,0.25819594,2012
p63,649,0.026115531,2012
p63,650,0.0,2012
p63,651,0.52789307,2012
p63,652,0.0,2012
p63,653,0.5148353,2012
p63,654,0.0,2012
p63,655,0.012346746,2012
p63,656,0.27994928,2012
p63,657,0.0,2012
p63,658,0.6777643,2012
p63,659,0.0,2012
p63,660,0.25987738,2012
p63,661,0.031496216,2012
p63,662,0.0,2012
p63,663,0.5428533,2012
p63,664,0.0,2012
p63,665,0.55151045,2012
p63,666,0.0,2012
p63,667,0.0068988046,2012
p63,668,0.26589224,2012
p63,669,0.0,2012
p63,670,0.55070335,2012
p63,671,0.0,2012
p63,672,0.25773475,2012
p63,673,0.025683155,2012
p63,674,0.0,2012
p63,675,0.5527595,2012
p63,676,0.0,2012
p63,677,0.5368961,2012
p63,678,0.0,2012
p63,679,0.015479073,2012
p63,680,0.2570045,2012
p63,681,0.0,2012
p63,682,0.640676,2012
p63,683,0.0,2012
p63,684,0.28611785,2012
p63,685,0.019706752,2012
p63,686,0.0,2012
p63,687,0.5479265,2012
p63,688,0.0,2012
p63,689,0.44813406,2012
p63,690,0.0,2012
p63,691,0.011059226,2012
p63,692,0.22481649,2012
p63,693,0.0,2012
p63,694,0.6228141,2012
p63,695,0.0,2012
p63,696,0.2619624,2012
p63,697,0.012221838,2012
p63,698,0.0,2012
p63,699,0.49199623,2012
p63,700,0.0,2012
p63,701,0.5073504,2012
p63,702,0.0,2012
p63,703,0.006034052,2012
p63,704,0.19176371,2012
p63,705,0.0,2012
p63,706,0.61717397,2012
p63,707,0.0,2012
p63,708,0.30127984,2012
p63,709,0.010530766,2012
p63,710,0.0,2012
p63,711,0.3740632,2012
p63,712,0.0,2012
p63,713,0.36147624,2012
p63,714,0.0,2012
p63,715,0.0043814136,2012
p63,716,0.16541758,2012
p63,717,0.0,2012
p63,718,0.47646913,2012
p63,719,0.0,2012
p63,720,0.17653446,2012
p63,721,0.007667474,2012
p63,722,0.0,2012
p63,723,0.4635939,2012
p63,724,0.0,2012
p63,725,0.45982742,2012
p63,726,0.0,2012
p63,727,0.0010953534,2012
p63,728,0.19142742,2012
p63,729,0.0,2012
p63,730,0.5342058,2012
p63,731,0.0,2012
p63,732,0.2112687,2012
p63,733,0.003910604,2012
p63,734,0.0,2012
p63,735,0.43746877,2012
p63,736,0.0,2012
p63,737,0.4692052,2012
p63,738,0.0,2012
p63,739,0.0011818287,2012
p63,740,0.1550982,2012
p63,741,0.0,2012
p63,742,0.5157481,2012
p63,743,0.0,2012
p63,744,0.17936893,2012
p63,745,0.0056016757,2012
p63,746,0.0,2012
p63,747,0.40642416,2012
p63,748,0.0,2012
p63,749,0.3893405,2012
p63,750,0.0,2012
p63,751,0.00061493524,2012
p63,752,0.14386602,2012
p63,753,0.0,2012
p63,754,0.52683616,2012
p63,755,0.0,2012
p63,756,0.16242938,2012
p63,757,0.0056689344,2012
p63,758,0.0,2012
p63,759,0.36776972,2012
p63,760,0.0,2012
p63,761,0.40874937,2012
p63,762,0.0,2012
p63,763,0.0,2012
p63,764,0.15329182,2012
p63,765,0.0,2012
p63,766,0.62417847,2012
p63,767,0.0,2012
p63,768,0.15653946,2012
p63,769,0.0018832391,2012
p63,770,0.0,2012
p63,771,0.5323225,2012
p63,772,0.0,2012
p63,773,0.54704255,2012
p63,774,0.0,2012
p63,775,0.00019216727,2012
p63,776,0.10883393,2012
p63,777,0.0,2012
p63,778,0.51420116,2012
p63,779,0.0,2012
p63,780,0.14113724,2012
p63,781,0.0031515432,2012
p63,782,0.0,2012
p63,783,0.50680274,2012
p63,784,0.0,2012
p63,785,0.45395672,2012
p63,786,0.0,2012
p63,787,0.0,2012
p63,788,0.14388524,2012
p63,789,0.0,2012
p63,790,0.5236173,2012
p63,791,0.0,2012
p63,792,0.1440678,2012
p63,793,0.0037472616,2012
p63,794,0.0,2012
p63,795,0.39447135,2012
p63,796,0.0,2012
p63,797,0.33218032,2012
p63,798,0.0,2012
p63,799,0.0,2012
p63,800,0.12574464,2012
p63,801,0.0,2012
p63,802,0.58606213,2012
p63,803,0.0,2012
p63,804,0.12511049,2012
p63,805,3.8433453e-05,2012
p63,806,0.0,2012
p63,807,0.3505227,2012
p63,808,0.0,2012
p63,809,0.2818133,2012
p63,810,0.0,2012
p63,811,0.0,2012
p63,812,0.13456513,2012
p63,813,0.0,2012
p63,814,0.46258503,2012
p63,815,0.0,2012
p63,816,0.099484995,2012
p63,817,0.00023060071,2012
p63,818,0.0,2012
p63,819,0.29449633,2012
p63,820,0.0,2012
p63,821,0.20440832,2012
p63,822,0.0,2012
p63,823,0.0,2012
p63,824,0.08916561,2012
p63,825,0.0,2012
p63,826,0.28889465,2012
p63,827,0.0,2012
p63,828,0.039259773,2012
p63,829,0.0031323263,2012
p63,830,0.0,2012
p63,831,0.39841077,2012
p63,832,0.0,2012
p63,833,0.42009684,2012
p63,834,0.0,2012
p63,835,0.0,2012
p63,836,0.1453265,2012
p63,837,0.0,2012
p63,838,0.49488837,2012
p63,839,0.0,2012
p63,840,0.044150427,2012
p63,841,0.0010569199,2012
p63,842,0.0,2012
p63,843,0.21945502,2012
p63,844,0.0,2012
p63,845,0.21824436,2012
p63,846,0.0,2012
p63,847,0.0,2012
p63,848,0.11278296,2012
p63,849,0.0,2012
p63,850,0.33998233,2012
p63,851,0.0,2012
p63,852,0.03240901,2012
p63,853,0.004102771,2012
p63,854,0.0,2012
p63,855,0.4668127,2012
p63,856,0.0,2012
p63,857,0.38630423,2012
p63,858,0.0,2012
p63,859,0.0,2012
p63,860,0.10384719,2012
p63,861,0.0,2012
p63,862,0.31286752,2012
p63,863,0.0,2012
p63,864,0.052096546,2012
p63,865,0.00061493524,2012
p63,866,0.0,2012
p63,867,0.24346632,2012
p63,868,0.0,2012
p63,869,0.21038471,2012
p63,870,0.0,2012
p63,871,0.0,2012
p63,872,0.11962412,2012
p63,873,0.0,2012
p63,874,0.34578577,2012
p63,875,0.0,2012
p63,876,0.09761136,2012
p64,1,0.012901029,2012
p64,2,0.0,2012
p64,3,0.4432506,2012
p64,4,0.0,2012
p64,5,0.34997353,2012
p64,6,0.0,2012
p64,7,0.0,2012
p64,8,0.20607597,2012
p64,9,0.0,2012
p64,10,0.5919719,2012
p64,11,0.0,2012
p64,12,0.10651861,2012
p64,13,0.030569008,2012
p64,14,0.0,2012
p64,15,0.52487516,2012
p64,16,0.0,2012
p64,17,0.3488007,2012
p64,18,0.0,2012
p64,19,0.0,2012
p64,20,0.22436818,2012
p64,21,0.0,2012
p64,22,0.4571353,2012
p64,23,0.0,2012
p64,24,0.0998411,2012
p64,25,0.031041918,2012
p64,26,0.0,2012
p64,27,0.3202179,2012
p64,28,0.0,2012
p64,29,0.28053117,2012
p64,30,0.0,2012
p64,31,0.0,2012
p64,32,0.24844885,2012
p64,33,0.0,2012
p64,34,0.58537,2012
p64,35,0.0,2012
p64,36,0.10996141,2012
p64,37,0.010139225,2012
p64,38,0.0,2012
p64,39,0.39724576,2012
p64,40,0.0,2012
p64,41,0.22187121,2012
p64,42,0.0,2012
p64,43,0.0,2012
p64,44,0.20085503,2012
p64,45,0.0,2012
p64,46,0.51042295,2012
p64,47,0.0,2012
p64,48,0.061724424,2012
p64,49,0.011633626,2012
p64,50,0.0,2012
p64,51,0.32373637,2012
p64,52,0.0,2012
p64,53,0.1730289,2012
p64,54,0.0,2012
p64,55,0.0,2012
p64,56,0.20757037,2012
p64,57,0.0,2012
p64,58,0.5485964,2012
p64,59,0.0,2012
p64,60,0.0750227,2012
p64,61,0.02873411,2012
p64,62,0.0,2012
p64,63,0.3769673,2012
p64,64,0.0,2012
p64,65,0.2693894,2012
p64,66,0.0,2012
p64,67,0.0,2012
p64,68,0.34575516,2012
p64,69,0.0,2012
p64,70,0.65271264,2012
p64,71,0.0,2012
p64,72,0.12134912,2012
p64,73,0.025820974,2012
p64,74,0.0,2012
p64,75,0.49650046,2012
p64,76,0.0,2012
p64,77,0.24262258,2012
p64,78,0.0,2012
p64,79,0.0,2012
p64,80,0.28718978,2012
p64,81,0.0,2012
p64,82,0.47489786,2012
p64,83,0.0,2012
p64,84,0.056957476,2012
p64,85,0.055765737,2012
p64,86,0.0,2012
p64,87,0.6017517,2012
p64,88,0.0,2012
p64,89,0.40031022,2012
p64,90,0.0,2012
p64,91,0.0,2012
p64,92,0.1526748,2012
p64,93,0.0,2012
p64,94,0.40872806,2012
p64,95,0.0,2012
p64,96,0.11917373,2012
p64,97,0.03253632,2012
p64,98,0.0,2012
p64,99,0.3547783,2012
p64,100,0.0,2012
p64,101,0.42766345,2012
p64,102,0.0,2012
p64,103,0.0,2012
p64,104,0.31660488,2012
p64,105,0.0,2012
p64,106,0.4646073,2012
p64,107,0.0,2012
p64,108,0.0875454,2012
p64,109,0.030039346,2012
p64,110,0.0,2012
p64,111,0.533066,2012
p64,112,0.0,2012
p64,113,0.29530492,2012
p64,114,0.0,2012
p64,115,0.0,2012
p64,116,0.34993568,2012
p64,117,0.0,2012
p64,118,0.57231766,2012
p64,119,0.0,2012
p64,120,0.09112061,2012
p64,121,0.049466554,2012
p64,122,0.0,2012
p64,123,0.5956227,2012
p64,124,0.0,2012
p64,125,0.37953994,2012
p64,126,0.0,2012
p64,127,0.00045399516,2012
p64,128,0.28476846,2012
p64,129,0.0,2012
p64,130,0.6024705,2012
p64,131,0.0,2012
p64,132,0.09726846,2012
p64,133,0.06448623,2012
p64,134,0.0,2012
p64,135,0.6610737,2012
p64,136,0.0,2012
p64,137,0.643349,2012
p64,138,0.0,2012
p64,139,0.00085124094,2012
p64,140,0.42331266,2012
p64,141,0.0,2012
p64,142,0.52879083,2012
p64,143,0.0,2012
p64,144,0.08472685,2012
p64,145,0.047177665,2012
p64,146,0.0,2012
p64,147,0.61985475,2012
p64,148,0.0,2012
p64,149,0.3514679,2012
p64,150,0.0,2012
p64,151,0.00018916465,2012
p64,152,0.32473895,2012
p64,153,0.0,2012
p64,154,0.6842085,2012
p64,155,0.0,2012
p64,156,0.20715421,2012
p64,157,0.07604419,2012
p64,158,0.0,2012
p64,159,0.72614634,2012
p64,160,0.0,2012
p64,161,0.5037833,2012
p64,162,0.0,2012
p64,163,0.003140133,2012
p64,164,0.36277997,2012
p64,165,0.0,2012
p64,166,0.81770205,2012
p64,167,0.0,2012
p64,168,0.30807355,2012
p64,169,0.070350334,2012
p64,170,0.0,2012
p64,171,0.5453995,2012
p64,172,0.0,2012
p64,173,0.38532838,2012
p64,174,0.0,2012
p64,175,0.003215799,2012
p64,176,0.4244098,2012
p64,177,0.0,2012
p64,178,0.708554,2012
p64,179,0.0,2012
p64,180,0.19979571,2012
p64,181,0.05542524,2012
p64,182,0.0,2012
p64,183,0.6290103,2012
p64,184,0.0,2012
p64,185,0.54757494,2012
p64,186,0.0003783293,2012
p64,187,0.0066964286,2012
p64,188,0.33718598,2012
p64,189,0.0,2012
p64,190,0.60725635,2012
p64,191,0.0,2012
p64,192,0.21946883,2012
p64,193,0.060684018,2012
p64,194,0.0,2012
p64,195,0.4824455,2012
p64,196,0.0,2012
p64,197,0.49235776,2012
p64,198,0.001588983,2012
p64,199,0.011198548,2012
p64,200,0.40263695,2012
p64,201,0.0,2012
p64,202,0.63839287,2012
p64,203,0.0,2012
p64,204,0.22090648,2012
p64,205,0.072866224,2012
p64,206,0.0,2012
p64,207,0.7951914,2012
p64,208,0.0,2012
p64,209,0.6901483,2012
p64,210,0.0007944915,2012
p64,211,0.018159807,2012
p64,212,0.40189922,2012
p64,213,0.0,2012
p64,214,0.72245765,2012
p64,215,0.0,2012
p64,216,0.22268462,2012
p64,217,0.08083005,2012
p64,218,0.0,2012
p64,219,0.57207173,2012
p64,220,0.0,2012
p64,221,0.63111,2012
p64,222,0.003177966,2012
p64,223,0.020354116,2012
p64,224,0.4717577,2012
p64,225,0.0,2012
p64,226,0.6312992,2012
p64,227,0.0,2012
p64,228,0.23358051,2012
p64,229,0.09550923,2012
p64,230,0.0,2012
p64,231,0.6609791,2012
p64,232,0.0,2012
p64,233,0.6366147,2012
p64,234,0.006469431,2012
p64,235,0.042902544,2012
p64,236,0.44603133,2012
p64,237,0.0,2012
p64,238,0.8448661,2012
p64,239,0.0,2012
p64,240,0.35120308,2012
p64,241,0.1154661,2012
p64,242,0.0,2012
p64,243,0.7273759,2012
p64,244,0.0,2012
p64,245,0.5341442,2012
p64,246,0.003253632,2012
p64,247,0.05014755,2012
p64,248,0.44695824,2012
p64,249,0.0,2012
p64,250,0.7643576,2012
p64,251,0.0,2012
p64,252,0.2281704,2012
p64,253,0.11508777,2012
p64,254,0.0,2012
p64,255,0.6821277,2012
p64,256,0.0,2012
p64,257,0.53026634,2012
p64,258,0.0068855933,2012
p64,259,0.04447261,2012
p64,260,0.36747125,2012
p64,261,0.0,2012
p64,262,0.77514,2012
p64,263,0.0,2012
p64,264,0.30393085,2012
p64,265,0.0832892,2012
p64,266,0.0,2012
p64,267,0.6363688,2012
p64,268,0.0,2012
p64,269,0.5482559,2012
p64,270,0.008285412,2012
p64,271,0.033690225,2012
p64,272,0.44591781,2012
p64,273,0.0,2012
p64,274,0.86618495,2012
p64,275,0.0,2012
p64,276,0.42333156,2012
p64,277,0.0831757,2012
p64,278,0.0,2012
p64,279,0.5979873,2012
p64,280,0.0,2012
p64,281,0.46912834,2012
p64,282,0.004142706,2012
p64,283,0.05691964,2012
p64,284,0.40307203,2012
p64,285,0.0,2012
p64,286,0.60597,2012
p64,287,0.0,2012
p64,288,0.31802362,2012
p64,289,0.11989255,2012
p64,290,0.0,2012
p64,291,0.648097,2012
p64,292,0.0,2012
p64,293,0.5483694,2012
p64,294,0.0072639226,2012
p64,295,0.060551602,2012
p64,296,0.46842843,2012
p64,297,0.0,2012
p64,298,0.6998146,2012
p64,299,0.0,2012
p64,300,0.2889301,2012
p64,301,0.12450817,2012
p64,302,0.0,2012
p64,303,0.6764906,2012
p64,304,0.0,2012
p64,305,0.60481614,2012
p64,306,0.014206265,2012
p64,307,0.06420248,2012
p64,308,0.39688635,2012
p64,309,0.0,2012
p64,310,0.7026521,2012
p64,311,0.0,2012
p64,312,0.33067873,2012
p64,313,0.15040481,2012
p64,314,0.0,2012
p64,315,0.8440337,2012
p64,316,0.0,2012
p64,317,0.68133324,2012
p64,318,0.015814165,2012
p64,319,0.06635896,2012
p64,320,0.38941434,2012
p64,321,0.0,2012
p64,322,0.6862515,2012
p64,323,0.0,2012
p64,324,0.31567797,2012
p64,325,0.17223442,2012
p64,326,0.0,2012
p64,327,0.77544266,2012
p64,328,0.0,2012
p64,329,0.7473517,2012
p64,330,0.014679177,2012
p64,331,0.09670097,2012
p64,332,0.5387788,2012
p64,333,0.0,2012
p64,334,0.90573925,2012
p64,335,0.0,2012
p64,336,0.4037152,2012
p64,337,0.14075741,2012
p64,338,0.0,2012
p64,339,0.65583384,2012
p64,340,0.0,2012
p64,341,0.66580284,2012
p64,342,0.010517554,2012
p64,343,0.06427815,2012
p64,344,0.4315224,2012
p64,345,0.0,2012
p64,346,0.7946996,2012
p64,347,0.0,2012
p64,348,0.39516494,2012
p64,349,0.14376514,2012
p64,350,0.0,2012
p64,351,0.70280343,2012
p64,352,0.0,2012
p64,353,0.68642175,2012
p64,354,0.011841707,2012
p64,355,0.095414646,2012
p64,356,0.50512636,2012
p64,357,0.0,2012
p64,358,0.76142555,2012
p64,359,0.0,2012
p64,360,0.3559322,2012
p64,361,0.17885518,2012
p64,362,0.0,2012
p64,363,0.719431,2012
p64,364,0.0,2012
p64,365,0.641306,2012
p64,366,0.015530418,2012
p64,367,0.050733957,2012
p64,368,0.39906174,2012
p64,369,0.0,2012
p64,370,0.7395392,2012
p64,371,0.0,2012
p64,372,0.38782537,2012
p64,373,0.15053722,2012
p64,374,0.0,2012
p64,375,0.6424788,2012
p64,376,0.0,2012
p64,377,0.62089515,2012
p64,378,0.02338075,2012
p64,379,0.08886955,2012
p64,380,0.52761805,2012
p64,381,0.0,2012
p64,382,0.7209065,2012
p64,383,0.0,2012
p64,384,0.4284201,2012
p64,385,0.1448623,2012
p64,386,9.458233e-05,2012
p64,387,0.7280569,2012
p64,388,0.0,2012
p64,389,0.644011,2012
p64,390,0.023418583,2012
p64,391,0.0576763,2012
p64,392,0.4935684,2012
p64,393,0.0,2012
p64,394,0.7555425,2012
p64,395,0.0,2012
p64,396,0.39711335,2012
p64,397,0.18884307,2012
p64,398,7.566586e-05,2012
p64,399,0.7982937,2012
p64,400,0.0,2012
p64,401,0.6914157,2012
p64,402,0.022018766,2012
p64,403,0.088283144,2012
p64,404,0.50465345,2012
p64,405,0.0,2012
p64,406,0.75155115,2012
p64,407,0.0,2012
p64,408,0.3959973,2012
p64,409,0.16058187,2012
p64,410,0.0,2012
p64,411,0.7278677,2012
p64,412,0.0,2012
p64,413,0.6963529,2012
p64,414,0.02445899,2012
p64,415,0.092558265,2012
p64,416,0.5264452,2012
p64,417,0.0,2012
p64,418,0.78055006,2012
p64,419,0.0,2012
p64,420,0.39938334,2012
p64,421,0.19321278,2012
p64,422,3.783293e-05,2012
p64,423,0.7414498,2012
p64,424,0.0,2012
p64,425,0.7174258,2012
p64,426,0.017232899,2012
p64,427,0.09709822,2012
p64,428,0.5303042,2012
p64,429,0.0,2012
p64,430,0.88445824,2012
p64,431,0.0,2012
p64,432,0.42202634,2012
p64,433,0.15863347,2012
p64,434,0.0,2012
p64,435,0.7242358,2012
p64,436,0.0,2012
p64,437,0.6717615,2012
p64,438,0.012314619,2012
p64,439,0.084272854,2012
p64,440,0.45350334,2012
p64,441,0.0,2012
p64,442,0.7911244,2012
p64,443,0.0,2012
p64,444,0.3360699,2012
p64,445,0.17143992,2012
p64,446,0.0,2012
p64,447,0.67503405,2012
p64,448,0.0,2012
p64,449,0.66985095,2012
p64,450,0.025688559,2012
p64,451,0.07768992,2012
p64,452,0.5437727,2012
p64,453,0.0,2012
p64,454,0.7517781,2012
p64,455,0.0,2012
p64,456,0.33449984,2012
p64,457,0.17616904,2012
p64,458,0.0,2012
p64,459,0.6797821,2012
p64,460,0.0,2012
p64,461,0.61300695,2012
p64,462,0.026010139,2012
p64,463,0.07131507,2012
p64,464,0.47020656,2012
p64,465,0.0,2012
p64,466,0.7064354,2012
p64,467,0.0,2012
p64,468,0.28845719,2012
p64,469,0.18212773,2012
p64,470,0.0,2012
p64,471,0.6286509,2012
p64,472,0.0,2012
p64,473,0.58353513,2012
p64,474,0.013222609,2012
p64,475,0.07050166,2012
p64,476,0.50945824,2012
p64,477,0.0,2012
p64,478,0.7944537,2012
p64,479,0.0,2012
p64,480,0.3170967,2012
p64,481,0.15460427,2012
p64,482,0.0,2012
p64,483,0.6758853,2012
p64,484,0.0,2012
p64,485,0.48857445,2012
p64,486,0.013846852,2012
p64,487,0.05077179,2012
p64,488,0.48308867,2012
p64,489,0.0,2012
p64,490,0.7000416,2012
p64,491,0.0,2012
p64,492,0.31355932,2012
p64,493,0.17465572,2012
p64,494,0.0,2012
p64,495,0.7165935,2012
p64,496,0.0,2012
p64,497,0.68010366,2012
p64,498,0.020997277,2012
p64,499,0.06350257,2012
p64,500,0.47030115,2012
p64,501,0.0,2012
p64,502,0.68583536,2012
p64,503,0.0,2012
p64,504,0.3154699,2012
p64,505,0.16413817,2012
p64,506,0.0,2012
p64,507,0.67123187,2012
p64,508,0.0,2012
p64,509,0.6010896,2012
p64,510,0.01974879,2012
p64,511,0.05029888,2012
p64,512,0.49124166,2012
p64,513,0.0,2012
p64,514,0.7399175,2012
p64,515,0.0,2012
p64,516,0.3133134,2012
p64,517,0.1773986,2012
p64,518,0.0,2012
p64,519,0.65855783,2012
p64,520,0.0,2012
p64,521,0.54521036,2012
p64,522,0.014698093,2012
p64,523,0.045096852,2012
p64,524,0.49203616,2012
p64,525,0.0,2012
p64,526,0.71054024,2012
p64,527,0.0,2012
p64,528,0.3089626,2012
p64,529,0.16309775,2012
p64,530,0.0,2012
p64,531,0.6983202,2012
p64,532,0.0,2012
p64,533,0.54362136,2012
p64,534,0.015587167,2012
p64,535,0.035071127,2012
p64,536,0.51021487,2012
p64,537,0.0,2012
p64,538,0.7574342,2012
p64,539,0.0,2012
p64,540,0.31586713,2012
p64,541,0.15944688,2012
p64,542,0.0,2012
p64,543,0.570199,2012
p64,544,0.0,2012
p64,545,0.577444,2012
p64,546,0.012655115,2012
p64,547,0.03787076,2012
p64,548,0.42753103,2012
p64,549,0.0,2012
p64,550,0.68235475,2012
p64,551,0.0,2012
p64,552,0.29831266,2012
p64,553,0.14482446,2012
p64,554,0.0,2012
p64,555,0.57036924,2012
p64,556,0.0,2012
p64,557,0.5664725,2012
p64,558,0.011255297,2012
p64,559,0.04280796,2012
p64,560,0.3867093,2012
p64,561,0.0,2012
p64,562,0.73293734,2012
p64,563,0.0,2012
p64,564,0.35666993,2012
p64,565,0.11576877,2012
p64,566,0.0,2012
p64,567,0.65725255,2012
p64,568,0.0,2012
p64,569,0.6362175,2012
p64,570,0.00904207,2012
p64,571,0.038286924,2012
p64,572,0.42607445,2012
p64,573,0.0,2012
p64,574,0.6942532,2012
p64,575,0.0,2012
p64,576,0.32159883,2012
p64,577,0.11758474,2012
p64,578,0.0,2012
p64,579,0.6824115,2012
p64,580,0.0,2012
p64,581,0.62458384,2012
p64,582,0.0068855933,2012
p64,583,0.038135592,2012
p64,584,0.44716632,2012
p64,585,0.0,2012
p64,586,0.6817494,2012
p64,587,0.0,2012
p64,588,0.24116601,2012
p64,589,0.12454601,2012
p64,590,0.0,2012
p64,591,0.66561365,2012
p64,592,0.0,2012
p64,593,0.43017933,2012
p64,594,0.004748033,2012
p64,595,0.028601695,2012
p64,596,0.42493945,2012
p64,597,0.0,2012
p64,598,0.74930006,2012
p64,599,0.0,2012
p64,600,0.26416844,2012
p64,601,0.106348366,2012
p64,602,0.0,2012
p64,603,0.5705584,2012
p64,604,0.0,2012
p64,605,0.5263696,2012
p64,606,0.0027428875,2012
p64,607,0.027277542,2012
p64,608,0.42308566,2012
p64,609,0.0,2012
p64,610,0.7704109,2012
p64,611,0.0,2012
p64,612,0.37220037,2012
p64,613,0.08669416,2012
p64,614,0.0,2012
p64,615,0.6598063,2012
p64,616,0.0,2012
p64,617,0.5700477,2012
p64,618,0.0009836562,2012
p64,619,0.030569008,2012
p64,620,0.3905304,2012
p64,621,0.0,2012
p64,622,0.7503027,2012
p64,623,0.0,2012
p64,624,0.27994478,2012
p64,625,0.091404356,2012
p64,626,0.0,2012
p64,627,0.4527845,2012
p64,628,0.0,2012
p64,629,0.5189543,2012
p64,630,0.0002648305,2012
p64,631,0.027409958,2012
p64,632,0.4316548,2012
p64,633,0.0,2012
p64,634,0.7661925,2012
p64,635,0.0,2012
p64,636,0.2527618,2012
p64,637,0.05115012,2012
p64,638,0.0,2012
p64,639,0.6512939,2012
p64,640,0.0,2012
p64,641,0.6583119,2012
p64,642,0.0,2012
p64,643,0.025177814,2012
p64,644,0.35530797,2012
p64,645,0.0,2012
p64,646,0.65829295,2012
p64,647,0.0,2012
p64,648,0.20982143,2012
p64,649,0.074284956,2012
p64,650,0.0,2012
p64,651,0.52095944,2012
p64,652,0.0,2012
p64,653,0.4971247,2012
p64,654,0.0,2012
p64,655,0.009647397,2012
p64,656,0.34250152,2012
p64,657,0.0,2012
p64,658,0.6541692,2012
p64,659,0.0,2012
p64,660,0.17579071,2012
p64,661,0.07207173,2012
p64,662,0.0,2012
p64,663,0.6046648,2012
p64,664,0.0,2012
p64,665,0.59895205,2012
p64,666,0.0,2012
p64,667,0.010139225,2012
p64,668,0.3605478,2012
p64,669,0.0,2012
p64,670,0.55718446,2012
p64,671,0.0,2012
p64,672,0.19780947,2012
p64,673,0.055765737,2012
p64,674,0.0,2012
p64,675,0.578352,2012
p64,676,0.0,2012
p64,677,0.50353736,2012
p64,678,0.0,2012
p64,679,0.016116828,2012
p64,680,0.322242,2012
p64,681,0.0,2012
p64,682,0.70891345,2012
p64,683,0.0,2012
p64,684,0.30707097,2012
p64,685,0.046648003,2012
p64,686,0.0,2012
p64,687,0.5027429,2012
p64,688,0.0,2012
p64,689,0.54551303,2012
p64,690,0.0,2012
p64,691,0.0102716405,2012
p64,692,0.25083232,2012
p64,693,0.0,2012
p64,694,0.663949,2012
p64,695,0.0,2012
p64,696,0.30716556,2012
p64,697,0.037341103,2012
p64,698,0.0,2012
p64,699,0.5900802,2012
p64,700,0.0,2012
p64,701,0.5632756,2012
p64,702,0.0,2012
p64,703,0.007925998,2012
p64,704,0.2404661,2012
p64,705,0.0,2012
p64,706,0.5965118,2012
p64,707,0.0,2012
p64,708,0.2870006,2012
p64,709,0.026388468,2012
p64,710,0.0,2012
p64,711,0.46201575,2012
p64,712,0.0,2012
p64,713,0.42068326,2012
p64,714,0.0,2012
p64,715,0.004426453,2012
p64,716,0.19671232,2012
p64,717,0.0,2012
p64,718,0.6155039,2012
p64,719,0.0,2012
p64,720,0.19701499,2012
p64,721,0.02296459,2012
p64,722,0.0,2012
p64,723,0.45363575,2012
p64,724,0.0,2012
p64,725,0.4090307,2012
p64,726,0.0,2012
p64,727,0.00022699758,2012
p64,728,0.22627875,2012
p64,729,0.0,2012
p64,730,0.5185003,2012
p64,731,0.0,2012
p64,732,0.20588681,2012
p64,733,0.012825363,2012
p64,734,0.0,2012
p64,735,0.5054479,2012
p64,736,0.0,2012
p64,737,0.4710578,2012
p64,738,0.0,2012
p64,739,0.0030833837,2012
p64,740,0.19737439,2012
p64,741,0.0,2012
p64,742,0.49602753,2012
p64,743,0.0,2012
p64,744,0.20363574,2012
p64,745,0.020694613,2012
p64,746,0.0,2012
p64,747,0.4297821,2012
p64,748,0.0,2012
p64,749,0.46124017,2012
p64,750,0.0,2012
p64,751,0.00018916465,2012
p64,752,0.17565829,2012
p64,753,0.0,2012
p64,754,0.6595604,2012
p64,755,0.0,2012
p64,756,0.21498562,2012
p64,757,0.01969204,2012
p64,758,0.0,2012
p64,759,0.39550546,2012
p64,760,0.0,2012
p64,761,0.38636878,2012
p64,762,0.0,2012
p64,763,3.783293e-05,2012
p64,764,0.20210351,2012
p64,765,0.0,2012
p64,766,0.6288779,2012
p64,767,0.0,2012
p64,768,0.17011577,2012
p64,769,0.010801301,2012
p64,770,0.0,2012
p64,771,0.5423729,2012
p64,772,0.0,2012
p64,773,0.55481994,2012
p64,774,0.0,2012
p64,775,0.0,2012
p64,776,0.15961713,2012
p64,777,0.0,2012
p64,778,0.5004729,2012
p64,779,0.0,2012
p64,780,0.14355706,2012
p64,781,0.0075476696,2012
p64,782,0.0,2012
p64,783,0.54174864,2012
p64,784,0.0,2012
p64,785,0.48411018,2012
p64,786,0.0,2012
p64,787,0.0,2012
p64,788,0.17161018,2012
p64,789,0.0,2012
p64,790,0.54477525,2012
p64,791,0.0,2012
p64,792,0.15034807,2012
p64,793,0.015133172,2012
p64,794,0.0,2012
p64,795,0.34596324,2012
p64,796,0.0,2012
p64,797,0.288495,2012
p64,798,0.0,2012
p64,799,0.0,2012
p64,800,0.13597155,2012
p64,801,0.0,2012
p64,802,0.63547975,2012
p64,803,0.0,2012
p64,804,0.13302058,2012
p64,805,0.004918281,2012
p64,806,0.0,2012
p64,807,0.38445824,2012
p64,808,0.0,2012
p64,809,0.28410637,2012
p64,810,0.0,2012
p64,811,0.0,2012
p64,812,0.13517706,2012
p64,813,0.0,2012
p64,814,0.41884837,2012
p64,815,0.0,2012
p64,816,0.09246368,2012
p64,817,0.0064505143,2012
p64,818,0.0,2012
p64,819,0.3090572,2012
p64,820,0.0,2012
p64,821,0.20149818,2012
p64,822,0.0,2012
p64,823,0.0,2012
p64,824,0.13095869,2012
p64,825,0.0,2012
p64,826,0.3312273,2012
p64,827,0.0,2012
p64,828,0.01980554,2012
p64,829,0.010801301,2012
p64,830,0.0,2012
p64,831,0.3889225,2012
p64,832,0.0,2012
p64,833,0.42560154,2012
p64,834,0.0,2012
p64,835,0.0,2012
p64,836,0.17270732,2012
p64,837,0.0,2012
p64,838,0.5189165,2012
p64,839,0.0,2012
p64,840,0.054006506,2012
p64,841,0.005656023,2012
p64,842,0.0,2012
p64,843,0.23445067,2012
p64,844,0.0,2012
p64,845,0.18568403,2012
p64,846,0.0,2012
p64,847,0.0,2012
p64,848,0.12938862,2012
p64,849,0.0,2012
p64,850,0.3814316,2012
p64,851,0.0,2012
p64,852,0.029604267,2012
p64,853,0.005693856,2012
p64,854,0.0,2012
p64,855,0.42002118,2012
p64,856,0.0,2012
p64,857,0.42516646,2012
p64,858,0.0,2012
p64,859,0.0,2012
p64,860,0.09437425,2012
p64,861,0.0,2012
p64,862,0.30080962,2012
p64,863,0.0,2012
p64,864,0.053514678,2012
p64,865,0.004464286,2012
p64,866,0.0,2012
p64,867,0.30406326,2012
p64,868,0.0,2012
p64,869,0.20444915,2012
p64,870,0.0,2012
p64,871,0.0,2012
p64,872,0.1548691,2012
p64,873,0.0,2012
p64,874,0.3962621,2012
p64,875,0.0,2012
p64,876,0.10222457,2012
p65,1,0.005447942,2012
p65,2,0.0,2012
p65,3,0.49021387,2012
p65,4,0.0,2012
p65,5,0.49754506,2012
p65,6,0.0,2012
p65,7,0.0,2012
p65,8,0.22933482,2012
p65,9,0.0,2012
p65,10,0.591892,2012
p65,11,0.0,2012
p65,12,0.11462537,2012
p65,13,0.00598601,2012
p65,14,0.0,2012
p65,15,0.55074656,2012
p65,16,0.0,2012
p65,17,0.29316318,2012
p65,18,0.0,2012
p65,19,0.0,2012
p65,20,0.13387813,2012
p65,21,0.0,2012
p65,22,0.4627892,2012
p65,23,0.0,2012
p65,24,0.060230024,2012
p65,25,0.007549771,2012
p65,26,0.0,2012
p65,27,0.397767,2012
p65,28,0.0,2012
p65,29,0.29304546,2012
p65,30,0.0,2012
p65,31,0.0,2012
p65,32,0.27454937,2012
p65,33,0.0,2012
p65,34,0.64652276,2012
p65,35,0.0,2012
p65,36,0.14092346,2012
p65,37,0.006826742,2012
p65,38,0.0,2012
p65,39,0.3242198,2012
p65,40,0.0,2012
p65,41,0.27589455,2012
p65,42,0.0,2012
p65,43,0.0,2012
p65,44,0.22313021,2012
p65,45,0.0,2012
p65,46,0.63285244,2012
p65,47,0.0,2012
p65,48,0.07946597,2012
p65,49,0.002723971,2012
p65,50,0.0,2012
p65,51,0.2926083,2012
p65,52,0.0,2012
p65,53,0.22797282,2012
p65,54,0.0,2012
p65,55,0.0,2012
p65,56,0.2102502,2012
p65,57,0.0,2012
p65,58,0.52281743,2012
p65,59,0.0,2012
p65,60,0.09066451,2012
p65,61,0.008205542,2012
p65,62,0.0,2012
p65,63,0.455643,2012
p65,64,0.0,2012
p65,65,0.3692662,2012
p65,66,0.0,2012
p65,67,0.0,2012
p65,68,0.2812416,2012
p65,69,0.0,2012
p65,70,0.72753567,2012
p65,71,0.0,2012
p65,72,0.1370729,2012
p65,73,0.010408259,2012
p65,74,0.0,2012
p65,75,0.45754305,2012
p65,76,0.0,2012
p65,77,0.2763149,2012
p65,78,0.0,2012
p65,79,0.0,2012
p65,80,0.23476595,2012
p65,81,0.0,2012
p65,82,0.40297955,2012
p65,83,0.0,2012
p65,84,0.0638788,2012
p65,85,0.018849207,2012
p65,86,0.0,2012
p65,87,0.5365382,2012
p65,88,0.0,2012
p65,89,0.43625572,2012
p65,90,0.0,2012
p65,91,0.0,2012
p65,92,0.21682473,2012
p65,93,0.0,2012
p65,94,0.5533024,2012
p65,95,0.0,2012
p65,96,0.16271523,2012
p65,97,0.025524616,2012
p65,98,0.0,2012
p65,99,0.42964756,2012
p65,100,0.0,2012
p65,101,0.44161958,2012
p65,102,0.0,2012
p65,103,0.0009920635,2012
p65,104,0.2789716,2012
p65,105,0.0,2012
p65,106,0.4682876,2012
p65,107,0.0,2012
p65,108,0.1187954,2012
p65,109,0.018866021,2012
p65,110,0.0,2012
p65,111,0.44985875,2012
p65,112,0.0,2012
p65,113,0.34848332,2012
p65,114,0.0,2012
p65,115,6.7258545e-05,2012
p65,116,0.22867905,2012
p65,117,0.0,2012
p65,118,0.4889696,2012
p65,119,0.0,2012
p65,120,0.10458703,2012
p65,121,0.025339656,2012
p65,122,0.0,2012
p65,123,0.62437785,2012
p65,124,0.0,2012
p65,125,0.4605865,2012
p65,126,0.0,2012
p65,127,0.0010088781,2012
p65,128,0.27243072,2012
p65,129,0.0,2012
p65,130,0.6450431,2012
p65,131,0.0,2012
p65,132,0.110404894,2012
p65,133,0.04417205,2012
p65,134,0.0,2012
p65,135,0.6731235,2012
p65,136,0.0,2012
p65,137,0.63666934,2012
p65,138,0.0,2012
p65,139,0.00391781,2012
p65,140,0.28864002,2012
p65,141,0.0,2012
p65,142,0.51728547,2012
p65,143,0.0,2012
p65,144,0.12014057,2012
p65,145,0.027542373,2012
p65,146,0.0,2012
p65,147,0.5467279,2012
p65,148,0.0,2012
p65,149,0.4309423,2012
p65,150,0.0,2012
p65,151,0.0023708637,2012
p65,152,0.34219465,2012
p65,153,0.0,2012
p65,154,0.7378262,2012
p65,155,0.0,2012
p65,156,0.26129943,2012
p65,157,0.050393462,2012
p65,158,0.0,2012
p65,159,0.7045332,2012
p65,160,0.0,2012
p65,161,0.47879675,2012
p65,162,0.0,2012
p65,163,0.009197606,2012
p65,164,0.283562,2012
p65,165,0.0,2012
p65,166,0.69003904,2012
p65,167,0.0,2012
p65,168,0.28658864,2012
p65,169,0.050931532,2012
p65,170,0.0,2012
p65,171,0.58977336,2012
p65,172,0.0,2012
p65,173,0.44148508,2012
p65,174,0.0,2012
p65,175,0.008171913,2012
p65,176,0.38988096,2012
p65,177,0.0,2012
p65,178,0.64870864,2012
p65,179,0.0,2012
p65,180,0.23913774,2012
p65,181,0.040472828,2012
p65,182,0.0,2012
p65,183,0.52478474,2012
p65,184,0.0,2012
p65,185,0.56814975,2012
p65,186,3.3629272e-05,2012
p65,187,0.01799166,2012
p65,188,0.3155771,2012
p65,189,0.0,2012
p65,190,0.6368375,2012
p65,191,0.0,2012
p65,192,0.2498823,2012
p65,193,0.04635795,2012
p65,194,0.0,2012
p65,195,0.5829466,2012
p65,196,0.0,2012
p65,197,0.47430724,2012
p65,198,0.00010088781,2012
p65,199,0.022615684,2012
p65,200,0.38989776,2012
p65,201,0.0,2012
p65,202,0.60974914,2012
p65,203,0.0,2012
p65,204,0.26207292,2012
p65,205,0.052041296,2012
p65,206,0.0,2012
p65,207,0.6928471,2012
p65,208,0.0,2012
p65,209,0.7143866,2012
p65,210,0.00020177562,2012
p65,211,0.016596045,2012
p65,212,0.3639864,2012
p65,213,0.0,2012
p65,214,0.6115315,2012
p65,215,0.0,2012
p65,216,0.2610136,2012
p65,217,0.062012374,2012
p65,218,0.0,2012
p65,219,0.6121536,2012
p65,220,0.0,2012
p65,221,0.6717279,2012
p65,222,0.00040355124,2012
p65,223,0.027760964,2012
p65,224,0.4068133,2012
p65,225,0.0,2012
p65,226,0.6616895,2012
p65,227,0.0,2012
p65,228,0.32403484,2012
p65,229,0.07632163,2012
p65,230,0.0,2012
p65,231,0.6034268,2012
p65,232,0.0,2012
p65,233,0.67425007,2012
p65,234,0.00082391716,2012
p65,235,0.044155233,2012
p65,236,0.43723097,2012
p65,237,0.0,2012
p65,238,0.84126985,2012
p65,239,0.0,2012
p65,240,0.3738734,2012
p65,241,0.08153417,2012
p65,242,0.0,2012
p65,243,0.71766543,2012
p65,244,0.0,2012
p65,245,0.6863566,2012
p65,246,0.00063895615,2012
p65,247,0.04244014,2012
p65,248,0.40170163,2012
p65,249,0.0,2012
p65,250,0.6867938,2012
p65,251,0.0,2012
p65,252,0.36892992,2012
p65,253,0.06833468,2012
p65,254,0.0,2012
p65,255,0.565947,2012
p65,256,0.0,2012
p65,257,0.5532351,2012
p65,258,0.0012779123,2012
p65,259,0.046626985,2012
p65,260,0.41833133,2012
p65,261,0.0,2012
p65,262,0.7572807,2012
p65,263,0.0,2012
p65,264,0.3458098,2012
p65,265,0.08519976,2012
p65,266,0.00013451709,2012
p65,267,0.59199286,2012
p65,268,0.0,2012
p65,269,0.57082325,2012
p65,270,0.0015469465,2012
p65,271,0.041817997,2012
p65,272,0.41364002,2012
p65,273,0.0,2012
p65,274,0.8329298,2012
p65,275,0.0,2012
p65,276,0.44627723,2012
p65,277,0.09177428,2012
p65,278,0.00023540489,2012
p65,279,0.68262374,2012
p65,280,0.0,2012
p65,281,0.60341,2012
p65,282,0.0019336831,2012
p65,283,0.044239305,2012
p65,284,0.40405568,2012
p65,285,0.0,2012
p65,286,0.715076,2012
p65,287,0.0,2012
p65,288,0.36825734,2012
p65,289,0.09796207,2012
p65,290,0.0004371805,2012
p65,291,0.6518866,2012
p65,292,0.0,2012
p65,293,0.5836864,2012
p65,294,0.003093893,2012
p65,295,0.041448075,2012
p65,296,0.39423594,2012
p65,297,0.0,2012
p65,298,0.6777307,2012
p65,299,0.0,2012
p65,300,0.309961,2012
p65,301,0.11787059,2012
p65,302,0.00023540489,2012
p65,303,0.64598465,2012
p65,304,0.0,2012
p65,305,0.6304816,2012
p65,306,0.0028921172,2012
p65,307,0.080912024,2012
p65,308,0.375,2012
p65,309,0.0,2012
p65,310,0.60705876,2012
p65,311,0.0,2012
p65,312,0.34106806,2012
p65,313,0.1271859,2012
p65,314,0.00026903418,2012
p65,315,0.7329836,2012
p65,316,0.0,2012
p65,317,0.69237626,2012
p65,318,0.0032956686,2012
p65,319,0.07637207,2012
p65,320,0.38278517,2012
p65,321,0.0,2012
p65,322,0.66503567,2012
p65,323,0.0,2012
p65,324,0.36721483,2012
p65,325,0.13206215,2012
p65,326,0.00035310735,2012
p65,327,0.7161017,2012
p65,328,0.0,2012
p65,329,0.7570285,2012
p65,330,0.004304547,2012
p65,331,0.102283426,2012
p65,332,0.43696192,2012
p65,333,0.0,2012
p65,334,0.78719395,2012
p65,335,0.0,2012
p65,336,0.44785783,2012
p65,337,0.1140873,2012
p65,338,0.0016982781,2012
p65,339,0.68102634,2012
p65,340,0.0,2012
p65,341,0.7218691,2012
p65,342,0.0037664783,2012
p65,343,0.06522397,2012
p65,344,0.45690408,2012
p65,345,0.0,2012
p65,346,0.80190676,2012
p65,347,0.0,2012
p65,348,0.390604,2012
p65,349,0.12691687,2012
p65,350,0.0016814636,2012
p65,351,0.6063862,2012
p65,352,0.0,2012
p65,353,0.6226964,2012
p65,354,0.003177966,2012
p65,355,0.10166129,2012
p65,356,0.48565713,2012
p65,357,0.0,2012
p65,358,0.8002085,2012
p65,359,0.0,2012
p65,360,0.38334006,2012
p65,361,0.13816586,2012
p65,362,0.0006053269,2012
p65,363,0.60985,2012
p65,364,0.0,2012
p65,365,0.63554275,2012
p65,366,0.0046744687,2012
p65,367,0.09755851,2012
p65,368,0.44027442,2012
p65,369,0.0,2012
p65,370,0.76533496,2012
p65,371,0.0,2012
p65,372,0.39897767,2012
p65,373,0.13920836,2012
p65,374,0.0010929513,2012
p65,375,0.6700464,2012
p65,376,0.0,2012
p65,377,0.62520176,2012
p65,378,0.0062382296,2012
p65,379,0.083013855,2012
p65,380,0.47652677,2012
p65,381,0.0,2012
p65,382,0.73589253,2012
p65,383,0.0,2012
p65,384,0.42472088,2012
p65,385,0.1515335,2012
p65,386,0.0020345708,2012
p65,387,0.69192225,2012
p65,388,0.0,2012
p65,389,0.6235203,2012
p65,390,0.0064400053,2012
p65,391,0.07534638,2012
p65,392,0.44249395,2012
p65,393,0.0,2012
p65,394,0.75351423,2012
p65,395,0.0,2012
p65,396,0.40264326,2012
p65,397,0.14549704,2012
p65,398,0.0020513856,2012
p65,399,0.6804715,2012
p65,400,0.0,2012
p65,401,0.72272664,2012
p65,402,0.008155098,2012
p65,403,0.09597794,2012
p65,404,0.48636332,2012
p65,405,0.0,2012
p65,406,0.8005952,2012
p65,407,0.0,2012
p65,408,0.40218925,2012
p65,409,0.13974644,2012
p65,410,0.0024213076,2012
p65,411,0.6786387,2012
p65,412,0.0,2012
p65,413,0.6855831,2012
p65,414,0.0077851764,2012
p65,415,0.09703726,2012
p65,416,0.53220004,2012
p65,417,0.0,2012
p65,418,0.81692225,2012
p65,419,0.0,2012
p65,420,0.4239306,2012
p65,421,0.15793987,2012
p65,422,0.0013115415,2012
p65,423,0.73870057,2012
p65,424,0.0,2012
p65,425,0.7253329,2012
p65,426,0.0082391715,2012
p65,427,0.085687384,2012
p65,428,0.5126614,2012
p65,429,0.0,2012
p65,430,0.82765,2012
p65,431,0.0,2012
p65,432,0.44261163,2012
p65,433,0.13680388,2012
p65,434,0.0010425074,2012
p65,435,0.7473601,2012
p65,436,0.0,2012
p65,437,0.7045332,2012
p65,438,0.00899583,2012
p65,439,0.0886972,2012
p65,440,0.4821933,2012
p65,441,0.0,2012
p65,442,0.78865683,2012
p65,443,0.0,2012
p65,444,0.414548,2012
p65,445,0.16488431,2012
p65,446,0.0012106538,2012
p65,447,0.7164716,2012
p65,448,0.0,2012
p65,449,0.65733457,2012
p65,450,0.008373689,2012
p65,451,0.08533428,2012
p65,452,0.4224677,2012
p65,453,0.0,2012
p65,454,0.7700431,2012
p65,455,0.0,2012
p65,456,0.37634516,2012
p65,457,0.13323916,2012
p65,458,0.0013115415,2012
p65,459,0.72820824,2012
p65,460,0.0,2012
p65,461,0.60137546,2012
p65,462,0.006406376,2012
p65,463,0.07428706,2012
p65,464,0.42364475,2012
p65,465,0.0,2012
p65,466,0.6540725,2012
p65,467,0.0,2012
p65,468,0.35009754,2012
p65,469,0.12947269,2012
p65,470,0.0018664246,2012
p65,471,0.6450767,2012
p65,472,0.0,2012
p65,473,0.6067225,2012
p65,474,0.008928572,2012
p65,475,0.0768597,2012
p65,476,0.45246503,2012
p65,477,0.0,2012
p65,478,0.69003904,2012
p65,479,0.0,2012
p65,480,0.36655906,2012
p65,481,0.13813223,2012
p65,482,0.00097524887,2012
p65,483,0.67685634,2012
p65,484,0.0,2012
p65,485,0.6570823,2012
p65,486,0.004977132,2012
p65,487,0.07052058,2012
p65,488,0.47627455,2012
p65,489,0.0,2012
p65,490,0.73510224,2012
p65,491,0.0,2012
p65,492,0.4029291,2012
p65,493,0.13379405,2012
p65,494,0.00036992197,2012
p65,495,0.70263314,2012
p65,496,0.0,2012
p65,497,0.70606333,2012
p65,498,0.0049939468,2012
p65,499,0.05404224,2012
p65,500,0.4101594,2012
p65,501,0.0,2012
p65,502,0.63722426,2012
p65,503,0.0,2012
p65,504,0.3764797,2012
p65,505,0.12135123,2012
p65,506,0.00031947807,2012
p65,507,0.65134853,2012
p65,508,0.0,2012
p65,509,0.67699087,2012
p65,510,0.0051957224,2012
p65,511,0.058716707,2012
p65,512,0.45204467,2012
p65,513,0.0,2012
p65,514,0.75450635,2012
p65,515,0.0,2012
p65,516,0.34508675,2012
p65,517,0.13026299,2012
p65,518,0.00040355124,2012
p65,519,0.6535344,2012
p65,520,0.0,2012
p65,521,0.63100284,2012
p65,522,0.0042709173,2012
p65,523,0.047719937,2012
p65,524,0.4286387,2012
p65,525,0.0,2012
p65,526,0.74789816,2012
p65,527,0.0,2012
p65,528,0.35921106,2012
p65,529,0.11669357,2012
p65,530,0.00023540489,2012
p65,531,0.6201742,2012
p65,532,0.0,2012
p65,533,0.6396792,2012
p65,534,0.0033965562,2012
p65,535,0.041885257,2012
p65,536,0.41436306,2012
p65,537,0.0,2012
p65,538,0.7191283,2012
p65,539,0.0,2012
p65,540,0.33341742,2012
p65,541,0.10890839,2012
p65,542,0.00010088781,2012
p65,543,0.61287665,2012
p65,544,0.0,2012
p65,545,0.63011163,2012
p65,546,0.00094161957,2012
p65,547,0.049165994,2012
p65,548,0.41804546,2012
p65,549,0.0,2012
p65,550,0.7249462,2012
p65,551,0.0,2012
p65,552,0.34969398,2012
p65,553,0.10240113,2012
p65,554,0.0,2012
p65,555,0.6252186,2012
p65,556,0.0,2012
p65,557,0.5998789,2012
p65,558,0.0019504977,2012
p65,559,0.04585351,2012
p65,560,0.44516748,2012
p65,561,0.0,2012
p65,562,0.73663235,2012
p65,563,0.0,2012
p65,564,0.36104384,2012
p65,565,0.084981166,2012
p65,566,3.3629272e-05,2012
p65,567,0.6484396,2012
p65,568,0.0,2012
p65,569,0.6087571,2012
p65,570,0.0014124294,2012
p65,571,0.040859565,2012
p65,572,0.36622277,2012
p65,573,0.0,2012
p65,574,0.710267,2012
p65,575,0.0,2012
p65,576,0.38056564,2012
p65,577,0.0895043,2012
p65,578,0.0,2012
p65,579,0.63631624,2012
p65,580,0.0,2012
p65,581,0.69659674,2012
p65,582,0.00077347324,2012
p65,583,0.03964891,2012
p65,584,0.35034975,2012
p65,585,0.0,2012
p65,586,0.66448075,2012
p65,587,0.0,2012
p65,588,0.30759013,2012
p65,589,0.07057103,2012
p65,590,0.0,2012
p65,591,0.67926085,2012
p65,592,0.0,2012
p65,593,0.5513015,2012
p65,594,0.00048762443,2012
p65,595,0.032082323,2012
p65,596,0.40824252,2012
p65,597,0.0,2012
p65,598,0.75100887,2012
p65,599,0.0,2012
p65,600,0.342615,2012
p65,601,0.049149178,2012
p65,602,0.0,2012
p65,603,0.62136805,2012
p65,604,0.0,2012
p65,605,0.53374696,2012
p65,606,0.00023540489,2012
p65,607,0.038555957,2012
p65,608,0.42650324,2012
p65,609,0.0,2012
p65,610,0.8587739,2012
p65,611,0.0,2012
p65,612,0.37378934,2012
p65,613,0.05745561,2012
p65,614,0.0,2012
p65,615,0.59807974,2012
p65,616,0.0,2012
p65,617,0.56624967,2012
p65,618,6.7258545e-05,2012
p65,619,0.036151465,2012
p65,620,0.36655906,2012
p65,621,0.0,2012
p65,622,0.6812954,2012
p65,623,0.0,2012
p65,624,0.29121268,2012
p65,625,0.041347187,2012
p65,626,0.0,2012
p65,627,0.50025225,2012
p65,628,0.0,2012
p65,629,0.5442561,2012
p65,630,0.0,2012
p65,631,0.020026231,2012
p65,632,0.4048796,2012
p65,633,0.0,2012
p65,634,0.79267555,2012
p65,635,0.0,2012
p65,636,0.3286757,2012
p65,637,0.041801184,2012
p65,638,0.0,2012
p65,639,0.6917037,2012
p65,640,0.0,2012
p65,641,0.7376076,2012
p65,642,0.0,2012
p65,643,0.0281477,2012
p65,644,0.32129404,2012
p65,645,0.0,2012
p65,646,0.7268294,2012
p65,647,0.0,2012
p65,648,0.27648306,2012
p65,649,0.023675006,2012
p65,650,0.0,2012
p65,651,0.58775556,2012
p65,652,0.0,2012
p65,653,0.5501244,2012
p65,654,0.0,2012
p65,655,0.013468523,2012
p65,656,0.2483858,2012
p65,657,0.0,2012
p65,658,0.5679816,2012
p65,659,0.0,2012
p65,660,0.21297418,2012
p65,661,0.029072504,2012
p65,662,0.0,2012
p65,663,0.5999462,2012
p65,664,0.0,2012
p65,665,0.58161825,2012
p65,666,0.0,2012
p65,667,0.011013586,2012
p65,668,0.3044458,2012
p65,669,0.0,2012
p65,670,0.61704665,2012
p65,671,0.0,2012
p65,672,0.2170265,2012
p65,673,0.018294323,2012
p65,674,0.0,2012
p65,675,0.5602973,2012
p65,676,0.0,2012
p65,677,0.52829903,2012
p65,678,0.0,2012
p65,679,0.01683145,2012
p65,680,0.26997578,2012
p65,681,0.0,2012
p65,682,0.59010965,2012
p65,683,0.0,2012
p65,684,0.3044458,2012
p65,685,0.014157923,2012
p65,686,0.0,2012
p65,687,0.5069949,2012
p65,688,0.0,2012
p65,689,0.51178706,2012
p65,690,0.0,2012
p65,691,0.0073648104,2012
p65,692,0.2505717,2012
p65,693,0.0,2012
p65,694,0.66179043,2012
p65,695,0.0,2012
p65,696,0.24577953,2012
p65,697,0.013283562,2012
p65,698,0.0,2012
p65,699,0.56023,2012
p65,700,0.0,2012
p65,701,0.54190207,2012
p65,702,0.0,2012
p65,703,0.006322303,2012
p65,704,0.20103578,2012
p65,705,0.0,2012
p65,706,0.6840026,2012
p65,707,0.0,2012
p65,708,0.28869048,2012
p65,709,0.0028248588,2012
p65,710,0.0,2012
p65,711,0.47143194,2012
p65,712,0.0,2012
p65,713,0.46157855,2012
p65,714,0.0,2012
p65,715,0.013619855,2012
p65,716,0.1729049,2012
p65,717,0.0,2012
p65,718,0.507348,2012
p65,719,0.0,2012
p65,720,0.17345978,2012
p65,721,0.007919693,2012
p65,722,0.0,2012
p65,723,0.49255112,2012
p65,724,0.0,2012
p65,725,0.48407653,2012
p65,726,0.0,2012
p65,727,0.0020850147,2012
p65,728,0.21457157,2012
p65,729,0.0,2012
p65,730,0.5987524,2012
p65,731,0.0,2012
p65,732,0.2753901,2012
p65,733,0.0045567662,2012
p65,734,0.0,2012
p65,735,0.52865213,2012
p65,736,0.0,2012
p65,737,0.5518059,2012
p65,738,0.0,2012
p65,739,0.004237288,2012
p65,740,0.18694511,2012
p65,741,0.0,2012
p65,742,0.51923597,2012
p65,743,0.0,2012
p65,744,0.16898708,2012
p65,745,0.005817864,2012
p65,746,0.0,2012
p65,747,0.45192695,2012
p65,748,0.0,2012
p65,749,0.43620527,2012
p65,750,0.0,2012
p65,751,0.0019336831,2012
p65,752,0.17248453,2012
p65,753,0.0,2012
p65,754,0.60117364,2012
p65,755,0.0,2012
p65,756,0.21711057,2012
p65,757,0.0058851223,2012
p65,758,0.0,2012
p65,759,0.38554278,2012
p65,760,0.0,2012
p65,761,0.46848938,2012
p65,762,0.0,2012
p65,763,0.00013451709,2012
p65,764,0.16150457,2012
p65,765,0.0,2012
p65,766,0.57186574,2012
p65,767,0.0,2012
p65,768,0.17028181,2012
p65,769,0.00079028786,2012
p65,770,0.0,2012
p65,771,0.50327885,2012
p65,772,0.0,2012
p65,773,0.54879606,2012
p65,774,0.0,2012
p65,775,0.00095843425,2012
p65,776,0.1602771,2012
p65,777,0.0,2012
p65,778,0.5412631,2012
p65,779,0.0,2012
p65,780,0.17169425,2012
p65,781,0.004338176,2012
p65,782,0.0,2012
p65,783,0.47497982,2012
p65,784,0.0,2012
p65,785,0.52217853,2012
p65,786,0.0,2012
p65,787,0.0,2012
p65,788,0.15899919,2012
p65,789,0.0,2012
p65,790,0.61938393,2012
p65,791,0.0,2012
p65,792,0.19678168,2012
p65,793,0.0044222493,2012
p65,794,0.0,2012
p65,795,0.44718522,2012
p65,796,0.0,2012
p65,797,0.324657,2012
p65,798,0.0,2012
p65,799,0.0,2012
p65,800,0.14758205,2012
p65,801,0.0,2012
p65,802,0.6632028,2012
p65,803,0.0,2012
p65,804,0.15412295,2012
p65,805,0.0043549906,2012
p65,806,0.0,2012
p65,807,0.3470877,2012
p65,808,0.0,2012
p65,809,0.32095775,2012
p65,810,0.0,2012
p65,811,0.0,2012
p65,812,0.15346718,2012
p65,813,0.0,2012
p65,814,0.43803808,2012
p65,815,0.0,2012
p65,816,0.09431329,2012
p65,817,0.00050443906,2012
p65,818,0.0,2012
p65,819,0.3260526,2012
p65,820,0.0,2012
p65,821,0.22792238,2012
p65,822,0.0,2012
p65,823,0.0,2012
p65,824,0.111514665,2012
p65,825,0.0,2012
p65,826,0.38044795,2012
p65,827,0.0,2012
p65,828,0.044676486,2012
p65,829,0.0045567662,2012
p65,830,0.0,2012
p65,831,0.4540456,2012
p65,832,0.0,2012
p65,833,0.44377187,2012
p65,834,0.0,2012
p65,835,0.0,2012
p65,836,0.14514393,2012
p65,837,0.0,2012
p65,838,0.43033695,2012
p65,839,0.0,2012
p65,840,0.04696328,2012
p65,841,0.0006053269,2012
p65,842,0.0,2012
p65,843,0.1819848,2012
p65,844,0.0,2012
p65,845,0.26235875,2012
p65,846,0.0,2012
p65,847,0.0,2012
p65,848,0.13999866,2012
p65,849,0.0,2012
p65,850,0.3699556,2012
p65,851,0.0,2012
p65,852,0.06443369,2012
p65,853,0.0052966103,2012
p65,854,0.0,2012
p65,855,0.5027912,2012
p65,856,0.0,2012
p65,857,0.4270413,2012
p65,858,0.0,2012
p65,859,0.0,2012
p65,860,0.0907654,2012
p65,861,0.0,2012
p65,862,0.4062416,2012
p65,863,0.0,2012
p65,864,0.024566183,2012
p65,865,0.00065577077,2012
p65,866,0.0,2012
p65,867,0.32965094,2012
p65,868,0.0,2012
p65,869,0.20113666,2012
p65,870,0.0,2012
p65,871,0.0,2012
p65,872,0.13830037,2012
p65,873,0.0,2012
p65,874,0.36909807,2012
p65,875,0.0,2012
p65,876,0.1266142,2012
p67,1,0.0,2012
p67,2,0.0,2012
p67,3,0.41858354,2012
p67,4,0.0,2012
p67,5,0.5914044,2012
p67,6,0.0,2012
p67,7,0.0,2012
p67,8,0.14497578,2012
p67,9,0.0,2012
p67,10,0.5525121,2012
p67,11,0.0,2012
p67,12,0.10835351,2012
p67,13,0.0,2012
p67,14,0.0,2012
p67,15,0.4269068,2012
p67,16,0.0,2012
p67,17,0.56265134,2012
p67,18,0.0,2012
p67,19,0.0,2012
p67,20,0.08459443,2012
p67,21,0.0,2012
p67,22,0.52678573,2012
p67,23,0.0,2012
p67,24,0.052209444,2012
p67,25,0.0,2012
p67,26,0.0,2012
p67,27,0.37772396,2012
p67,28,0.0,2012
p67,29,0.16767554,2012
p67,30,0.0,2012
p67,31,0.0,2012
p67,32,0.15329903,2012
p67,33,0.0,2012
p67,34,0.5841404,2012
p67,35,0.0,2012
p67,36,0.24667071,2012
p67,37,0.0,2012
p67,38,0.0,2012
p67,39,0.3516949,2012
p67,40,0.0,2012
p67,41,0.25938258,2012
p67,42,0.0,2012
p67,43,0.0,2012
p67,44,0.1473971,2012
p67,45,0.0,2012
p67,46,0.7027845,2012
p67,47,0.0,2012
p67,48,0.1473971,2012
p67,49,0.0,2012
p67,50,0.0,2012
p67,51,0.28677362,2012
p67,52,0.0,2012
p67,53,0.2065678,2012
p67,54,0.0,2012
p67,55,0.0,2012
p67,56,0.17705812,2012
p67,57,0.0,2012
p67,58,0.8055387,2012
p67,59,0.0,2012
p67,60,0.07521187,2012
p67,61,0.0,2012
p67,62,0.0,2012
p67,63,0.37575665,2012
p67,64,0.0,2012
p67,65,0.36894673,2012
p67,66,0.0,2012
p67,67,0.0,2012
p67,68,0.25756657,2012
p67,69,0.0,2012
p67,70,0.75438863,2012
p67,71,0.0,2012
p67,72,0.23153754,2012
p67,73,0.0,2012
p67,74,0.0,2012
p67,75,0.28314164,2012
p67,76,0.0,2012
p67,77,0.24621671,2012
p67,78,0.0,2012
p67,79,0.0,2012
p67,80,0.24742736,2012
p67,81,0.0,2012
p67,82,0.38392857,2012
p67,83,0.0,2012
p67,84,0.1063862,2012
p67,85,0.0,2012
p67,86,0.0,2012
p67,87,0.36228815,2012
p67,88,0.0,2012
p67,89,0.5786925,2012
p67,90,0.0,2012
p67,91,0.0,2012
p67,92,0.11788741,2012
p67,93,0.0,2012
p67,94,0.5811138,2012
p67,95,0.0,2012
p67,96,0.23305085,2012
p67,97,0.0,2012
p67,98,0.0,2012
p67,99,0.19718523,2012
p67,100,0.0,2012
p67,101,0.68916464,2012
p67,102,0.0,2012
p67,103,0.0,2012
p67,104,0.31068403,2012
p67,105,0.0,2012
p67,106,0.42630145,2012
p67,107,0.0,2012
p67,108,0.16086562,2012
p67,109,0.0,2012
p67,110,0.0,2012
p67,111,0.29993945,2012
p67,112,0.0,2012
p67,113,0.3630448,2012
p67,114,0.0,2012
p67,115,0.0,2012
p67,116,0.2696731,2012
p67,117,0.0,2012
p67,118,0.48501816,2012
p67,119,0.0,2012
p67,120,0.2661925,2012
p67,121,0.0,2012
p67,122,0.0,2012
p67,123,0.71625304,2012
p67,124,0.0,2012
p67,125,0.5425242,2012
p67,126,0.0,2012
p67,127,0.005599274,2012
p67,128,0.23032688,2012
p67,129,0.0,2012
p67,130,0.6917373,2012
p67,131,0.0,2012
p67,132,0.08292978,2012
p67,133,0.0,2012
p67,134,0.0,2012
p67,135,0.6983959,2012
p67,136,0.0,2012
p67,137,0.8109867,2012
p67,138,0.0,2012
p67,139,0.011047215,2012
p67,140,0.32914647,2012
p67,141,0.0,2012
p67,142,0.3854419,2012
p67,143,0.0,2012
p67,144,0.1316586,2012
p67,145,0.002118644,2012
p67,146,0.0,2012
p67,147,0.4474879,2012
p67,148,0.0,2012
p67,149,0.34412834,2012
p67,150,0.0,2012
p67,151,0.0012106538,2012
p67,152,0.21473971,2012
p67,153,0.0,2012
p67,154,0.6850787,2012
p67,155,0.0,2012
p67,156,0.44385594,2012
p67,157,0.0034806295,2012
p67,158,0.0,2012
p67,159,0.7854116,2012
p67,160,0.0,2012
p67,161,0.49833536,2012
p67,162,0.0,2012
p67,163,0.011652542,2012
p67,164,0.1660109,2012
p67,165,0.0,2012
p67,166,0.84851694,2012
p67,167,0.0,2012
p67,168,0.4642857,2012
p67,169,0.002118644,2012
p67,170,0.0,2012
p67,171,0.43144673,2012
p67,172,0.0,2012
p67,173,0.49878934,2012
p67,174,0.0,2012
p67,175,0.0051452783,2012
p67,176,0.36516345,2012
p67,177,0.0,2012
p67,178,0.7622579,2012
p67,179,0.0,2012
p67,180,0.23865013,2012
p67,181,0.0062046004,2012
p67,182,0.0,2012
p67,183,0.5747579,2012
p67,184,0.0,2012
p67,185,0.50166464,2012
p67,186,0.0,2012
p67,187,0.032233655,2012
p67,188,0.33429176,2012
p67,189,0.0,2012
p67,190,0.54993945,2012
p67,191,0.0,2012
p67,192,0.21731235,2012
p67,193,0.00030266345,2012
p67,194,0.0,2012
p67,195,0.38332325,2012
p67,196,0.0,2012
p67,197,0.48274818,2012
p67,198,0.0,2012
p67,199,0.03601695,2012
p67,200,0.19461259,2012
p67,201,0.0,2012
p67,202,0.5667373,2012
p67,203,0.0,2012
p67,204,0.36682808,2012
p67,205,0.012409201,2012
p67,206,0.0,2012
p67,207,0.722609,2012
p67,208,0.0,2012
p67,209,0.7757264,2012
p67,210,0.0,2012
p67,211,0.024969734,2012
p67,212,0.39875907,2012
p67,213,0.0,2012
p67,214,0.7147397,2012
p67,215,0.0,2012
p67,216,0.36849272,2012
p67,217,0.013014528,2012
p67,218,0.0,2012
p67,219,0.55190676,2012
p67,220,0.0,2012
p67,221,0.50136197,2012
p67,222,0.0,2012
p67,223,0.068250604,2012
p67,224,0.41374093,2012
p67,225,0.0,2012
p67,226,0.810684,2012
p67,227,0.0,2012
p67,228,0.38226393,2012
p67,229,0.017857144,2012
p67,230,0.0,2012
p67,231,0.70051455,2012
p67,232,0.0,2012
p67,233,0.8921005,2012
p67,234,0.0,2012
p67,235,0.083989106,2012
p67,236,0.29267555,2012
p67,237,0.0,2012
p67,238,0.9275121,2012
p67,239,0.0,2012
p67,240,0.532839,2012
p67,241,0.019219128,2012
p67,242,0.0,2012
p67,243,0.49727604,2012
p67,244,0.0,2012
p67,245,0.6720642,2012
p67,246,0.0,2012
p67,247,0.094128326,2012
p67,248,0.3672821,2012
p67,249,0.0,2012
p67,250,0.78404963,2012
p67,251,0.0,2012
p67,252,0.45838377,2012
p67,253,0.023002421,2012
p67,254,0.0,2012
p67,255,0.38861984,2012
p67,256,0.0,2012
p67,257,0.6737288,2012
p67,258,0.0,2012
p67,259,0.093523,2012
p67,260,0.35048425,2012
p67,261,0.0,2012
p67,262,0.8578995,2012
p67,263,0.0,2012
p67,264,0.5115012,2012
p67,265,0.026483051,2012
p67,266,0.0,2012
p67,267,0.4217615,2012
p67,268,0.0,2012
p67,269,0.64058715,2012
p67,270,0.0,2012
p67,271,0.082173124,2012
p67,272,0.41888618,2012
p67,273,0.0,2012
p67,274,0.781023,2012
p67,275,0.0,2012
p67,276,0.54797214,2012
p67,277,0.035411622,2012
p67,278,0.0,2012
p67,279,0.5373789,2012
p67,280,0.0,2012
p67,281,0.43674335,2012
p67,282,0.0,2012
p67,283,0.12636198,2012
p67,284,0.28753027,2012
p67,285,0.0,2012
p67,286,0.61395276,2012
p67,287,0.0,2012
p67,288,0.4904661,2012
p67,289,0.032687653,2012
p67,290,0.0,2012
p67,291,0.53177965,2012
p67,292,0.0,2012
p67,293,0.5729419,2012
p67,294,0.0,2012
p67,295,0.046458837,2012
p67,296,0.25317797,2012
p67,297,0.0,2012
p67,298,0.33141646,2012
p67,299,0.0,2012
p67,300,0.2103511,2012
p67,301,0.044340193,2012
p67,302,0.0,2012
p67,303,0.5809625,2012
p67,304,0.0,2012
p67,305,0.42100483,2012
p67,306,0.0,2012
p67,307,0.06855327,2012
p67,308,0.21685836,2012
p67,309,0.0,2012
p67,310,0.65254235,2012
p67,311,0.0,2012
p67,312,0.29464287,2012
p67,313,0.049636804,2012
p67,314,0.0,2012
p67,315,0.7342615,2012
p67,316,0.0,2012
p67,317,0.7608959,2012
p67,318,0.0,2012
p67,319,0.13090193,2012
p67,320,0.24651937,2012
p67,321,0.0,2012
p67,322,0.77602905,2012
p67,323,0.0,2012
p67,324,0.4452179,2012
p67,325,0.059019372,2012
p67,326,0.00045399516,2012
p67,327,0.6334746,2012
p67,328,0.0,2012
p67,329,0.749092,2012
p67,330,0.0,2012
p67,331,0.16994552,2012
p67,332,0.38241526,2012
p67,333,0.0,2012
p67,334,0.92493945,2012
p67,335,0.0,2012
p67,336,0.58383775,2012
p67,337,0.059624698,2012
p67,338,0.0024213076,2012
p67,339,0.67493945,2012
p67,340,0.0,2012
p67,341,0.5195218,2012
p67,342,0.0,2012
p67,343,0.10774818,2012
p67,344,0.43961865,2012
p67,345,0.0,2012
p67,346,0.7934322,2012
p67,347,0.0,2012
p67,348,0.436592,2012
p67,349,0.06159201,2012
p67,350,0.0006053269,2012
p67,351,0.55190676,2012
p67,352,0.0,2012
p67,353,0.71882564,2012
p67,354,0.0,2012
p67,355,0.07657385,2012
p67,356,0.44264528,2012
p67,357,0.0,2012
p67,358,0.8314165,2012
p67,359,0.0,2012
p67,360,0.52496976,2012
p67,361,0.064164646,2012
p67,362,0.002118644,2012
p67,363,0.5859564,2012
p67,364,0.0,2012
p67,365,0.6075969,2012
p67,366,0.0,2012
p67,367,0.12636198,2012
p67,368,0.2733051,2012
p67,369,0.0,2012
p67,370,0.8433717,2012
p67,371,0.0,2012
p67,372,0.52496976,2012
p67,373,0.07052058,2012
p67,374,0.002723971,2012
p67,375,0.53647095,2012
p67,376,0.0,2012
p67,377,0.70823246,2012
p67,378,0.0,2012
p67,379,0.17963076,2012
p67,380,0.42872277,2012
p67,381,0.0,2012
p67,382,0.7996368,2012
p67,383,0.0,2012
p67,384,0.5687046,2012
p67,385,0.07960048,2012
p67,386,0.0057506054,2012
p67,387,0.6130448,2012
p67,388,0.0,2012
p67,389,0.68008476,2012
p67,390,0.0,2012
p67,391,0.13362591,2012
p67,392,0.31083536,2012
p67,393,0.0,2012
p67,394,0.7313862,2012
p67,395,0.0,2012
p67,396,0.45641646,2012
p67,397,0.08065981,2012
p67,398,0.0036319613,2012
p67,399,0.68008476,2012
p67,400,0.0,2012
p67,401,0.7882869,2012
p67,402,0.0,2012
p67,403,0.15329903,2012
p67,404,0.46579903,2012
p67,405,0.0,2012
p67,406,0.777391,2012
p67,407,0.0,2012
p67,408,0.437954,2012
p67,409,0.082173124,2012
p67,410,0.0045399517,2012
p67,411,0.61289346,2012
p67,412,0.0,2012
p67,413,0.77829903,2012
p67,414,0.0,2012
p67,415,0.15753631,2012
p67,416,0.40829298,2012
p67,417,0.0,2012
p67,418,0.69188863,2012
p67,419,0.0,2012
p67,420,0.5290557,2012
p67,421,0.058716707,2012
p67,422,0.0030266345,2012
p67,423,0.65920097,2012
p67,424,0.0,2012
p67,425,0.7599879,2012
p67,426,0.0,2012
p67,427,0.12394068,2012
p67,428,0.4838075,2012
p67,429,0.0,2012
p67,430,0.8924031,2012
p67,431,0.0,2012
p67,432,0.5497881,2012
p67,433,0.08429177,2012
p67,434,0.0018159806,2012
p67,435,0.7018765,2012
p67,436,0.0,2012
p67,437,0.76649517,2012
p67,438,0.0,2012
p67,439,0.15012106,2012
p67,440,0.39724576,2012
p67,441,0.0,2012
p67,442,0.8167373,2012
p67,443,0.0,2012
p67,444,0.4904661,2012
p67,445,0.08429177,2012
p67,446,0.0012106538,2012
p67,447,0.5759685,2012
p67,448,0.0,2012
p67,449,0.6369552,2012
p67,450,0.0,2012
p67,451,0.14694309,2012
p67,452,0.3639528,2012
p67,453,0.0,2012
p67,454,0.6280266,2012
p67,455,0.0,2012
p67,456,0.5139225,2012
p67,457,0.053268764,2012
p67,458,0.0018159806,2012
p67,459,0.61365014,2012
p67,460,0.0,2012
p67,461,0.75605327,2012
p67,462,0.0,2012
p67,463,0.113952786,2012
p67,464,0.4116223,2012
p67,465,0.0,2012
p67,466,0.76331717,2012
p67,467,0.0,2012
p67,468,0.48728815,2012
p67,469,0.092615016,2012
p67,470,0.00030266345,2012
p67,471,0.35078692,2012
p67,472,0.0,2012
p67,473,0.63952786,2012
p67,474,0.0,2012
p67,475,0.13271792,2012
p67,476,0.4461259,2012
p67,477,0.0,2012
p67,478,0.81930995,2012
p67,479,0.0,2012
p67,480,0.38665253,2012
p67,481,0.078843825,2012
p67,482,0.0,2012
p67,483,0.6955206,2012
p67,484,0.0,2012
p67,485,0.6038136,2012
p67,486,0.0,2012
p67,487,0.11349879,2012
p67,488,0.39437047,2012
p67,489,0.0,2012
p67,490,0.60426754,2012
p67,491,0.0,2012
p67,492,0.4403753,2012
p67,493,0.049031477,2012
p67,494,0.001059322,2012
p67,495,0.7098971,2012
p67,496,0.0,2012
p67,497,0.7757264,2012
p67,498,0.0,2012
p67,499,0.04842615,2012
p67,500,0.27345642,2012
p67,501,0.0,2012
p67,502,0.70157385,2012
p67,503,0.0,2012
p67,504,0.41177362,2012
p67,505,0.060684018,2012
p67,506,0.0,2012
p67,507,0.560684,2012
p67,508,0.0,2012
p67,509,0.46958232,2012
p67,510,0.0,2012
p67,511,0.100181594,2012
p67,512,0.32960048,2012
p67,513,0.0,2012
p67,514,0.7674031,2012
p67,515,0.0,2012
p67,516,0.33610776,2012
p67,517,0.061138015,2012
p67,518,0.0,2012
p67,519,0.56083536,2012
p67,520,0.0,2012
p67,521,0.73547214,2012
p67,522,0.0,2012
p67,523,0.05796005,2012
p67,524,0.4102603,2012
p67,525,0.0,2012
p67,526,0.7046005,2012
p67,527,0.0,2012
p67,528,0.5169492,2012
p67,529,0.056749396,2012
p67,530,0.0,2012
p67,531,0.55932206,2012
p67,532,0.0,2012
p67,533,0.50832325,2012
p67,534,0.0,2012
p67,535,0.08187046,2012
p67,536,0.32914647,2012
p67,537,0.0,2012
p67,538,0.8414044,2012
p67,539,0.0,2012
p67,540,0.39800242,2012
p67,541,0.046307508,2012
p67,542,0.0,2012
p67,543,0.43190074,2012
p67,544,0.0,2012
p67,545,0.48880145,2012
p67,546,0.0,2012
p67,547,0.07914649,2012
p67,548,0.3109867,2012
p67,549,0.0,2012
p67,550,0.74319005,2012
p67,551,0.0,2012
p67,552,0.3787833,2012
p67,553,0.04146489,2012
p67,554,0.0,2012
p67,555,0.48350483,2012
p67,556,0.0,2012
p67,557,0.47775424,2012
p67,558,0.0,2012
p67,559,0.092161015,2012
p67,560,0.31719127,2012
p67,561,0.0,2012
p67,562,0.8498789,2012
p67,563,0.0,2012
p67,564,0.49319008,2012
p67,565,0.035865616,2012
p67,566,0.0,2012
p67,567,0.6840194,2012
p67,568,0.0,2012
p67,569,0.75166464,2012
p67,570,0.0,2012
p67,571,0.06598063,2012
p67,572,0.278753,2012
p67,573,0.0,2012
p67,574,0.54116225,2012
p67,575,0.0,2012
p67,576,0.4197942,2012
p67,577,0.024818402,2012
p67,578,0.0,2012
p67,579,0.6436138,2012
p67,580,0.0,2012
p67,581,0.73244554,2012
p67,582,0.0,2012
p67,583,0.08126514,2012
p67,584,0.27784503,2012
p67,585,0.0,2012
p67,586,0.56809926,2012
p67,587,0.0,2012
p67,588,0.39845642,2012
p67,589,0.014679177,2012
p67,590,0.0,2012
p67,591,0.56234866,2012
p67,592,0.0,2012
p67,593,0.5204298,2012
p67,594,0.0,2012
p67,595,0.027693704,2012
p67,596,0.3302058,2012
p67,597,0.0,2012
p67,598,0.6976392,2012
p67,599,0.0,2012
p67,600,0.28934625,2012
p67,601,0.008625908,2012
p67,602,0.0,2012
p67,603,0.58550245,2012
p67,604,0.0,2012
p67,605,0.5667373,2012
p67,606,0.0,2012
p67,607,0.07642252,2012
p67,608,0.32702786,2012
p67,609,0.0,2012
p67,610,0.8931598,2012
p67,611,0.0,2012
p67,612,0.52360773,2012
p67,613,0.0072639226,2012
p67,614,0.0,2012
p67,615,0.6752421,2012
p67,616,0.0,2012
p67,617,0.6157688,2012
p67,618,0.0,2012
p67,619,0.06522397,2012
p67,620,0.23622881,2012
p67,621,0.0,2012
p67,622,0.656023,2012
p67,623,0.0,2012
p67,624,0.37848064,2012
p67,625,0.0018159806,2012
p67,626,0.0,2012
p67,627,0.4250908,2012
p67,628,0.0,2012
p67,629,0.53117436,2012
p67,630,0.0,2012
p67,631,0.025877723,2012
p67,632,0.3406477,2012
p67,633,0.0,2012
p67,634,0.5632567,2012
p67,635,0.0,2012
p67,636,0.38468522,2012
p67,637,0.0009079903,2012
p67,638,0.0,2012
p67,639,0.6319613,2012
p67,640,0.0,2012
p67,641,0.7793583,2012
p67,642,0.0,2012
p67,643,0.037227605,2012
p67,644,0.25211865,2012
p67,645,0.0,2012
p67,646,0.81477,2012
p67,647,0.0,2012
p67,648,0.20520581,2012
p67,649,0.0,2012
p67,650,0.0,2012
p67,651,0.47503027,2012
p67,652,0.0,2012
p67,653,0.5525121,2012
p67,654,0.0,2012
p67,655,0.005447942,2012
p67,656,0.1822034,2012
p67,657,0.0,2012
p67,658,0.52360773,2012
p67,659,0.0,2012
p67,660,0.24818403,2012
p67,661,0.0,2012
p67,662,0.0,2012
p67,663,0.5983656,2012
p67,664,0.0,2012
p67,665,0.51558715,2012
p67,666,0.0,2012
p67,667,0.004691283,2012
p67,668,0.18871066,2012
p67,669,0.0,2012
p67,670,0.5034806,2012
p67,671,0.0,2012
p67,672,0.35774818,2012
p67,673,0.0,2012
p67,674,0.0,2012
p67,675,0.42161018,2012
p67,676,0.0,2012
p67,677,0.7592312,2012
p67,678,0.0,2012
p67,679,0.017100485,2012
p67,680,0.101392254,2012
p67,681,0.0,2012
p67,682,0.6466404,2012
p67,683,0.0,2012
p67,684,0.40995762,2012
p67,685,0.0,2012
p67,686,0.0,2012
p67,687,0.48774213,2012
p67,688,0.0,2012
p67,689,0.48638016,2012
p67,690,0.0,2012
p67,691,0.00030266345,2012
p67,692,0.14391646,2012
p67,693,0.0,2012
p67,694,0.6840194,2012
p67,695,0.0,2012
p67,696,0.46519372,2012
p67,697,0.0,2012
p67,698,0.0,2012
p67,699,0.35789952,2012
p67,700,0.0,2012
p67,701,0.6478511,2012
p67,702,0.0,2012
p67,703,0.0018159806,2012
p67,704,0.16147095,2012
p67,705,0.0,2012
p67,706,0.8159806,2012
p67,707,0.0,2012
p67,708,0.43689469,2012
p67,709,0.0,2012
p67,710,0.0,2012
p67,711,0.35139224,2012
p67,712,0.0,2012
p67,713,0.32475787,2012
p67,714,0.0,2012
p67,715,0.0012106538,2012
p67,716,0.1498184,2012
p67,717,0.0,2012
p67,718,0.29161623,2012
p67,719,0.0,2012
p67,720,0.24788135,2012
p67,721,0.0,2012
p67,722,0.0,2012
p67,723,0.4179782,2012
p67,724,0.0,2012
p67,725,0.52073246,2012
p67,726,0.0,2012
p67,727,0.0006053269,2012
p67,728,0.15390436,2012
p67,729,0.0,2012
p67,730,0.35214892,2012
p67,731,0.0,2012
p67,732,0.39149517,2012
p67,733,0.0,2012
p67,734,0.0,2012
p67,735,0.40556902,2012
p67,736,0.0,2012
p67,737,0.62953997,2012
p67,738,0.0,2012
p67,739,0.0033292978,2012
p67,740,0.12621066,2012
p67,741,0.0,2012
p67,742,0.72820824,2012
p67,743,0.0,2012
p67,744,0.20929177,2012
p67,745,0.0,2012
p67,746,0.0,2012
p67,747,0.28253633,2012
p67,748,0.0,2012
p67,749,0.41480026,2012
p67,750,0.0,2012
p67,751,0.0015133172,2012
p67,752,0.13922518,2012
p67,753,0.0,2012
p67,754,0.6069915,2012
p67,755,0.0,2012
p67,756,0.19128329,2012
p67,757,0.0,2012
p67,758,0.0,2012
p67,759,0.30220944,2012
p67,760,0.0,2012
p67,761,0.44203994,2012
p67,762,0.0,2012
p67,763,0.0,2012
p67,764,0.14058717,2012
p67,765,0.0,2012
p67,766,0.6982446,2012
p67,767,0.0,2012
p67,768,0.2719431,2012
p67,769,0.0,2012
p67,770,0.0,2012
p67,771,0.5463075,2012
p67,772,0.0,2012
p67,773,0.6473971,2012
p67,774,0.0,2012
p67,775,0.0051452783,2012
p67,776,0.10184625,2012
p67,777,0.0,2012
p67,778,0.60366225,2012
p67,779,0.0,2012
p67,780,0.15587167,2012
p67,781,0.0,2012
p67,782,0.0,2012
p67,783,0.53420097,2012
p67,784,0.0,2012
p67,785,0.5331417,2012
p67,786,0.0,2012
p67,787,0.0,2012
p67,788,0.105932206,2012
p67,789,0.0,2012
p67,790,0.5945823,2012
p67,791,0.0,2012
p67,792,0.22306295,2012
p67,793,0.0,2012
p67,794,0.0,2012
p67,795,0.23153754,2012
p67,796,0.0,2012
p67,797,0.408747,2012
p67,798,0.0,2012
p67,799,0.0,2012
p67,800,0.113952786,2012
p67,801,0.0,2012
p67,802,0.7398608,2012
p67,803,0.0,2012
p67,804,0.15284504,2012
p67,805,0.0,2012
p67,806,0.0,2012
p67,807,0.218977,2012
p67,808,0.0,2012
p67,809,0.31779662,2012
p67,810,0.0,2012
p67,811,0.0,2012
p67,812,0.088075064,2012
p67,813,0.0,2012
p67,814,0.406477,2012
p67,815,0.0,2012
p67,816,0.1312046,2012
p67,817,0.0,2012
p67,818,0.0,2012
p67,819,0.27088377,2012
p67,820,0.0,2012
p67,821,0.10789952,2012
p67,822,0.0,2012
p67,823,0.0,2012
p67,824,0.049031477,2012
p67,825,0.0,2012
p67,826,0.18280871,2012
p67,827,0.0,2012
p67,828,0.020732446,2012
p67,829,0.0,2012
p67,830,0.0,2012
p67,831,0.4598971,2012
p67,832,0.0,2012
p67,833,0.47775424,2012
p67,834,0.0,2012
p67,835,0.0,2012
p67,836,0.1216707,2012
p67,837,0.0,2012
p67,838,0.5148305,2012
p67,839,0.0,2012
p67,840,0.0777845,2012
p67,841,0.0,2012
p67,842,0.0,2012
p67,843,0.19506659,2012
p67,844,0.0,2012
p67,845,0.114709444,2012
p67,846,0.0,2012
p67,847,0.0,2012
p67,848,0.117282085,2012
p67,849,0.0,2012
p67,850,0.45883778,2012
p67,851,0.0,2012
p67,852,0.13347457,2012
p67,853,0.0,2012
p67,854,0.0,2012
p67,855,0.3849879,2012
p67,856,0.0,2012
p67,857,0.41147095,2012
p67,858,0.0,2012
p67,859,0.0,2012
p67,860,0.06628329,2012
p67,861,0.0,2012
p67,862,0.4423426,2012
p67,863,0.0,2012
p67,864,0.13211259,2012
p67,865,0.0,2012
p67,866,0.0,2012
p67,867,0.1779661,2012
p67,868,0.0,2012
p67,869,0.116828084,2012
p67,870,0.0,2012
p67,871,0.0,2012
p67,872,0.03177966,2012
p67,873,0.0,2012
p67,874,0.33550242,2012
p67,875,0.0,2012
p67,876,0.2151937,2012
