technology,plant_id,generator_id,capacity_mw,capacity_mwh,nameplate_capacity_mw,winter_capacity_mw,operating_year,retirement_year,historical_capacity_factor,heat_rate_mmbtu_mwh,vom_per_mwh,fom_per_mwyr
Conventional Steam Coal,298,1,824.0,,893.0,824.0,1985,2060,0.425,11.116,1.113288195,25956.4892
Conventional Steam Coal,298,2,836.0,,956.8,836.0,1986,2061,0.482,11.181,1.113288195,25956.4892
Batteries,66905,BESS,100.0,290.0,100.0,100.0,2025,2040,0.85,,0.0,12544.0
Run of River Hydroelectric,791,1,3.0,,3.0,3.0,1989,2089,0.061,,0.0,11247.0
Run of River Hydroelectric,791,2,3.0,,3.0,3.0,1989,2089,0.061,,0.0,10954.0
Run of River Hydroelectric,794,1,2.0,,2.8,2.0,1992,2092,0.296,,0.0,13368.0
Batteries,67721,ALPTR,100.3,145.0,100.3,100.3,2024,2039,0.85,,0.0,12544.0
Batteries,66294,A4BS1,100.0,290.0,100.0,100.0,2025,2040,0.85,,0.0,12544.0
Batteries,66295,A5BS1,100.0,290.0,100.0,100.0,2025,2040,0.85,,0.0,12544.0
Batteries,66296,A5BS2,100.0,290.0,100.0,100.0,2025,2040,0.85,,0.0,12544.0
Conventional Steam Coal,6179,1,295.0,,307.5,299.0,2011,2054,0.573,10.734,0.467123062,10754.0436
Conventional Steam Coal,6179,1,295.0,,307.5,299.0,2011,2054,0.573,10.734,0.467123062,10754.0436
Conventional Steam Coal,6179,2,295.0,,307.5,299.0,2011,2055,0.655,10.732,0.467123062,10754.0436
Conventional Steam Coal,6179,2,295.0,,307.5,299.0,2011,2055,0.655,10.732,0.467123062,10754.0436
Batteries,66297,A7BS1,150.0,435.0,150.0,150.0,2025,2040,0.85,,0.0,12544.0
Batteries,66298,A7BS2,150.0,435.0,150.0,150.0,2025,2040,0.85,,0.0,12544.0
Batteries,64293,ALVIN,9.9,9.9,9.9,9.9,2020,2035,0.0,,0.0,12544.0
Batteries,67236,ANEM1,200.0,400.0,200.0,200.0,2024,2039,0.85,,0.0,12544.0
Petroleum Liquids,65832,OLNYD,9.9,,9.9,9.9,2025,2075,,9.905,2.284,9235.0
Batteries,64295,ANGLE,9.9,9.9,9.9,9.9,2020,2035,0.0,,0.0,12544.0
Run of River Hydroelectric,3437,1,2.0,,3.2,2.0,1932,2032,0.743,,0.0,11271.0
Run of River Hydroelectric,3437,2,2.0,,3.2,2.0,1932,2032,0.743,,0.0,10896.0
Run of River Hydroelectric,3437,3,2.0,,3.2,2.0,1932,2032,0.743,,0.0,10896.0
Natural Gas Fired Combustion Turbine,3439,4,90.1,,131.8,97.4,2008,2063,0.026,10.745,1.74861846,1121.119057
Natural Gas Fired Combustion Turbine,3439,5,87.3,,131.8,94.4,2008,2063,0.026,10.745,1.74861846,1121.119057
Natural Gas Fired Combined Cycle,3441,7,319.0,,351.0,325.0,1972,2027,0.245,7.594,1.830270212,4152.100625
Natural Gas Fired Combined Cycle,3441,8,157.0,,189.6,165.0,2010,2065,0.245,7.594,1.830270212,4152.100625
Natural Gas Fired Combined Cycle,3441,9,157.0,,189.6,165.0,2010,2065,0.245,7.594,1.830270212,4152.100625
Natural Gas Fired Combined Cycle,3443,5,112.0,,180.0,112.0,1963,2030,0.389,7.848,3.516257561,8987.410604
Natural Gas Fired Combined Cycle,3443,7,176.0,,196.9,176.0,2009,2064,0.389,7.848,3.516257561,8987.410604
Natural Gas Steam Turbine,3452,1,392.0,,396.5,392.0,1970,2045,0.034,12.647,0.124136665,4090.835119
Natural Gas Steam Turbine,3452,2,523.0,,531.0,523.0,1973,2048,0.171,12.275,0.124136665,4090.835119
Natural Gas Steam Turbine,3453,6,122.0,,135.7,122.0,1956,2031,0.091,13.163,0.124136665,4090.835119
Natural Gas Steam Turbine,3453,7,118.0,,136.0,118.0,1958,2033,0.129,12.787,0.124136665,4090.835119
Natural Gas Steam Turbine,3453,8,568.0,,580.5,568.0,1967,2042,0.075,11.985,0.124136665,4090.835119
Natural Gas Fired Combustion Turbine,3464,73,57.0,,72.0,67.0,1976,2031,0.03,14.868,2.970058035,3795.094032
Natural Gas Fired Combustion Turbine,3464,74,53.0,,72.0,68.0,1976,2031,0.028,14.887,2.970058035,3795.094032
Natural Gas Fired Combustion Turbine,3464,81,53.0,,72.0,69.0,1976,2031,0.028,14.882,2.970058035,3795.094032
Natural Gas Fired Combustion Turbine,3464,82,47.0,,72.0,53.0,1976,2031,0.031,14.898,2.970058035,3795.094032
Natural Gas Fired Combustion Turbine,3464,83,61.0,,72.0,72.0,1976,2031,0.03,14.895,2.970058035,3795.094032
Natural Gas Fired Combustion Turbine,3464,84,56.0,,72.0,67.0,1976,2031,0.029,14.873,2.970058035,3795.094032
Natural Gas Fired Combined Cycle,3469,3,110.0,,113.1,110.0,1974,2029,0.16,9.537,1.830270212,4152.100625
Natural Gas Fired Combined Cycle,3469,31,54.0,,54.0,69.0,1972,2027,0.16,9.537,1.830270212,4152.100625
Natural Gas Fired Combined Cycle,3469,32,54.0,,54.0,69.0,1972,2027,0.16,9.537,1.830270212,4152.100625
Natural Gas Fired Combined Cycle,3469,33,54.0,,54.0,69.0,1972,2027,0.16,9.537,1.830270212,4152.100625
Natural Gas Fired Combined Cycle,3469,34,54.0,,54.0,69.0,1972,2027,0.16,9.537,1.830270212,4152.100625
Natural Gas Fired Combined Cycle,3469,4,110.0,,113.1,110.0,1974,2029,0.16,9.537,1.830270212,4152.100625
Natural Gas Fired Combined Cycle,3469,41,54.0,,54.0,69.0,1972,2027,0.16,9.537,1.830270212,4152.100625
Natural Gas Fired Combined Cycle,3469,42,54.0,,54.0,69.0,1972,2027,0.16,9.537,1.830270212,4152.100625
Natural Gas Fired Combined Cycle,3469,43,54.0,,56.7,69.0,1974,2029,0.16,9.537,1.830270212,4152.100625
Natural Gas Fired Combined Cycle,3469,44,54.0,,56.7,69.0,1974,2029,0.16,9.537,1.830270212,4152.100625
Natural Gas Fired Combustion Turbine,3469,51,56.0,,85.0,65.0,1975,2030,0.054,13.937,2.970058035,3795.094032
Natural Gas Fired Combustion Turbine,3469,52,56.0,,85.0,65.0,1975,2030,0.054,13.937,2.970058035,3795.094032
Natural Gas Fired Combustion Turbine,3469,53,56.0,,85.0,65.0,1975,2030,0.054,13.937,2.970058035,3795.094032
Natural Gas Fired Combustion Turbine,3469,54,56.0,,85.0,65.0,1975,2030,0.054,13.937,2.970058035,3795.094032
Natural Gas Fired Combustion Turbine,3469,55,56.0,,85.0,65.0,1975,2030,0.054,13.937,2.970058035,3795.094032
Natural Gas Fired Combustion Turbine,3469,56,56.0,,85.0,65.0,1975,2030,0.054,13.937,2.970058035,3795.094032
Natural Gas Fired Combustion Turbine,3469,GT1,14.0,,16.3,16.0,1967,2022,0.055,13.949,2.970058035,3795.094032
Natural Gas Steam Turbine,3470,1,169.0,,187.8,169.0,1958,2033,0.096,11.452,0.131878475,4345.960941
Natural Gas Steam Turbine,3470,2,169.0,,187.8,169.0,1958,2033,0.115,11.347,0.131878475,4345.960941
Natural Gas Steam Turbine,3470,3,240.0,,299.2,258.0,1961,2036,0.162,11.355,0.131878475,4345.960941
Natural Gas Steam Turbine,3470,4,527.0,,580.5,552.0,1968,2043,0.116,11.023,0.131878475,4345.960941
Conventional Steam Coal,3470,5,664.0,,734.1,664.0,1977,2052,0.555,11.156,0.528130544,11585.37239
Conventional Steam Coal,3470,6,663.0,,734.1,663.0,1978,2053,0.49,11.138,0.528130544,11585.37239
Conventional Steam Coal,3470,7,577.0,,614.6,577.0,1980,2055,0.613,11.16,0.528130544,11585.37239
Conventional Steam Coal,3470,8,610.0,,654.0,610.0,1982,2057,0.437,11.025,0.488276248,11585.37239
Natural Gas Fired Combustion Turbine,3470,GT1,13.0,,16.3,13.0,1967,2022,0.013,19.986,2.740763267,8080.909324
Natural Gas Steam Turbine,3490,1,239.0,,247.7,239.0,1960,2035,0.237,11.686,5.462,13489.0
Natural Gas Steam Turbine,3490,2,390.0,,387.0,390.0,1969,2044,0.191,11.54,2.284,9235.0
Natural Gas Steam Turbine,3491,3,375.0,,404.8,375.0,1963,2038,0.16,13.607,0.131878475,4345.960941
Natural Gas Steam Turbine,3491,4,435.0,,455.0,435.0,1976,2051,0.136,13.642,0.131878475,4345.960941
Natural Gas Steam Turbine,3491,5,435.0,,455.0,435.0,1977,2052,0.125,13.442,0.131878475,4345.960941
Petroleum Liquids,3492,CT1,66.0,,89.4,82.0,1988,2038,0.009,11.896,2.970058035,3795.094032
Petroleum Liquids,3492,CT2,65.0,,89.4,80.0,1988,2038,0.009,11.896,2.970058035,3795.094032
Petroleum Liquids,3492,CT3,65.0,,89.4,80.0,1988,2038,0.009,11.896,2.970058035,3795.094032
Petroleum Liquids,3492,CT4,67.0,,89.4,81.0,1988,2038,0.01,11.892,2.970058035,3795.094032
Petroleum Liquids,3492,CT5,67.0,,89.4,80.0,1988,2038,0.01,11.896,2.970058035,3795.094032
Petroleum Liquids,3492,CT6,67.0,,89.4,82.0,1988,2038,0.01,11.896,2.970058035,3795.094032
Natural Gas Fired Combustion Turbine,3494,CT1,63.0,,89.4,79.0,1988,2043,0.101,13.559,1.485029017,3795.094032
Natural Gas Fired Combustion Turbine,3494,CT2,64.0,,89.4,76.0,1988,2043,0.103,13.555,1.485029017,3795.094032
Natural Gas Fired Combustion Turbine,3494,CT3,64.0,,89.4,78.0,1988,2043,0.102,13.555,1.485029017,3795.094032
Natural Gas Fired Combustion Turbine,3494,CT4,64.0,,89.4,75.0,1990,2045,0.104,13.555,1.485029017,3795.094032
Natural Gas Fired Combustion Turbine,3494,CT5,65.0,,89.4,79.0,1990,2045,0.102,13.555,1.485029017,3795.094032
Petroleum Liquids,3504,D1,2.0,,2.0,2.0,1966,2030,0.0,25.0,2.740763267,8080.909324
Petroleum Liquids,3504,D2,2.0,,2.0,2.0,1966,2030,0.0,25.0,2.740763267,8080.909324
Petroleum Liquids,3504,D3,2.0,,2.0,2.0,1966,2030,0.0,25.0,2.740763267,8080.909324
Petroleum Liquids,3504,D4,2.0,,2.0,2.0,1966,2030,0.0,25.0,2.740763267,8080.909324
Petroleum Liquids,3504,D5,2.0,,2.0,2.0,1966,2030,0.0,25.0,2.740763267,8080.909324
Natural Gas Steam Turbine,3504,ST1,167.0,,176.8,167.0,1958,2033,0.147,13.726,6.007,8600.0
Natural Gas Steam Turbine,3504,ST2,502.0,,526.6,502.0,1965,2040,0.197,12.853,1.512,6810.0
Natural Gas Steam Turbine,3507,6,235.0,,239.3,235.0,1965,2040,0.161,11.63,0.164883224,5433.608873
Petroleum Liquids,3507,D1,2.0,,2.0,2.0,1966,2030,0.0,25.0,5.481526534,8080.909324
Petroleum Liquids,3507,D2,2.0,,2.0,2.0,1966,2030,0.0,25.0,5.481526534,8080.909324
Natural Gas Fired Combustion Turbine,3548,GT1,52.0,,51.5,60.0,1988,2043,0.0,13.645,14.03507055,1121.119057
Natural Gas Fired Combustion Turbine,3548,GT2,52.0,,51.5,60.0,1988,2043,0.0,13.645,14.03507055,1121.119057
Natural Gas Fired Combustion Turbine,3548,GT3,52.0,,51.5,60.0,1988,2043,0.0,13.645,14.03507055,1121.119057
Natural Gas Fired Combustion Turbine,3548,GT4,52.0,,51.5,60.0,1988,2043,0.0,13.645,14.03507055,1121.119057
Natural Gas Fired Combustion Turbine,3559,10,45.0,,61.0,48.0,2004,2059,0.121,11.265,1.370381634,1230.331313
Natural Gas Fired Combined Cycle,3559,6,20.0,,25.0,20.0,1959,2030,0.097,11.265,5.733058547,4342.0804259999995
Natural Gas Fired Combined Cycle,3559,9,42.0,,50.0,52.0,1996,2051,0.097,11.265,5.733058547,4342.0804259999995
Petroleum Liquids,3559,DG-3a,1.0,,1.3,1.0,2001,2051,0.0,12.159,2.740763267,1230.331313
Petroleum Liquids,3559,DG-3b,1.0,,1.3,1.0,2001,2051,0.0,12.159,2.740763267,1230.331313
Petroleum Liquids,3559,DG-4,1.0,,1.3,1.0,2001,2051,0.0,12.159,2.740763267,1230.331313
Petroleum Liquids,3559,DG-6a,1.0,,1.3,1.0,2001,2051,0.0,12.159,2.740763267,1230.331313
Petroleum Liquids,3559,DG-6b,1.0,,1.3,1.0,2001,2051,0.0,12.159,2.740763267,1230.331313
Natural Gas Fired Combustion Turbine,3561,7,21.0,,22.0,21.0,1975,2030,0.021,17.251,2.740763267,8080.909324
Natural Gas Steam Turbine,3576,1,75.0,,75.0,75.0,1967,2030,0.0,12.847,0.164883224,5433.608873
Natural Gas Steam Turbine,3576,2,107.0,,113.4,107.0,1971,2046,0.038,13.235,0.164883224,5433.608873
Natural Gas Steam Turbine,3576,3,138.0,,156.6,138.0,1976,2051,0.041,13.8,0.164883224,5433.608873
Natural Gas Fired Combustion Turbine,3576,4,75.0,,82.7,81.0,2001,2056,0.047,13.093,28.46452204,8080.909324
Run of River Hydroelectric,3581,1,1.4,,1.4,1.4,1927,2027,0.264,,0.0,12755.0
Run of River Hydroelectric,3581,2,1.4,,1.4,1.4,1927,2027,0.264,,0.0,12119.0
Run of River Hydroelectric,3582,1,1.8,,1.8,1.8,1927,2027,0.106,,0.0,11742.0
Run of River Hydroelectric,3582,2,1.8,,1.8,1.8,1927,2027,0.106,,0.0,11391.0
Run of River Hydroelectric,3583,1,2.4,,2.4,2.4,1931,2031,0.214,,0.0,11213.0
Run of River Hydroelectric,3584,1,2.4,,2.4,2.4,1931,2031,0.0,,0.0,11173.0
Run of River Hydroelectric,3585,1,1.2,,1.2,1.2,1927,2027,0.204,,0.0,13734.0
Run of River Hydroelectric,3585,2,1.2,,1.2,1.2,1927,2027,0.204,,0.0,13114.0
Run of River Hydroelectric,3586,1,2.4,,2.4,2.4,1932,2032,0.246,,0.0,11218.0
Run of River Hydroelectric,3594,1,8.2,,9.0,8.2,1940,2040,0.105,,0.0,8186.0
Run of River Hydroelectric,3594,2,8.8,,9.0,8.8,1940,2040,0.105,,0.0,7809.0
Run of River Hydroelectric,3595,1,18.3,,18.3,18.3,1938,2038,0.048,,0.0,6541.0
Run of River Hydroelectric,3595,2,18.3,,18.3,18.3,1938,2038,0.048,,0.0,6515.0
Run of River Hydroelectric,3595,3,18.3,,18.3,18.3,1950,2050,0.048,,0.0,6556.0
Run of River Hydroelectric,3597,1,27.0,,27.0,27.0,1951,2051,0.049,,0.0,6503.0
Run of River Hydroelectric,3597,2,27.0,,27.0,27.0,1951,2051,0.049,,0.0,6449.0
Run of River Hydroelectric,3598,1,13.8,,15.0,13.8,1938,2038,0.093,,0.0,6953.0
Run of River Hydroelectric,3599,1,19.8,,19.8,19.8,1951,2051,0.038,,0.0,6922.0
Run of River Hydroelectric,3599,2,19.8,,19.8,19.8,1951,2051,0.038,,0.0,6800.0
Run of River Hydroelectric,3600,1,36.0,,36.0,36.0,1941,2041,0.069,,0.0,6497.0
Run of River Hydroelectric,3600,2,36.0,,36.0,36.0,1941,2041,0.069,,0.0,6425.0
Run of River Hydroelectric,3600,3,36.0,,36.0,36.0,1941,2041,0.069,,0.0,6420.0
Natural Gas Steam Turbine,3601,1,136.0,,136.0,140.0,1965,2040,0.183,11.686,0.184941495,6094.614856
Natural Gas Steam Turbine,3601,2,136.0,,136.0,140.0,1968,2043,0.232,11.518,0.184941495,6094.614856
Natural Gas Steam Turbine,3601,3,335.0,,351.0,340.0,1972,2047,0.235,10.929,0.184941495,6094.614856
Natural Gas Fired Combustion Turbine,3609,CGT1,46.0,,57.4,46.0,2004,2059,0.139,10.745,1.74861846,1121.119057
Natural Gas Fired Combustion Turbine,3609,CGT2,46.0,,57.4,46.0,2004,2059,0.139,10.745,1.74861846,1121.119057
Natural Gas Fired Combustion Turbine,3609,CGT3,46.0,,57.4,46.0,2004,2059,0.139,10.745,1.74861846,1121.119057
Natural Gas Fired Combustion Turbine,3609,CGT4,46.0,,57.4,46.0,2004,2059,0.139,10.745,1.74861846,1121.119057
Natural Gas Steam Turbine,3611,1,420.0,,446.0,420.0,1972,2027,0.303,11.42,2.229,9669.0
Natural Gas Steam Turbine,3611,2,410.0,,446.0,410.0,1974,2029,0.22,11.654,2.591,7217.0
Natural Gas Steam Turbine,3612,1,217.0,,225.0,217.0,1966,2025,0.174,11.398,7.006,12163.0
Natural Gas Steam Turbine,3612,2,230.0,,252.0,230.0,1968,2025,0.08,11.535,9.105,10945.0
Natural Gas Steam Turbine,3612,3,412.0,,417.0,412.0,1970,2025,0.259,11.472,2.126,9119.0
Natural Gas Fired Combustion Turbine,3612,5,48.0,,61.0,48.0,2010,2065,0.095,10.745,1.74861846,1121.119057
Natural Gas Fired Combustion Turbine,3612,6,48.0,,61.0,48.0,2010,2065,0.095,10.745,1.74861846,1121.119057
Natural Gas Fired Combustion Turbine,3612,7,48.0,,61.0,48.0,2010,2065,0.095,10.745,1.74861846,1121.119057
Natural Gas Fired Combustion Turbine,3612,8,47.0,,61.0,47.0,2010,2065,0.095,10.745,1.74861846,1121.119057
Natural Gas Steam Turbine,3628,1,66.0,,66.0,66.0,1968,2030,0.0,13.797,0.338551939,11156.73732
Natural Gas Steam Turbine,3628,2,118.0,,100.0,118.0,1972,2047,0.176,12.089,0.164883224,5433.608873
Natural Gas Steam Turbine,3628,3,195.0,,200.0,195.0,1975,2050,0.131,12.27,0.164883224,5433.608873
Natural Gas Fired Combustion Turbine,3628,4,104.0,,118.8,118.0,1994,2049,0.038,15.046,1.74861846,1121.119057
Natural Gas Fired Combustion Turbine,3628,5,104.0,,118.8,118.0,1994,2049,0.038,15.046,1.74861846,1121.119057
Natural Gas Internal Combustion Engine,3630,10A,8.4,,8.4,8.4,2010,2065,0.224,10.745,1.74861846,1121.119057
Natural Gas Internal Combustion Engine,3630,11A,8.4,,8.4,8.4,2010,2065,0.224,10.745,1.74861846,1121.119057
Natural Gas Internal Combustion Engine,3630,12A,8.4,,8.4,8.4,2010,2065,0.224,10.745,1.74861846,1121.119057
Natural Gas Internal Combustion Engine,3630,13A,8.4,,8.4,8.4,2010,2065,0.224,10.745,1.74861846,1121.119057
Natural Gas Internal Combustion Engine,3630,14A,8.4,,8.4,8.4,2010,2065,0.224,10.745,1.74861846,1121.119057
Natural Gas Internal Combustion Engine,3630,15A,8.4,,8.4,8.4,2010,2065,0.224,10.745,1.74861846,1121.119057
Natural Gas Internal Combustion Engine,3630,16A,8.4,,8.4,8.4,2010,2065,0.224,10.745,1.74861846,1121.119057
Natural Gas Internal Combustion Engine,3630,17A,8.4,,8.4,8.4,2010,2065,0.224,10.745,1.74861846,1121.119057
Natural Gas Internal Combustion Engine,3630,18A,8.4,,8.4,8.4,2010,2065,0.224,10.745,1.74861846,1121.119057
Natural Gas Internal Combustion Engine,3630,19A,8.4,,8.4,8.4,2010,2065,0.224,10.745,1.74861846,1121.119057
Natural Gas Internal Combustion Engine,3630,1A,8.4,,8.4,8.4,2010,2065,0.224,10.745,1.74861846,1121.119057
Natural Gas Internal Combustion Engine,3630,20A,8.4,,8.4,8.4,2010,2065,0.224,10.745,1.74861846,1121.119057
Natural Gas Internal Combustion Engine,3630,21A,8.4,,8.4,8.4,2010,2065,0.224,10.745,1.74861846,1121.119057
Natural Gas Internal Combustion Engine,3630,22A,8.4,,8.4,8.4,2010,2065,0.224,10.745,1.74861846,1121.119057
Natural Gas Internal Combustion Engine,3630,23A,8.4,,8.4,8.4,2010,2065,0.224,10.745,1.74861846,1121.119057
Natural Gas Internal Combustion Engine,3630,24A,8.4,,8.4,8.4,2010,2065,0.224,10.745,1.74861846,1121.119057
Natural Gas Internal Combustion Engine,3630,2A,8.4,,8.4,8.4,2010,2065,0.224,10.745,1.74861846,1121.119057
Natural Gas Internal Combustion Engine,3630,3A,8.4,,8.4,8.4,2010,2065,0.224,10.745,1.74861846,1121.119057
Natural Gas Internal Combustion Engine,3630,4A,8.4,,8.4,8.4,2010,2065,0.224,10.745,1.74861846,1121.119057
Natural Gas Internal Combustion Engine,3630,5A,8.4,,8.4,8.4,2010,2065,0.224,10.745,1.74861846,1121.119057
Natural Gas Internal Combustion Engine,3630,6A,8.4,,8.4,8.4,2010,2065,0.224,10.745,1.74861846,1121.119057
Natural Gas Internal Combustion Engine,3630,7A,8.4,,8.4,8.4,2010,2065,0.224,10.745,1.74861846,1121.119057
Natural Gas Internal Combustion Engine,3630,8A,8.4,,8.4,8.4,2010,2065,0.224,10.745,1.74861846,1121.119057
Natural Gas Internal Combustion Engine,3630,9A,8.4,,8.4,8.4,2010,2065,0.224,10.745,1.74861846,1121.119057
Natural Gas Fired Combined Cycle,3631,10,37.0,,42.0,37.0,2003,2058,0.155,9.416,2.857,29080.0
Petroleum Liquids,3631,4,0.9,,1.6,0.9,1991,2041,0.018,11.109,2.740763267,8080.909324
Petroleum Liquids,3631,5,0.9,,1.6,0.9,1991,2041,0.018,11.157,2.740763267,8080.909324
Natural Gas Fired Combined Cycle,3631,7,49.0,,49.2,49.0,2003,2058,0.155,9.416,3.516257561,4342.0804259999995
Natural Gas Fired Combined Cycle,3631,8,49.0,,49.2,49.0,2003,2058,0.155,9.416,3.516257561,4342.0804259999995
Natural Gas Fired Combined Cycle,3631,9,48.0,,49.2,48.0,2003,2058,0.155,9.416,3.516257561,4342.0804259999995
Natural Gas Internal Combustion Engine,4195,EP,8.2,,8.4,8.2,2010,2065,0.132,10.745,1.370381634,8080.909324
Natural Gas Internal Combustion Engine,4195,EP2,8.2,,8.4,8.2,2010,2065,0.132,10.745,1.370381634,8080.909324
Natural Gas Internal Combustion Engine,4195,EP3,8.2,,8.4,8.2,2010,2065,0.132,10.745,1.370381634,8080.909324
Natural Gas Steam Turbine,4195,ST1,18.0,,18.8,18.0,1966,2030,0.04,23.362,0.339,11157.0
Petroleum Liquids,4195,ST2,23.0,,25.0,23.0,1967,2030,0.05,25.0,0.338551939,11156.73732
Petroleum Liquids,4195,ST3,41.0,,43.2,41.0,1978,2028,0.051,25.0,0.338551939,11156.73732
Natural Gas Fired Combined Cycle,4937,CT-1,162.12,,178.8145,174.665,2014,2069,0.727,7.05,0.839573492,4152.100625
Natural Gas Fired Combined Cycle,4937,CT-1,5.88,,6.4855,6.335,2014,2069,0.727,7.05,0.839573492,4152.100625
Natural Gas Fired Combined Cycle,4937,CT-2,5.88,,6.4855,6.335,2014,2069,0.727,7.05,0.839573492,4152.100625
Natural Gas Fired Combined Cycle,4937,CT-2,162.12,,178.8145,174.665,2014,2069,0.727,7.05,0.839573492,4152.100625
Natural Gas Fired Combined Cycle,4937,STG,173.7,,196.86,187.21,2014,2069,0.727,7.05,0.839573492,4152.100625
Natural Gas Fired Combined Cycle,4937,STG,6.3,,7.14,6.79,2014,2069,0.727,7.05,0.839573492,4152.100625
Natural Gas Fired Combined Cycle,4939,2,319.0,,351.0,325.0,1976,2031,0.219,7.821,1.830270212,4152.100625
Natural Gas Fired Combined Cycle,4939,3,157.0,,189.6,165.0,2010,2065,0.219,7.821,1.830270212,4152.100625
Natural Gas Fired Combined Cycle,4939,4,157.0,,189.6,165.0,2010,2065,0.219,7.821,1.830270212,4152.100625
Nuclear,6145,1,1205.0,,1215.0,1235.0,1990,2070,0.909,10.456,0.075920371,57845.31086
Nuclear,6145,2,1195.0,,1215.0,1225.0,1993,2073,0.907,10.456,0.07608778,57845.31086
Conventional Steam Coal,6146,1,800.0,,793.2,815.0,1977,2052,0.594,11.395,0.69620849,14270.57927
Conventional Steam Coal,6146,2,805.0,,793.2,820.0,1978,2053,0.565,11.396,0.69620849,14270.57927
Conventional Steam Coal,6146,3,805.0,,793.2,820.0,1979,2054,0.615,11.447,0.69620849,14270.57927
Conventional Steam Coal,6178,1,655.0,,622.4,655.0,1980,2029,0.503,10.661,0.434106855,10328.70191
Conventional Steam Coal,6179,3,435.0,,460.0,440.0,1988,2063,0.735,10.681,0.467123062,10754.0436
Conventional Steam Coal,6180,OG1,855.0,,916.8,855.0,2010,2085,0.832,10.415,0.921768751,25956.4892
Conventional Steam Coal,6180,OG2,855.0,,878.6,855.0,2011,2086,0.84,10.409,0.921768751,25956.4892
Conventional Steam Coal,6183,1,391.0,,410.0,391.0,1982,2057,0.571,13.031,0.617155378,14155.18861
Natural Gas Steam Turbine,6243,1,110.0,,105.0,110.0,1978,2053,0.097,15.06,0.338551939,11156.73732
Natural Gas Fired Combustion Turbine,6243,2,47.1,,49.1,48.1,2004,2059,0.113,10.745,14.23226102,8080.909324
Natural Gas Fired Combustion Turbine,6243,3,47.1,,49.1,48.1,2010,2065,0.113,10.745,14.23226102,8080.909324
Nuclear,6251,1,208.0,,216.688,214.4,1988,2068,0.943,10.456,0.073183051,57845.31086
Nuclear,6251,1,520.0,,541.72,536.0,1988,2068,0.943,10.456,0.073183051,57845.31086
Nuclear,6251,1,572.0,,595.892,589.6,1988,2068,0.943,10.456,0.073183051,57845.31086
Nuclear,6251,2,204.8,,216.688,211.2,1989,2069,0.956,10.456,0.072187884,57845.31086
Nuclear,6251,2,512.0,,541.72,528.0,1989,2069,0.956,10.456,0.072187884,57845.31086
Nuclear,6251,2,563.2,,595.892,580.8,1989,2069,0.956,10.456,0.072187884,57845.31086
Run of River Hydroelectric,6410,1,10.5,,10.5,10.5,1954,2054,0.153,,0.0,9014.0
Run of River Hydroelectric,6410,2,10.0,,10.5,10.0,1954,2054,0.153,,0.0,8659.0
Run of River Hydroelectric,6410,3,10.0,,10.5,10.0,1954,2054,0.153,,0.0,8659.0
Conventional Hydroelectric,6414,1,21.0,,20.9,21.0,1953,2053,0.095,,0.0,8106.0
Conventional Hydroelectric,6414,2,21.0,,20.9,21.0,1953,2053,0.095,,0.0,7700.0
Conventional Hydroelectric,6416,1,50.0,,53.5,50.0,1945,2045,0.219,,0.0,7525.0
Conventional Hydroelectric,6416,2,50.0,,50.8,50.0,1949,2049,0.217,,0.0,7920.0
Batteries,67740,AES,240.0,696.0,240.0,240.0,2025,2040,0.85,,0.0,12544.0
Conventional Steam Coal,7030,1,152.0,,174.6,153.0,1990,2065,0.877,11.846,0.493724303,14155.18861
Conventional Steam Coal,7030,2,153.0,,174.6,154.0,1991,2066,0.898,11.766,0.493724303,14155.18861
Conventional Steam Coal,7097,1,560.0,,566.0,560.0,1992,2028,0.479,10.146,0.522375248,10328.70191
Conventional Steam Coal,7097,2,785.0,,922.5,785.0,2010,2085,0.567,10.045,0.522375248,10328.70191
Natural Gas Fired Combustion Turbine,7325,1,80.0,,88.2,87.0,1995,2050,0.49,13.347,7.017535275,10539.91632
Natural Gas Fired Combustion Turbine,7325,2,80.0,,88.2,87.0,1995,2050,0.49,13.347,7.017535275,10539.91632
Batteries,65588,ANTLA,70.0,203.0,70.0,70.0,2024,2039,0.85,,0.0,12544.0
Natural Gas Fired Combined Cycle,7512,1,164.0,,187.5,176.0,2000,2055,0.638,7.05,4.178350135,2302.3782220000003
Natural Gas Fired Combined Cycle,7512,2,164.0,,187.5,176.0,2000,2055,0.638,7.05,4.178350135,2302.3782220000003
Natural Gas Fired Combined Cycle,7512,3,190.0,,200.0,197.0,2000,2055,0.638,7.05,4.178350135,2302.3782220000003
Natural Gas Fired Combined Cycle,7900,5A,161.0,,198.0,180.0,2004,2059,0.432,8.022,0.666387202,8987.410604
Natural Gas Fired Combined Cycle,7900,5C,151.0,,190.0,164.0,2004,2059,0.432,8.022,0.666387202,8987.410604
Natural Gas Fired Combustion Turbine,7900,SH1,47.3,,51.4,47.3,2001,2056,0.202,10.745,0.473571606,1121.119057
Natural Gas Fired Combustion Turbine,7900,SH2,47.3,,51.4,47.3,2001,2056,0.202,10.745,0.473571606,1121.119057
Natural Gas Fired Combustion Turbine,7900,SH3,47.3,,51.4,47.3,2001,2056,0.202,10.745,0.473571606,1121.119057
Natural Gas Fired Combustion Turbine,7900,SH4,47.3,,51.4,47.3,2001,2056,0.202,10.745,0.473571606,1121.119057
Natural Gas Fired Combustion Turbine,7900,SH6,47.3,,51.4,47.3,2010,2065,0.202,10.745,0.473571606,1121.119057
Natural Gas Fired Combustion Turbine,7900,SH7,47.3,,51.4,47.3,2010,2065,0.202,10.745,0.473571606,1121.119057
Natural Gas Fired Combustion Turbine,8063,CT1,69.0,,89.4,88.0,1990,2045,0.022,14.077,14.03507055,10539.91632
Natural Gas Fired Combustion Turbine,8063,CT2,68.0,,89.4,87.0,1990,2045,0.022,14.078,14.03507055,10539.91632
Natural Gas Fired Combustion Turbine,8063,CT3,68.0,,89.4,86.0,1990,2045,0.022,14.078,14.03507055,10539.91632
Natural Gas Fired Combustion Turbine,8063,CT4,69.0,,89.4,86.0,1990,2045,0.022,14.077,14.03507055,10539.91632
Natural Gas Fired Combined Cycle,50109,GEN1,76.0,,87.8,87.0,1989,2044,0.259,8.978,3.516257561,4342.0804259999995
Natural Gas Fired Combined Cycle,50109,GEN2,76.0,,87.8,87.0,1989,2044,0.259,8.978,3.516257561,4342.0804259999995
Natural Gas Fired Combined Cycle,50109,GEN3,87.0,,90.0,89.0,1989,2044,0.259,8.978,5.733058547,4342.0804259999995
Natural Gas Fired Combined Cycle,50127,GTA,19.7,,20.0,19.7,1987,2042,0.01,14.535,5.733058547,4342.0804259999995
Natural Gas Fired Combined Cycle,50127,GTB,19.7,,20.0,19.7,1987,2042,0.01,14.535,5.733058547,4342.0804259999995
Natural Gas Fired Combined Cycle,50127,GTC,19.7,,20.0,19.7,1987,2042,0.01,14.535,5.733058547,4342.0804259999995
Natural Gas Fired Combined Cycle,50127,STD,17.0,,20.0,16.0,1987,2042,0.01,9.505,5.733058547,4342.0804259999995
Natural Gas Fired Combustion Turbine,50137,GEN1,69.0,,101.9,84.0,1984,2039,0.049,15.648,28.46452204,8080.909324
Natural Gas Fired Combined Cycle,50815,GEN1,61.1,,84.9,58.2,1985,2040,0.899,11.284,1.062345894,4152.100625
Natural Gas Fired Combined Cycle,50815,GEN2,62.6,,84.9,59.1,1985,2040,0.899,11.284,1.062345894,4152.100625
Natural Gas Fired Combined Cycle,50815,GEN3,64.0,,84.9,62.6,1985,2040,0.899,11.284,1.062345894,4152.100625
Natural Gas Fired Combined Cycle,50815,GEN4,65.0,,84.9,62.4,1986,2041,0.899,11.284,1.062345894,4152.100625
Natural Gas Fired Combined Cycle,50815,GEN5,63.8,,84.9,62.2,1986,2041,0.899,11.284,1.062345894,4152.100625
Natural Gas Fired Combined Cycle,50815,GEN6,93.5,,129.2,72.9,1986,2041,0.899,11.284,1.062345894,4152.100625
Natural Gas Fired Combined Cycle,50815,GEN7,63.1,,89.9,66.0,1995,2050,0.899,11.284,1.062345894,4152.100625
Natural Gas Fired Combined Cycle,52088,GEN1,142.0,,141.0,141.0,1987,2042,0.551,12.205,3.516257561,8987.410604
Natural Gas Fired Combined Cycle,52088,GEN2,92.0,,103.0,98.0,1987,2042,0.551,12.205,3.516257561,8987.410604
Natural Gas Fired Combined Cycle,52088,GEN3,92.0,,103.0,98.0,1987,2042,0.551,12.205,3.516257561,8987.410604
Natural Gas Fired Combined Cycle,52088,GEN4,92.0,,103.0,98.0,1987,2042,0.551,12.205,3.516257561,8987.410604
Natural Gas Fired Combined Cycle,52176,GEN1,71.0,,77.5,71.0,1987,2042,0.054,9.548,3.516257561,4342.0804259999995
Natural Gas Fired Combined Cycle,52176,GEN2,71.0,,77.5,71.0,1987,2042,0.054,9.548,3.516257561,4342.0804259999995
Natural Gas Fired Combined Cycle,52176,GEN3,70.0,,75.0,70.0,1988,2043,0.054,9.548,3.516257561,4342.0804259999995
Natural Gas Fired Combined Cycle,54676,G81,36.5,,49.5,45.0,1994,2049,0.758,9.541,1.817858414,8987.410604
Natural Gas Fired Combined Cycle,54676,G81,36.5,,49.5,45.0,1994,2049,0.758,9.541,1.817858414,8987.410604
Natural Gas Fired Combined Cycle,54676,G82,36.5,,49.5,45.0,1994,2049,0.758,9.541,1.817858414,8987.410604
Natural Gas Fired Combined Cycle,54676,G82,36.5,,49.5,45.0,1994,2049,0.758,9.541,1.817858414,8987.410604
Natural Gas Fired Combined Cycle,54676,G83,36.5,,49.5,45.0,1994,2049,0.758,9.541,1.817858414,8987.410604
Natural Gas Fired Combined Cycle,54676,G83,36.5,,49.5,45.0,1994,2049,0.758,9.541,1.817858414,8987.410604
Natural Gas Fired Combined Cycle,54676,G84,80.0,,100.45,80.0,1994,2049,0.758,9.541,1.817858414,8987.410604
Natural Gas Fired Combined Cycle,54676,G84,80.0,,100.45,80.0,1994,2049,0.758,9.541,1.817858414,8987.410604
Natural Gas Fired Combined Cycle,54817,GT-1,163.0,,178.2,174.0,1996,2051,0.389,8.035,3.516257561,4342.0804259999995
Natural Gas Fired Combined Cycle,54817,ST-1,104.0,,104.4,104.0,1996,2051,0.389,8.035,3.516257561,4342.0804259999995
Onshore Wind Turbine,54979,WIND,34.3,,34.3,34.3,1998,2028,0.217,,0.0,25819.0
Natural Gas Fired Combustion Turbine,55015,GEN1,109.0,,143.0,126.0,1997,2052,0.561,16.345,1.485029017,1229.357899
Natural Gas Fired Combustion Turbine,55015,GEN2,109.0,,143.0,126.0,1997,2052,0.561,16.345,1.485029017,1229.357899
Natural Gas Fired Combustion Turbine,55015,GEN3,109.0,,143.0,126.0,1997,2052,0.561,16.345,1.485029017,1229.357899
Natural Gas Fired Combustion Turbine,55015,GEN4,109.0,,143.0,126.0,2000,2055,0.561,16.345,1.485029017,1229.357899
Natural Gas Fired Combined Cycle,55047,CTG1,167.0,,175.0,175.0,1998,2053,0.7,7.633,1.058834007,4152.100625
Natural Gas Fired Combined Cycle,55047,CTG2,171.0,,185.0,180.0,2000,2055,0.7,7.633,1.058834007,4152.100625
Natural Gas Fired Combined Cycle,55047,CTG3,171.0,,185.0,180.0,2000,2055,0.7,7.633,1.058834007,4152.100625
Natural Gas Fired Combined Cycle,55047,STG1,71.0,,85.0,72.0,1998,2053,0.7,7.633,1.058834007,4152.100625
Natural Gas Fired Combined Cycle,55047,STG2,166.0,,185.0,169.0,2000,2055,0.7,7.633,1.058834007,4152.100625
Natural Gas Fired Combined Cycle,55062,GTG1,0.775,,0.916,0.885,2000,2055,0.48,7.214,0.607152784,8987.410604
Natural Gas Fired Combined Cycle,55062,GTG1,115.165,,136.1176,131.511,2000,2055,0.48,7.214,0.607152784,8987.410604
Natural Gas Fired Combined Cycle,55062,GTG1,0.465,,0.5496,0.531,2000,2055,0.48,7.214,0.607152784,8987.410604
Natural Gas Fired Combined Cycle,55062,GTG1,0.465,,0.5496,0.531,2000,2055,0.48,7.214,0.607152784,8987.410604
Natural Gas Fired Combined Cycle,55062,GTG1,38.44,,45.4336,43.896,2000,2055,0.48,7.214,0.607152784,8987.410604
Natural Gas Fired Combined Cycle,55062,GTG2,0.465,,0.5496,0.531,2000,2055,0.48,7.214,0.607152784,8987.410604
Natural Gas Fired Combined Cycle,55062,GTG2,38.44,,45.4336,43.896,2000,2055,0.48,7.214,0.607152784,8987.410604
Natural Gas Fired Combined Cycle,55062,GTG2,0.465,,0.5496,0.531,2000,2055,0.48,7.214,0.607152784,8987.410604
Natural Gas Fired Combined Cycle,55062,GTG2,115.165,,136.1176,131.511,2000,2055,0.48,7.214,0.607152784,8987.410604
Natural Gas Fired Combined Cycle,55062,GTG2,0.775,,0.916,0.885,2000,2055,0.48,7.214,0.607152784,8987.410604
Natural Gas Fired Combined Cycle,55062,GTG3,0.775,,0.916,0.885,2000,2055,0.48,7.214,0.607152784,8987.410604
Natural Gas Fired Combined Cycle,55062,GTG3,38.44,,45.4336,43.896,2000,2055,0.48,7.214,0.607152784,8987.410604
Natural Gas Fired Combined Cycle,55062,GTG3,115.165,,136.1176,131.511,2000,2055,0.48,7.214,0.607152784,8987.410604
Natural Gas Fired Combined Cycle,55062,GTG3,0.465,,0.5496,0.531,2000,2055,0.48,7.214,0.607152784,8987.410604
Natural Gas Fired Combined Cycle,55062,GTG3,0.465,,0.5496,0.531,2000,2055,0.48,7.214,0.607152784,8987.410604
Natural Gas Fired Combined Cycle,55062,STG1,1.185,,1.1703,1.185,2000,2055,0.48,7.214,0.607152784,8987.410604
Natural Gas Fired Combined Cycle,55062,STG1,1.185,,1.1703,1.185,2000,2055,0.48,7.214,0.607152784,8987.410604
Natural Gas Fired Combined Cycle,55062,STG1,293.485,,289.8443,293.485,2000,2055,0.48,7.214,0.607152784,8987.410604
Natural Gas Fired Combined Cycle,55062,STG1,1.975,,1.9505,1.975,2000,2055,0.48,7.214,0.607152784,8987.410604
Natural Gas Fired Combined Cycle,55062,STG1,97.96,,96.7448,97.96,2000,2055,0.48,7.214,0.607152784,8987.410604
Natural Gas Fired Combined Cycle,55086,GT1A,141.0,,184.9,162.0,2000,2055,0.165,9.096,3.516257561,8987.410604
Natural Gas Fired Combined Cycle,55086,GT1B,140.0,,184.9,162.0,2000,2055,0.165,9.096,3.516257561,8987.410604
Natural Gas Fired Combined Cycle,55086,STG,85.0,,100.0,87.0,2000,2055,0.165,9.096,3.516257561,8987.410604
Natural Gas Fired Combined Cycle,55091,STK1,270.0,,289.0,285.0,2000,2055,0.341,7.644,0.721505939,11973.82131
Natural Gas Fired Combined Cycle,55091,STK2,270.0,,289.0,285.0,2000,2055,0.37,7.622,0.721505939,11973.82131
Natural Gas Fired Combined Cycle,55091,STK3,270.0,,289.0,285.0,2000,2055,0.33,7.624,0.721505939,11973.82131
Natural Gas Fired Combined Cycle,55091,STK4,270.0,,289.0,285.0,2000,2055,0.302,7.622,0.721505939,11973.82131
Natural Gas Fired Combined Cycle,55091,STK5,270.0,,289.0,285.0,2001,2056,0.369,7.619,0.721505939,11973.82131
Natural Gas Fired Combined Cycle,55091,STK6,270.0,,289.0,285.0,2001,2056,0.39,7.609,0.721505939,11973.82131
Natural Gas Fired Combined Cycle,55097,CTG1,153.0,,176.0,186.0,2000,2055,0.664,7.123,1.054529415,2738.8691660000004
Natural Gas Fired Combined Cycle,55097,CTG2,145.0,,176.0,178.0,2000,2055,0.664,7.123,1.054529415,2738.8691660000004
Natural Gas Fired Combined Cycle,55097,CTG3,145.0,,176.0,178.0,2000,2055,0.664,7.123,1.054529415,2738.8691660000004
Natural Gas Fired Combined Cycle,55097,CTG4,153.0,,176.0,186.0,2000,2055,0.664,7.123,1.054529415,2738.8691660000004
Natural Gas Fired Combined Cycle,55097,STG1,204.0,,204.3,204.0,2000,2055,0.664,7.123,1.054529415,2738.8691660000004
Natural Gas Fired Combined Cycle,55097,STG2,204.0,,204.3,204.0,2000,2055,0.664,7.123,1.054529415,2738.8691660000004
Natural Gas Fired Combined Cycle,55098,GEN1,177.0,,172.0,185.0,1999,2054,0.224,7.347,1.016816785,4152.100625
Natural Gas Fired Combined Cycle,55098,GEN2,177.0,,172.0,185.0,1999,2054,0.224,7.347,1.016816785,4152.100625
Natural Gas Fired Combined Cycle,55098,GEN3,181.0,,185.0,189.0,2000,2055,0.224,7.347,1.016816785,4152.100625
Natural Gas Fired Combined Cycle,55123,CTG1,215.0,,267.0,227.0,2002,2057,0.46,7.387,3.979381081,2302.3782220000003
Natural Gas Fired Combined Cycle,55123,CTG2,215.0,,267.0,227.0,2002,2057,0.46,7.387,3.979381081,2302.3782220000003
Natural Gas Fired Combined Cycle,55123,STG,237.0,,267.0,243.0,2002,2057,0.46,7.387,3.979381081,2302.3782220000003
Natural Gas Fired Combined Cycle,55132,GTG1,93.258,,108.8208,106.326,2001,2056,0.477,7.443,0.57885329,8987.410604
Natural Gas Fired Combined Cycle,55132,GTG1,1.256,,1.4656,1.432,2001,2056,0.477,7.443,0.57885329,8987.410604
Natural Gas Fired Combined Cycle,55132,GTG1,0.314,,0.3664,0.358,2001,2056,0.477,7.443,0.57885329,8987.410604
Natural Gas Fired Combined Cycle,55132,GTG1,62.172,,72.5472,70.884,2001,2056,0.477,7.443,0.57885329,8987.410604
Natural Gas Fired Combined Cycle,55132,GTG2,1.2,,1.4656,1.424,2001,2056,0.477,7.443,0.57885329,8987.410604
Natural Gas Fired Combined Cycle,55132,GTG2,89.1,,108.8208,105.732,2001,2056,0.477,7.443,0.57885329,8987.410604
Natural Gas Fired Combined Cycle,55132,GTG2,0.3,,0.3664,0.356,2001,2056,0.477,7.443,0.57885329,8987.410604
Natural Gas Fired Combined Cycle,55132,GTG2,59.4,,72.5472,70.488,2001,2056,0.477,7.443,0.57885329,8987.410604
Natural Gas Fired Combined Cycle,55132,GTG3,81.972,,108.8208,96.228,2001,2056,0.477,7.443,0.57885329,8987.410604
Natural Gas Fired Combined Cycle,55132,GTG3,0.276,,0.3664,0.324,2001,2056,0.477,7.443,0.57885329,8987.410604
Natural Gas Fired Combined Cycle,55132,GTG3,1.104,,1.4656,1.296,2001,2056,0.477,7.443,0.57885329,8987.410604
Natural Gas Fired Combined Cycle,55132,GTG3,54.648,,72.5472,64.152,2001,2056,0.477,7.443,0.57885329,8987.410604
Natural Gas Fired Combined Cycle,55132,STG1,0.762,,0.78,0.804,2001,2056,0.477,7.443,0.57885329,8987.410604
Natural Gas Fired Combined Cycle,55132,STG1,150.876,,154.44,159.192,2001,2056,0.477,7.443,0.57885329,8987.410604
Natural Gas Fired Combined Cycle,55132,STG1,226.314,,231.66,238.788,2001,2056,0.477,7.443,0.57885329,8987.410604
Natural Gas Fired Combined Cycle,55132,STG1,3.048,,3.12,3.216,2001,2056,0.477,7.443,0.57885329,8987.410604
Natural Gas Fired Combined Cycle,55137,CTG1,165.5,,189.0,196.0,2002,2057,0.576,7.21,5.351581453,9967.508746
Natural Gas Fired Combined Cycle,55137,CTG2,158.0,,189.0,193.0,2002,2057,0.576,7.21,5.351581453,9967.508746
Natural Gas Fired Combined Cycle,55137,CTG3,165.5,,189.0,196.0,2002,2057,0.576,7.21,5.351581453,9967.508746
Natural Gas Fired Combined Cycle,55137,STG1,303.0,,373.2,319.0,2002,2057,0.576,7.21,5.351581453,9967.508746
Natural Gas Fired Combined Cycle,55139,CTG1,245.0,,243.9,255.0,2003,2058,0.363,7.343,4.613040488,2302.3782220000003
Natural Gas Fired Combined Cycle,55139,CTG2,240.0,,243.9,247.0,2003,2058,0.363,7.343,4.613040488,2302.3782220000003
Natural Gas Fired Combined Cycle,55139,ST,271.0,,300.6,273.0,2003,2058,0.363,7.343,4.613040488,2302.3782220000003
Natural Gas Fired Combined Cycle,55144,U1,228.0,,241.7,257.0,2002,2057,0.354,7.695,5.328613292,9967.508746
Natural Gas Fired Combined Cycle,55144,U2,229.0,,241.7,258.0,2002,2057,0.395,7.688,5.328613292,9967.508746
Natural Gas Fired Combined Cycle,55144,U3,228.0,,252.8,260.0,2002,2057,0.39,7.71,5.328613292,9967.508746
Natural Gas Fired Combined Cycle,55144,U4,231.0,,252.8,261.0,2002,2057,0.452,7.717,5.328613292,9967.508746
Natural Gas Fired Combined Cycle,55153,CTG1,153.0,,171.1,161.0,2000,2055,0.653,7.05,4.068805374,9967.508746
Natural Gas Fired Combined Cycle,55153,CTG2,153.0,,171.1,161.0,2000,2055,0.653,7.05,4.068805374,9967.508746
Natural Gas Fired Combined Cycle,55153,CTG3,153.0,,171.1,160.0,2000,2055,0.653,7.05,4.068805374,9967.508746
Natural Gas Fired Combined Cycle,55153,CTG4,153.0,,171.1,160.0,2000,2055,0.653,7.05,4.068805374,9967.508746
Natural Gas Fired Combustion Turbine,55153,CTGP1,160.0,,160.0,160.0,2025,2080,0.924,9.142,0.53,2960.0
Natural Gas Fired Combustion Turbine,55153,CTGP2,160.0,,160.0,160.0,2025,2080,0.924,9.142,0.53,2960.0
Natural Gas Fired Combined Cycle,55153,STG1,196.0,,201.9,200.0,2000,2055,0.653,7.05,4.068805374,9967.508746
Natural Gas Fired Combined Cycle,55153,STG2,197.0,,201.9,200.0,2000,2055,0.653,7.05,4.068805374,9967.508746
Natural Gas Fired Combined Cycle,55154,CTA,84.5,,101.25,89.0,2001,2056,0.601,7.255,1.048436292,4152.100625
Natural Gas Fired Combined Cycle,55154,CTA,84.5,,101.25,89.0,2001,2056,0.601,7.255,1.048436292,4152.100625
Natural Gas Fired Combined Cycle,55154,CTB,84.5,,101.25,89.0,2001,2056,0.601,7.255,1.048436292,4152.100625
Natural Gas Fired Combined Cycle,55154,CTB,84.5,,101.25,89.0,2001,2056,0.601,7.255,1.048436292,4152.100625
Natural Gas Fired Combined Cycle,55154,ST,86.0,,102.0,92.0,2001,2056,0.601,7.255,1.048436292,4152.100625
Natural Gas Fired Combined Cycle,55154,ST,86.0,,102.0,92.0,2001,2056,0.601,7.255,1.048436292,4152.100625
Natural Gas Fired Combined Cycle,55168,1,171.0,,188.2,188.0,2002,2057,0.515,7.842,3.682613678,2302.3782220000003
Natural Gas Fired Combined Cycle,55168,2,171.0,,188.2,188.0,2002,2057,0.515,7.842,3.682613678,2302.3782220000003
Natural Gas Fired Combined Cycle,55168,3,233.0,,242.3,234.0,2002,2057,0.515,7.842,3.682613678,2302.3782220000003
Natural Gas Fired Combined Cycle,55172,GT-1,158.0,,154.0,167.0,2000,2055,0.643,7.05,1.029894814,4152.100625
Natural Gas Fired Combined Cycle,55172,GT-2,158.0,,154.0,167.0,2000,2055,0.643,7.05,1.029894814,4152.100625
Natural Gas Fired Combined Cycle,55172,GT-3,157.0,,154.0,166.0,2001,2056,0.643,7.05,1.029894814,4152.100625
Natural Gas Fired Combined Cycle,55172,ST-4,82.0,,95.0,84.0,2001,2056,0.643,7.05,1.029894814,4152.100625
Natural Gas Fired Combined Cycle,55172,ST-5,208.0,,250.0,217.0,2010,2065,0.643,7.05,1.029894814,4152.100625
Natural Gas Fired Combined Cycle,55187,GT1,159.0,,192.1,182.0,2002,2057,0.698,10.73,0.364286256,4152.100625
Natural Gas Fired Combined Cycle,55187,GT2,154.0,,192.1,177.0,2002,2057,0.698,10.73,0.364286256,4152.100625
Natural Gas Fired Combined Cycle,55187,GT3,157.0,,192.1,178.0,2002,2057,0.698,10.73,0.364286256,4152.100625
Natural Gas Fired Combined Cycle,55187,GT4,156.0,,192.1,178.0,2001,2056,0.698,10.73,0.364286256,4152.100625
Natural Gas Fired Combined Cycle,55187,ST1,124.0,,149.9,128.0,2002,2057,0.698,10.73,0.364286256,4152.100625
Natural Gas Fired Combined Cycle,55206,CT1,173.0,,198.9,179.0,2002,2057,0.568,9.758,0.533630377,8987.410604
Natural Gas Fired Combined Cycle,55206,CT2,173.0,,198.9,179.0,2002,2057,0.568,9.758,0.533630377,8987.410604
Natural Gas Fired Combined Cycle,55206,ST1,160.0,,195.5,160.0,2002,2057,0.568,9.758,0.533630377,8987.410604
Natural Gas Fired Combined Cycle,55215,CTG1,166.7,,176.0,195.2,2001,2056,0.642,7.05,4.130688346,9967.508746
Natural Gas Fired Combined Cycle,55215,CTG2,158.2,,176.0,189.1,2001,2056,0.642,7.05,4.130688346,9967.508746
Natural Gas Fired Combined Cycle,55215,CTG3,166.7,,176.0,195.2,2001,2056,0.642,7.05,4.130688346,9967.508746
Natural Gas Fired Combined Cycle,55215,CTG4,158.2,,176.0,189.1,2001,2056,0.642,7.05,4.130688346,9967.508746
Natural Gas Fired Combined Cycle,55215,STG1,206.0,,224.4,217.0,2001,2056,0.642,7.05,4.130688346,9967.508746
Natural Gas Fired Combined Cycle,55215,STG2,206.0,,224.4,217.0,2001,2056,0.642,7.05,4.130688346,9967.508746
Natural Gas Fired Combined Cycle,55223,GT1,245.1,,285.0,267.9,2002,2057,0.375,7.241,0.597852851,8987.410604
Natural Gas Fired Combined Cycle,55223,ST1,114.4,,133.0,125.0,2002,2057,0.375,7.241,0.597852851,8987.410604
Natural Gas Fired Combined Cycle,55226,GT1,125.25,,125.025,134.25,2002,2057,0.778,7.089,3.759069325,9967.508746
Natural Gas Fired Combined Cycle,55226,GT1,41.75,,41.675,44.75,2002,2057,0.778,7.089,3.759069325,9967.508746
Natural Gas Fired Combined Cycle,55226,GT2,125.25,,125.025,134.25,2002,2057,0.778,7.089,3.759069325,9967.508746
Natural Gas Fired Combined Cycle,55226,GT2,41.75,,41.675,44.75,2002,2057,0.778,7.089,3.759069325,9967.508746
Natural Gas Fired Combined Cycle,55226,GT3,125.25,,125.025,134.25,2002,2057,0.778,7.089,3.759069325,9967.508746
Natural Gas Fired Combined Cycle,55226,GT3,41.75,,41.675,44.75,2002,2057,0.778,7.089,3.759069325,9967.508746
Natural Gas Fired Combined Cycle,55226,GT4,125.25,,125.025,134.25,2002,2057,0.778,7.089,3.759069325,9967.508746
Natural Gas Fired Combined Cycle,55226,GT4,41.75,,41.675,44.75,2002,2057,0.778,7.089,3.759069325,9967.508746
Natural Gas Fired Combined Cycle,55226,ST3,136.5,,138.45,142.2,2002,2057,0.778,7.089,3.759069325,9967.508746
Natural Gas Fired Combined Cycle,55226,ST3,45.5,,46.15,47.4,2002,2057,0.778,7.089,3.759069325,9967.508746
Natural Gas Fired Combined Cycle,55226,ST6,136.5,,138.45,142.2,2002,2057,0.778,7.089,3.759069325,9967.508746
Natural Gas Fired Combined Cycle,55226,ST6,45.5,,46.15,47.4,2002,2057,0.778,7.089,3.759069325,9967.508746
Natural Gas Fired Combined Cycle,55230,CT1,165.0,,170.0,170.0,2006,2061,0.412,7.33,0.611547832,11973.82131
Natural Gas Fired Combined Cycle,55230,CT2,165.0,,170.0,170.0,2006,2061,0.412,7.33,0.611547832,11973.82131
Natural Gas Fired Combined Cycle,55230,CT3,165.0,,170.0,170.0,2011,2066,0.412,7.33,0.611547832,11973.82131
Natural Gas Fired Combined Cycle,55230,CT4,165.0,,170.0,170.0,2011,2066,0.412,7.33,0.611547832,11973.82131
Natural Gas Fired Combined Cycle,55230,ST1,290.5,,300.0,300.0,2006,2061,0.412,7.33,0.611547832,11973.82131
Natural Gas Fired Combined Cycle,55230,ST2,290.5,,300.0,300.0,2011,2066,0.412,7.33,0.611547832,11973.82131
Natural Gas Fired Combined Cycle,55299,CTG1,173.0,,215.0,183.0,2001,2056,0.577,10.079,0.411004786,4152.100625
Natural Gas Fired Combined Cycle,55299,CTG2,173.0,,215.0,183.0,2002,2057,0.577,10.079,0.411004786,4152.100625
Natural Gas Fired Combined Cycle,55299,CTG3,173.0,,208.8,183.0,2014,2069,0.577,10.079,0.411004786,4152.100625
Natural Gas Fired Combined Cycle,55299,ST-1,241.0,,285.0,241.0,2002,2057,0.577,10.079,0.411004786,4152.100625
Natural Gas Fired Combined Cycle,55320,GT1,245.0,,261.0,261.0,2004,2059,0.427,7.202,4.354192525,2302.3782220000003
Natural Gas Fired Combined Cycle,55320,GT2,245.0,,261.0,261.0,2004,2059,0.427,7.202,4.354192525,2302.3782220000003
Natural Gas Fired Combined Cycle,55320,ST1,245.0,,299.7,260.0,2004,2059,0.427,7.202,4.354192525,2302.3782220000003
Natural Gas Fired Combined Cycle,55357,CTG1,167.0,,200.0,161.0,2003,2058,0.624,7.5,3.900793662,2302.3782220000003
Natural Gas Fired Combined Cycle,55357,CTG2,167.0,,200.0,161.0,2003,2058,0.624,7.5,3.900793662,2302.3782220000003
Natural Gas Fired Combined Cycle,55357,STG1,204.0,,275.6,228.0,2003,2058,0.624,7.5,3.900793662,2302.3782220000003
Natural Gas Fired Combustion Turbine,55365,GT1,36.0,,59.0,38.0,2001,2056,0.139,12.567,1.74861846,1121.119057
Natural Gas Fired Combustion Turbine,55365,GT2,36.0,,59.0,38.0,2001,2056,0.139,12.567,1.74861846,1121.119057
Natural Gas Fired Combustion Turbine,55365,GT3,36.0,,59.0,38.0,2001,2056,0.139,12.567,1.74861846,1121.119057
Natural Gas Fired Combustion Turbine,55365,GT4,36.0,,59.0,38.0,2001,2056,0.139,12.567,1.74861846,1121.119057
Natural Gas Fired Combined Cycle,55464,CTG1,182.0,,180.0,191.0,2003,2058,0.646,10.461,0.973898231,2738.8691660000004
Natural Gas Fired Combined Cycle,55464,CTG2,182.0,,180.0,191.0,2003,2058,0.646,10.461,0.973898231,2738.8691660000004
Natural Gas Fired Combined Cycle,55464,CTG3,182.0,,180.0,191.0,2004,2059,0.646,10.461,0.973898231,2738.8691660000004
Natural Gas Fired Combined Cycle,55464,CTG4,182.0,,180.0,191.0,2004,2059,0.646,10.461,0.973898231,2738.8691660000004
Natural Gas Fired Combined Cycle,55464,CTG6,182.0,,180.0,191.0,2014,2069,0.646,10.461,0.973898231,2738.8691660000004
Natural Gas Fired Combined Cycle,55464,STG1,282.0,,276.0,282.0,2004,2059,0.646,10.461,0.973898231,2738.8691660000004
Natural Gas Fired Combined Cycle,55480,ST1,406.0,,382.5,418.0,2003,2058,0.606,7.307,2.789289935,2738.8691660000004
Natural Gas Fired Combined Cycle,55480,ST2,406.0,,382.5,418.0,2003,2058,0.606,7.307,2.789289935,2738.8691660000004
Natural Gas Fired Combined Cycle,55480,U1,165.0,,188.2,195.0,2003,2058,0.606,7.307,2.789289935,2738.8691660000004
Natural Gas Fired Combined Cycle,55480,U2,157.0,,188.2,185.0,2003,2058,0.606,7.307,2.789289935,2738.8691660000004
Natural Gas Fired Combined Cycle,55480,U3,157.0,,188.2,185.0,2003,2058,0.606,7.307,2.789289935,2738.8691660000004
Natural Gas Fired Combined Cycle,55480,U4,165.0,,188.2,195.0,2003,2058,0.606,7.307,2.789289935,2738.8691660000004
Natural Gas Fired Combined Cycle,55480,U5,157.0,,188.2,185.0,2003,2058,0.606,7.307,2.789289935,2738.8691660000004
Natural Gas Fired Combined Cycle,55480,U6,157.0,,188.2,185.0,2003,2058,0.606,7.307,2.789289935,2738.8691660000004
Natural Gas Fired Combined Cycle,55545,CTG1,125.61,,139.514,140.62,2000,2055,0.597,7.493,0.505960653,8987.410604
Natural Gas Fired Combined Cycle,55545,CTG1,33.39,,37.086,37.38,2000,2055,0.597,7.493,0.505960653,8987.410604
Natural Gas Fired Combined Cycle,55545,CTG2,125.61,,139.514,140.62,2000,2055,0.597,7.493,0.505960653,8987.410604
Natural Gas Fired Combined Cycle,55545,CTG2,33.39,,37.086,37.38,2000,2055,0.597,7.493,0.505960653,8987.410604
Natural Gas Fired Combined Cycle,55545,STG1,139.83,,156.499,147.73,2000,2055,0.597,7.493,0.505960653,8987.410604
Natural Gas Fired Combined Cycle,55545,STG1,37.17,,41.601,39.27,2000,2055,0.597,7.493,0.505960653,8987.410604
Onshore Wind Turbine,55581,EXIS,278.0,,278.0,278.0,2001,2031,0.229,,0.0,4771.0
Onshore Wind Turbine,55747,NWP2,82.5,,82.5,82.5,2001,2031,0.295,,0.0,13620.0
Onshore Wind Turbine,55795,1,78.0,,78.0,78.0,2001,2031,0.233,,0.0,12459.0
Onshore Wind Turbine,55796,1,82.0,,82.0,82.0,2001,2031,0.232,,0.0,11882.0
Landfill Gas,59649,UNIT1,1.1,,1.1,1.1,2014,2114,0.309,13.5,3.136,10167.0
Onshore Wind Turbine,55968,WTG1,152.0,,152.0,152.0,2001,2031,0.413,,0.0,17443.0
Onshore Wind Turbine,55992,1,167.7,,167.7,167.7,2002,2032,0.35,,0.0,6723.0
Landfill Gas,59649,UNIT2,1.1,,1.1,1.1,2014,2114,0.309,13.5,3.136,10167.0
Onshore Wind Turbine,56111,GEN1,91.2,,91.2,91.2,2003,2033,0.149,,0.0,18634.0
Onshore Wind Turbine,56111,GEN1,91.2,,91.2,91.2,2003,2033,0.149,,0.0,18634.0
Onshore Wind Turbine,56211,SW1,37.5,,37.5,37.5,2003,2033,0.435,,0.0,26700.0
Onshore Wind Turbine,56212,SW2,98.8,,98.8,98.8,2005,2035,0.436,,0.0,21806.0
Onshore Wind Turbine,56240,1,120.6,,120.6,120.6,2006,2036,0.264,,0.0,20589.0
Onshore Wind Turbine,56270,1,114.0,,114.0,114.0,2005,2035,0.413,,0.0,20959.0
Onshore Wind Turbine,56291,1,213.0,,213.0,213.0,2005,2035,0.37,,0.0,15280.0
Onshore Wind Turbine,56291,2,223.5,,223.5,223.5,2006,2036,0.37,,0.0,14483.0
Onshore Wind Turbine,56291,3,299.0,,299.0,299.0,2006,2036,0.37,,0.0,7799.0
Onshore Wind Turbine,56311,SW3,144.0,,135.0,144.0,2005,2035,0.368,,0.0,18873.0
Onshore Wind Turbine,56337,SW4,241.0,,241.0,241.0,2007,2037,0.309,,0.0,15584.0
Natural Gas Fired Combined Cycle,56349,CT1A,70.0,,90.6,84.0,2007,2062,0.362,8.588,3.516257561,8987.410604
Natural Gas Fired Combined Cycle,56349,CT1B,70.0,,90.6,84.0,2007,2062,0.362,8.588,3.516257561,8987.410604
Natural Gas Fired Combined Cycle,56349,CT2A,68.0,,86.5,84.0,2002,2057,0.362,8.588,3.516257561,8987.410604
Natural Gas Fired Combined Cycle,56349,CT2B,68.0,,86.5,84.0,2002,2057,0.362,8.588,3.516257561,8987.410604
Natural Gas Fired Combined Cycle,56349,ST1,98.1,,98.1,98.1,2007,2062,0.362,8.588,3.516257561,8987.410604
Natural Gas Fired Combined Cycle,56349,ST2,98.1,,98.1,98.1,2008,2063,0.362,8.588,3.516257561,8987.410604
Natural Gas Fired Combined Cycle,56350,CT1A,85.0,,90.0,85.0,2002,2057,0.446,8.584,0.664765822,8987.410604
Natural Gas Fired Combined Cycle,56350,CT1B,85.0,,90.0,85.0,2002,2057,0.446,8.584,0.664765822,8987.410604
Natural Gas Fired Combined Cycle,56350,CT2A,85.0,,90.0,85.0,2002,2057,0.446,8.584,0.664765822,8987.410604
Natural Gas Fired Combined Cycle,56350,CT2B,85.0,,90.0,85.0,2002,2057,0.446,8.584,0.664765822,8987.410604
Natural Gas Fired Combustion Turbine,56350,CT4A,31.0,,37.0,31.0,2023,2078,0.924,9.447,2.46,4120.0
Natural Gas Fired Combustion Turbine,56350,CT4B,31.0,,37.0,31.0,2023,2078,0.924,9.447,2.46,4120.0
Natural Gas Fired Combined Cycle,56350,ST1,103.0,,105.1,103.0,2007,2062,0.446,8.584,0.664765822,8987.410604
Natural Gas Fired Combined Cycle,56350,ST2,103.0,,115.0,103.0,2008,2063,0.446,8.584,0.664765822,8987.410604
Onshore Wind Turbine,56372,SW5,80.5,,80.5,80.5,2007,2037,0.26,,0.0,21466.0
Natural Gas Fired Combustion Turbine,56374,CT1,3.7,,4.6,4.6,2006,2061,0.625,11.816,1.370381634,1230.331313
Petroleum Liquids,56374,DG1,1.5,,1.5,1.5,2006,2056,0.001,10.745,2.740763267,8080.909324
Onshore Wind Turbine,56394,1,124.2,,124.2,124.2,2006,2036,0.254,,0.0,20711.0
Onshore Wind Turbine,56395,1,200.0,,200.0,200.0,2007,2037,0.27,,0.0,16858.0
Landfill Gas,59649,UNIT3,1.1,,1.1,1.1,2014,2114,0.309,13.5,3.136,10167.0
Landfill Gas,59649,UNIT4,1.1,,1.1,1.1,2014,2114,0.309,13.5,3.136,10167.0
Onshore Wind Turbine,56457,1,84.0,,84.0,84.0,2006,2036,0.41,,0.0,15279.0
Onshore Wind Turbine,56479,2,89.5,,89.5,89.5,2007,2037,0.19,,0.0,22073.0
Onshore Wind Turbine,56483,1,200.0,,200.0,200.0,2008,2038,0.274,,0.0,15695.0
Onshore Wind Turbine,56484,1,232.5,,232.5,232.5,2007,2037,0.234,,0.0,15669.0
Onshore Wind Turbine,56506,SCW,130.5,,130.5,130.5,2007,2037,0.241,,0.0,20865.0
Landfill Gas,56524,GEN1,1.6,,1.6,1.6,2007,2107,0.73,13.5,2.908,112251.0
Landfill Gas,56524,GEN2,1.6,,1.6,1.6,2007,2107,0.73,13.5,2.701,100263.0
Landfill Gas,56524,GEN3,1.6,,1.6,1.6,2007,2107,0.73,13.5,2.701,100263.0
Onshore Wind Turbine,56592,CH1,126.5,,126.5,126.5,2008,2038,0.293,,0.0,18363.0
Onshore Wind Turbine,56593,RO1,209.0,,209.0,209.0,2008,2038,0.265,,0.0,14599.0
Conventional Steam Coal,56611,S01,103.5186,,111.888,103.5186,2013,2088,0.543,9.604,1.180755267,24124.78679
Conventional Steam Coal,56611,S01,595.9314,,644.112,595.9314,2013,2088,0.543,9.604,1.180755267,24124.78679
Conventional Steam Coal,56611,S01,233.15,,252.0,233.15,2013,2088,0.543,9.604,1.180755267,24124.78679
Onshore Wind Turbine,56638,GEN1,170.2,,170.2,170.2,2008,2038,0.238,,0.0,16226.0
Onshore Wind Turbine,56644,1,120.0,,120.0,120.0,2008,2038,0.25,,0.0,6988.0
Onshore Wind Turbine,56649,1,101.2,,101.2,101.2,2009,2039,0.289,,0.0,21147.0
Onshore Wind Turbine,56661,1,283.2,,283.2,283.2,2008,2038,0.224,,0.0,3290.0
Natural Gas Fired Combustion Turbine,56674,CGT1,44.0,,60.5,46.0,2010,2065,0.055,10.745,1.74861846,1121.119057
Natural Gas Fired Combustion Turbine,56674,CGT2,44.0,,60.5,46.0,2010,2065,0.055,10.745,1.74861846,1121.119057
Natural Gas Fired Combustion Turbine,56674,CGT3,44.0,,60.5,46.0,2010,2065,0.055,10.745,1.74861846,1121.119057
Natural Gas Fired Combustion Turbine,56674,CGT4,44.0,,60.5,46.0,2010,2065,0.055,10.745,1.74861846,1121.119057
Onshore Wind Turbine,56754,1,0.08,,0.08,0.08,2008,2038,0.24,,0.0,15616.0
Onshore Wind Turbine,56754,1,79.92,,79.92,79.92,2008,2038,0.24,,0.0,15616.0
Onshore Wind Turbine,56754,2,0.0696,,0.0696,0.0696,2009,2039,0.24,,0.0,14422.0
Onshore Wind Turbine,56754,2,0.0696,,0.0696,0.0696,2009,2039,0.24,,0.0,14422.0
Onshore Wind Turbine,56754,2,69.5304,,69.5304,69.5304,2009,2039,0.24,,0.0,14422.0
Onshore Wind Turbine,56763,1,149.5,,149.5,149.5,2007,2037,0.362,,0.0,17296.0
Onshore Wind Turbine,56763,2,214.5,,214.5,214.5,2007,2037,0.362,,0.0,15423.0
Onshore Wind Turbine,56763,3,186.0,,186.0,186.0,2008,2038,0.362,,0.0,14943.0
Onshore Wind Turbine,56763,4,112.5,,112.5,112.5,2008,2038,0.362,,0.0,17835.0
Onshore Wind Turbine,56771,1,17.6352,,17.6352,17.6352,2008,2038,0.299,,0.0,19864.0
Onshore Wind Turbine,56771,1,32.5248,,32.5248,32.5248,2008,2038,0.299,,0.0,19864.0
Onshore Wind Turbine,56771,1,2.64,,2.64,2.64,2008,2038,0.299,,0.0,19864.0
Onshore Wind Turbine,56773,1,150.0,,150.0,150.0,2008,2038,0.335,,0.0,5236.0
Onshore Wind Turbine,56774,1,169.5,,169.5,169.5,2008,2038,0.248,,0.0,15901.0
Onshore Wind Turbine,56775,1,120.0,,120.0,120.0,2007,2037,0.234,,0.0,16947.0
Onshore Wind Turbine,56776,1,120.0,,120.0,120.0,2016,2046,0.446,,0.0,13321.0
Onshore Wind Turbine,56783,1,121.9,,121.9,121.9,2008,2038,0.334,,0.0,17483.0
Onshore Wind Turbine,56795,1,201.6,,201.6,201.6,2009,2039,0.21,,0.0,4132.0
Onshore Wind Turbine,56823,HWFG1,162.3,,165.6,162.3,2008,2038,0.274,,0.0,16355.0
Onshore Wind Turbine,56920,1,153.9,,142.5,153.9,2008,2038,0.41,,0.0,17041.0
Onshore Wind Turbine,56921,1,124.7,,115.5,124.7,2008,2038,0.392,,0.0,17724.0
Onshore Wind Turbine,56956,1,180.0,,180.0,180.0,2008,2038,0.154,,0.0,14649.0
Onshore Wind Turbine,56959,OWF,58.8,,58.8,58.8,2008,2038,0.077,,0.0,19315.0
Onshore Wind Turbine,56961,GE,59.4,,59.4,59.4,2009,2039,0.25,,0.0,14543.0
Onshore Wind Turbine,56961,GE,0.6,,0.6,0.6,2009,2039,0.25,,0.0,14543.0
Onshore Wind Turbine,56961,VESTA,0.925,,0.925,0.925,2009,2039,0.25,,0.0,6494.0
Onshore Wind Turbine,56961,VESTA,91.575,,91.575,91.575,2009,2039,0.25,,0.0,6494.0
Onshore Wind Turbine,56979,1,231.5,,215.5,231.5,2009,2039,0.331,,0.0,15173.0
Onshore Wind Turbine,56981,1,249.0,,249.0,249.0,2009,2039,0.279,,0.0,12192.0
Onshore Wind Turbine,56983,1,180.0,,180.0,180.0,2009,2039,0.303,,0.0,6269.0
Onshore Wind Turbine,56984,1,197.0,,197.0,197.0,2009,2039,0.275,,0.0,14067.0
Landfill Gas,57020,GEN1,1.6,,1.6,1.6,2010,2110,0.696,13.5,1.957,71729.0
Landfill Gas,57020,GEN2,1.6,,1.6,1.6,2010,2110,0.696,13.5,1.746,66885.0
Batteries,65860,AVILA,160.0,464.0,160.0,160.0,2024,2039,0.85,,0.0,12544.0
Batteries,64164,ASWBE,120.0,190.0,120.0,120.0,2023,2038,0.85,,0.0,12544.0
Onshore Wind Turbine,57095,1,201.6,,201.6,201.6,2010,2040,0.19,,0.0,5262.0
Onshore Wind Turbine,57153,1,150.0,,150.0,150.0,2009,2039,0.351,,0.0,15656.0
Onshore Wind Turbine,57156,BC,120.0,,120.0,120.0,2009,2039,0.233,,0.0,26316.0
Landfill Gas,57167,GEN1,1.6,,1.6,1.6,2010,2110,0.817,13.5,2.025,53147.0
Landfill Gas,57167,GEN2,1.6,,1.6,1.6,2010,2110,0.817,13.5,1.953,52925.0
Solar Photovoltaic,57197,1,13.5,,13.9,13.5,2010,2040,0.171,,0.0,17114.0
Onshore Wind Turbine,57212,1,200.1,,200.1,200.1,2010,2040,0.29,,0.0,11539.0
Onshore Wind Turbine,57260,1,150.0,,150.0,150.0,2010,2040,0.28,,0.0,5654.0
Onshore Wind Turbine,57260,2,150.0,,150.0,150.0,2010,2040,0.177,,0.0,14250.0
Onshore Wind Turbine,57303,LWG1,73.5,,75.0,73.5,2009,2039,0.277,,0.0,17767.0
Onshore Wind Turbine,57303,LWG2,75.0,,75.0,75.0,2009,2039,0.277,,0.0,17043.0
Batteries,64312,BC,100.0,110.0,100.0,100.0,2021,2036,0.002,,0.0,12544.0
Onshore Wind Turbine,57415,1,6.6,,6.6,6.6,2011,2041,0.309,,0.0,1900.0
Onshore Wind Turbine,57415,1,44.088,,44.088,44.088,2011,2041,0.309,,0.0,1900.0
Onshore Wind Turbine,57415,1,81.312,,81.312,81.312,2011,2041,0.309,,0.0,1900.0
Onshore Wind Turbine,57474,1,10.0,,10.0,10.0,2011,2041,0.178,,0.0,3423.0
Onshore Wind Turbine,57520,1,121.968,,121.968,121.968,2011,2041,0.325,,0.0,9688.0
Onshore Wind Turbine,57520,1,66.132,,66.132,66.132,2011,2041,0.325,,0.0,9688.0
Onshore Wind Turbine,57520,1,9.9,,9.9,9.9,2011,2041,0.325,,0.0,9688.0
Onshore Wind Turbine,57617,GEN1,250.0,,250.0,250.0,2016,2046,0.34,,0.0,13321.0
Solar Photovoltaic,57659,PSF,144.0,,144.0,144.0,2021,2051,0.254,,0.0,9038.0
Batteries,67535,ASHU1,200.9,582.61,200.9,200.9,2025,2040,0.85,,0.0,12544.0
Solar Photovoltaic,57699,AES1,30.0,,30.0,30.0,2011,2041,0.219,,0.0,3257.0
Onshore Wind Turbine,57751,1,200.0,,200.0,200.0,2012,2042,0.261,,0.0,9688.0
Onshore Wind Turbine,57752,1,201.6,,201.6,201.6,2012,2042,0.24,,0.0,9688.0
Batteries,67651,BERK,100.0,290.0,100.0,100.0,2025,2040,0.85,,0.0,12544.0
Onshore Wind Turbine,57802,MV1,203.0,,203.0,203.0,2012,2042,0.3,,0.0,9688.0
Batteries,66400,OCBEX,100.0,290.0,100.0,100.0,2025,2040,0.85,,0.0,12544.0
Batteries,68181,BELMB,100.0,290.0,100.0,100.0,2026,2041,,,,
Landfill Gas,57165,GEN1,1.6,,1.6,1.6,2011,2111,0.886,13.5,1.713,75890.0
Landfill Gas,57165,GEN2,1.6,,1.6,1.6,2011,2111,0.886,13.5,1.709,75890.0
Onshore Wind Turbine,57927,1,188.0,,188.0,188.0,2014,2044,0.284,,0.0,13321.0
Onshore Wind Turbine,57974,GEN1,161.0,,161.0,161.0,2012,2042,0.36,,0.0,9688.0
Onshore Wind Turbine,57981,GEN1,150.0,,150.0,150.0,2012,2042,0.371,,0.0,9688.0
Onshore Wind Turbine,57983,1,211.0,,211.0,211.0,2014,2044,0.388,,0.0,13321.0
Onshore Wind Turbine,57983,2,165.0,,165.0,165.0,2015,2045,0.388,,0.0,13321.0
Onshore Wind Turbine,58000,ANA,99.8,,99.8,99.8,2012,2042,0.369,,0.0,9688.0
Natural Gas Fired Combined Cycle,58001,CTG-1,232.0,,232.0,232.0,2014,2069,0.456,7.198,0.789572537,11973.82131
Natural Gas Fired Combined Cycle,58001,CTG-2,232.0,,232.0,232.0,2014,2069,0.456,7.198,0.789572537,11973.82131
Natural Gas Fired Combined Cycle,58001,CTG-3,232.0,,232.0,232.0,2015,2070,0.456,7.198,0.789572537,11973.82131
Natural Gas Fired Combined Cycle,58001,CTG-4,232.0,,232.0,232.0,2015,2070,0.456,7.198,0.789572537,11973.82131
Natural Gas Fired Combined Cycle,58001,STG-1,326.0,,339.2,326.0,2014,2069,0.456,7.198,0.789572537,11973.82131
Natural Gas Fired Combined Cycle,58001,STG-2,326.0,,339.2,326.0,2015,2070,0.456,7.198,0.789572537,11973.82131
Solar Photovoltaic,58009,1,5.6,,5.6,5.6,2012,2042,0.153,,0.0,9038.0
Solar Photovoltaic,58009,2,5.0,,5.0,5.0,2012,2042,0.153,,0.0,9038.0
Onshore Wind Turbine,58021,1,92.3,,92.0,92.3,2012,2042,0.279,,0.0,9688.0
Solar Photovoltaic,58027,1,9.9,,10.0,9.9,2012,2042,0.153,,0.0,4158.0
Onshore Wind Turbine,58048,1,30.0,,30.0,30.0,2012,2042,0.246,,0.0,13321.0
Solar Photovoltaic,58068,1,9.9,,10.0,9.9,2012,2042,0.153,,0.0,4158.0
Onshore Wind Turbine,58080,1,112.5,,112.5,112.5,2008,2038,0.355,,0.0,20903.0
Batteries,68495,BDOG1,60.0,174.0,60.0,60.0,2026,2041,,,,
Batteries,68456,BSIIS,150.0,435.0,150.0,150.0,2025,2040,,,,
Batteries,60690,WBSS,30.0,12.6,30.0,30.0,2017,2032,0.0,,0.0,12544.0
Batteries,66804,1,150.0,300.0,150.0,150.0,2024,2039,0.85,,0.0,12544.0
Onshore Wind Turbine,58321,1,150.0,,150.0,150.0,2013,2043,0.391,,0.0,13321.0
Onshore Wind Turbine,58372,GEN1,135.4,,135.4,135.4,2012,2042,0.374,,0.0,13321.0
Natural Gas Fired Combustion Turbine,58378,GT2,74.0,,82.2,81.0,2013,2068,0.161,21.476,1.370381634,1230.331313
Natural Gas Fired Combustion Turbine,58471,CTG1,150.0,,179.4,168.0,2015,2070,0.153,11.065,1.74861846,10539.91632
Natural Gas Fired Combustion Turbine,58471,CTG2,150.0,,179.4,168.0,2015,2070,0.153,11.065,1.74861846,10539.91632
Batteries,64296,BRAZ,9.9,9.9,9.9,9.9,2020,2035,0.0,,0.0,12544.0
Solar Photovoltaic,58488,1,10.0,,10.0,10.0,2013,2043,0.279,,0.0,7714.0
Solar Photovoltaic,58537,1,40.7,,40.7,40.7,2013,2043,0.229,,0.0,9730.0
Batteries,66690,BEND,100.0,100.0,100.0,100.0,2024,2039,0.85,,0.0,12544.0
Onshore Wind Turbine,58614,PAT1,226.1,,226.1,226.1,2019,2049,0.304,,0.0,13321.0
Batteries,58710,BARBA,13.11199103,52.44796412,13.11260766,13.11199103,2025,2055,0.85,,0.0,12544.0
Solar Photovoltaic,58710,BRLA,30.2,,30.2,30.2,2015,2045,0.244,,0.0,7714.0
Solar Photovoltaic,58716,1,4.4,,4.4,4.4,2014,2044,0.205,,0.0,7714.0
Solar Photovoltaic,58717,1,39.6,,39.6,39.6,2014,2044,0.22,,0.0,7714.0
Onshore Wind Turbine,58766,1,257.0,,257.3,257.0,2016,2046,0.469,,0.0,13321.0
Onshore Wind Turbine,58838,KW1,110.0,,110.0,110.0,2015,2045,0.437,,0.0,13321.0
Batteries,66688,BASS1,103.6,300.44,103.6,103.6,2024,2039,0.85,,0.0,12544.0
Onshore Wind Turbine,59034,SHAN1,204.0,,204.0,204.0,2015,2045,0.333,,0.0,13321.0
Onshore Wind Turbine,59063,WT1,201.0,,201.0,201.0,2018,2048,0.346,,0.0,13321.0
Onshore Wind Turbine,59066,MVII,228.0,,228.0,228.0,2017,2047,0.293,,0.0,13321.0
Onshore Wind Turbine,59118,CAM1,165.0,,165.0,165.0,2015,2045,0.293,,0.0,13321.0
Onshore Wind Turbine,59193,CHA1,249.0,,236.0,249.0,2017,2047,0.273,,0.0,13321.0
Solar Photovoltaic,59204,OCIA3,5.5,,5.5,5.5,2015,2045,0.224,,0.0,7714.0
Solar Photovoltaic,59205,OCIA5,100.0,,100.0,100.0,2015,2045,0.229,,0.0,7714.0
Solar Photovoltaic,59206,OCIA6,116.0,,105.0,116.0,2017,2047,0.24,,0.0,7714.0
Solar Photovoltaic,59207,OCIA7,100.0,,100.0,100.0,2016,2046,0.29,,0.0,7714.0
Onshore Wind Turbine,59238,WND2,0.2028,,0.2028,0.2028,2014,2044,0.373,,0.0,13321.0
Onshore Wind Turbine,59238,WND2,67.4648,,67.4648,67.4648,2014,2044,0.373,,0.0,13321.0
Onshore Wind Turbine,59244,FIBE1,80.0,,80.0,80.0,2018,2048,0.505,,0.0,13321.0
Onshore Wind Turbine,59245,FLUV1,155.4,,155.4,155.4,2017,2047,0.431,,0.0,13321.0
Onshore Wind Turbine,59320,GEN1,200.0,,200.0,200.0,2015,2045,0.349,,0.0,13321.0
Onshore Wind Turbine,59321,GEN1,200.0,,200.0,200.0,2016,2046,0.361,,0.0,13321.0
Onshore Wind Turbine,59332,MSCRK,211.2,,211.2,211.2,2015,2045,0.344,,0.0,13321.0
Natural Gas Internal Combustion Engine,59391,ENG01,18.3,,18.7,18.3,2016,2071,0.165,10.745,1.74861846,1121.119057
Natural Gas Internal Combustion Engine,59391,ENG02,18.3,,18.7,18.3,2016,2071,0.165,10.745,1.74861846,1121.119057
Natural Gas Internal Combustion Engine,59391,ENG03,18.3,,18.7,18.3,2016,2071,0.165,10.745,1.74861846,1121.119057
Natural Gas Internal Combustion Engine,59391,ENG04,18.3,,18.7,18.3,2016,2071,0.165,10.745,1.74861846,1121.119057
Natural Gas Internal Combustion Engine,59391,ENG05,18.3,,18.7,18.3,2016,2071,0.165,10.745,1.74861846,1121.119057
Natural Gas Internal Combustion Engine,59391,ENG06,18.3,,18.7,18.3,2016,2071,0.165,10.745,1.74861846,1121.119057
Natural Gas Internal Combustion Engine,59391,ENG07,18.3,,18.7,18.3,2016,2071,0.165,10.745,1.74861846,1121.119057
Natural Gas Internal Combustion Engine,59391,ENG08,18.3,,18.7,18.3,2016,2071,0.165,10.745,1.74861846,1121.119057
Natural Gas Internal Combustion Engine,59391,ENG09,18.3,,18.7,18.3,2016,2071,0.165,10.745,1.74861846,1121.119057
Natural Gas Internal Combustion Engine,59391,ENG10,18.3,,18.7,18.3,2016,2071,0.165,10.745,1.74861846,1121.119057
Natural Gas Internal Combustion Engine,59391,ENG11,18.3,,18.7,18.3,2016,2071,0.165,10.745,1.74861846,1121.119057
Natural Gas Internal Combustion Engine,59391,ENG12,18.3,,18.7,18.3,2016,2071,0.165,10.745,1.74861846,1121.119057
Onshore Wind Turbine,59417,WT1,20.0,,20.0,20.0,2015,2045,0.199,,0.0,13321.0
Onshore Wind Turbine,59442,1,200.1,,200.1,200.1,2015,2045,0.373,,0.0,13321.0
Landfill Gas,58946,ENG1,1.4,,1.4,1.4,2011,2111,0.728,13.5,3.136,10167.0
Batteries,67761,1,200.0,580.0,200.0,200.0,2025,2040,0.85,,0.0,12544.0
Landfill Gas,58946,ENG2,1.4,,1.4,1.4,2011,2111,0.728,13.5,3.136,10167.0
Landfill Gas,58946,ENG3,1.4,,1.4,1.4,2011,2111,0.728,13.5,3.136,10167.0
Onshore Wind Turbine,59654,1,78.0,,78.0,78.0,2015,2045,0.416,,0.0,13321.0
Batteries,65259,P1,50.0,50.0,50.0,50.0,2022,2037,0.0,,0.0,12544.0
Petroleum Liquids,66992,VWWTP,1.3,,1.3,1.3,2020,2070,0.008,11.859,4.062,10896.0
Onshore Wind Turbine,59712,SRWI,95.3,,95.3,95.3,2017,2047,0.266,,0.0,13321.0
Onshore Wind Turbine,59732,GPI,150.0,,150.0,150.0,2015,2045,0.263,,0.0,13321.0
Onshore Wind Turbine,59733,GPII,150.0,,150.0,150.0,2015,2045,0.282,,0.0,13321.0
Onshore Wind Turbine,59734,BFW,150.0,,150.0,150.0,2015,2045,0.278,,0.0,13321.0
Batteries,65861,CACHI,200.0,580.0,200.0,200.0,2024,2039,0.85,,0.0,12544.0
Batteries,66338,CALL1,200.0,200.0,223.4,200.0,2024,2039,0.85,,0.0,12544.0
Solar Photovoltaic,59806,SOLAR,101.0,,101.0,101.0,2025,2055,0.176,,0.0,7714.0
Natural Gas Fired Combined Cycle,59812,CGT4,327.8,,360.0,353.3,2017,2072,0.596,7.05,0.74665531,2738.8691660000004
Natural Gas Fired Combined Cycle,59812,CGT5,329.3,,360.0,354.6,2017,2072,0.596,7.05,0.74665531,2738.8691660000004
Natural Gas Fired Combined Cycle,59812,STG6,446.3,,511.2,473.1,2017,2072,0.596,7.05,0.74665531,2738.8691660000004
Natural Gas Internal Combustion Engine,59938,UNIT1,8.3,,8.5,8.4,2016,2071,0.191,10.745,1.370381634,1230.331313
Natural Gas Internal Combustion Engine,59938,UNIT2,8.3,,8.5,8.4,2016,2071,0.191,10.745,1.370381634,1230.331313
Natural Gas Internal Combustion Engine,59938,UNIT3,8.3,,8.5,8.4,2016,2071,0.191,10.745,1.370381634,1230.331313
Natural Gas Internal Combustion Engine,59938,UNIT4,8.3,,8.5,8.4,2016,2071,0.191,10.745,1.370381634,1230.331313
Natural Gas Internal Combustion Engine,59938,UNIT5,8.3,,8.5,8.4,2016,2071,0.191,10.745,1.370381634,1230.331313
Natural Gas Internal Combustion Engine,59938,UNIT6,8.3,,8.5,8.4,2016,2071,0.191,10.745,1.370381634,1230.331313
Onshore Wind Turbine,59943,1,207.2,,207.2,207.2,2015,2045,0.355,,0.0,13321.0
Onshore Wind Turbine,59972,BRKAT,196.7,,196.7,196.7,2018,2048,0.376,,0.0,13321.0
Solar Photovoltaic,59994,ROSEK,157.5,,160.0,157.5,2016,2046,0.275,,0.0,7714.0
Batteries,59118,SABAL,16.4,32.8,16.4,16.4,2024,2039,0.85,,0.0,12544.0
Solar Photovoltaic,60044,BKTH1,154.0,,154.0,154.0,2018,2048,0.231,,0.0,7714.0
Onshore Wind Turbine,60059,1,110.0,,110.0,110.0,2015,2045,0.378,,0.0,13321.0
Batteries,65589,CARNA,150.0,435.0,150.0,150.0,2024,2039,0.85,,0.0,12544.0
Onshore Wind Turbine,60104,GEWTG,249.7,,249.7,249.7,2015,2045,0.422,,0.0,13321.0
Batteries,68513,CWHBA,150.0,435.0,150.0,150.0,2025,2040,,,,
Natural Gas Fired Combined Cycle,60122,CT7,329.3,,360.9,360.2,2017,2072,0.624,7.05,0.74665531,2738.8691660000004
Natural Gas Fired Combined Cycle,60122,CT8,335.0,,360.9,359.6,2017,2072,0.624,7.05,0.74665531,2738.8691660000004
Natural Gas Fired Combined Cycle,60122,STG9,478.4,,508.5,490.5,2017,2072,0.624,7.05,0.74665531,2738.8691660000004
Solar Photovoltaic,60123,CGAP,180.0,,180.0,180.0,2018,2048,0.273,,0.0,9730.0
Onshore Wind Turbine,60217,RKSP,149.3,,149.3,149.3,2017,2047,0.361,,0.0,13321.0
Batteries,60123,BAT1,9.9,42.0,9.9,9.9,2019,2034,0.0,,0.0,17250.0
Batteries,65870,CASTR,200.0,580.0,200.0,200.0,2024,2039,0.85,,0.0,12544.0
Batteries,65809,CATER,5.2371,5.2371,5.2371,5.2371,2022,2037,0.0,,0.0,12544.0
Batteries,65809,CATER,4.2669,4.2669,4.2669,4.2669,2022,2037,0.0,,0.0,12544.0
Batteries,65809,CATER,0.396,0.396,0.396,0.396,2022,2037,0.0,,0.0,12544.0
Natural Gas Fired Combustion Turbine,60264,BCGT1,54.0,,71.2,60.0,2018,2073,0.084,13.147,1.485029017,1229.357899
Natural Gas Fired Combustion Turbine,60264,BCGT2,54.0,,71.2,60.0,2018,2073,0.084,13.147,1.485029017,1229.357899
Natural Gas Fired Combustion Turbine,60264,BCGT3,54.0,,71.2,60.0,2018,2073,0.084,13.147,1.485029017,1229.357899
Natural Gas Fired Combustion Turbine,60264,BCGT4,54.0,,71.2,60.0,2018,2073,0.084,13.147,1.485029017,1229.357899
Natural Gas Fired Combustion Turbine,60264,BCGT5,54.0,,71.2,60.0,2018,2073,0.084,13.147,1.485029017,1229.357899
Natural Gas Fired Combustion Turbine,60264,BCGT6,54.0,,71.2,60.0,2018,2073,0.084,13.147,1.485029017,1229.357899
Onshore Wind Turbine,60271,WT1,308.8,,308.8,308.8,2024,2054,0.279,,0.0,13321.0
Onshore Wind Turbine,60272,WT1,150.0,,150.0,150.0,2025,2055,0.279,,0.0,13321.0
Onshore Wind Turbine,60273,WT1,150.0,,150.0,150.0,2025,2055,0.279,,0.0,13321.0
Batteries,67570,3004,10.0,29.0,10.0,10.0,2026,2041,0.85,,0.0,12544.0
Onshore Wind Turbine,60338,EWF,230.0,,230.0,230.0,2016,2046,0.45,,0.0,13321.0
Onshore Wind Turbine,60339,HCWF,230.0,,230.0,230.0,2016,2046,0.424,,0.0,13321.0
Solar Photovoltaic,60372,LSPV1,100.0,,102.0,100.0,2017,2047,0.254,,0.0,7714.0
Batteries,65810,CDRVL,5.2371,5.2371,5.2371,5.2371,2022,2037,0.0,,0.0,12544.0
Batteries,65810,CDRVL,4.2669,4.2669,4.2669,4.2669,2022,2037,0.0,,0.0,12544.0
Batteries,65810,CDRVL,0.396,0.396,0.396,0.396,2022,2037,0.0,,0.0,12544.0
Solar Photovoltaic,60427,CSS1,2.0,,2.0,2.0,2015,2045,0.161,,0.0,7714.0
Solar Photovoltaic,60436,1,118.5,,118.5,118.5,2017,2047,0.273,,0.0,7714.0
Natural Gas Fired Combustion Turbine,60459,PC1,43.0,,60.5,46.0,2017,2072,0.091,11.197,1.370381634,1230.331313
Natural Gas Fired Combustion Turbine,60459,PC2,43.0,,60.5,46.0,2017,2072,0.091,11.197,1.370381634,1230.331313
Natural Gas Fired Combustion Turbine,60460,CH1,43.0,,60.5,46.0,2017,2072,0.149,10.849,1.370381634,1230.331313
Natural Gas Fired Combustion Turbine,60460,CH2,43.0,,60.5,46.0,2017,2072,0.149,10.849,1.370381634,1230.331313
Natural Gas Fired Combustion Turbine,60468,GT-1,117.0,,121.5,119.0,2018,2073,0.085,12.943,1.74861846,1121.119057
Solar Photovoltaic,60472,CPS1,1.0,,1.0,1.0,2016,2046,0.242,,0.0,7714.0
Onshore Wind Turbine,60502,GEN1,125.0,,125.6,125.0,2016,2046,0.348,,0.0,13321.0
Batteries,63737,CHS01,100.0,125.0,100.0,100.0,2021,2036,0.0,,0.0,12544.0
Batteries,66795,CISCO,0.396,0.396,0.396,0.396,2024,2039,0.85,,0.0,12544.0
Solar Photovoltaic,60581,UCTX,150.0,,150.0,150.0,2017,2047,0.272,,0.0,7714.0
Batteries,66795,CISCO,5.2371,5.2371,5.2371,5.2371,2024,2039,0.85,,0.0,12544.0
Batteries,66795,CISCO,4.2669,4.2669,4.2669,4.2669,2024,2039,0.85,,0.0,12544.0
Batteries,67738,CITDL,204.0,298.0,204.0,204.0,2024,2039,0.85,,0.0,12544.0
Batteries,68686,MCC01,9.9,28.71,9.9,9.9,2025,2040,,,,
Onshore Wind Turbine,60645,WJ21,200.0,,200.0,200.0,2016,2046,0.433,,0.0,13321.0
Solar Photovoltaic,60682,PEARL,50.0,,50.0,50.0,2017,2047,0.223,,0.0,7714.0
Batteries,62609,BA1,10.0,10.0,10.0,10.0,2019,2034,0.0,,0.0,12544.0
Batteries,67861,CNLY,125.0,250.0,125.0,125.0,2024,2039,0.85,,0.0,12544.0
Batteries,67019,CHSTG,100.0,100.0,100.0,100.0,2024,2039,0.85,,0.0,12544.0
Onshore Wind Turbine,60743,WT1,160.0,,160.0,160.0,2018,2048,0.408,,0.0,13321.0
Solar Photovoltaic,60774,GEN1,15.4,,15.4,15.4,2017,2047,0.186,,0.0,7714.0
Solar Photovoltaic,60789,UNIT1,30.0,,30.0,30.0,2018,2048,0.284,,0.0,7714.0
Batteries,65811,CYTSP,0.396,0.396,0.396,0.396,2022,2037,0.0,,0.0,12544.0
Onshore Wind Turbine,60901,WSPWF,250.0,,250.0,250.0,2017,2047,0.417,,0.0,13321.0
Onshore Wind Turbine,60902,DERM,253.0,,253.0,253.0,2017,2047,0.422,,0.0,13321.0
Batteries,65811,CYTSP,4.2669,4.2669,4.2669,4.2669,2022,2037,0.0,,0.0,12544.0
Natural Gas Fired Combustion Turbine,60910,NPLPS,5.0,,25.5,5.0,2026,2081,0.924,9.142,0.53,2960.0
Batteries,65811,CYTSP,5.2371,5.2371,5.2371,5.2371,2022,2037,0.0,,0.0,12544.0
Onshore Wind Turbine,60983,BWIND,100.5,,100.5,100.5,2017,2047,0.428,,0.0,13321.0
Onshore Wind Turbine,60987,GEN1,300.0,,300.0,300.0,2018,2048,0.481,,0.0,13321.0
Solar Photovoltaic,60989,PV1,50.0,,50.0,50.0,2017,2047,0.278,,0.0,7714.0
Onshore Wind Turbine,61001,WT1,148.4,,148.4,148.4,2018,2048,0.359,,0.0,13321.0
Onshore Wind Turbine,61032,HTX,180.0,,180.0,180.0,2020,2050,0.399,,0.0,13321.0
Solar Photovoltaic,61205,PV1,1.5,,1.5,1.5,2017,2047,0.227,,0.0,7714.0
Onshore Wind Turbine,61212,FTWI,200.0,,200.0,200.0,2018,2048,0.468,,0.0,13321.0
Natural Gas Fired Combustion Turbine,61241,VC-1,43.0,,50.0,48.0,2020,2075,0.055,10.745,1.370381634,1230.331313
Natural Gas Fired Combustion Turbine,61241,VC-2,43.0,,50.0,48.0,2020,2075,0.055,10.745,1.370381634,1230.331313
Natural Gas Fired Combustion Turbine,61242,VP-1,43.0,,50.0,48.0,2019,2074,0.071,10.745,1.74861846,1121.119057
Natural Gas Fired Combustion Turbine,61242,VP-2,43.0,,50.0,48.0,2019,2074,0.071,10.745,1.74861846,1121.119057
Solar Photovoltaic,61309,PV1,1.1,,1.2,0.7,2017,2047,0.147,,0.0,7714.0
Batteries,65488,CROKT,9.9,28.71,9.9,9.9,2024,2039,0.85,,0.0,12544.0
Onshore Wind Turbine,61343,WT1,307.1,,307.1,307.1,2019,2049,0.339,,0.0,13321.0
Solar Photovoltaic,61346,PV1,222.0,,222.0,222.0,2021,2051,0.224,,0.0,7714.0
Solar Photovoltaic,61346,PV2,28.0,,28.0,28.0,2021,2051,0.419,,0.0,7714.0
Batteries,66009,BA,203.0,400.0,203.0,203.0,2022,2037,0.0,,0.0,17250.0
Solar Photovoltaic,61368,PV1,182.0,,182.0,182.0,2018,2048,0.206,,0.0,7714.0
Solar Photovoltaic,61370,GEN1,5.0,,5.0,5.0,2016,2046,0.257,,0.0,7714.0
Onshore Wind Turbine,61402,FOARD,350.3,,352.8,350.3,2019,2049,0.39,,0.0,13321.0
Solar Photovoltaic,61409,GEN1,5.3,,5.3,5.3,2017,2047,0.165,,0.0,7714.0
Solar Photovoltaic,61410,GEN1,5.0,,5.0,5.0,2017,2047,0.237,,0.0,7714.0
Solar Photovoltaic,61411,GEN1,5.0,,5.0,5.0,2017,2047,0.224,,0.0,7714.0
Onshore Wind Turbine,61417,GCWF,158.0,,158.0,158.0,2019,2049,0.432,,0.0,13321.0
Batteries,68499,CWHBA,150.0,435.0,150.0,150.0,2025,2040,,,,
Batteries,68500,CWH2,150.0,435.0,150.0,150.0,2025,2040,,,,
Solar Photovoltaic,61493,SEALY,1.2,,1.2,1.2,2015,2045,0.107,,0.0,7714.0
Solar Photovoltaic,61513,GEN1,5.3,,5.3,5.3,2017,2047,0.219,,0.0,7714.0
Solar Photovoltaic,61514,GEN1,5.2,,5.2,5.2,2017,2047,0.187,,0.0,7714.0
Solar Photovoltaic,61524,GEN1,10.0,,10.0,10.0,2017,2047,0.223,,0.0,7714.0
Solar Photovoltaic,61532,GEN1,10.0,,10.0,10.0,2017,2047,0.213,,0.0,7714.0
Solar Photovoltaic,61625,GEN1,5.0,,5.0,5.0,2018,2048,0.174,,0.0,7714.0
Natural Gas Internal Combustion Engine,61643,DEC1,18.8,,18.8,18.8,2018,2073,0.157,10.745,7.017535275,10539.91632
Natural Gas Internal Combustion Engine,61643,DEC10,18.8,,18.8,18.8,2018,2073,0.157,10.745,7.017535275,10539.91632
Natural Gas Internal Combustion Engine,61643,DEC11,18.8,,18.8,18.8,2018,2073,0.157,10.745,7.017535275,10539.91632
Natural Gas Internal Combustion Engine,61643,DEC12,18.8,,18.8,18.8,2018,2073,0.157,10.745,7.017535275,10539.91632
Natural Gas Internal Combustion Engine,61643,DEC2,18.8,,18.8,18.8,2018,2073,0.157,10.745,7.017535275,10539.91632
Natural Gas Internal Combustion Engine,61643,DEC3,18.8,,18.8,18.8,2018,2073,0.157,10.745,7.017535275,10539.91632
Natural Gas Internal Combustion Engine,61643,DEC4,18.8,,18.8,18.8,2018,2073,0.157,10.745,7.017535275,10539.91632
Natural Gas Internal Combustion Engine,61643,DEC5,18.8,,18.8,18.8,2018,2073,0.157,10.745,7.017535275,10539.91632
Natural Gas Internal Combustion Engine,61643,DEC6,18.8,,18.8,18.8,2018,2073,0.157,10.745,7.017535275,10539.91632
Natural Gas Internal Combustion Engine,61643,DEC7,18.8,,18.8,18.8,2018,2073,0.157,10.745,7.017535275,10539.91632
Natural Gas Internal Combustion Engine,61643,DEC8,18.8,,18.8,18.8,2018,2073,0.157,10.745,7.017535275,10539.91632
Natural Gas Internal Combustion Engine,61643,DEC9,18.8,,18.8,18.8,2018,2073,0.157,10.745,7.017535275,10539.91632
Batteries,65410,SPUT,190.0,380.0,190.0,190.0,2023,2038,0.85,,0.0,12544.0
Solar Photovoltaic,61697,IVORY,50.0,,50.0,50.0,2018,2048,0.269,,0.0,7714.0
Solar Photovoltaic,61700,PFPKB,2.6,,2.6,2.6,2018,2048,0.169,,0.0,7714.0
Flywheels,61742,GEN1,2.5,7.25,2.5,2.5,2012,2112,0.0,,0.0,8489.0
Flywheels,61742,GEN2,2.5,7.25,2.5,2.5,2012,2112,0.0,,0.0,8489.0
Batteries,66916,DANST,150.0,435.0,150.0,150.0,2024,2039,0.85,,0.0,12544.0
Onshore Wind Turbine,61773,PW,142.6,,144.9,142.6,2020,2050,0.258,,0.0,13321.0
Onshore Wind Turbine,61776,MIDWY,162.9,,162.9,162.9,2019,2049,0.314,,0.0,13321.0
Onshore Wind Turbine,61782,WTGS,199.5,,199.5,199.5,2019,2049,0.449,,0.0,13321.0
Solar Photovoltaic,61810,GEN1,10.0,,10.0,10.0,2018,2048,0.205,,0.0,7714.0
Onshore Wind Turbine,61865,1,237.6,,237.6,237.6,2019,2049,0.272,,0.0,13321.0
Solar Photovoltaic,61867,GEN1,10.0,,10.0,10.0,2018,2048,0.17,,0.0,7714.0
Solar Photovoltaic,61868,GEN1,10.0,,10.0,10.0,2018,2048,0.178,,0.0,7714.0
Solar Photovoltaic,61871,GEN1,10.0,,10.0,10.0,2018,2048,0.178,,0.0,7714.0
Solar Photovoltaic,61872,GEN1,7.5,,7.5,7.5,2019,2049,0.243,,0.0,7714.0
Solar Photovoltaic,61873,GEN1,5.0,,5.0,5.0,2018,2048,0.233,,0.0,7714.0
Solar Photovoltaic,61874,GEN1,10.0,,10.0,10.0,2018,2048,0.201,,0.0,7714.0
Solar Photovoltaic,61875,GEN1,10.0,,10.0,10.0,2019,2049,0.22,,0.0,7714.0
Batteries,8063,BESS,260.0,263.0,269.1,260.0,2022,2037,0.0,,0.0,12544.0
Solar Photovoltaic,61895,TOYHQ,5.9,,7.7,3.5,2017,2047,0.263,,0.0,7714.0
Solar Photovoltaic,61906,PHOEB,250.0,,250.0,250.0,2019,2049,0.25,,0.0,7714.0
Solar Photovoltaic,61920,GSM01,250.0,,250.0,250.0,2021,2051,0.251,,0.0,7714.0
Solar Photovoltaic,61962,HSF01,200.0,,200.0,200.0,2020,2050,0.251,,0.0,7714.0
Natural Gas Fired Combustion Turbine,61966,VP2-1,43.0,,50.0,48.0,2022,2077,0.144,10.749,2.276,3541.0
Natural Gas Fired Combustion Turbine,61966,VP2-2,43.0,,50.0,48.0,2022,2077,0.144,10.749,2.276,3541.0
Solar Photovoltaic,61967,NSM01,125.0,,125.0,125.0,2025,2055,0.176,,0.0,7714.0
Onshore Wind Turbine,61969,TWE,300.0,,300.0,300.0,2019,2049,0.405,,0.0,13321.0
Onshore Wind Turbine,61970,BSII,99.4,,99.4,99.4,2019,2049,0.436,,0.0,13321.0
Onshore Wind Turbine,62038,STRAE,302.4,,302.4,302.4,2019,2049,0.433,,0.0,13321.0
Solar Photovoltaic,62141,RMBLR,200.0,,200.0,200.0,2020,2050,0.237,,0.0,7714.0
Onshore Wind Turbine,62142,AM-TX,250.0,,250.0,250.0,2020,2050,0.354,,0.0,13321.0
Onshore Wind Turbine,62207,RELOJ,209.4,,209.4,209.4,2021,2051,0.192,,0.0,13321.0
Onshore Wind Turbine,62227,WTGS,30.2,,30.2,30.2,2019,2049,0.518,,0.0,13321.0
Batteries,67598,DWES,150.0,435.0,150.0,150.0,2025,2040,0.85,,0.0,12544.0
Solar Photovoltaic,62249,77777,240.0,,240.0,240.0,2020,2050,0.238,,0.0,7714.0
Onshore Wind Turbine,62258,MES,200.0,,201.6,200.0,2019,2049,0.241,,0.0,13321.0
Onshore Wind Turbine,62259,RAN,300.0,,300.0,300.0,2019,2049,0.442,,0.0,13321.0
Batteries,65876,DESNA,200.0,580.0,200.0,200.0,2024,2039,0.85,,0.0,12544.0
Onshore Wind Turbine,62356,LOC,183.8,,183.8,183.8,2019,2049,0.468,,0.0,13321.0
Batteries,67654,DESTS,200.0,580.0,200.0,200.0,2026,2041,0.85,,0.0,12544.0
Onshore Wind Turbine,62411,GTWND,225.6,,225.6,225.6,2021,2051,0.403,,0.0,13321.0
Solar Photovoltaic,62415,WOTP1,100.0,,100.0,100.0,2019,2049,0.278,,0.0,7714.0
Onshore Wind Turbine,62416,WT1,220.0,,220.0,220.0,2022,2052,0.304,,0.0,13321.0
Onshore Wind Turbine,62417,WT1,151.2,,151.2,151.2,2020,2050,0.289,,0.0,13321.0
Batteries,66794,DIBOL,4.2669,4.2669,4.2669,4.2669,2024,2039,0.85,,0.0,12544.0
Solar Photovoltaic,62448,LAP,100.0,,100.0,100.0,2019,2049,0.247,,0.0,7714.0
Batteries,66794,DIBOL,0.396,0.396,0.396,0.396,2024,2039,0.85,,0.0,12544.0
Batteries,66794,DIBOL,5.2371,5.2371,5.2371,5.2371,2024,2039,0.85,,0.0,12544.0
Batteries,65489,DIKNS,200.0,200.0,200.0,200.0,2024,2039,0.85,,0.0,12544.0
Batteries,64314,DIKN,9.9,9.9,9.9,9.9,2021,2036,0.0,,0.0,12544.0
Solar Photovoltaic,62483,PV1,255.0,,255.0,255.0,2021,2051,0.258,,0.0,7714.0
Solar Photovoltaic,62505,1,82.5,,83.0,82.5,2021,2051,0.248,,0.0,7714.0
Natural Gas Fired Combustion Turbine,62548,SJ-1,43.0,,50.0,48.0,2022,2077,0.191,10.745,2.276,3541.0
Natural Gas Fired Combustion Turbine,62548,SJ-2,43.0,,50.0,48.0,2022,2077,0.191,10.745,2.276,3541.0
Solar Photovoltaic,62561,RODR1,200.0,,200.0,200.0,2020,2050,0.282,,0.0,9730.0
Solar Photovoltaic,62561,RODR2,200.0,,200.0,200.0,2020,2050,0.282,,0.0,9730.0
Onshore Wind Turbine,62562,HILO,449.5,,449.5,449.5,2023,2053,0.279,,0.0,13321.0
Onshore Wind Turbine,62562,HILO2,50.0,,50.0,50.0,2023,2053,0.279,,0.0,13321.0
Onshore Wind Turbine,62566,BS3,200.2,,200.2,200.2,2019,2049,0.449,,0.0,13321.0
Batteries,67237,EBON1,200.0,400.0,207.9,200.0,2024,2039,0.85,,0.0,12544.0
Onshore Wind Turbine,62587,MESQ,418.9,,418.9,418.9,2020,2050,0.31,,0.0,13321.0
Solar Photovoltaic,62610,PV1,5.0,,5.0,5.0,2019,2049,0.179,,0.0,7714.0
Onshore Wind Turbine,62618,WT,50.4,,50.4,50.4,2020,2050,0.299,,0.0,13321.0
Onshore Wind Turbine,62630,WTGS1,160.7,,160.7,160.7,2020,2050,0.423,,0.0,13321.0
Batteries,65850,ELIBS,300.0,870.0,300.0,300.0,2026,2041,0.85,,0.0,12544.0
Onshore Wind Turbine,62715,WCCWF,175.3,,175.3,175.3,2021,2051,0.352,,0.0,13321.0
Solar Photovoltaic,62755,PROSP,300.0,,300.0,300.0,2020,2050,0.253,,0.0,7714.0
Natural Gas Fired Combustion Turbine,62762,CTG-1,5.3,,5.6,5.7,2018,2073,0.877,12.087,2.276,3541.0
Natural Gas Fired Combustion Turbine,62762,CTG-2,5.3,,5.6,5.7,2018,2073,0.877,12.087,2.276,3541.0
Onshore Wind Turbine,62765,CAMPO,242.8,,242.8,242.8,2020,2050,0.388,,0.0,13321.0
Solar Photovoltaic,62772,BTCON,123.6,,123.6,123.6,2021,2051,0.216,,0.0,7714.0
Solar Photovoltaic,62773,BTCOO,59.0,,59.0,59.0,2020,2050,0.256,,0.0,7714.0
Solar Photovoltaic,62774,BTKEL,40.356,,40.356,40.356,2020,2050,0.239,,0.0,7714.0
Solar Photovoltaic,62774,BTKEL,18.644,,18.644,18.644,2020,2050,0.239,,0.0,7714.0
Onshore Wind Turbine,62783,BLKJK,239.6,,239.6,239.6,2023,2053,0.279,,0.0,13321.0
Solar Photovoltaic,62804,GREA1,255.0,,255.0,255.0,2021,2051,0.178,,0.0,7714.0
Onshore Wind Turbine,62809,BMP,340.0,,340.0,340.0,2021,2051,0.293,,0.0,13321.0
Onshore Wind Turbine,62836,MNW,182.4,,182.4,182.4,2021,2051,0.316,,0.0,13321.0
Solar Photovoltaic,62845,SP1,225.0,,225.0,225.0,2020,2050,0.259,,0.0,7714.0
Onshore Wind Turbine,62846,WWE1,180.0,,180.0,180.0,2026,2056,0.279,,0.0,13321.0
Onshore Wind Turbine,62853,MVRCK,491.6,,491.6,491.6,2022,2052,0.335,,0.0,13321.0
Onshore Wind Turbine,62855,WRAYM,239.8,,239.8,239.8,2021,2051,0.366,,0.0,13321.0
Onshore Wind Turbine,62909,ERAYM,200.2,,200.2,200.2,2021,2051,0.364,,0.0,13321.0
Solar Photovoltaic,62932,OBR1B,30.0,,30.0,30.0,2020,2050,0.248,,0.0,7714.0
Solar Photovoltaic,62933,OBR1A,75.0,,75.0,75.0,2020,2050,0.254,,0.0,7714.0
Solar Photovoltaic,62933,OBR1A,75.0,,75.0,75.0,2020,2050,0.254,,0.0,7714.0
Solar Photovoltaic,62945,FJSOL,227.5,,227.5,227.5,2022,2052,0.235,,0.0,7714.0
Solar Photovoltaic,62953,1080,5.0,,5.0,5.0,2019,2049,0.234,,0.0,7714.0
Solar Photovoltaic,63027,20,10.0,,10.0,10.0,2019,2049,0.249,,0.0,7714.0
Onshore Wind Turbine,63100,WTG,300.0,,300.0,300.0,2020,2050,0.225,,0.0,13321.0
Onshore Wind Turbine,63101,WTG,201.6,,201.6,201.6,2020,2050,0.323,,0.0,13321.0
Solar Photovoltaic,63180,TXWHT,9.9,,9.9,9.9,2017,2047,0.239,,0.0,7714.0
Solar Photovoltaic,63194,GEN1,300.0,,300.0,300.0,2024,2054,0.176,,0.0,7714.0
Solar Photovoltaic,63202,701,163.8998879,,163.9075958,163.8998879,2026,2056,0.176,,0.0,9730.0
Onshore Wind Turbine,63209,AVTOR,525.0,,525.0,525.0,2021,2051,0.396,,0.0,13321.0
Solar Photovoltaic,63211,GEN1,250.0,,250.0,250.0,2022,2052,0.201,,0.0,7714.0
Solar Photovoltaic,63222,TXIM1,198.5,,198.5,198.5,2020,2050,0.214,,0.0,7714.0
Solar Photovoltaic,63223,UNIT1,50.7,,50.7,50.7,2022,2052,0.23,,0.0,7714.0
Solar Photovoltaic,63233,UNIT1,108.0,,108.0,108.0,2023,2053,0.176,,0.0,7714.0
Batteries,66872,BESS,100.0,158.3,100.0,100.0,2024,2039,0.85,,0.0,12544.0
Batteries,63255,2WPBA,40.0,40.0,40.0,40.0,2021,2051,0.0,,0.0,17250.0
Solar Photovoltaic,63255,2WPSO,420.0,,420.0,420.0,2021,2051,0.245,,0.0,9730.0
Solar Photovoltaic,63273,1215,120.0,,120.0,120.0,2020,2050,0.211,,0.0,7714.0
Solar Photovoltaic,63320,IPTTN,260.0,,260.0,260.0,2021,2051,0.301,,0.0,7714.0
Batteries,68334,EVCRK,103.0,298.7,103.0,103.0,2026,2041,,,,
Batteries,66792,FALFU,4.2669,4.2669,4.2669,4.2669,2024,2039,0.85,,0.0,12544.0
Solar Photovoltaic,63328,IPJNO,143.5,,143.5,143.5,2021,2051,0.303,,0.0,7714.0
Solar Photovoltaic,63328,JUNO1,162.1,,162.1,162.1,2021,2051,0.326,,0.0,7714.0
Solar Photovoltaic,63329,IPAGN,180.0,,187.2,180.0,2021,2051,0.262,,0.0,7714.0
Natural Gas Fired Combustion Turbine,63335,CTG-1,44.5,,60.5,49.8,2021,2076,0.126,10.745,2.276,3541.0
Natural Gas Fired Combustion Turbine,63335,CTG-2,44.5,,60.5,49.8,2021,2076,0.126,10.745,2.276,3541.0
Natural Gas Fired Combustion Turbine,63335,CTG-3,44.5,,60.5,49.8,2021,2076,0.126,10.745,2.276,3541.0
Natural Gas Fired Combustion Turbine,63335,CTG-4,44.5,,60.5,49.8,2021,2076,0.126,10.745,2.276,3541.0
Natural Gas Fired Combustion Turbine,63335,CTG-5,44.5,,60.5,49.8,2021,2076,0.126,10.745,2.276,3541.0
Natural Gas Fired Combustion Turbine,63335,CTG-6,44.5,,60.5,49.8,2021,2076,0.126,10.745,2.276,3541.0
Natural Gas Fired Combustion Turbine,63335,CTG-7,44.5,,60.5,49.8,2021,2076,0.126,10.745,2.276,3541.0
Natural Gas Fired Combustion Turbine,63335,CTG-8,44.5,,60.5,49.8,2021,2076,0.126,10.745,2.276,3541.0
Batteries,66792,FALFU,5.2371,5.2371,5.2371,5.2371,2024,2039,0.85,,0.0,12544.0
Batteries,66792,FALFU,0.396,0.396,0.396,0.396,2024,2039,0.85,,0.0,12544.0
Batteries,65812,FRMVL,4.2669,4.2669,4.2669,4.2669,2024,2039,0.85,,0.0,12544.0
Onshore Wind Turbine,63342,BKII,162.1,,162.1,162.1,2024,2054,0.279,,0.0,13321.0
Solar Photovoltaic,63343,GS2SF,110.0,,110.0,110.0,2023,2053,0.176,,0.0,7714.0
Solar Photovoltaic,63351,BBS2,115.0,,115.0,115.0,2020,2050,0.277,,0.0,7714.0
Solar Photovoltaic,63388,SOLAR,16.8,,16.8,16.8,2020,2050,0.352,,0.0,7714.0
Batteries,65812,FRMVL,5.2371,5.2371,5.2371,5.2371,2024,2039,0.85,,0.0,12544.0
Batteries,65812,FRMVL,0.396,0.396,0.396,0.396,2024,2039,0.85,,0.0,12544.0
Batteries,67843,FARM,9.9,24.7,9.9,9.9,2024,2039,0.85,,0.0,12544.0
Batteries,65813,FAULK,5.2371,5.2371,5.2371,5.2371,2022,2037,0.0,,0.0,12544.0
Batteries,65813,FAULK,0.396,0.396,0.396,0.396,2022,2037,0.0,,0.0,12544.0
Batteries,65813,FAULK,4.2669,4.2669,4.2669,4.2669,2022,2037,0.0,,0.0,12544.0
Batteries,66801,FNCBE,70.0,115.0,72.0,70.0,2024,2039,0.85,,0.0,12544.0
Solar Photovoltaic,63519,CRN1,150.0,,150.0,150.0,2020,2050,0.303,,0.0,7714.0
Batteries,66420,FWBAT,259.0,250.0,262.5,259.0,2024,2039,0.85,,0.0,12544.0
Batteries,64915,FLRV1,9.9,19.8,9.9,9.9,2021,2032,0.0,,0.0,12544.0
Onshore Wind Turbine,63624,LC,198.5,,198.5,198.5,2021,2051,0.255,,0.0,13321.0
Batteries,66007,BA,101.0,200.0,101.0,101.0,2022,2037,0.0,,0.0,17250.0
Batteries,67752,FTDUN,102.6,297.54,102.6,102.6,2025,2040,0.85,,0.0,12544.0
Onshore Wind Turbine,63655,COY,242.5,,242.5,242.5,2021,2051,0.299,,0.0,13321.0
Batteries,67656,FWATT,200.0,580.0,200.0,200.0,2026,2041,0.85,,0.0,12544.0
Natural Gas Fired Combustion Turbine,63688,CTG-1,44.5,,60.5,49.8,2021,2076,0.175,10.745,2.276,3541.0
Natural Gas Fired Combustion Turbine,63688,CTG-2,44.5,,60.5,49.8,2021,2076,0.175,10.745,2.276,3541.0
Natural Gas Fired Combustion Turbine,63688,CTG-3,44.5,,60.5,49.8,2021,2076,0.175,10.745,2.276,3541.0
Natural Gas Fired Combustion Turbine,63688,CTG-4,44.5,,60.5,49.8,2021,2076,0.175,10.745,2.276,3541.0
Natural Gas Fired Combustion Turbine,63688,CTG-5,44.5,,60.5,49.8,2021,2076,0.175,10.745,2.276,3541.0
Natural Gas Fired Combustion Turbine,63688,CTG-6,44.5,,60.5,49.8,2021,2076,0.175,10.745,2.276,3541.0
Natural Gas Fired Combustion Turbine,63688,CTG-7,44.5,,60.5,49.8,2021,2076,0.175,10.745,2.276,3541.0
Natural Gas Fired Combustion Turbine,63688,CTG-8,44.5,,60.5,49.8,2021,2076,0.175,10.745,2.276,3541.0
Natural Gas Fired Combustion Turbine,63688,CTG-9,44.5,,60.5,49.8,2021,2076,0.175,10.745,2.276,3541.0
Natural Gas Fired Combustion Turbine,63688,CTG10,44.5,,60.5,49.8,2021,2076,0.175,10.745,2.276,3541.0
Batteries,64528,1,100.0,200.0,100.0,100.0,2021,2036,0.0,,0.0,12544.0
Batteries,67284,GBA,70.5,115.0,70.5,70.5,2024,2039,0.85,,0.0,12544.0
Batteries,66791,GRDNE,4.2669,4.2669,4.2669,4.2669,2024,2039,0.85,,0.0,12544.0
Batteries,66791,GRDNE,0.396,0.396,0.396,0.396,2024,2039,0.85,,0.0,12544.0
Batteries,66791,GRDNE,5.2371,5.2371,5.2371,5.2371,2024,2039,0.85,,0.0,12544.0
Batteries,68428,GTSBY,103.4,299.86,103.4,103.4,2027,2042,,,,
Batteries,67860,GFTX,125.0,250.0,125.0,125.0,2024,2039,0.85,,0.0,12544.0
Onshore Wind Turbine,63738,HEL,268.2,,268.2,268.2,2022,2052,0.312,,0.0,13321.0
Onshore Wind Turbine,63739,LMAJ,272.6,,272.6,272.6,2021,2051,0.369,,0.0,13321.0
Batteries,65814,GOMEZ,5.2371,5.2371,5.2371,5.2371,2023,2038,0.85,,0.0,12544.0
Solar Photovoltaic,63764,TXEB1,134.7,,134.7,134.7,2021,2051,0.253,,0.0,7714.0
Solar Photovoltaic,63769,TXBC1,127.0,,127.0,127.0,2021,2051,0.247,,0.0,7714.0
Batteries,65814,GOMEZ,4.2669,4.2669,4.2669,4.2669,2023,2038,0.85,,0.0,12544.0
Batteries,65814,GOMEZ,0.396,0.396,0.396,0.396,2023,2038,0.85,,0.0,12544.0
Solar Photovoltaic,63797,GER01,80.0,,80.0,80.0,2023,2053,0.176,,0.0,7714.0
Solar Photovoltaic,63840,1111,250.0,,250.0,250.0,2024,2054,0.176,,0.0,7714.0
Solar Photovoltaic,63882,GEN1,200.0,,200.0,200.0,2024,2054,0.176,,0.0,7714.0
Solar Photovoltaic,63883,GEN1,250.0,,250.0,250.0,2022,2052,0.16,,0.0,7714.0
Solar Photovoltaic,63884,GEN1,310.0,,310.0,310.0,2024,2054,0.176,,0.0,7714.0
Solar Photovoltaic,63892,LILY,146.0,,146.7,146.0,2021,2051,0.269,,0.0,9730.0
Batteries,63892,LILYB,50.0,80.5,55.2,50.0,2021,2051,0.0,,0.0,17250.0
Batteries,63905,ASKYB,91.2,80.5,91.2,91.2,2022,2052,0.0,,0.0,17250.0
Solar Photovoltaic,63905,ASKYS,225.0,,225.0,225.0,2021,2051,0.278,,0.0,9730.0
Solar Photovoltaic,63985,FBS,240.0,,240.0,240.0,2023,2053,0.176,,0.0,7714.0
Batteries,66410,596,10.0,29.0,10.0,10.0,2024,2039,0.85,,0.0,12544.0
Solar Photovoltaic,64026,SF1,200.0,,200.0,200.0,2021,2051,0.259,,0.0,7714.0
Solar Photovoltaic,64075,TAYG2,203.8,,203.8,203.8,2023,2053,0.176,,0.0,7714.0
Solar Photovoltaic,64079,CS,10.0,,10.0,10.0,2020,2050,0.261,,0.0,7714.0
Batteries,68613,GUAJ1,200.0,580.0,228.7,200.0,2025,2040,,,,
Batteries,66871,BESS,300.0,870.0,300.0,300.0,2025,2040,0.85,,0.0,12544.0
Batteries,64131,ESS1,0.655599552,2.622398208,0.655630383,0.655599552,2025,2055,0.85,,0.0,12544.0
Solar Photovoltaic,64131,FGPV1,262.2398206,,262.6455314,262.2398206,2026,2056,0.176,,0.0,9730.0
Solar Photovoltaic,64132,PV1,200.0,,200.0,200.0,2026,2056,0.176,,0.0,7714.0
Solar Photovoltaic,64133,2222,430.0,,430.0,430.0,2024,2054,0.176,,0.0,7714.0
Petroleum Liquids,65541,IPS1,0.6,,0.6,0.6,2013,2063,0.006,10.745,4.092,10912.0
Onshore Wind Turbine,64149,WTW,366.6,,366.6,366.6,2022,2052,0.32,,0.0,13321.0
Batteries,66782,HAMIL,0.396,0.396,0.396,0.396,2024,2039,0.85,,0.0,12544.0
Onshore Wind Turbine,64164,ASWWT,350.2,,350.2,350.2,2024,2054,0.279,,0.0,13321.0
Onshore Wind Turbine,64165,WTG1,302.4,,302.4,302.4,2022,2052,0.34,,0.0,13321.0
Batteries,66782,HAMIL,5.2371,5.2371,5.2371,5.2371,2024,2039,0.85,,0.0,12544.0
Batteries,66782,HAMIL,4.2669,4.2669,4.2669,4.2669,2024,2039,0.85,,0.0,12544.0
Batteries,64202,BGSTB,80.0,232.0,80.0,80.0,2024,2054,0.85,,0.0,12544.0
Solar Photovoltaic,64202,BGSTS,200.0,,200.0,200.0,2024,2054,0.176,,0.0,9730.0
Solar Photovoltaic,64204,ELARA,130.0,,132.4,130.0,2021,2051,0.273,,0.0,7714.0
Solar Photovoltaic,64227,12001,9.5,,10.0,7.3,2019,2049,0.19,,0.0,7714.0
Solar Photovoltaic,64239,7V1,240.0,,240.0,240.0,2024,2054,0.176,,0.0,7714.0
Solar Photovoltaic,64258,OCISR,203.5,,203.5,203.5,2024,2054,0.176,,0.0,7714.0
Solar Photovoltaic,64259,OCICR,100.0,,100.0,100.0,2024,2054,0.176,,0.0,7714.0
Solar Photovoltaic,64260,OCISO,100.0,,100.0,100.0,2024,2054,0.176,,0.0,7714.0
Batteries,68580,MHB,150.0,435.0,150.0,150.0,2025,2040,,,,
Solar Photovoltaic,64325,PROSP,250.0,,250.0,250.0,2021,2051,0.269,,0.0,7714.0
Solar Photovoltaic,64347,7777,471.0,,471.0,471.0,2024,2054,0.179,,0.0,7714.0
Petroleum Liquids,65541,IPS2,0.6,,0.6,0.6,2013,2063,0.006,10.745,4.092,10912.0
Natural Gas Fired Combustion Turbine,64383,CTG-1,44.5,,60.5,49.8,2022,2077,0.088,10.745,2.276,3541.0
Natural Gas Fired Combustion Turbine,64383,CTG-2,44.5,,60.5,49.8,2022,2077,0.088,10.745,2.276,3541.0
Natural Gas Fired Combustion Turbine,64383,CTG-3,44.5,,60.5,49.8,2022,2077,0.088,10.745,2.276,3541.0
Natural Gas Fired Combustion Turbine,64383,CTG-4,44.5,,60.5,49.8,2022,2077,0.088,10.745,2.276,3541.0
Natural Gas Fired Combustion Turbine,64383,CTG-5,44.5,,60.5,49.8,2022,2077,0.088,10.745,2.276,3541.0
Natural Gas Fired Combustion Turbine,64383,CTG-6,44.5,,60.5,49.8,2022,2077,0.088,10.745,2.276,3541.0
Natural Gas Fired Combustion Turbine,64383,CTG-7,44.5,,60.5,49.8,2022,2077,0.088,10.745,2.276,3541.0
Natural Gas Fired Combustion Turbine,64383,CTG-8,44.5,,60.5,49.8,2022,2077,0.088,10.745,2.276,3541.0
Petroleum Liquids,65541,IPS3,0.6,,0.6,0.6,2013,2063,0.006,10.745,4.092,10912.0
Petroleum Liquids,65541,IPS4,0.6,,0.6,0.6,2013,2063,0.006,10.745,4.092,10912.0
Batteries,66414,RMSY,500.0,1450.0,500.0,500.0,2025,2040,0.85,,0.0,12544.0
Batteries,66411,RMSY,255.0,739.5,255.0,255.0,2025,2040,0.85,,0.0,12544.0
Batteries,64297,H8S,9.9,9.9,9.9,9.9,2020,2035,0.0,,0.0,12544.0
Solar Photovoltaic,64447,GEN1,200.0,,200.0,200.0,2022,2052,0.231,,0.0,7714.0
Petroleum Liquids,65541,IPS5,0.6,,0.6,0.6,2013,2063,0.006,10.745,4.092,10912.0
Batteries,67844,HIDD,9.9,28.71,9.9,9.9,2025,2040,0.85,,0.0,12544.0
Batteries,68809,HL001,220.0,638.0,220.0,220.0,2025,2040,,,,
Batteries,62562,BA,51.0,81.0,63.3,51.0,2023,2038,0.85,,0.0,12544.0
Batteries,65838,HOEFS,2.0,5.8,2.0,2.0,2021,2036,0.0,,0.0,12544.0
Batteries,65829,HOLCO,5.2668,5.2668,5.2668,5.2668,2023,2038,0.85,,0.0,12544.0
Batteries,65829,HOLCO,0.3366,0.3366,0.3366,0.3366,2023,2038,0.85,,0.0,12544.0
Batteries,65829,HOLCO,4.2966,4.2966,4.2966,4.2966,2023,2038,0.85,,0.0,12544.0
Solar Photovoltaic,64538,KOV4A,200.0,,200.0,200.0,2021,2051,0.193,,0.0,7714.0
Onshore Wind Turbine,64544,WT2,148.0,,148.0,148.0,2024,2054,0.279,,0.0,13321.0
Batteries,67896,229HD,100.0,290.0,100.0,100.0,2026,2041,0.85,,0.0,12544.0
Onshore Wind Turbine,64551,WT2,114.9,,114.9,114.9,2024,2054,0.279,,0.0,13321.0
Petroleum Liquids,65541,IPS6,0.6,,0.6,0.6,2013,2063,0.006,10.745,4.092,10912.0
Petroleum Liquids,65541,IPS7,0.6,,0.6,0.6,2013,2063,0.006,10.745,4.092,10912.0
Onshore Wind Turbine,64591,EEA,200.2,,200.2,200.2,2022,2052,0.359,,0.0,13321.0
Petroleum Liquids,65541,IPS8,0.6,,0.6,0.6,2013,2063,0.006,10.745,4.092,10912.0
Batteries,66006,BA,63.0,120.0,73.2,63.0,2023,2038,0.85,,0.0,17250.0
Onshore Wind Turbine,64639,ESCA,336.0,,336.0,336.0,2022,2052,0.339,,0.0,13321.0
Batteries,64672,BLUEJ,51.6,84.5,51.6,51.6,2023,2053,0.85,,0.0,17250.0
Solar Photovoltaic,64672,BLUJS,210.0,,210.0,210.0,2024,2054,0.176,,0.0,9730.0
Batteries,65490,HYDRA,200.0,200.0,200.0,200.0,2024,2039,0.85,,0.0,12544.0
Onshore Wind Turbine,64710,WM001,500.6,,500.6,500.6,2021,2051,0.404,,0.0,13321.0
Batteries,64089,IGN01,100.0,100.0,100.0,100.0,2023,2042,0.85,,0.0,12544.0
Batteries,56984,INABT,9.9,9.9,9.9,9.9,2018,2033,0.0,,0.0,12544.0
Petroleum Liquids,65541,MUN1,0.6,,0.6,0.6,2014,2064,0.006,10.745,4.092,10912.0
Petroleum Liquids,65541,MUN2,0.6,,0.6,0.6,2014,2064,0.006,10.745,4.092,10912.0
Petroleum Liquids,65541,MUN3,0.6,,0.6,0.6,2014,2064,0.006,10.745,4.092,10912.0
Petroleum Liquids,65541,MUN4,0.6,,0.6,0.6,2014,2064,0.006,10.745,4.092,10912.0
Batteries,64859,RADBA,160.0,464.0,160.0,160.0,2025,2040,0.85,,0.0,12544.0
Batteries,67059,1,400.0,1160.0,400.0,400.0,2025,2040,0.85,,0.0,12544.0
Solar Photovoltaic,64821,FLPS1,1.0,,1.0,1.0,2021,2051,0.274,,0.0,7714.0
Solar Photovoltaic,64823,FLPS2,1.0,,1.0,1.0,2021,2051,0.28,,0.0,7714.0
Solar Photovoltaic,64824,FLPS3,1.0,,1.0,1.0,2021,2051,0.243,,0.0,7714.0
Solar Photovoltaic,64825,FLPS4,1.0,,1.0,1.0,2021,2051,0.248,,0.0,7714.0
Solar Photovoltaic,64826,FLPS5,1.0,,1.0,1.0,2021,2051,0.244,,0.0,7714.0
Solar Photovoltaic,64827,FLPS6,1.0,,1.0,1.0,2021,2051,0.241,,0.0,7714.0
Solar Photovoltaic,64828,FLPS7,1.0,,1.0,1.0,2021,2051,0.257,,0.0,7714.0
Batteries,67658,JERBO,200.0,580.0,200.0,200.0,2026,2041,0.85,,0.0,12544.0
Solar Photovoltaic,64859,IPRAD,320.0,,320.0,320.0,2023,2053,0.176,,0.0,7714.0
Batteries,66790,JUDKS,0.396,0.396,0.396,0.396,2024,2039,0.85,,0.0,12544.0
Solar Photovoltaic,64892,ERATH,9.9,,9.9,9.9,2021,2051,0.296,,0.0,7714.0
Batteries,66790,JUDKS,5.2371,5.2371,5.2371,5.2371,2024,2039,0.85,,0.0,12544.0
Batteries,66790,JUDKS,4.2669,4.2669,4.2669,4.2669,2024,2039,0.85,,0.0,12544.0
Batteries,65830,JUNCT,4.2669,4.2669,4.2669,4.2669,2023,2038,0.85,,0.0,12544.0
Batteries,65830,JUNCT,5.2371,5.2371,5.2371,5.2371,2023,2038,0.85,,0.0,12544.0
Solar Photovoltaic,64927,AKS01,500.0,,500.0,500.0,2023,2053,0.176,,0.0,7714.0
Batteries,65830,JUNCT,0.396,0.396,0.396,0.396,2023,2038,0.85,,0.0,12544.0
Batteries,67845,JUTX5,9.9,24.7,9.9,9.9,2024,2039,0.85,,0.0,12544.0
Solar Photovoltaic,64981,CPSS1,130.0,,130.0,130.0,2026,2056,0.176,,0.0,9730.0
Solar Photovoltaic,64999,CPNS1,350.0,,350.0,350.0,2026,2056,0.176,,0.0,7714.0
Natural Gas Internal Combustion Engine,65026,H2921,0.4,,0.4,0.4,2016,2071,0.028,14.183,2.276,3541.0
Natural Gas Internal Combustion Engine,65026,H2922,0.4,,0.4,0.4,2016,2071,0.028,14.163,2.276,3541.0
Natural Gas Internal Combustion Engine,65026,H2923,0.4,,0.4,0.4,2016,2071,0.028,14.163,2.276,3541.0
Batteries,65028,ROSEB,51.8,84.5,51.8,51.8,2023,2053,0.85,,0.0,17250.0
Solar Photovoltaic,65028,ROSES,500.0,,500.0,500.0,2024,2054,0.176,,0.0,9730.0
Solar Photovoltaic,65034,CSBS1,230.0,,230.0,230.0,2023,2053,0.176,,0.0,7714.0
Onshore Wind Turbine,65048,HW001,300.0,,300.0,300.0,2021,2051,0.425,,0.0,13321.0
Onshore Wind Turbine,65162,LCW1,301.3,,301.3,301.3,2022,2052,0.457,,0.0,13321.0
Petroleum Liquids,65535,BAK1,0.5,,0.6,0.6,2013,2063,0.01,10.745,4.092,10912.0
Petroleum Liquids,65535,BAK10,0.5,,0.6,0.6,2013,2063,0.01,10.745,4.092,10912.0
Petroleum Liquids,65535,BAK11,0.5,,0.6,0.6,2013,2063,0.01,10.745,4.092,10912.0
Petroleum Liquids,65535,BAK12,0.5,,0.6,0.6,2013,2063,0.01,10.745,4.092,10912.0
Petroleum Liquids,65535,BAK13,0.5,,0.6,0.6,2013,2063,0.01,10.745,4.092,10912.0
Petroleum Liquids,65535,BAK14,0.5,,0.6,0.6,2013,2063,0.01,10.745,4.092,10912.0
Petroleum Liquids,65535,BAK15,0.5,,0.6,0.6,2013,2063,0.01,10.745,4.092,10912.0
Petroleum Liquids,65535,BAK2,0.5,,0.6,0.6,2013,2063,0.01,10.745,4.092,10912.0
Petroleum Liquids,65535,BAK3,0.5,,0.6,0.6,2013,2063,0.01,10.745,4.092,10912.0
Petroleum Liquids,65535,BAK4,0.5,,0.6,0.6,2013,2063,0.01,10.745,4.092,10912.0
Petroleum Liquids,65535,BAK5,0.5,,0.6,0.6,2013,2063,0.01,10.745,4.092,10912.0
Petroleum Liquids,65535,BAK6,0.5,,0.6,0.6,2013,2063,0.01,10.745,4.092,10912.0
Petroleum Liquids,65535,BAK7,0.5,,0.6,0.6,2013,2063,0.01,10.745,4.092,10912.0
Petroleum Liquids,65535,BAK8,0.5,,0.6,0.6,2013,2063,0.01,10.745,4.092,10912.0
Petroleum Liquids,65535,BAK9,0.5,,0.6,0.6,2013,2063,0.01,10.745,4.092,10912.0
Petroleum Liquids,65536,CC1,0.5,,0.6,0.6,2013,2063,0.008,10.745,4.092,10912.0
Batteries,65788,TX14,100.0,290.0,100.0,100.0,2026,2041,0.85,,0.0,12544.0
Natural Gas Internal Combustion Engine,65261,H0201,0.4,,0.4,0.4,2018,2073,0.03,14.961,2.276,3541.0
Natural Gas Internal Combustion Engine,65261,H0202,0.4,,0.4,0.4,2018,2073,0.03,14.939,2.276,3541.0
Natural Gas Internal Combustion Engine,65261,H0203,0.4,,0.4,0.4,2018,2073,0.03,14.939,2.276,3541.0
Natural Gas Internal Combustion Engine,65262,H0281,0.4,,0.4,0.4,2017,2072,0.032,13.991,2.276,3541.0
Natural Gas Internal Combustion Engine,65262,H0282,0.4,,0.4,0.4,2017,2072,0.032,13.988,2.276,3541.0
Natural Gas Internal Combustion Engine,65262,H0283,0.4,,0.4,0.4,2017,2072,0.032,13.988,2.276,3541.0
Natural Gas Internal Combustion Engine,65263,H0381,0.4,,0.4,0.4,2018,2073,0.023,15.16,2.276,3541.0
Natural Gas Internal Combustion Engine,65263,H0382,0.4,,0.4,0.4,2018,2073,0.023,15.131,2.276,3541.0
Natural Gas Internal Combustion Engine,65263,H0383,0.4,,0.4,0.4,2018,2073,0.023,15.131,2.276,3541.0
Natural Gas Internal Combustion Engine,65264,H0541,0.4,,0.4,0.4,2018,2073,0.021,15.013,2.276,3541.0
Natural Gas Internal Combustion Engine,65264,H0542,0.4,,0.4,0.4,2018,2073,0.021,15.009,2.276,3541.0
Natural Gas Internal Combustion Engine,65264,H0543,0.4,,0.4,0.4,2018,2073,0.021,15.009,2.276,3541.0
Natural Gas Internal Combustion Engine,65265,H0571,0.4,,0.4,0.4,2017,2072,0.03,14.297,2.276,3541.0
Natural Gas Internal Combustion Engine,65265,H0572,0.4,,0.4,0.4,2017,2072,0.03,14.311,2.276,3541.0
Natural Gas Internal Combustion Engine,65265,H0573,0.4,,0.4,0.4,2017,2072,0.03,14.311,2.276,3541.0
Natural Gas Internal Combustion Engine,65266,H0701,0.4,,0.4,0.4,2018,2073,0.037,14.229,2.276,3541.0
Natural Gas Internal Combustion Engine,65266,H0702,0.4,,0.4,0.4,2018,2073,0.037,14.204,2.276,3541.0
Natural Gas Internal Combustion Engine,65266,H0703,0.4,,0.4,0.4,2018,2073,0.037,14.204,2.276,3541.0
Natural Gas Internal Combustion Engine,65267,H0991,0.4,,0.4,0.4,2017,2072,0.033,14.199,2.276,3541.0
Natural Gas Internal Combustion Engine,65267,H0992,0.4,,0.4,0.4,2017,2072,0.033,14.196,2.276,3541.0
Natural Gas Internal Combustion Engine,65267,H0993,0.4,,0.4,0.4,2017,2072,0.033,14.196,2.276,3541.0
Natural Gas Internal Combustion Engine,65268,H1091,0.4,,0.4,0.4,2018,2073,0.033,14.732,2.276,3541.0
Natural Gas Internal Combustion Engine,65268,H1092,0.4,,0.4,0.4,2018,2073,0.033,14.719,2.276,3541.0
Natural Gas Internal Combustion Engine,65268,H1093,0.4,,0.4,0.4,2018,2073,0.033,14.719,2.276,3541.0
Natural Gas Internal Combustion Engine,65269,H1101,0.4,,0.4,0.4,2017,2072,0.023,14.322,2.276,3541.0
Natural Gas Internal Combustion Engine,65269,H1102,0.4,,0.4,0.4,2017,2072,0.023,14.341,2.276,3541.0
Natural Gas Internal Combustion Engine,65269,H1103,0.4,,0.4,0.4,2017,2072,0.023,14.341,2.276,3541.0
Solar Photovoltaic,65271,NBSLR,275.0,,275.0,275.0,2022,2052,0.22,,0.0,9730.0
Natural Gas Internal Combustion Engine,65274,H1821,0.4,,0.4,0.4,2018,2073,0.028,13.683,2.276,3541.0
Natural Gas Internal Combustion Engine,65274,H1822,0.4,,0.4,0.4,2018,2073,0.028,13.694,2.276,3541.0
Natural Gas Internal Combustion Engine,65274,H1823,0.4,,0.4,0.4,2018,2073,0.028,13.694,2.276,3541.0
Solar Photovoltaic,65303,SUNS,250.0,,250.0,250.0,2022,2052,0.245,,0.0,7714.0
Onshore Wind Turbine,65306,LIMEW,299.2,,299.2,299.2,2022,2052,0.308,,0.0,13321.0
Solar Photovoltaic,65308,HRZNS,200.0,,200.0,200.0,2023,2053,0.176,,0.0,7714.0
Solar Photovoltaic,65333,785,200.0,,200.0,200.0,2022,2052,0.215,,0.0,7714.0
Onshore Wind Turbine,65335,WAPPA,171.8,,171.8,171.8,2022,2052,0.437,,0.0,13321.0
Solar Photovoltaic,65344,66148,95.06193498,,95.06640554,95.06193498,2025,2055,0.176,,0.0,9730.0
Batteries,65344,66149,49.16996637,196.67986548,49.17227873,49.16996637,2025,2055,0.85,,0.0,12544.0
Petroleum Liquids,65536,CC10,0.5,,0.6,0.6,2013,2063,0.008,10.745,4.092,10912.0
Petroleum Liquids,65536,CC11,0.5,,0.6,0.6,2013,2063,0.008,10.745,4.092,10912.0
Natural Gas Fired Combustion Turbine,65372,CTG-1,44.6,,60.5,49.8,2022,2077,0.046,10.745,2.276,3541.0
Natural Gas Fired Combustion Turbine,65372,CTG-2,44.6,,60.5,49.8,2022,2077,0.046,10.745,2.276,3541.0
Natural Gas Fired Combustion Turbine,65372,CTG-3,44.6,,60.5,49.8,2022,2077,0.046,10.745,2.276,3541.0
Natural Gas Fired Combustion Turbine,65372,CTG-4,44.6,,60.5,49.8,2022,2077,0.046,10.745,2.46,4120.0
Natural Gas Fired Combustion Turbine,65372,CTG-5,44.6,,60.5,49.8,2022,2077,0.046,10.745,2.46,4120.0
Natural Gas Fired Combustion Turbine,65372,CTG-6,44.6,,60.5,49.8,2022,2077,0.046,10.745,2.46,4120.0
Natural Gas Fired Combustion Turbine,65373,CTG-1,44.6,,60.5,49.8,2023,2078,0.924,9.447,2.276,3541.0
Natural Gas Fired Combustion Turbine,65373,CTG-2,44.6,,60.5,49.8,2023,2078,0.924,9.447,2.276,3541.0
Natural Gas Fired Combustion Turbine,65373,CTG-3,44.6,,60.5,49.8,2023,2078,0.924,9.447,2.276,3541.0
Natural Gas Fired Combustion Turbine,65373,CTG-4,44.6,,60.5,49.8,2023,2078,0.924,9.447,2.46,4120.0
Natural Gas Fired Combustion Turbine,65373,CTG-5,44.6,,60.5,49.8,2023,2078,0.924,9.447,2.46,4120.0
Natural Gas Fired Combustion Turbine,65373,CTG-6,44.6,,60.5,49.8,2023,2078,0.924,9.447,2.46,4120.0
Petroleum Liquids,65536,CC12,0.5,,0.6,0.6,2013,2063,0.008,10.745,4.092,10912.0
Petroleum Liquids,65536,CC13,0.5,,0.6,0.6,2013,2063,0.008,10.745,4.092,10912.0
Batteries,61741,KBESS,1.5,3.0,1.5,1.5,2018,2033,0.0,,0.0,12544.0
Solar Photovoltaic,65521,LBSOL,78.1,,78.1,78.1,2022,2052,0.219,,0.0,7714.0
Petroleum Liquids,65536,CC14,0.5,,0.6,0.6,2013,2063,0.008,10.745,4.092,10912.0
Petroleum Liquids,65536,CC15,0.5,,0.6,0.6,2013,2063,0.008,10.745,4.092,10912.0
Petroleum Liquids,65536,CC2,0.5,,0.6,0.6,2013,2063,0.008,10.745,4.092,10912.0
Petroleum Liquids,65536,CC3,0.5,,0.6,0.6,2013,2063,0.008,10.745,4.092,10912.0
Petroleum Liquids,65536,CC4,0.5,,0.6,0.6,2013,2063,0.008,10.745,4.092,10912.0
Petroleum Liquids,65536,CC5,0.5,,0.6,0.6,2013,2063,0.008,10.745,4.092,10912.0
Petroleum Liquids,65536,CC6,0.5,,0.6,0.6,2013,2063,0.008,10.745,4.092,10912.0
Petroleum Liquids,65536,CC7,0.5,,0.6,0.6,2013,2063,0.008,10.745,4.092,10912.0
Petroleum Liquids,65536,CC8,0.5,,0.6,0.6,2013,2063,0.008,10.745,4.092,10912.0
Petroleum Liquids,65536,CC9,0.5,,0.6,0.6,2013,2063,0.008,10.745,4.092,10912.0
Petroleum Liquids,65537,CLA1,0.5,,0.6,0.6,2013,2063,0.008,10.745,4.092,10912.0
Petroleum Liquids,65537,CLA10,0.5,,0.6,0.6,2013,2063,0.008,10.745,4.092,10912.0
Petroleum Liquids,65537,CLA11,0.5,,0.6,0.6,2013,2063,0.008,10.745,4.092,10912.0
Petroleum Liquids,65537,CLA12,0.5,,0.6,0.6,2013,2063,0.008,10.745,4.092,10912.0
Petroleum Liquids,65537,CLA13,0.5,,0.6,0.6,2013,2063,0.008,10.745,4.092,10912.0
Petroleum Liquids,65537,CLA14,0.5,,0.6,0.6,2013,2063,0.008,10.745,4.092,10912.0
Petroleum Liquids,65537,CLA15,0.5,,0.6,0.6,2013,2063,0.008,10.745,4.092,10912.0
Petroleum Liquids,65537,CLA2,0.5,,0.6,0.6,2013,2063,0.008,10.745,4.092,10912.0
Petroleum Liquids,65537,CLA3,0.5,,0.6,0.6,2013,2063,0.008,10.745,4.092,10912.0
Petroleum Liquids,65537,CLA4,0.5,,0.6,0.6,2013,2063,0.008,10.745,4.092,10912.0
Petroleum Liquids,65537,CLA5,0.5,,0.6,0.6,2013,2063,0.008,10.745,4.092,10912.0
Petroleum Liquids,65537,CLA6,0.5,,0.6,0.6,2013,2063,0.008,10.745,4.092,10912.0
Petroleum Liquids,65537,CLA7,0.5,,0.6,0.6,2013,2063,0.008,10.745,4.092,10912.0
Petroleum Liquids,65537,CLA8,0.5,,0.6,0.6,2013,2063,0.008,10.745,4.092,10912.0
Petroleum Liquids,65537,CLA9,0.5,,0.6,0.6,2013,2063,0.008,10.745,4.092,10912.0
Petroleum Liquids,65538,CUT1,0.5,,0.6,0.6,2013,2063,0.009,10.745,4.092,10912.0
Petroleum Liquids,65538,CUT10,0.5,,0.6,0.6,2013,2063,0.009,10.745,4.092,10912.0
Petroleum Liquids,65538,CUT11,0.5,,0.6,0.6,2013,2063,0.009,10.745,4.092,10912.0
Petroleum Liquids,65538,CUT12,0.5,,0.6,0.6,2013,2063,0.009,10.745,4.092,10912.0
Petroleum Liquids,65538,CUT13,0.5,,0.6,0.6,2013,2063,0.009,10.745,4.092,10912.0
Petroleum Liquids,65538,CUT14,0.5,,0.6,0.6,2013,2063,0.009,10.745,4.092,10912.0
Petroleum Liquids,65538,CUT15,0.5,,0.6,0.6,2013,2063,0.009,10.745,4.092,10912.0
Petroleum Liquids,65538,CUT2,0.5,,0.6,0.6,2013,2063,0.009,10.745,4.092,10912.0
Petroleum Liquids,65538,CUT3,0.5,,0.6,0.6,2013,2063,0.009,10.745,4.092,10912.0
Petroleum Liquids,65538,CUT4,0.5,,0.6,0.6,2013,2063,0.009,10.745,4.092,10912.0
Petroleum Liquids,65538,CUT5,0.5,,0.6,0.6,2013,2063,0.009,10.745,4.092,10912.0
Petroleum Liquids,65538,CUT6,0.5,,0.6,0.6,2013,2063,0.009,10.745,4.092,10912.0
Petroleum Liquids,65538,CUT7,0.5,,0.6,0.6,2013,2063,0.009,10.745,4.092,10912.0
Petroleum Liquids,65538,CUT8,0.5,,0.6,0.6,2013,2063,0.009,10.745,4.092,10912.0
Petroleum Liquids,65538,CUT9,0.5,,0.6,0.6,2013,2063,0.009,10.745,4.092,10912.0
Petroleum Liquids,65539,EPC1,0.5,,0.6,0.6,2013,2063,0.007,10.745,4.092,10912.0
Petroleum Liquids,65539,EPC10,0.5,,0.6,0.6,2013,2063,0.007,10.745,4.092,10912.0
Petroleum Liquids,65539,EPC11,0.5,,0.6,0.6,2013,2063,0.007,10.745,4.092,10912.0
Petroleum Liquids,65539,EPC12,0.5,,0.6,0.6,2013,2063,0.007,10.745,4.092,10912.0
Petroleum Liquids,65539,EPC13,0.5,,0.6,0.6,2013,2063,0.007,10.745,4.092,10912.0
Petroleum Liquids,65539,EPC14,0.5,,0.6,0.6,2013,2063,0.007,10.745,4.092,10912.0
Petroleum Liquids,65539,EPC15,0.5,,0.6,0.6,2013,2063,0.007,10.745,4.092,10912.0
Petroleum Liquids,65539,EPC2,0.5,,0.6,0.6,2013,2063,0.007,10.745,4.092,10912.0
Petroleum Liquids,65539,EPC3,0.5,,0.6,0.6,2013,2063,0.007,10.745,4.092,10912.0
Petroleum Liquids,65539,EPC4,0.5,,0.6,0.6,2013,2063,0.007,10.745,4.092,10912.0
Petroleum Liquids,65539,EPC5,0.5,,0.6,0.6,2013,2063,0.007,10.745,4.092,10912.0
Petroleum Liquids,65539,EPC6,0.5,,0.6,0.6,2013,2063,0.007,10.745,4.092,10912.0
Petroleum Liquids,65539,EPC7,0.5,,0.6,0.6,2013,2063,0.007,10.745,4.092,10912.0
Petroleum Liquids,65539,EPC8,0.5,,0.6,0.6,2013,2063,0.007,10.745,4.092,10912.0
Petroleum Liquids,65539,EPC9,0.5,,0.6,0.6,2013,2063,0.007,10.745,4.092,10912.0
Petroleum Liquids,65540,FRA1,0.5,,0.6,0.6,2013,2063,0.007,10.745,4.092,10912.0
Petroleum Liquids,65540,FRA10,0.5,,0.6,0.6,2013,2063,0.007,10.745,4.092,10912.0
Petroleum Liquids,65540,FRA11,0.5,,0.6,0.6,2013,2063,0.007,10.745,4.092,10912.0
Petroleum Liquids,65540,FRA12,0.5,,0.6,0.6,2013,2063,0.007,10.745,4.092,10912.0
Petroleum Liquids,65540,FRA13,0.5,,0.6,0.6,2013,2063,0.007,10.745,4.092,10912.0
Petroleum Liquids,65540,FRA14,0.5,,0.6,0.6,2013,2063,0.007,10.745,4.092,10912.0
Petroleum Liquids,65540,FRA15,0.5,,0.6,0.6,2013,2063,0.007,10.745,4.092,10912.0
Petroleum Liquids,65540,FRA2,0.5,,0.6,0.6,2013,2063,0.007,10.745,4.092,10912.0
Petroleum Liquids,65540,FRA3,0.5,,0.6,0.6,2013,2063,0.007,10.745,4.092,10912.0
Petroleum Liquids,65540,FRA4,0.5,,0.6,0.6,2013,2063,0.007,10.745,4.092,10912.0
Petroleum Liquids,65540,FRA5,0.5,,0.6,0.6,2013,2063,0.007,10.745,4.092,10912.0
Petroleum Liquids,65540,FRA6,0.5,,0.6,0.6,2013,2063,0.007,10.745,4.092,10912.0
Petroleum Liquids,65540,FRA7,0.5,,0.6,0.6,2013,2063,0.007,10.745,4.092,10912.0
Petroleum Liquids,65540,FRA8,0.5,,0.6,0.6,2013,2063,0.007,10.745,4.092,10912.0
Petroleum Liquids,65540,FRA9,0.5,,0.6,0.6,2013,2063,0.007,10.745,4.092,10912.0
Petroleum Liquids,65542,GS1,0.5,,0.6,0.6,2013,2063,0.008,10.745,4.092,10912.0
Petroleum Liquids,65542,GS10,0.5,,0.6,0.6,2013,2063,0.008,10.745,4.092,10912.0
Petroleum Liquids,65542,GS11,0.5,,0.6,0.6,2013,2063,0.008,10.745,4.092,10912.0
Petroleum Liquids,65542,GS12,0.5,,0.6,0.6,2013,2063,0.008,10.745,4.092,10912.0
Petroleum Liquids,65542,GS13,0.5,,0.6,0.6,2013,2063,0.008,10.745,4.092,10912.0
Petroleum Liquids,65542,GS14,0.5,,0.6,0.6,2013,2063,0.008,10.745,4.092,10912.0
Petroleum Liquids,65542,GS15,0.5,,0.6,0.6,2013,2063,0.008,10.745,4.092,10912.0
Petroleum Liquids,65542,GS2,0.5,,0.6,0.6,2013,2063,0.008,10.745,4.092,10912.0
Petroleum Liquids,65542,GS3,0.5,,0.6,0.6,2013,2063,0.008,10.745,4.092,10912.0
Petroleum Liquids,65542,GS4,0.5,,0.6,0.6,2013,2063,0.008,10.745,4.092,10912.0
Petroleum Liquids,65542,GS5,0.5,,0.6,0.6,2013,2063,0.008,10.745,4.092,10912.0
Petroleum Liquids,65542,GS6,0.5,,0.6,0.6,2013,2063,0.008,10.745,4.092,10912.0
Petroleum Liquids,65542,GS7,0.5,,0.6,0.6,2013,2063,0.008,10.745,4.092,10912.0
Petroleum Liquids,65542,GS8,0.5,,0.6,0.6,2013,2063,0.008,10.745,4.092,10912.0
Petroleum Liquids,65542,GS9,0.5,,0.6,0.6,2013,2063,0.008,10.745,4.092,10912.0
Petroleum Liquids,65543,MK1,0.5,,0.6,0.6,2013,2063,0.008,10.745,4.092,10912.0
Petroleum Liquids,65543,MK10,0.5,,0.6,0.6,2013,2063,0.008,10.745,4.092,10912.0
Petroleum Liquids,65543,MK11,0.5,,0.6,0.6,2013,2063,0.008,10.745,4.092,10912.0
Petroleum Liquids,65543,MK12,0.5,,0.6,0.6,2013,2063,0.008,10.745,4.092,10912.0
Petroleum Liquids,65543,MK13,0.5,,0.6,0.6,2013,2063,0.008,10.745,4.092,10912.0
Petroleum Liquids,65543,MK14,0.5,,0.6,0.6,2013,2063,0.008,10.745,4.092,10912.0
Petroleum Liquids,65543,MK15,0.5,,0.6,0.6,2013,2063,0.008,10.745,4.092,10912.0
Petroleum Liquids,65543,MK2,0.5,,0.6,0.6,2013,2063,0.008,10.745,4.092,10912.0
Petroleum Liquids,65543,MK3,0.5,,0.6,0.6,2013,2063,0.008,10.745,4.092,10912.0
Petroleum Liquids,65543,MK4,0.5,,0.6,0.6,2013,2063,0.008,10.745,4.092,10912.0
Petroleum Liquids,65543,MK5,0.5,,0.6,0.6,2013,2063,0.008,10.745,4.092,10912.0
Petroleum Liquids,65543,MK6,0.5,,0.6,0.6,2013,2063,0.008,10.745,4.092,10912.0
Petroleum Liquids,65543,MK7,0.5,,0.6,0.6,2013,2063,0.008,10.745,4.092,10912.0
Petroleum Liquids,65543,MK8,0.5,,0.6,0.6,2013,2063,0.008,10.745,4.092,10912.0
Petroleum Liquids,65543,MK9,0.5,,0.6,0.6,2013,2063,0.008,10.745,4.092,10912.0
Petroleum Liquids,65544,NMF1,0.5,,0.6,0.6,2013,2063,0.009,10.745,4.092,10912.0
Petroleum Liquids,65544,NMF10,0.5,,0.6,0.6,2013,2063,0.009,10.745,4.092,10912.0
Petroleum Liquids,65544,NMF11,0.5,,0.6,0.6,2013,2063,0.009,10.745,4.092,10912.0
Petroleum Liquids,65544,NMF12,0.5,,0.6,0.6,2013,2063,0.009,10.745,4.092,10912.0
Petroleum Liquids,65544,NMF13,0.5,,0.6,0.6,2013,2063,0.009,10.745,4.092,10912.0
Petroleum Liquids,65544,NMF14,0.5,,0.6,0.6,2013,2063,0.009,10.745,4.092,10912.0
Petroleum Liquids,65544,NMF15,0.5,,0.6,0.6,2013,2063,0.009,10.745,4.092,10912.0
Petroleum Liquids,65544,NMF2,0.5,,0.6,0.6,2013,2063,0.009,10.745,4.092,10912.0
Petroleum Liquids,65544,NMF3,0.5,,0.6,0.6,2013,2063,0.009,10.745,4.092,10912.0
Petroleum Liquids,65544,NMF4,0.5,,0.6,0.6,2013,2063,0.009,10.745,4.092,10912.0
Petroleum Liquids,65544,NMF5,0.5,,0.6,0.6,2013,2063,0.009,10.745,4.092,10912.0
Petroleum Liquids,65544,NMF6,0.5,,0.6,0.6,2013,2063,0.009,10.745,4.092,10912.0
Petroleum Liquids,65544,NMF7,0.5,,0.6,0.6,2013,2063,0.009,10.745,4.092,10912.0
Petroleum Liquids,65544,NMF8,0.5,,0.6,0.6,2013,2063,0.009,10.745,4.092,10912.0
Petroleum Liquids,65544,NMF9,0.5,,0.6,0.6,2013,2063,0.009,10.745,4.092,10912.0
Petroleum Liquids,65573,RR1,0.5,,0.6,0.6,2013,2063,0.008,10.745,4.092,10912.0
Petroleum Liquids,65573,RR10,0.5,,0.6,0.6,2013,2063,0.008,10.745,4.092,10912.0
Petroleum Liquids,65573,RR11,0.5,,0.6,0.6,2013,2063,0.008,10.745,4.092,10912.0
Petroleum Liquids,65573,RR12,0.5,,0.6,0.6,2013,2063,0.008,10.745,4.092,10912.0
Petroleum Liquids,65573,RR13,0.5,,0.6,0.6,2013,2063,0.008,10.745,4.092,10912.0
Petroleum Liquids,65573,RR14,0.5,,0.6,0.6,2013,2063,0.008,10.745,4.092,10912.0
Petroleum Liquids,65573,RR15,0.5,,0.6,0.6,2013,2063,0.008,10.745,4.092,10912.0
Petroleum Liquids,65573,RR2,0.5,,0.6,0.6,2013,2063,0.008,10.745,4.092,10912.0
Petroleum Liquids,65573,RR3,0.5,,0.6,0.6,2013,2063,0.008,10.745,4.092,10912.0
Petroleum Liquids,65573,RR4,0.5,,0.6,0.6,2013,2063,0.008,10.745,4.092,10912.0
Petroleum Liquids,65573,RR5,0.5,,0.6,0.6,2013,2063,0.008,10.745,4.092,10912.0
Petroleum Liquids,65573,RR6,0.5,,0.6,0.6,2013,2063,0.008,10.745,4.092,10912.0
Petroleum Liquids,65573,RR7,0.5,,0.6,0.6,2013,2063,0.008,10.745,4.092,10912.0
Petroleum Liquids,65573,RR8,0.5,,0.6,0.6,2013,2063,0.008,10.745,4.092,10912.0
Petroleum Liquids,65573,RR9,0.5,,0.6,0.6,2013,2063,0.008,10.745,4.092,10912.0
Petroleum Liquids,65574,SR1,0.5,,0.6,0.6,2013,2063,0.009,10.745,4.092,10912.0
Petroleum Liquids,65574,SR10,0.5,,0.6,0.6,2013,2063,0.009,10.745,4.092,10912.0
Petroleum Liquids,65574,SR11,0.5,,0.6,0.6,2013,2063,0.009,10.745,4.092,10912.0
Petroleum Liquids,65574,SR12,0.5,,0.6,0.6,2013,2063,0.009,10.745,4.092,10912.0
Petroleum Liquids,65574,SR13,0.5,,0.6,0.6,2013,2063,0.009,10.745,4.092,10912.0
Petroleum Liquids,65574,SR14,0.5,,0.6,0.6,2013,2063,0.009,10.745,4.092,10912.0
Petroleum Liquids,65574,SR15,0.5,,0.6,0.6,2013,2063,0.009,10.745,4.092,10912.0
Petroleum Liquids,65574,SR2,0.5,,0.6,0.6,2013,2063,0.009,10.745,4.092,10912.0
Petroleum Liquids,65574,SR3,0.5,,0.6,0.6,2013,2063,0.009,10.745,4.092,10912.0
Petroleum Liquids,65574,SR4,0.5,,0.6,0.6,2013,2063,0.009,10.745,4.092,10912.0
Petroleum Liquids,65574,SR5,0.5,,0.6,0.6,2013,2063,0.009,10.745,4.092,10912.0
Petroleum Liquids,65574,SR6,0.5,,0.6,0.6,2013,2063,0.009,10.745,4.092,10912.0
Petroleum Liquids,65574,SR7,0.5,,0.6,0.6,2013,2063,0.009,10.745,4.092,10912.0
Petroleum Liquids,65574,SR8,0.5,,0.6,0.6,2013,2063,0.009,10.745,4.092,10912.0
Petroleum Liquids,65574,SR9,0.5,,0.6,0.6,2013,2063,0.009,10.745,4.092,10912.0
Petroleum Liquids,65575,SW1,0.5,,0.6,0.6,2013,2063,0.006,10.745,4.092,10912.0
Petroleum Liquids,65575,SW10,0.5,,0.6,0.6,2013,2063,0.006,10.745,4.092,10912.0
Onshore Wind Turbine,65546,WINER,301.0,,301.0,301.0,2023,2053,0.279,,0.0,13321.0
Batteries,67867,LIB2,65.0,188.5,65.0,65.0,2025,2040,0.85,,0.0,12544.0
Solar Photovoltaic,65571,VH600,0.9,,1.0,0.6,2022,2052,0.0,,0.0,7714.0
Solar Photovoltaic,65571,VH700,1.0,,1.1,0.7,2022,2052,0.0,,0.0,7714.0
Solar Photovoltaic,65571,VH750,0.8,,0.8,0.6,2022,2052,0.0,,0.0,7714.0
Petroleum Liquids,65575,SW11,0.5,,0.6,0.6,2013,2063,0.006,10.745,4.092,10912.0
Petroleum Liquids,65575,SW12,0.5,,0.6,0.6,2013,2063,0.006,10.745,4.092,10912.0
Petroleum Liquids,65575,SW13,0.5,,0.6,0.6,2013,2063,0.006,10.745,4.092,10912.0
Petroleum Liquids,65575,SW14,0.5,,0.6,0.6,2013,2063,0.006,10.745,4.092,10912.0
Petroleum Liquids,65575,SW15,0.5,,0.6,0.6,2013,2063,0.006,10.745,4.092,10912.0
Petroleum Liquids,65575,SW2,0.5,,0.6,0.6,2013,2063,0.006,10.745,4.092,10912.0
Petroleum Liquids,65575,SW3,0.5,,0.6,0.6,2013,2063,0.006,10.745,4.092,10912.0
Petroleum Liquids,65575,SW4,0.5,,0.6,0.6,2013,2063,0.006,10.745,4.092,10912.0
Petroleum Liquids,65575,SW5,0.5,,0.6,0.6,2013,2063,0.006,10.745,4.092,10912.0
Petroleum Liquids,65575,SW6,0.5,,0.6,0.6,2013,2063,0.006,10.745,4.092,10912.0
Petroleum Liquids,65575,SW7,0.5,,0.6,0.6,2013,2063,0.006,10.745,4.092,10912.0
Petroleum Liquids,65575,SW8,0.5,,0.6,0.6,2013,2063,0.006,10.745,4.092,10912.0
Petroleum Liquids,65575,SW9,0.5,,0.6,0.6,2013,2063,0.006,10.745,4.092,10912.0
Petroleum Liquids,65576,STG1,0.5,,0.6,0.6,2013,2063,0.009,10.745,4.092,10912.0
Petroleum Liquids,65576,STG10,0.5,,0.6,0.6,2013,2063,0.009,10.745,4.092,10912.0
Petroleum Liquids,65576,STG11,0.5,,0.6,0.6,2013,2063,0.009,10.745,4.092,10912.0
Petroleum Liquids,65576,STG12,0.5,,0.6,0.6,2013,2063,0.009,10.745,4.092,10912.0
Petroleum Liquids,65576,STG13,0.5,,0.6,0.6,2013,2063,0.009,10.745,4.092,10912.0
Petroleum Liquids,65576,STG14,0.5,,0.6,0.6,2013,2063,0.009,10.745,4.092,10912.0
Petroleum Liquids,65576,STG15,0.5,,0.6,0.6,2013,2063,0.009,10.745,4.092,10912.0
Petroleum Liquids,65576,STG2,0.5,,0.6,0.6,2013,2063,0.009,10.745,4.092,10912.0
Petroleum Liquids,65576,STG3,0.5,,0.6,0.6,2013,2063,0.009,10.745,4.092,10912.0
Petroleum Liquids,65576,STG4,0.5,,0.6,0.6,2013,2063,0.009,10.745,4.092,10912.0
Petroleum Liquids,65576,STG5,0.5,,0.6,0.6,2013,2063,0.009,10.745,4.092,10912.0
Petroleum Liquids,65576,STG6,0.5,,0.6,0.6,2013,2063,0.009,10.745,4.092,10912.0
Petroleum Liquids,65576,STG7,0.5,,0.6,0.6,2013,2063,0.009,10.745,4.092,10912.0
Petroleum Liquids,65576,STG8,0.5,,0.6,0.6,2013,2063,0.009,10.745,4.092,10912.0
Petroleum Liquids,65576,STG9,0.5,,0.6,0.6,2013,2063,0.009,10.745,4.092,10912.0
Petroleum Liquids,65578,TWD1,0.5,,0.6,0.6,2013,2063,0.01,10.745,4.092,10912.0
Petroleum Liquids,65578,TWD10,0.5,,0.6,0.6,2013,2063,0.01,10.745,4.092,10912.0
Petroleum Liquids,65578,TWD11,0.5,,0.6,0.6,2013,2063,0.01,10.745,4.092,10912.0
Petroleum Liquids,65578,TWD12,0.5,,0.6,0.6,2013,2063,0.01,10.745,4.092,10912.0
Petroleum Liquids,65578,TWD13,0.5,,0.6,0.6,2013,2063,0.01,10.745,4.092,10912.0
Petroleum Liquids,65578,TWD14,0.5,,0.6,0.6,2013,2063,0.01,10.745,4.092,10912.0
Petroleum Liquids,65578,TWD15,0.5,,0.6,0.6,2013,2063,0.01,10.745,4.092,10912.0
Petroleum Liquids,65578,TWD2,0.5,,0.6,0.6,2013,2063,0.01,10.745,4.092,10912.0
Petroleum Liquids,65578,TWD3,0.5,,0.6,0.6,2013,2063,0.01,10.745,4.092,10912.0
Petroleum Liquids,65578,TWD4,0.5,,0.6,0.6,2013,2063,0.01,10.745,4.092,10912.0
Petroleum Liquids,65578,TWD5,0.5,,0.6,0.6,2013,2063,0.01,10.745,4.092,10912.0
Petroleum Liquids,65578,TWD6,0.5,,0.6,0.6,2013,2063,0.01,10.745,4.092,10912.0
Petroleum Liquids,65578,TWD7,0.5,,0.6,0.6,2013,2063,0.01,10.745,4.092,10912.0
Petroleum Liquids,65578,TWD8,0.5,,0.6,0.6,2013,2063,0.01,10.745,4.092,10912.0
Petroleum Liquids,65578,TWD9,0.5,,0.6,0.6,2013,2063,0.01,10.745,4.092,10912.0
Petroleum Liquids,65579,VQ1,0.5,,0.6,0.6,2013,2063,0.009,10.745,4.092,10912.0
Petroleum Liquids,65579,VQ10,0.5,,0.6,0.6,2013,2063,0.009,10.745,4.092,10912.0
Petroleum Liquids,65579,VQ11,0.5,,0.6,0.6,2013,2063,0.009,10.745,4.092,10912.0
Petroleum Liquids,65579,VQ12,0.5,,0.6,0.6,2013,2063,0.009,10.745,4.092,10912.0
Petroleum Liquids,65579,VQ13,0.5,,0.6,0.6,2013,2063,0.009,10.745,4.092,10912.0
Petroleum Liquids,65579,VQ14,0.5,,0.6,0.6,2013,2063,0.009,10.745,4.092,10912.0
Petroleum Liquids,65579,VQ15,0.5,,0.6,0.6,2013,2063,0.009,10.745,4.092,10912.0
Petroleum Liquids,65579,VQ2,0.5,,0.6,0.6,2013,2063,0.009,10.745,4.092,10912.0
Petroleum Liquids,65579,VQ3,0.5,,0.6,0.6,2013,2063,0.009,10.745,4.092,10912.0
Petroleum Liquids,65579,VQ4,0.5,,0.6,0.6,2013,2063,0.009,10.745,4.092,10912.0
Petroleum Liquids,65579,VQ5,0.5,,0.6,0.6,2013,2063,0.009,10.745,4.092,10912.0
Petroleum Liquids,65579,VQ6,0.5,,0.6,0.6,2013,2063,0.009,10.745,4.092,10912.0
Petroleum Liquids,65579,VQ7,0.5,,0.6,0.6,2013,2063,0.009,10.745,4.092,10912.0
Petroleum Liquids,65579,VQ8,0.5,,0.6,0.6,2013,2063,0.009,10.745,4.092,10912.0
Petroleum Liquids,65579,VQ9,0.5,,0.6,0.6,2013,2063,0.009,10.745,4.092,10912.0
Petroleum Liquids,65580,VC1,0.5,,0.6,0.6,2013,2063,0.008,10.745,4.092,10912.0
Petroleum Liquids,65580,VC10,0.5,,0.6,0.6,2013,2063,0.008,10.745,4.092,10912.0
Petroleum Liquids,65580,VC11,0.5,,0.6,0.6,2013,2063,0.008,10.745,4.092,10912.0
Petroleum Liquids,65580,VC12,0.5,,0.6,0.6,2013,2063,0.008,10.745,4.092,10912.0
Petroleum Liquids,65580,VC13,0.5,,0.6,0.6,2013,2063,0.008,10.745,4.092,10912.0
Petroleum Liquids,65580,VC14,0.5,,0.6,0.6,2013,2063,0.008,10.745,4.092,10912.0
Petroleum Liquids,65580,VC15,0.5,,0.6,0.6,2013,2063,0.008,10.745,4.092,10912.0
Petroleum Liquids,65580,VC2,0.5,,0.6,0.6,2013,2063,0.008,10.745,4.092,10912.0
Petroleum Liquids,65580,VC3,0.5,,0.6,0.6,2013,2063,0.008,10.745,4.092,10912.0
Petroleum Liquids,65580,VC4,0.5,,0.6,0.6,2013,2063,0.008,10.745,4.092,10912.0
Petroleum Liquids,65580,VC5,0.5,,0.6,0.6,2013,2063,0.008,10.745,4.092,10912.0
Petroleum Liquids,65580,VC6,0.5,,0.6,0.6,2013,2063,0.008,10.745,4.092,10912.0
Petroleum Liquids,65580,VC7,0.5,,0.6,0.6,2013,2063,0.008,10.745,4.092,10912.0
Petroleum Liquids,65580,VC8,0.5,,0.6,0.6,2013,2063,0.008,10.745,4.092,10912.0
Petroleum Liquids,65580,VC9,0.5,,0.6,0.6,2013,2063,0.008,10.745,4.092,10912.0
Petroleum Liquids,65581,WSI1,0.5,,0.6,0.6,2013,2063,0.008,10.745,4.092,10912.0
Petroleum Liquids,65581,WSI10,0.5,,0.6,0.6,2013,2063,0.008,10.745,4.092,10912.0
Petroleum Liquids,65581,WSI11,0.5,,0.6,0.6,2013,2063,0.008,10.745,4.092,10912.0
Petroleum Liquids,65581,WSI12,0.5,,0.6,0.6,2013,2063,0.008,10.745,4.092,10912.0
Petroleum Liquids,65581,WSI13,0.5,,0.6,0.6,2013,2063,0.008,10.745,4.092,10912.0
Petroleum Liquids,65581,WSI14,0.5,,0.6,0.6,2013,2063,0.008,10.745,4.092,10912.0
Petroleum Liquids,65581,WSI15,0.5,,0.6,0.6,2013,2063,0.008,10.745,4.092,10912.0
Petroleum Liquids,65581,WSI2,0.5,,0.6,0.6,2013,2063,0.008,10.745,4.092,10912.0
Petroleum Liquids,65581,WSI3,0.5,,0.6,0.6,2013,2063,0.008,10.745,4.092,10912.0
Petroleum Liquids,65581,WSI4,0.5,,0.6,0.6,2013,2063,0.008,10.745,4.092,10912.0
Petroleum Liquids,65581,WSI5,0.5,,0.6,0.6,2013,2063,0.008,10.745,4.092,10912.0
Petroleum Liquids,65581,WSI6,0.5,,0.6,0.6,2013,2063,0.008,10.745,4.092,10912.0
Petroleum Liquids,65581,WSI7,0.5,,0.6,0.6,2013,2063,0.008,10.745,4.092,10912.0
Petroleum Liquids,65581,WSI8,0.5,,0.6,0.6,2013,2063,0.008,10.745,4.092,10912.0
Petroleum Liquids,65581,WSI9,0.5,,0.6,0.6,2013,2063,0.008,10.745,4.092,10912.0
Solar Photovoltaic,65631,PSGAH,250.0,,250.0,250.0,2022,2052,0.212,,0.0,7714.0
Solar Photovoltaic,65644,LUMII,321.0,,326.6,321.0,2024,2054,0.176,,0.0,7714.0
Solar Photovoltaic,65645,LUMIN,320.0,,326.6,320.0,2024,2054,0.176,,0.0,7714.0
Solar Photovoltaic,65654,TSN1,252.0,,252.0,252.0,2023,2053,0.179,,0.0,7714.0
Batteries,65831,LNSTR,4.2669,4.2669,4.2669,4.2669,2022,2037,0.0,,0.0,12544.0
Batteries,65831,LNSTR,5.2371,5.2371,5.2371,5.2371,2022,2037,0.0,,0.0,12544.0
Batteries,65831,LNSTR,0.396,0.396,0.396,0.396,2022,2037,0.0,,0.0,12544.0
Solar Photovoltaic,65660,TSN2,200.0,,200.0,200.0,2024,2054,0.179,,0.0,7714.0
Solar Photovoltaic,65661,NEB1,135.0,,135.0,135.0,2022,2052,0.228,,0.0,7714.0
Solar Photovoltaic,65662,VAN1,45.0,,45.0,45.0,2022,2052,0.244,,0.0,7714.0
Batteries,67083,LBBES,174.0,407.4,174.0,174.0,2024,2039,0.85,,0.0,12544.0
Batteries,64315,LOOP,9.9,9.9,9.9,9.9,2021,2036,0.0,,0.0,12544.0
Batteries,64316,LOPE,9.9,9.9,9.9,9.9,2022,2037,0.0,,0.0,12544.0
Batteries,68496,LOWR1,60.0,174.0,60.0,60.0,2025,2040,,,,
Batteries,66789,LUFKS,0.396,0.396,0.396,0.396,2024,2039,0.85,,0.0,12544.0
Batteries,66789,LUFKS,4.2669,4.2669,4.2669,4.2669,2024,2039,0.85,,0.0,12544.0
Batteries,66789,LUFKS,5.2371,5.2371,5.2371,5.2371,2024,2039,0.85,,0.0,12544.0
Batteries,65644,LU2BA,160.0,464.0,160.0,160.0,2024,2039,0.85,,0.0,12544.0
Batteries,65645,LU1BA,160.0,464.0,160.0,160.0,2024,2039,0.85,,0.0,12544.0
Batteries,63757,MAD01,100.0,100.0,100.0,100.0,2023,2042,0.85,,0.0,12544.0
Batteries,64298,MANGO,9.9,9.9,9.9,9.9,2020,2035,0.0,,0.0,12544.0
Batteries,67494,MLNDB,5.2668,5.2668,5.2668,5.2668,2024,2039,0.85,,0.0,12544.0
Onshore Wind Turbine,65760,ELSAU,301.0,,301.0,301.0,2024,2054,0.279,,0.0,13321.0
Solar Photovoltaic,65762,SWACO,400.0,,400.0,400.0,2024,2054,0.176,,0.0,7714.0
Onshore Wind Turbine,65763,WYOUN,500.0,,500.0,500.0,2022,2052,0.349,,0.0,13321.0
Batteries,67494,MLNDB,4.2966,4.2966,4.2966,4.2966,2024,2039,0.85,,0.0,12544.0
Onshore Wind Turbine,65790,CGWIN,196.8,,196.8,196.8,2023,2053,0.279,,0.0,13321.0
Solar Photovoltaic,65793,CVS,159.8,,172.8,159.8,2023,2053,0.176,,0.0,7714.0
Batteries,67494,MLNDB,0.3366,0.3366,0.3366,0.3366,2024,2039,0.85,,0.0,12544.0
Solar Photovoltaic,65822,CRAS0,225.0,,225.0,225.0,2025,2055,0.176,,0.0,7714.0
Batteries,68581,MTB,200.0,580.0,200.0,200.0,2025,2040,,,,
Batteries,66897,MIDBA,50.0,145.0,50.0,50.0,2025,2040,0.85,,0.0,12544.0
Batteries,65842,CFCBS,393.3597309,1573.4389236,393.3782298,393.3597309,2026,2056,0.85,,0.0,12544.0
Solar Photovoltaic,65842,CFCPV,393.3597309,,393.3782298,393.3597309,2026,2056,0.176,,0.0,9730.0
Solar Photovoltaic,65844,FCSPV,167.3,,167.3,167.3,2026,2056,0.176,,0.0,7714.0
Batteries,65847,ELDBS,131.1199103,524.4796412,131.1260766,131.1199103,2026,2056,0.85,,0.0,12544.0
Solar Photovoltaic,65847,ELDPV,131.1199103,,131.1260766,131.1199103,2026,2056,0.176,,0.0,9730.0
Batteries,65849,ORIBS,39.99157265,159.9662906,39.99345336,39.99157265,2025,2055,0.85,,0.0,12544.0
Solar Photovoltaic,65849,ORIPV,180.0,,180.0,180.0,2025,2055,0.176,,0.0,9730.0
Batteries,65852,LUNBS,407.3895613,1629.5582452,407.40872,407.3895613,2026,2056,0.85,,0.0,12544.0
Solar Photovoltaic,65852,LUNPV,404.5704833,,404.5895094,404.5704833,2026,2056,0.176,,0.0,9730.0
Batteries,65855,TE1BS,274.0406126,1096.1624504,274.0535001,274.0406126,2026,2056,0.85,,0.0,12544.0
Solar Photovoltaic,65855,TE1PV,548.6057048,,548.6315045,548.6057048,2026,2056,0.176,,0.0,9730.0
Batteries,66788,MNWLE,0.396,0.396,0.396,0.396,2024,2039,0.85,,0.0,12544.0
Batteries,66788,MNWLE,4.2669,4.2669,4.2669,4.2669,2024,2039,0.85,,0.0,12544.0
Batteries,66788,MNWLE,5.2371,5.2371,5.2371,5.2371,2024,2039,0.85,,0.0,12544.0
Solar Photovoltaic,65891,TALPV,131.0,,131.0,131.0,2025,2055,0.176,,0.0,9730.0
Batteries,65893,OCIES,170.4558834,681.8235336,170.4638996,170.4558834,2025,2055,0.85,,0.0,12544.0
Solar Photovoltaic,65893,OCIRO,170.4558834,,170.4638996,170.4558834,2026,2056,0.176,,0.0,9730.0
Solar Photovoltaic,65894,OCISS,210.0,,210.0,210.0,2025,2055,0.176,,0.0,7714.0
Batteries,65932,PEEL2,32.77997758,131.11991032,32.78151915,32.77997758,2026,2056,0.85,,0.0,12544.0
Solar Photovoltaic,65937,PORTR,245.0,,245.0,245.0,2024,2054,0.176,,0.0,7714.0
Solar Photovoltaic,65947,TB,196.3,,196.3,196.3,2024,2054,0.176,,0.0,7714.0
Solar Photovoltaic,65973,GCS,201.9,,201.9,201.9,2026,2056,0.176,,0.0,9730.0
Batteries,65975,TXSD2,118.0079193,472.0316772,118.0134689,118.0079193,2026,2056,0.85,,0.0,12544.0
Solar Photovoltaic,65975,TXST1,136.0,,136.0,136.0,2024,2054,0.176,,0.0,9730.0
Solar Photovoltaic,65979,PSPV,300.0,,300.0,300.0,2025,2055,0.176,,0.0,9730.0
Batteries,68084,MLB,200.0,580.0,200.0,200.0,2027,2042,,,,
Solar Photovoltaic,65981,TXSD1,100.0,,100.0,100.0,2024,2054,0.176,,0.0,9730.0
Batteries,65981,TXSD2,19.66798655,78.6719462,19.66891149,19.66798655,2026,2056,0.85,,0.0,12544.0
Solar Photovoltaic,65998,TNS1,238.8,,238.8,238.8,2024,2054,0.176,,0.0,9730.0
Batteries,66913,MYRST,150.0,435.0,150.0,150.0,2024,2039,0.85,,0.0,12544.0
Solar Photovoltaic,66046,BRZ01,200.0,,200.0,200.0,2022,2052,0.237,,0.0,9730.0
Onshore Wind Turbine,66123,PSW1,163.2,,163.2,163.2,2024,2054,0.279,,0.0,14250.0
Solar Photovoltaic,66137,41195,160.0,,160.0,160.0,2024,2054,0.176,,0.0,9730.0
Solar Photovoltaic,66157,GEN1,350.0,,350.0,350.0,2024,2054,0.176,,0.0,9730.0
Solar Photovoltaic,66168,GEN01,240.0,,240.0,240.0,2024,2054,0.176,,0.0,9730.0
Batteries,66216,BESS,65.55995516,262.23982064,65.5630383,65.55995516,2026,2056,0.85,,0.0,12544.0
Solar Photovoltaic,66216,SOL,131.1199103,,131.1260766,131.1199103,2026,2056,0.176,,0.0,9730.0
Batteries,65271,NBSTG,125.0,125.0,125.0,125.0,2022,2037,0.0,,0.0,17250.0
Solar Photovoltaic,66262,SAREN,200.0,,202.8,200.0,2024,2054,0.176,,0.0,9730.0
Batteries,64317,NF,100.0,110.0,100.0,100.0,2021,2036,0.001,,0.0,12544.0
Batteries,56961,BATT,35.64,13.464,35.64,35.64,2012,2027,0.001,,5.011,2394.0
Batteries,56961,BATT,0.36,0.136,0.36,0.36,2012,2027,0.001,,5.011,2394.0
Batteries,61362,ECBS,2.0,5.8,2.0,2.0,2017,2032,0.0,,0.0,12544.0
Batteries,65590,OCTNS,125.0,362.5,125.0,125.0,2028,2043,,,,
Batteries,64294,ODSA,9.9,9.9,9.9,9.9,2020,2035,0.0,,0.0,12544.0
Batteries,68365,8681,250.0,725.0,250.0,250.0,2026,2041,,,,
Solar Photovoltaic,66306,UVPV1,150.0,,150.0,150.0,2026,2056,0.176,,0.0,9730.0
Solar Photovoltaic,66310,CT1PV,40.2567,,40.2567,40.2567,2022,2052,0.208,,0.0,9730.0
Solar Photovoltaic,66310,CT1PV,15.3042,,15.3042,15.3042,2022,2052,0.208,,0.0,9730.0
Solar Photovoltaic,66310,CT1PV,55.3391,,55.3391,55.3391,2022,2052,0.208,,0.0,9730.0
Onshore Wind Turbine,66321,KC1,184.0,,184.0,184.0,2022,2052,0.343,,0.0,14250.0
Onshore Wind Turbine,66323,KC2,209.0,,209.0,209.0,2022,2052,0.346,,0.0,14250.0
Solar Photovoltaic,66324,FILES,145.0,,157.5,145.0,2023,2053,0.176,,0.0,9730.0
Batteries,65832,OLNEY,4.2669,4.2669,4.2669,4.2669,2023,2038,0.85,,0.0,12544.0
Batteries,65832,OLNEY,0.396,0.396,0.396,0.396,2023,2038,0.85,,0.0,12544.0
Batteries,65832,OLNEY,5.2371,5.2371,5.2371,5.2371,2023,2038,0.85,,0.0,12544.0
Natural Gas Internal Combustion Engine,66335,G1,18.0,,18.0,18.0,2025,2080,0.924,9.142,0.53,2960.0
Natural Gas Internal Combustion Engine,66335,G10,18.0,,18.0,18.0,2025,2080,0.924,9.142,0.53,2960.0
Natural Gas Internal Combustion Engine,66335,G2,18.0,,18.0,18.0,2025,2080,0.924,9.142,0.53,2960.0
Natural Gas Internal Combustion Engine,66335,G3,18.0,,18.0,18.0,2025,2080,0.924,9.142,0.53,2960.0
Natural Gas Internal Combustion Engine,66335,G4,18.0,,18.0,18.0,2025,2080,0.924,9.142,0.53,2960.0
Natural Gas Internal Combustion Engine,66335,G5,18.0,,18.0,18.0,2025,2080,0.924,9.142,0.53,2960.0
Natural Gas Internal Combustion Engine,66335,G6,18.0,,18.0,18.0,2025,2080,0.924,9.142,0.53,2960.0
Natural Gas Internal Combustion Engine,66335,G7,18.0,,18.0,18.0,2025,2080,0.924,9.142,0.53,2960.0
Natural Gas Internal Combustion Engine,66335,G8,18.0,,18.0,18.0,2025,2080,0.924,9.142,0.53,2960.0
Natural Gas Internal Combustion Engine,66335,G9,18.0,,18.0,18.0,2025,2080,0.924,9.142,0.53,2960.0
Batteries,66341,EGSB,40.31937242,161.27748968,36.1252341,40.31937242,2025,2055,0.85,,0.0,12544.0
Solar Photovoltaic,66341,EGSS,98.33993274,,72.18490517,98.33993274,2025,2055,0.176,,0.0,9730.0
Batteries,66342,GAIAB,50.35004556,201.40018224,50.35241342,50.35004556,2025,2055,0.85,,0.0,12544.0
Solar Photovoltaic,66342,GAIAS,100.1100515,,100.1147595,100.1100515,2025,2055,0.176,,0.0,9730.0
Batteries,66390,GDYES,33.0422174,132.1688696,33.0437713,33.0422174,2025,2055,0.85,,0.0,12544.0
Solar Photovoltaic,66390,GDYPV,112.566443,,112.5717368,112.566443,2025,2055,0.176,,0.0,9730.0
Solar Photovoltaic,66396,NDUAH,103.4,,103.4,103.4,2026,2056,0.176,,0.0,9730.0
Solar Photovoltaic,66397,TOKIO,158.1,,175.0,122.3,2026,2056,0.176,,0.0,9730.0
Solar Photovoltaic,66399,OCILS,100.0,,100.0,100.0,2025,2055,0.176,,0.0,9730.0
Batteries,66401,OHLBS,131.1199103,524.4796412,131.1260766,131.1199103,2026,2056,0.85,,0.0,12544.0
Solar Photovoltaic,66401,OHLPV,131.1199103,,131.1260766,131.1199103,2026,2056,0.176,,0.0,9730.0
Solar Photovoltaic,66410,375,100.0,,100.0,100.0,2023,2053,0.176,,0.0,9730.0
Solar Photovoltaic,66420,FWSOL,320.0,,355.4,320.0,2023,2053,0.176,,0.0,9730.0
Solar Photovoltaic,66421,GRS13,236.2,,236.2,236.2,2026,2056,0.176,,0.0,9730.0
Solar Photovoltaic,66471,EIFEL,240.0,,240.0,240.0,2023,2053,0.176,,0.0,9730.0
Solar Photovoltaic,66493,DVS,121.3,,121.3,121.3,2026,2056,0.176,,0.0,9730.0
Batteries,66784,PAULN,5.2371,5.2371,5.2371,5.2371,2024,2039,0.85,,0.0,12544.0
Batteries,66784,PAULN,4.2669,4.2669,4.2669,4.2669,2024,2039,0.85,,0.0,12544.0
Batteries,66784,PAULN,0.396,0.396,0.396,0.396,2024,2039,0.85,,0.0,12544.0
Batteries,67493,PAVLV,0.3366,0.3366,0.3366,0.3366,2024,2039,0.85,,0.0,12544.0
Batteries,67493,PAVLV,5.2668,5.2668,5.2668,5.2668,2024,2039,0.85,,0.0,12544.0
Batteries,67493,PAVLV,4.2966,4.2966,4.2966,4.2966,2024,2039,0.85,,0.0,12544.0
Batteries,65492,PAVO,175.0,175.0,175.0,175.0,2024,2039,0.85,,0.0,12544.0
Solar Photovoltaic,66516,19500,2.3,,2.3,2.3,2024,2054,0.176,,0.0,9730.0
Solar Photovoltaic,66517,19344,1.9,,1.9,1.9,2024,2054,0.176,,0.0,9730.0
Solar Photovoltaic,66519,19503,2.4,,2.4,2.4,2024,2054,0.176,,0.0,9730.0
Solar Photovoltaic,66520,19644,2.0,,2.0,2.0,2024,2054,0.176,,0.0,9730.0
Onshore Wind Turbine,66531,WPION,140.0,,140.0,140.0,2024,2054,0.279,,0.0,14250.0
Batteries,66301,PGBS1,150.0,435.0,150.0,150.0,2025,2040,0.85,,0.0,12544.0
Onshore Wind Turbine,66540,WSHAM,223.9,,223.9,223.9,2023,2053,0.279,,0.0,14250.0
Natural Gas Internal Combustion Engine,66549,H0631,0.4,,0.4,0.4,2017,2072,0.031,14.374,2.46,4120.0
Natural Gas Internal Combustion Engine,66549,H0632,0.4,,0.4,0.4,2017,2072,0.031,14.408,2.46,4120.0
Natural Gas Internal Combustion Engine,66549,H0633,0.4,,0.4,0.4,2017,2072,0.031,14.408,2.46,4120.0
Natural Gas Internal Combustion Engine,66549,H0634,0.4,,0.4,0.4,2017,2072,0.031,14.408,2.46,4120.0
Natural Gas Internal Combustion Engine,66550,H0691,0.4,,0.4,0.4,2017,2072,0.029,14.08,2.46,4120.0
Natural Gas Internal Combustion Engine,66550,H0692,0.4,,0.4,0.4,2017,2072,0.029,14.159,2.46,4120.0
Natural Gas Internal Combustion Engine,66550,H0693,0.4,,0.4,0.4,2017,2072,0.029,14.159,2.46,4120.0
Natural Gas Internal Combustion Engine,66550,H0694,0.4,,0.4,0.4,2017,2072,0.029,14.159,2.46,4120.0
Batteries,66302,PGBS2,150.0,435.0,150.0,150.0,2025,2040,0.85,,0.0,12544.0
Solar Photovoltaic,66559,TXJC1,215.0,,215.0,215.0,2025,2055,0.176,,0.0,9730.0
Natural Gas Internal Combustion Engine,66561,B0401,0.4,,0.4,0.4,2017,2072,0.017,17.041,2.46,4120.0
Natural Gas Internal Combustion Engine,66561,B0402,0.4,,0.4,0.4,2017,2072,0.017,17.128,2.46,4120.0
Natural Gas Internal Combustion Engine,66561,B0403,0.4,,0.4,0.4,2017,2072,0.017,17.128,2.46,4120.0
Natural Gas Internal Combustion Engine,66561,B0404,0.4,,0.4,0.4,2017,2072,0.017,17.128,2.46,4120.0
Natural Gas Internal Combustion Engine,66562,H5911,0.4,,0.4,0.4,2018,2073,0.03,14.141,2.46,4120.0
Natural Gas Internal Combustion Engine,66562,H5912,0.4,,0.4,0.4,2018,2073,0.03,14.239,2.46,4120.0
Natural Gas Internal Combustion Engine,66562,H5913,0.4,,0.4,0.4,2018,2073,0.03,14.239,2.46,4120.0
Natural Gas Internal Combustion Engine,66562,H5914,0.4,,0.4,0.4,2018,2073,0.03,14.239,2.46,4120.0
Natural Gas Internal Combustion Engine,66563,H0921,0.4,,0.4,0.4,2018,2073,0.034,14.1,2.46,4120.0
Natural Gas Internal Combustion Engine,66563,H0922,0.4,,0.4,0.4,2018,2073,0.034,14.176,2.46,4120.0
Natural Gas Internal Combustion Engine,66563,H0923,0.4,,0.4,0.4,2018,2073,0.034,14.176,2.46,4120.0
Natural Gas Internal Combustion Engine,66563,H0924,0.4,,0.4,0.4,2018,2073,0.034,14.176,2.46,4120.0
Natural Gas Internal Combustion Engine,66564,H0951,0.4,,0.4,0.4,2018,2073,0.031,14.083,2.46,4120.0
Natural Gas Internal Combustion Engine,66564,H0952,0.4,,0.4,0.4,2018,2073,0.031,14.149,2.46,4120.0
Natural Gas Internal Combustion Engine,66564,H0953,0.4,,0.4,0.4,2018,2073,0.031,14.149,2.46,4120.0
Natural Gas Internal Combustion Engine,66564,H0954,0.4,,0.4,0.4,2018,2073,0.031,14.149,2.46,4120.0
Natural Gas Internal Combustion Engine,66565,HCCB1,0.4,,0.4,0.4,2019,2074,0.037,14.66,2.46,4120.0
Natural Gas Internal Combustion Engine,66565,HCCB2,0.4,,0.4,0.4,2019,2074,0.037,14.701,2.46,4120.0
Natural Gas Internal Combustion Engine,66565,HCCB3,0.4,,0.4,0.4,2019,2074,0.037,14.701,2.46,4120.0
Natural Gas Internal Combustion Engine,66565,HCCB4,0.4,,0.4,0.4,2019,2074,0.037,14.701,2.46,4120.0
Natural Gas Internal Combustion Engine,66565,HCCB5,0.4,,0.4,0.4,2019,2074,0.037,14.701,2.46,4120.0
Natural Gas Internal Combustion Engine,66565,HCCB6,0.4,,0.4,0.4,2019,2074,0.037,14.701,2.46,4120.0
Natural Gas Internal Combustion Engine,66565,HCCB7,0.4,,0.4,0.4,2019,2074,0.037,14.701,2.46,4120.0
Natural Gas Internal Combustion Engine,66565,HCCB8,0.4,,0.4,0.4,2019,2074,0.037,14.701,2.46,4120.0
Natural Gas Internal Combustion Engine,66566,HSNP1,0.4,,0.4,0.4,2019,2074,0.046,15.4,2.46,4120.0
Natural Gas Internal Combustion Engine,66566,HSNP2,0.4,,0.4,0.4,2019,2074,0.046,15.45,2.46,4120.0
Natural Gas Internal Combustion Engine,66566,HSNP3,0.4,,0.4,0.4,2019,2074,0.046,15.45,2.46,4120.0
Natural Gas Internal Combustion Engine,66566,HSNP4,0.4,,0.4,0.4,2019,2074,0.046,15.45,2.46,4120.0
Natural Gas Internal Combustion Engine,66567,HDC10,0.4,,0.4,0.4,2021,2076,0.06,15.919,2.46,4120.0
Natural Gas Internal Combustion Engine,66567,HDC11,0.4,,0.4,0.4,2021,2076,0.06,15.957,2.46,4120.0
Natural Gas Internal Combustion Engine,66567,HDC12,0.4,,0.4,0.4,2021,2076,0.06,15.957,2.46,4120.0
Natural Gas Internal Combustion Engine,66567,HDC13,0.4,,0.4,0.4,2021,2076,0.06,15.957,2.46,4120.0
Natural Gas Internal Combustion Engine,66567,HDC14,0.4,,0.4,0.4,2021,2076,0.06,15.957,2.46,4120.0
Natural Gas Internal Combustion Engine,66567,HDC15,0.4,,0.4,0.4,2021,2076,0.06,15.957,2.46,4120.0
Natural Gas Internal Combustion Engine,66567,HDC16,0.4,,0.4,0.4,2021,2076,0.06,15.957,2.46,4120.0
Natural Gas Internal Combustion Engine,66567,HDC17,0.4,,0.4,0.4,2021,2076,0.06,15.957,2.46,4120.0
Natural Gas Internal Combustion Engine,66567,HDC18,0.4,,0.4,0.4,2021,2076,0.06,15.957,2.46,4120.0
Natural Gas Internal Combustion Engine,66567,HDC19,0.4,,0.4,0.4,2021,2076,0.06,15.957,2.46,4120.0
Natural Gas Internal Combustion Engine,66567,HDC20,0.4,,0.4,0.4,2021,2076,0.06,15.957,2.46,4120.0
Natural Gas Internal Combustion Engine,66567,HDC21,0.4,,0.4,0.4,2021,2076,0.06,15.957,2.46,4120.0
Natural Gas Internal Combustion Engine,66567,HDC22,0.4,,0.4,0.4,2021,2076,0.06,15.957,2.46,4120.0
Natural Gas Internal Combustion Engine,66567,HDC23,0.4,,0.4,0.4,2021,2076,0.06,15.957,2.46,4120.0
Natural Gas Internal Combustion Engine,66567,HDC24,0.4,,0.4,0.4,2021,2076,0.06,15.957,2.46,4120.0
Natural Gas Internal Combustion Engine,66567,HDC25,0.4,,0.4,0.4,2021,2076,0.06,15.957,2.46,4120.0
Natural Gas Internal Combustion Engine,66567,HDC26,0.4,,0.4,0.4,2021,2076,0.06,15.957,2.46,4120.0
Natural Gas Internal Combustion Engine,66567,HDC27,0.4,,0.4,0.4,2021,2076,0.06,15.957,2.46,4120.0
Natural Gas Internal Combustion Engine,66567,HDC28,0.4,,0.4,0.4,2021,2076,0.06,15.957,2.46,4120.0
Natural Gas Internal Combustion Engine,66567,HDC29,0.4,,0.4,0.4,2021,2076,0.06,15.957,2.46,4120.0
Natural Gas Internal Combustion Engine,66567,HDC30,0.4,,0.4,0.4,2021,2076,0.06,15.957,2.46,4120.0
Natural Gas Internal Combustion Engine,66567,HDC31,0.4,,0.4,0.4,2021,2076,0.06,15.957,2.46,4120.0
Natural Gas Internal Combustion Engine,66567,HDC32,0.4,,0.4,0.4,2021,2076,0.06,15.957,2.46,4120.0
Natural Gas Internal Combustion Engine,66567,HHDC1,0.4,,0.4,0.4,2021,2076,0.06,15.957,2.46,4120.0
Natural Gas Internal Combustion Engine,66567,HHDC2,0.4,,0.4,0.4,2021,2076,0.06,15.957,2.46,4120.0
Natural Gas Internal Combustion Engine,66567,HHDC3,0.4,,0.4,0.4,2021,2076,0.06,15.957,2.46,4120.0
Natural Gas Internal Combustion Engine,66567,HHDC4,0.4,,0.4,0.4,2021,2076,0.06,15.957,2.46,4120.0
Natural Gas Internal Combustion Engine,66567,HHDC5,0.4,,0.4,0.4,2021,2076,0.06,15.957,2.46,4120.0
Natural Gas Internal Combustion Engine,66567,HHDC6,0.4,,0.4,0.4,2021,2076,0.06,15.957,2.46,4120.0
Natural Gas Internal Combustion Engine,66567,HHDC7,0.4,,0.4,0.4,2021,2076,0.06,15.957,2.46,4120.0
Natural Gas Internal Combustion Engine,66567,HHDC8,0.4,,0.4,0.4,2021,2076,0.06,15.957,2.46,4120.0
Natural Gas Internal Combustion Engine,66567,HHDC9,0.4,,0.4,0.4,2021,2076,0.06,15.957,2.46,4120.0
Solar Photovoltaic,66571,BKVP1,2.5,,2.5,2.5,2024,2054,0.176,,0.0,9730.0
Solar Photovoltaic,66572,HPKS1,10.0,,10.0,10.0,2024,2054,0.176,,0.0,9730.0
Natural Gas Internal Combustion Engine,66595,FLD10,0.4,,0.4,0.4,2021,2076,0.019,13.94,2.46,4120.0
Natural Gas Internal Combustion Engine,66595,FLD11,0.4,,0.4,0.4,2021,2076,0.019,14.264,2.46,4120.0
Natural Gas Internal Combustion Engine,66595,FLD12,0.4,,0.4,0.4,2021,2076,0.019,14.264,2.46,4120.0
Natural Gas Internal Combustion Engine,66595,FLD13,0.4,,0.4,0.4,2021,2076,0.019,14.264,2.46,4120.0
Natural Gas Internal Combustion Engine,66595,FLD14,0.4,,0.4,0.4,2021,2076,0.019,14.264,2.46,4120.0
Natural Gas Internal Combustion Engine,66595,FLD15,0.4,,0.4,0.4,2021,2076,0.019,14.264,2.46,4120.0
Natural Gas Internal Combustion Engine,66595,FLD16,0.4,,0.4,0.4,2021,2076,0.019,14.264,2.46,4120.0
Natural Gas Internal Combustion Engine,66595,FLD17,0.4,,0.4,0.4,2021,2076,0.019,14.264,2.46,4120.0
Natural Gas Internal Combustion Engine,66595,FLD18,0.4,,0.4,0.4,2021,2076,0.019,14.264,2.46,4120.0
Natural Gas Internal Combustion Engine,66595,FLD19,0.4,,0.4,0.4,2021,2076,0.019,14.264,2.46,4120.0
Natural Gas Internal Combustion Engine,66595,FLD20,0.4,,0.4,0.4,2021,2076,0.019,14.264,2.46,4120.0
Natural Gas Internal Combustion Engine,66595,FLD21,0.4,,0.4,0.4,2021,2076,0.019,14.264,2.46,4120.0
Natural Gas Internal Combustion Engine,66595,FLD22,0.4,,0.4,0.4,2021,2076,0.019,14.264,2.46,4120.0
Natural Gas Internal Combustion Engine,66595,FLD23,0.4,,0.4,0.4,2021,2076,0.019,14.264,2.46,4120.0
Natural Gas Internal Combustion Engine,66595,FLD24,0.4,,0.4,0.4,2021,2076,0.019,14.264,2.46,4120.0
Natural Gas Internal Combustion Engine,66595,FLD25,0.4,,0.4,0.4,2021,2076,0.019,14.264,2.46,4120.0
Natural Gas Internal Combustion Engine,66595,FLD26,0.4,,0.4,0.4,2021,2076,0.019,14.264,2.46,4120.0
Natural Gas Internal Combustion Engine,66595,FLD27,0.4,,0.4,0.4,2021,2076,0.019,14.264,2.46,4120.0
Natural Gas Internal Combustion Engine,66595,FLD28,0.4,,0.4,0.4,2021,2076,0.019,14.264,2.46,4120.0
Natural Gas Internal Combustion Engine,66595,FLID1,0.4,,0.4,0.4,2021,2076,0.019,14.264,2.46,4120.0
Natural Gas Internal Combustion Engine,66595,FLID2,0.4,,0.4,0.4,2021,2076,0.019,14.264,2.46,4120.0
Natural Gas Internal Combustion Engine,66595,FLID3,0.4,,0.4,0.4,2021,2076,0.019,14.264,2.46,4120.0
Natural Gas Internal Combustion Engine,66595,FLID4,0.4,,0.4,0.4,2021,2076,0.019,14.264,2.46,4120.0
Natural Gas Internal Combustion Engine,66595,FLID5,0.4,,0.4,0.4,2021,2076,0.019,14.264,2.46,4120.0
Natural Gas Internal Combustion Engine,66595,FLID6,0.4,,0.4,0.4,2021,2076,0.019,14.264,2.46,4120.0
Natural Gas Internal Combustion Engine,66595,FLID7,0.4,,0.4,0.4,2021,2076,0.019,14.264,2.46,4120.0
Natural Gas Internal Combustion Engine,66595,FLID8,0.4,,0.4,0.4,2021,2076,0.019,14.264,2.46,4120.0
Natural Gas Internal Combustion Engine,66595,FLID9,0.4,,0.4,0.4,2021,2076,0.019,14.264,2.46,4120.0
Natural Gas Internal Combustion Engine,66596,PRAX1,0.4,,0.4,0.4,2019,2074,0.035,14.351,2.46,4120.0
Natural Gas Internal Combustion Engine,66596,PRAX2,0.4,,0.4,0.4,2019,2074,0.035,14.338,2.46,4120.0
Natural Gas Internal Combustion Engine,66596,PRAX3,0.4,,0.4,0.4,2019,2074,0.035,14.338,2.46,4120.0
Natural Gas Internal Combustion Engine,66597,RAVC1,0.4,,0.4,0.4,2021,2076,0.013,16.58,2.46,4120.0
Natural Gas Internal Combustion Engine,66597,RAVC2,0.4,,0.4,0.4,2021,2076,0.013,16.601,2.46,4120.0
Natural Gas Internal Combustion Engine,66597,RAVC3,0.4,,0.4,0.4,2021,2076,0.013,16.601,2.46,4120.0
Natural Gas Internal Combustion Engine,66597,RAVC4,0.4,,0.4,0.4,2021,2076,0.013,16.601,2.46,4120.0
Natural Gas Internal Combustion Engine,66597,RAVC5,0.4,,0.4,0.4,2021,2076,0.013,16.601,2.46,4120.0
Natural Gas Internal Combustion Engine,66597,RAVC6,0.4,,0.4,0.4,2021,2076,0.013,16.601,2.46,4120.0
Natural Gas Internal Combustion Engine,66597,RAVC7,0.4,,0.4,0.4,2021,2076,0.013,16.601,2.46,4120.0
Natural Gas Internal Combustion Engine,66597,RAVC8,0.4,,0.4,0.4,2021,2076,0.013,16.601,2.46,4120.0
Natural Gas Fired Combustion Turbine,66601,GT61,204.0,,188.7,222.0,2025,2080,0.924,9.142,0.53,2960.0
Natural Gas Fired Combustion Turbine,66601,GT62,204.0,,188.7,222.0,2025,2080,0.924,9.142,0.53,2960.0
Natural Gas Fired Combustion Turbine,66604,CTG-1,44.5,,60.5,49.8,2024,2079,0.924,9.142,0.53,2960.0
Natural Gas Fired Combustion Turbine,66604,CTG-2,44.5,,60.5,49.8,2024,2079,0.924,9.142,0.53,2960.0
Natural Gas Fired Combustion Turbine,66604,CTG-3,44.5,,60.5,49.8,2024,2079,0.924,9.142,0.53,2960.0
Natural Gas Fired Combustion Turbine,66604,CTG-4,44.5,,60.5,49.8,2024,2079,0.924,9.142,0.53,2960.0
Natural Gas Fired Combustion Turbine,66604,CTG-5,44.5,,60.5,49.8,2024,2079,0.924,9.142,0.53,2960.0
Natural Gas Fired Combustion Turbine,66604,CTG-6,44.5,,60.5,49.8,2024,2079,0.924,9.142,0.53,2960.0
Natural Gas Fired Combustion Turbine,66604,CTG-7,44.5,,60.5,49.8,2024,2079,0.924,9.142,0.53,2960.0
Natural Gas Fired Combustion Turbine,66604,CTG-8,44.5,,60.5,49.8,2024,2079,0.924,9.142,0.53,2960.0
Batteries,68582,PPB,200.0,580.0,200.0,200.0,2025,2040,,,,
Natural Gas Internal Combustion Engine,66612,H0851,0.4,,0.4,0.4,2019,2074,0.03,14.373,2.46,4120.0
Natural Gas Internal Combustion Engine,66612,H0852,0.4,,0.4,0.4,2019,2074,0.03,14.48,2.46,4120.0
Natural Gas Internal Combustion Engine,66612,H0853,0.4,,0.4,0.4,2019,2074,0.03,14.48,2.46,4120.0
Natural Gas Internal Combustion Engine,66612,H0854,0.4,,0.4,0.4,2019,2074,0.03,14.48,2.46,4120.0
Natural Gas Internal Combustion Engine,66613,SAD10,0.4,,0.4,0.4,2020,2075,0.021,14.018,2.46,4120.0
Natural Gas Internal Combustion Engine,66613,SAD11,0.4,,0.4,0.4,2020,2075,0.021,14.383,2.46,4120.0
Natural Gas Internal Combustion Engine,66613,SAD12,0.4,,0.4,0.4,2020,2075,0.021,14.383,2.46,4120.0
Natural Gas Internal Combustion Engine,66613,SAD13,0.4,,0.4,0.4,2020,2075,0.021,14.383,2.46,4120.0
Natural Gas Internal Combustion Engine,66613,SAD14,0.4,,0.4,0.4,2020,2075,0.021,14.383,2.46,4120.0
Natural Gas Internal Combustion Engine,66613,SAD15,0.4,,0.4,0.4,2020,2075,0.021,14.383,2.46,4120.0
Natural Gas Internal Combustion Engine,66613,SAD16,0.4,,0.4,0.4,2020,2075,0.021,14.383,2.46,4120.0
Natural Gas Internal Combustion Engine,66613,SADC1,0.4,,0.4,0.4,2020,2075,0.021,14.383,2.46,4120.0
Natural Gas Internal Combustion Engine,66613,SADC2,0.4,,0.4,0.4,2020,2075,0.021,14.383,2.46,4120.0
Natural Gas Internal Combustion Engine,66613,SADC3,0.4,,0.4,0.4,2020,2075,0.021,14.383,2.46,4120.0
Natural Gas Internal Combustion Engine,66613,SADC4,0.4,,0.4,0.4,2020,2075,0.021,14.383,2.46,4120.0
Natural Gas Internal Combustion Engine,66613,SADC5,0.4,,0.4,0.4,2020,2075,0.021,14.383,2.46,4120.0
Natural Gas Internal Combustion Engine,66613,SADC6,0.4,,0.4,0.4,2020,2075,0.021,14.383,2.46,4120.0
Natural Gas Internal Combustion Engine,66613,SADC7,0.4,,0.4,0.4,2020,2075,0.021,14.383,2.46,4120.0
Natural Gas Internal Combustion Engine,66613,SADC8,0.4,,0.4,0.4,2020,2075,0.021,14.383,2.46,4120.0
Natural Gas Internal Combustion Engine,66613,SADC9,0.4,,0.4,0.4,2020,2075,0.021,14.383,2.46,4120.0
Natural Gas Internal Combustion Engine,66614,CTZH1,0.4,,0.4,0.4,2020,2075,0.034,14.168,2.46,4120.0
Natural Gas Internal Combustion Engine,66614,CTZH2,0.4,,0.4,0.4,2020,2075,0.034,14.141,2.46,4120.0
Natural Gas Internal Combustion Engine,66614,CTZH3,0.4,,0.4,0.4,2020,2075,0.034,14.141,2.46,4120.0
Natural Gas Internal Combustion Engine,66614,CTZH4,0.4,,0.4,0.4,2020,2075,0.034,14.141,2.46,4120.0
Natural Gas Internal Combustion Engine,66614,CTZH5,0.4,,0.4,0.4,2020,2075,0.034,14.141,2.46,4120.0
Natural Gas Internal Combustion Engine,66614,CTZH6,0.4,,0.4,0.4,2020,2075,0.034,14.141,2.46,4120.0
Natural Gas Internal Combustion Engine,66614,CTZH7,0.4,,0.4,0.4,2020,2075,0.034,14.141,2.46,4120.0
Batteries,67949,POTEB,9.9,28.71,9.9,9.9,2025,2040,,,,
Batteries,62753,BESS,9.9,10.0,9.9,9.9,2020,2035,0.0,,0.0,12544.0
Batteries,64318,PBL1,9.9,9.9,9.9,9.9,2022,2037,0.0,,0.0,12544.0
Batteries,64318,PBL2,9.9,9.9,9.9,9.9,2022,2037,0.0,,0.0,12544.0
Batteries,56981,PYRBT,9.9,9.9,9.9,9.9,2018,2033,0.0,,0.0,12544.0
Batteries,60649,1,9.9,9.9,9.9,9.9,2020,2035,0.0,,0.0,12544.0
Solar Photovoltaic,66688,BASS,300.0,,300.0,300.0,2024,2054,0.176,,0.0,9730.0
Batteries,64545,BA,73.0,108.6,73.0,73.0,2023,2038,0.85,,0.0,12544.0
Batteries,64319,RANCH,9.9,9.9,9.9,9.9,2021,2036,0.0,,0.0,12544.0
Batteries,65833,RTLSK,0.396,0.396,0.396,0.396,2022,2037,0.0,,0.0,12544.0
Batteries,65833,RTLSK,4.2669,4.2669,4.2669,4.2669,2022,2037,0.0,,0.0,12544.0
Batteries,65833,RTLSK,5.2371,5.2371,5.2371,5.2371,2022,2037,0.0,,0.0,12544.0
Natural Gas Fired Combined Cycle,58005,CTG-1,199.0,,232.0,224.0,2014,2069,0.459,7.261,4.723352326,2302.3782220000003
Natural Gas Fired Combined Cycle,58005,CTG-2,199.0,,232.0,224.0,2014,2069,0.459,7.261,4.723352326,2302.3782220000003
Natural Gas Fired Combined Cycle,58005,STG-1,287.0,,339.2,316.0,2014,2069,0.459,7.261,4.723352326,2302.3782220000003
Solar Photovoltaic,66774,78663,408.9,,408.9,408.9,2025,2055,0.176,,0.0,9730.0
Solar Photovoltaic,66775,MLPV,200.0,,200.0,200.0,2024,2054,0.176,,0.0,9730.0
All Other,58870,MG202,14.0,,15.4,14.2,2015,2070,0.694,7.5,2.040945516,12250.74954
Batteries,66170,1,150.0,368.8,150.0,150.0,2023,2038,0.85,,0.0,17250.0
Batteries,68687,RGC01,9.9,28.71,9.9,9.9,2025,2040,,,,
Batteries,67905,RDR1,200.0,580.0,200.0,200.0,2024,2039,0.85,,0.0,12544.0
Batteries,62561,BA,50.0,108.6,63.3,50.0,2023,2038,0.85,,0.0,17250.0
Batteries,67249,RRES,200.0,580.0,200.0,200.0,2026,2041,0.85,,0.0,12544.0
Batteries,67175,RODE1,300.0,600.0,300.0,300.0,2023,2038,0.85,,0.0,17250.0
Batteries,67495,RUSSK,4.2966,4.2966,4.2966,4.2966,2024,2039,0.85,,0.0,12544.0
Batteries,67495,RUSSK,0.3366,0.3366,0.3366,0.3366,2024,2039,0.85,,0.0,12544.0
Batteries,67495,RUSSK,5.2668,5.2668,5.2668,5.2668,2024,2039,0.85,,0.0,12544.0
Batteries,65834,SDLBK,0.396,0.396,0.396,0.396,2022,2037,0.0,,0.0,12544.0
Batteries,65834,SDLBK,5.2371,5.2371,5.2371,5.2371,2022,2037,0.0,,0.0,12544.0
Batteries,65834,SDLBK,4.2669,4.2669,4.2669,4.2669,2022,2037,0.0,,0.0,12544.0
Solar Photovoltaic,66801,FNCPT,236.0,,236.0,236.0,2024,2054,0.176,,0.0,9730.0
Solar Photovoltaic,66821,ORN3,250.0,,250.0,250.0,2024,2054,0.176,,0.0,9730.0
Solar Photovoltaic,66859,ORN1,200.0,,200.0,200.0,2024,2054,0.176,,0.0,9730.0
Solar Photovoltaic,66871,SOLAR,451.6,,451.6,451.6,2025,2055,0.176,,0.0,9730.0
Solar Photovoltaic,66872,SOLAR,204.5,,204.5,204.5,2024,2054,0.176,,0.0,9730.0
Solar Photovoltaic,66880,HHTX,12.4,,12.4,12.4,2024,2054,0.176,,0.0,9730.0
Solar Photovoltaic,66880,HHTX,12.4,,12.4,12.4,2024,2054,0.176,,0.0,9730.0
Batteries,67496,SDLKB,0.3366,0.3366,0.3366,0.3366,2024,2039,0.85,,0.0,12544.0
Batteries,67496,SDLKB,4.2966,4.2966,4.2966,4.2966,2024,2039,0.85,,0.0,12544.0
Batteries,67496,SDLKB,5.2668,5.2668,5.2668,5.2668,2024,2039,0.85,,0.0,12544.0
Batteries,66891,245BS,118.0079193,472.0316772,118.0134689,118.0079193,2026,2056,0.85,,0.0,12544.0
Solar Photovoltaic,66891,IS245,98.33993274,,98.34455745,98.33993274,2026,2056,0.176,,0.0,9730.0
Solar Photovoltaic,66893,TXJC2,185.0,,185.0,185.0,2026,2056,0.176,,0.0,9730.0
Solar Photovoltaic,66897,MIDPV,97.5,,97.5,97.5,2025,2055,0.176,,0.0,9730.0
Onshore Wind Turbine,66902,5317,256.0,,256.0,256.0,2024,2054,0.279,,0.0,14250.0
Solar Photovoltaic,66903,5105,310.0,,310.0,310.0,2025,2055,0.176,,0.0,9730.0
Solar Photovoltaic,66905,SOLAR,151.0,,151.0,151.0,2025,2055,0.176,,0.0,9730.0
Solar Photovoltaic,66910,MYR,313.0,,313.0,313.0,2024,2054,0.176,,0.0,9730.0
Solar Photovoltaic,66912,HS1,405.0,,405.0,405.0,2024,2054,0.176,,0.0,9730.0
Solar Photovoltaic,66914,DAN,600.0,,600.0,600.0,2024,2054,0.176,,0.0,9730.0
Solar Photovoltaic,66915,CTW,350.0,,350.0,350.0,2024,2054,0.176,,0.0,9730.0
Onshore Wind Turbine,66919,5309,150.0,,150.0,150.0,2025,2055,0.279,,0.0,14250.0
Solar Photovoltaic,66941,ORN2,250.0,,250.0,250.0,2024,2054,0.176,,0.0,9730.0
Batteries,65835,SCRWB,0.396,0.396,0.396,0.396,2023,2038,0.85,,0.0,12544.0
Batteries,65835,SCRWB,5.2371,5.2371,5.2371,5.2371,2023,2038,0.85,,0.0,12544.0
Batteries,65835,SCRWB,4.2669,4.2669,4.2669,4.2669,2023,2038,0.85,,0.0,12544.0
Solar Photovoltaic,67006,TBSP,306.0,,306.0,306.0,2024,2054,0.176,,0.0,9730.0
Solar Photovoltaic,67019,CHSLR,150.0,,150.0,150.0,2024,2054,0.176,,0.0,9730.0
Solar Photovoltaic,67023,DILEO,71.4,,71.4,71.4,2023,2053,0.176,,0.0,9730.0
Solar Photovoltaic,67024,PTSDK,49.6,,49.6,49.6,2023,2053,0.176,,0.0,9730.0
Batteries,66689,7FLAG,100.0,290.0,100.0,100.0,2025,2040,0.85,,0.0,12544.0
Solar Photovoltaic,67046,GS1,210.0,,210.0,210.0,2025,2055,0.176,,0.0,9730.0
Solar Photovoltaic,67058,19599,4.0,,4.0,4.0,2024,2054,0.176,,0.0,9730.0
Solar Photovoltaic,67078,GRS3,154.1,,154.1,154.1,2026,2056,0.176,,0.0,9730.0
Onshore Wind Turbine,67095,MR1,202.5,,202.5,202.5,2024,2054,0.316,,0.0,14250.0
Solar Photovoltaic,67123,MISII,331.6,,331.6,331.6,2026,2056,0.176,,0.0,9730.0
Batteries,66929,SMTAL,10.0,10.0,10.0,10.0,2023,2038,0.85,,0.0,17250.0
Batteries,66930,SMTBC,10.0,10.0,10.0,10.0,2023,2038,0.85,,0.0,17250.0
Batteries,66931,SMTEL,10.0,10.0,10.0,10.0,2023,2038,0.85,,0.0,17250.0
Solar Photovoltaic,67222,1,182.0,,182.0,182.0,2026,2056,0.2,,0.0,9730.0
Batteries,66933,SMTH2,10.0,10.0,10.0,10.0,2023,2038,0.85,,0.0,17250.0
Batteries,67737,SMTIR,304.0,881.6,304.0,304.0,2024,2039,0.85,,0.0,12544.0
Batteries,66932,SMTLF,10.0,10.0,10.0,10.0,2023,2038,0.85,,0.0,17250.0
Batteries,66926,SMTNM,10.0,10.0,10.0,10.0,2023,2038,0.85,,0.0,17250.0
Batteries,66927,SMTMB,10.0,10.0,10.0,10.0,2023,2038,0.85,,0.0,17250.0
Batteries,66934,SMTR1,10.0,10.0,10.0,10.0,2023,2038,0.85,,0.0,17250.0
Batteries,66935,SMTR2,10.0,10.0,10.0,10.0,2023,2038,0.85,,0.0,17250.0
Batteries,66928,SMTSR,10.0,10.0,10.0,10.0,2023,2038,0.85,,0.0,17250.0
Batteries,67250,ALIBS,131.1199103,524.4796412,131.1260766,131.1199103,2026,2056,0.85,,0.0,12544.0
Solar Photovoltaic,67250,ALIPV,131.1199103,,131.1260766,131.1199103,2026,2056,0.176,,0.0,9730.0
Solar Photovoltaic,67284,GS1,150.5,,150.5,150.5,2023,2053,0.176,,0.0,9730.0
Batteries,68423,SGES2,100.0,290.0,100.0,100.0,2025,2040,,,,
Batteries,66336,SGES1,100.0,200.0,102.6,100.0,2024,2039,0.85,,0.0,12544.0
Batteries,67762,STMPB,72.2,115.0,72.2,72.2,2024,2039,0.85,,0.0,12544.0
Natural Gas Internal Combustion Engine,67308,AB1,0.4,,0.4,0.4,2023,2078,0.924,9.447,2.46,4120.0
Natural Gas Internal Combustion Engine,67308,AB10,0.4,,0.4,0.4,2023,2078,0.924,9.447,2.46,4120.0
Natural Gas Internal Combustion Engine,67308,AB11,0.4,,0.4,0.4,2023,2078,0.924,9.447,2.46,4120.0
Natural Gas Internal Combustion Engine,67308,AB12,0.4,,0.4,0.4,2023,2078,0.924,9.447,2.46,4120.0
Natural Gas Internal Combustion Engine,67308,AB13,0.4,,0.4,0.4,2023,2078,0.924,9.447,2.46,4120.0
Natural Gas Internal Combustion Engine,67308,AB14,0.4,,0.4,0.4,2023,2078,0.924,9.447,2.46,4120.0
Natural Gas Internal Combustion Engine,67308,AB2,0.4,,0.4,0.4,2023,2078,0.924,9.447,2.46,4120.0
Natural Gas Internal Combustion Engine,67308,AB3,0.4,,0.4,0.4,2023,2078,0.924,9.447,2.46,4120.0
Natural Gas Internal Combustion Engine,67308,AB4,0.4,,0.4,0.4,2023,2078,0.924,9.447,2.46,4120.0
Natural Gas Internal Combustion Engine,67308,AB5,0.4,,0.4,0.4,2023,2078,0.924,9.447,2.46,4120.0
Natural Gas Internal Combustion Engine,67308,AB6,0.4,,0.4,0.4,2023,2078,0.924,9.447,2.46,4120.0
Natural Gas Internal Combustion Engine,67308,AB7,0.4,,0.4,0.4,2023,2078,0.924,9.447,2.46,4120.0
Natural Gas Internal Combustion Engine,67308,AB8,0.4,,0.4,0.4,2023,2078,0.924,9.447,2.46,4120.0
Natural Gas Internal Combustion Engine,67308,AB9,0.4,,0.4,0.4,2023,2078,0.924,9.447,2.46,4120.0
Natural Gas Internal Combustion Engine,67309,BEK1,0.4,,0.4,0.4,2023,2078,0.924,9.447,2.46,4120.0
Natural Gas Internal Combustion Engine,67309,BEK2,0.4,,0.4,0.4,2023,2078,0.924,9.447,2.46,4120.0
Natural Gas Internal Combustion Engine,67309,BEK3,0.4,,0.4,0.4,2023,2078,0.924,9.447,2.46,4120.0
Natural Gas Internal Combustion Engine,67309,BEK4,0.4,,0.4,0.4,2023,2078,0.924,9.447,2.46,4120.0
Natural Gas Internal Combustion Engine,67310,H0551,0.4,,0.4,0.4,2023,2078,0.924,9.447,2.46,4120.0
Natural Gas Internal Combustion Engine,67310,H0552,0.4,,0.4,0.4,2023,2078,0.924,9.447,2.46,4120.0
Natural Gas Internal Combustion Engine,67310,H0553,0.4,,0.4,0.4,2023,2078,0.924,9.447,2.46,4120.0
Natural Gas Internal Combustion Engine,67311,H7601,0.4,,0.4,0.4,2023,2078,0.924,9.447,2.46,4120.0
Natural Gas Internal Combustion Engine,67311,H7602,0.4,,0.4,0.4,2023,2078,0.924,9.447,2.46,4120.0
Natural Gas Internal Combustion Engine,67311,H7603,0.4,,0.4,0.4,2023,2078,0.924,9.447,2.46,4120.0
Natural Gas Internal Combustion Engine,67312,H7761,0.4,,0.4,0.4,2022,2077,0.009,17.532,2.46,4120.0
Natural Gas Internal Combustion Engine,67312,H7762,0.4,,0.4,0.4,2022,2077,0.009,17.437,2.46,4120.0
Natural Gas Internal Combustion Engine,67312,H7763,0.4,,0.4,0.4,2022,2077,0.009,17.437,2.46,4120.0
Natural Gas Internal Combustion Engine,67313,H7891,0.4,,0.4,0.4,2022,2077,0.017,17.373,2.46,4120.0
Natural Gas Internal Combustion Engine,67313,H7892,0.4,,0.4,0.4,2022,2077,0.017,17.339,2.46,4120.0
Natural Gas Internal Combustion Engine,67313,H7893,0.4,,0.4,0.4,2022,2077,0.017,17.339,2.46,4120.0
Natural Gas Internal Combustion Engine,67314,H7901,0.4,,0.4,0.4,2022,2077,0.0,12.159,2.46,4120.0
Natural Gas Internal Combustion Engine,67314,H7902,0.4,,0.4,0.4,2022,2077,0.0,12.159,2.46,4120.0
Natural Gas Internal Combustion Engine,67314,H7903,0.4,,0.4,0.4,2022,2077,0.0,12.159,2.46,4120.0
Natural Gas Internal Combustion Engine,67315,H7961,0.4,,0.4,0.4,2023,2078,0.924,9.447,2.46,4120.0
Natural Gas Internal Combustion Engine,67315,H7962,0.4,,0.4,0.4,2023,2078,0.924,9.447,2.46,4120.0
Natural Gas Internal Combustion Engine,67315,H7963,0.4,,0.4,0.4,2023,2078,0.924,9.447,2.46,4120.0
Natural Gas Internal Combustion Engine,67316,NFB1,0.4,,0.4,0.4,2021,2076,0.009,14.7,2.46,4120.0
Natural Gas Internal Combustion Engine,67316,NFB2,0.4,,0.4,0.4,2021,2076,0.009,14.359,2.46,4120.0
Natural Gas Internal Combustion Engine,67316,NFB3,0.4,,0.4,0.4,2021,2076,0.009,14.359,2.46,4120.0
Natural Gas Internal Combustion Engine,67316,NFB4,0.4,,0.4,0.4,2021,2076,0.009,14.359,2.46,4120.0
Natural Gas Internal Combustion Engine,67316,NFB5,0.4,,0.4,0.4,2021,2076,0.009,14.359,2.46,4120.0
Natural Gas Internal Combustion Engine,67316,NFB6,0.4,,0.4,0.4,2021,2076,0.009,14.359,2.46,4120.0
Natural Gas Internal Combustion Engine,67317,HTE10,0.4,,0.4,0.4,2023,2078,0.924,9.447,2.46,4120.0
Natural Gas Internal Combustion Engine,67317,HTE11,0.4,,0.4,0.4,2023,2078,0.924,9.447,2.46,4120.0
Natural Gas Internal Combustion Engine,67317,HTE12,0.4,,0.4,0.4,2023,2078,0.924,9.447,2.46,4120.0
Natural Gas Internal Combustion Engine,67317,HTEM1,0.4,,0.4,0.4,2023,2078,0.924,9.447,2.46,4120.0
Natural Gas Internal Combustion Engine,67317,HTEM2,0.4,,0.4,0.4,2023,2078,0.924,9.447,2.46,4120.0
Natural Gas Internal Combustion Engine,67317,HTEM3,0.4,,0.4,0.4,2023,2078,0.924,9.447,2.46,4120.0
Natural Gas Internal Combustion Engine,67317,HTEM4,0.4,,0.4,0.4,2023,2078,0.924,9.447,2.46,4120.0
Natural Gas Internal Combustion Engine,67317,HTEM5,0.4,,0.4,0.4,2023,2078,0.924,9.447,2.46,4120.0
Natural Gas Internal Combustion Engine,67317,HTEM6,0.4,,0.4,0.4,2023,2078,0.924,9.447,2.46,4120.0
Natural Gas Internal Combustion Engine,67317,HTEM7,0.4,,0.4,0.4,2023,2078,0.924,9.447,2.46,4120.0
Natural Gas Internal Combustion Engine,67317,HTEM8,0.4,,0.4,0.4,2023,2078,0.924,9.447,2.46,4120.0
Natural Gas Internal Combustion Engine,67317,HTEM9,0.4,,0.4,0.4,2023,2078,0.924,9.447,2.46,4120.0
Natural Gas Internal Combustion Engine,67318,TAM10,0.4,,0.4,0.4,2018,2073,0.025,14.354,2.46,4120.0
Natural Gas Internal Combustion Engine,67318,TAM11,0.4,,0.4,0.4,2018,2073,0.025,14.371,2.46,4120.0
Natural Gas Internal Combustion Engine,67318,TAM12,0.4,,0.4,0.4,2018,2073,0.025,14.371,2.46,4120.0
Natural Gas Internal Combustion Engine,67318,TAM13,0.4,,0.4,0.4,2018,2073,0.025,14.371,2.46,4120.0
Natural Gas Internal Combustion Engine,67318,TAM14,0.4,,0.4,0.4,2018,2073,0.025,14.371,2.46,4120.0
Natural Gas Internal Combustion Engine,67318,TAM15,0.4,,0.4,0.4,2018,2073,0.025,14.371,2.46,4120.0
Natural Gas Internal Combustion Engine,67318,TAM16,0.4,,0.4,0.4,2018,2073,0.025,14.371,2.46,4120.0
Natural Gas Internal Combustion Engine,67318,TAM17,0.4,,0.4,0.4,2018,2073,0.025,14.371,2.46,4120.0
Natural Gas Internal Combustion Engine,67318,TAM18,0.4,,0.4,0.4,2018,2073,0.025,14.371,2.46,4120.0
Natural Gas Internal Combustion Engine,67318,TAM19,0.4,,0.4,0.4,2018,2073,0.025,14.371,2.46,4120.0
Natural Gas Internal Combustion Engine,67318,TAM20,0.4,,0.4,0.4,2018,2073,0.025,14.371,2.46,4120.0
Natural Gas Internal Combustion Engine,67318,TAM21,0.4,,0.4,0.4,2018,2073,0.025,14.371,2.46,4120.0
Natural Gas Internal Combustion Engine,67318,TAM22,0.4,,0.4,0.4,2018,2073,0.025,14.371,2.46,4120.0
Natural Gas Internal Combustion Engine,67318,TAM23,0.4,,0.4,0.4,2018,2073,0.025,14.371,2.46,4120.0
Natural Gas Internal Combustion Engine,67318,TAM24,0.4,,0.4,0.4,2018,2073,0.025,14.371,2.46,4120.0
Natural Gas Internal Combustion Engine,67318,TAMU1,0.4,,0.4,0.4,2018,2073,0.025,14.371,2.46,4120.0
Natural Gas Internal Combustion Engine,67318,TAMU2,0.4,,0.4,0.4,2018,2073,0.025,14.371,2.46,4120.0
Natural Gas Internal Combustion Engine,67318,TAMU3,0.4,,0.4,0.4,2018,2073,0.025,14.371,2.46,4120.0
Natural Gas Internal Combustion Engine,67318,TAMU4,0.4,,0.4,0.4,2018,2073,0.025,14.371,2.46,4120.0
Natural Gas Internal Combustion Engine,67318,TAMU5,0.4,,0.4,0.4,2018,2073,0.025,14.371,2.46,4120.0
Natural Gas Internal Combustion Engine,67318,TAMU6,0.4,,0.4,0.4,2018,2073,0.025,14.371,2.46,4120.0
Natural Gas Internal Combustion Engine,67318,TAMU7,0.4,,0.4,0.4,2018,2073,0.025,14.371,2.46,4120.0
Natural Gas Internal Combustion Engine,67318,TAMU8,0.4,,0.4,0.4,2018,2073,0.025,14.371,2.46,4120.0
Natural Gas Internal Combustion Engine,67318,TAMU9,0.4,,0.4,0.4,2018,2073,0.025,14.371,2.46,4120.0
Natural Gas Internal Combustion Engine,67319,H7691,0.4,,0.4,0.4,2021,2076,0.028,14.73,2.46,4120.0
Natural Gas Internal Combustion Engine,67319,H7692,0.4,,0.4,0.4,2021,2076,0.028,14.761,2.46,4120.0
Natural Gas Internal Combustion Engine,67319,H7693,0.4,,0.4,0.4,2021,2076,0.028,14.761,2.46,4120.0
Batteries,67341,NOSES,66.93671422,267.74685688,66.93986211,66.93671422,2026,2056,0.85,,0.0,12544.0
Solar Photovoltaic,67341,NOSPV,133.8078685,,133.8141612,133.8078685,2026,2056,0.176,,0.0,9730.0
Solar Photovoltaic,67353,4666,204.0,,204.0,204.0,2025,2055,0.176,,0.0,9730.0
Onshore Wind Turbine,67356,6794,200.0,,200.0,200.0,2025,2055,0.279,,0.0,14250.0
Solar Photovoltaic,67357,4666,204.0,,204.0,204.0,2025,2055,0.176,,0.0,9730.0
Solar Photovoltaic,67359,4666,204.0,,204.0,204.0,2025,2055,0.176,,0.0,9730.0
Natural Gas Internal Combustion Engine,67381,CLFK1,0.4,,0.4,0.4,2023,2078,0.924,9.447,2.46,4120.0
Natural Gas Internal Combustion Engine,67381,CLFK2,0.4,,0.4,0.4,2023,2078,0.924,9.447,2.46,4120.0
Natural Gas Internal Combustion Engine,67381,CLFK3,0.4,,0.4,0.4,2023,2078,0.924,9.447,2.46,4120.0
Solar Photovoltaic,67424,HOPKS,250.0,,250.0,250.0,2024,2054,0.176,,0.0,9730.0
Onshore Wind Turbine,67425,COAKW,151.5,,151.5,151.5,2024,2054,0.279,,0.0,14250.0
Natural Gas Internal Combustion Engine,67433,H7941,0.4,,0.4,0.4,2023,2078,0.924,9.447,2.46,4120.0
Natural Gas Internal Combustion Engine,67433,H7942,0.4,,0.4,0.4,2023,2078,0.924,9.447,2.46,4120.0
Natural Gas Internal Combustion Engine,67433,H7943,0.4,,0.4,0.4,2023,2078,0.924,9.447,2.46,4120.0
Onshore Wind Turbine,67443,LCW1,202.5,,202.5,202.5,2025,2055,0.279,,0.0,14250.0
Batteries,64321,SWNY,9.9,9.9,9.9,9.9,2021,2036,0.0,,0.0,12544.0
Natural Gas Fired Combustion Turbine,67500,GT5,212.0,,222.0,230.0,2026,2081,0.924,9.142,0.53,2960.0
Natural Gas Fired Combustion Turbine,67500,GT6,212.0,,222.0,230.0,2026,2081,0.924,9.142,0.53,2960.0
Batteries,64916,SWOO1,9.9,19.8,9.9,9.9,2021,2036,0.0,,0.0,12544.0
Batteries,66008,BA,101.0,200.0,101.0,101.0,2022,2037,0.0,,0.0,17250.0
Solar Photovoltaic,67560,RIC94,70.0,,70.0,70.0,2026,2056,0.176,,0.0,9730.0
Solar Photovoltaic,67562,RIC92,63.0,,63.0,63.0,2026,2056,0.176,,0.0,9730.0
Solar Photovoltaic,67563,RAGSP,78.8,,78.8,78.8,2026,2056,0.176,,0.0,9730.0
Solar Photovoltaic,67564,REGSP,105.5,,105.5,105.5,2026,2056,0.176,,0.0,9730.0
Solar Photovoltaic,67566,ROGSP,82.8,,82.8,82.8,2026,2056,0.176,,0.0,9730.0
Solar Photovoltaic,67567,WEGSP,145.6,,145.6,145.6,2026,2056,0.176,,0.0,9730.0
Batteries,67667,3COAS,100.0,290.0,100.0,100.0,2025,2040,0.85,,0.0,12544.0
Solar Photovoltaic,67580,MKM,161.0,,161.0,161.0,2024,2054,0.176,,0.0,9730.0
Solar Photovoltaic,67581,CIRSA,100.5034113,,100.5081377,100.5034113,2026,2056,0.176,,0.0,9730.0
Batteries,67581,CIRSB,50.67784534,202.71138136,50.68022861,50.67784534,2026,2056,0.85,,0.0,12544.0
Onshore Wind Turbine,67601,DIV01,98.6,,98.6,98.6,2024,2054,0.279,,0.0,14250.0
Onshore Wind Turbine,67601,DIV02,102.0,,102.0,102.0,2024,2054,0.279,,0.0,14250.0
Solar Photovoltaic,67649,AMERA,300.0,,300.0,300.0,2026,2056,0.176,,0.0,9730.0
Batteries,66337,SGES1,200.0,580.0,200.0,200.0,2025,2040,0.85,,0.0,12544.0
Solar Photovoltaic,67657,HANSO,396.0,,396.0,396.0,2026,2056,0.176,,0.0,9730.0
Solar Photovoltaic,67659,LANGE,245.0,,245.0,245.0,2026,2056,0.176,,0.0,9730.0
Batteries,68748,TS,100.0,290.0,100.0,100.0,2025,2040,,,,
Onshore Wind Turbine,67700,WT2,243.0,,243.0,243.0,2025,2055,0.279,,0.0,14250.0
Batteries,65493,TORTO,50.0,50.0,50.0,50.0,2024,2039,0.85,,0.0,12544.0
Batteries,65836,TOYAH,4.2669,4.2669,4.4824,4.2669,2021,2036,0.0,,0.0,12544.0
Batteries,65836,TOYAH,5.2371,5.2371,5.5016,5.2371,2021,2036,0.0,,0.0,12544.0
Batteries,65836,TOYAH,0.396,0.396,0.416,0.396,2021,2036,0.0,,0.0,12544.0
Batteries,64917,TRBT1,7.5,15.0,7.5,7.5,2021,2036,0.0,,0.0,12544.0
Batteries,65693,TX10,100.0,227.0,100.0,100.0,2024,2039,0.85,,0.0,12544.0
Batteries,65694,TX11,50.0,50.0,50.0,50.0,2022,2037,0.001,,0.0,12544.0
Solar Photovoltaic,67762,STMPS,255.9,,255.9,255.9,2024,2054,0.176,,0.0,9730.0
Batteries,65695,TX12,100.0,100.0,100.0,100.0,2022,2037,0.0,,0.0,12544.0
Solar Photovoltaic,67765,5191,150.0,,150.0,150.0,2025,2055,0.176,,0.0,9730.0
Solar Photovoltaic,67772,GRS9,44.2,,44.2,44.2,2025,2055,0.176,,0.0,9730.0
Solar Photovoltaic,67773,GRS20,148.2,,148.2,148.2,2026,2056,0.176,,0.0,9730.0
Solar Photovoltaic,67775,GRS6,74.0,,74.0,74.0,2026,2056,0.176,,0.0,9730.0
Batteries,67776,GRS2B,201.2035024,804.8140096,201.2129645,201.2035024,2026,2056,0.85,,0.0,12544.0
Solar Photovoltaic,67776,GRS2P,200.351223,,200.3606451,200.351223,2026,2056,0.176,,0.0,9730.0
Solar Photovoltaic,67781,GRS7,60.2,,60.2,60.2,2025,2055,0.176,,0.0,9730.0
Batteries,65696,TX13,50.0,50.0,50.0,50.0,2022,2037,0.0,,0.0,12544.0
Batteries,65698,TX15,100.0,227.0,100.0,100.0,2024,2039,0.85,,0.0,12544.0
Solar Photovoltaic,67785,GRS19,56.3,,56.3,56.3,2026,2056,0.176,,0.0,9730.0
Solar Photovoltaic,67788,GRS10,85.0,,85.0,85.0,2026,2056,0.176,,0.0,9730.0
Solar Photovoltaic,67789,GRS6,61.0,,61.0,61.0,2026,2056,0.176,,0.0,9730.0
Solar Photovoltaic,67791,PV1,1.8,,1.8,1.8,2021,2051,0.231,,0.0,9730.0
Batteries,65699,TX19,50.0,111.0,50.0,50.0,2023,2038,0.85,,0.0,12544.0
Batteries,64425,TX2,9.9,11.9,9.9,9.9,2020,2035,0.0,,0.0,12544.0
Batteries,65700,TX21,50.0,107.0,50.0,50.0,2023,2038,0.85,,0.0,12544.0
Solar Photovoltaic,67837,RAYRS,255.2,,255.2,255.2,2024,2054,0.176,,0.0,9730.0
Batteries,65701,TX23,50.0,50.0,50.0,50.0,2022,2037,0.0,,0.0,12544.0
Batteries,64423,TX7,9.9,16.5,9.9,9.9,2020,2035,0.0,,0.0,12544.0
Batteries,64424,TX8,9.9,17.9,9.9,9.9,2020,2035,0.0,,0.0,12544.0
Solar Photovoltaic,67849,BTS,50.0,,50.0,50.0,2024,2054,0.176,,0.0,9730.0
Batteries,67963,TYNNB,9.9,28.71,9.9,9.9,2025,2040,,,,
Solar Photovoltaic,67867,LIB1,67.2,,67.2,67.2,2024,2054,0.176,,0.0,9730.0
Onshore Wind Turbine,67875,GEN1,238.5,,238.5,238.5,2025,2055,0.279,,0.0,14250.0
Batteries,66303,UPBS2,150.0,435.0,150.0,150.0,2026,2041,0.85,,0.0,12544.0
Batteries,64811,UPT1,24.8,25.0,24.8,24.8,2023,2038,0.85,,0.0,12544.0
Batteries,65837,VALVR,5.2371,5.2371,5.2371,5.2371,2024,2039,0.85,,0.0,12544.0
Batteries,65837,VALVR,0.396,0.396,0.396,0.396,2024,2039,0.85,,0.0,12544.0
Batteries,65837,VALVR,4.2669,4.2669,4.2669,4.2669,2024,2039,0.85,,0.0,12544.0
Solar Photovoltaic,68065,CHILS,350.0,,350.0,350.0,2025,2055,,,,
Batteries,67783,GRS12,226.8,657.72,226.8,226.8,2025,2040,0.85,,0.0,12544.0
Solar Photovoltaic,68537,OSAS1,145.0,,145.0,145.0,2025,2055,,,,
Batteries,67784,GRS11,141.4,410.06,141.4,141.4,2026,2041,0.85,,0.0,12544.0
Solar Photovoltaic,67976,GEN01,200.0,,200.0,200.0,2025,2055,,,,
Batteries,67668,WALLE,200.0,580.0,200.0,200.0,2026,2041,0.85,,0.0,12544.0
Solar Photovoltaic,68410,BRAZ,125.0,,125.0,125.0,2025,2055,,,,
Batteries,66783,WEILT,0.396,0.396,0.396,0.396,2024,2039,0.85,,0.0,12544.0
Batteries,66783,WEILT,4.2669,4.2669,4.2669,4.2669,2024,2039,0.85,,0.0,12544.0
Batteries,66783,WEILT,5.2371,5.2371,5.2371,5.2371,2024,2039,0.85,,0.0,12544.0
Solar Photovoltaic,68470,AZ1,180.0,,180.0,180.0,2025,2055,,,,
Solar Photovoltaic,68587,OSAS2,100.0,,100.0,100.0,2025,2055,,,,
Solar Photovoltaic,68588,OSAS3,100.0,,100.0,100.0,2025,2055,,,,
Batteries,67555,RIC98,185.6,538.24,185.6,185.6,2026,2041,0.85,,0.0,12544.0
Solar Photovoltaic,68155,RIOLA,123.0,,123.0,123.0,2025,2055,,,,
Solar Photovoltaic,68458,5840,250.0,,250.0,250.0,2025,2055,,,,
Solar Photovoltaic,68481,HS2,200.0,,200.0,200.0,2025,2055,,,,
Batteries,67739,WIDWH,120.0,174.0,120.0,120.0,2024,2039,0.85,,0.0,12544.0
Batteries,66616,1,150.0,150.0,150.0,150.0,2023,2038,0.85,,0.0,17250.0
Solar Photovoltaic,68592,OERHA,245.0,,245.0,245.0,2026,2056,,,,
Solar Photovoltaic,68593,OERHC,61.0,,61.0,61.0,2026,2056,,,,
Solar Photovoltaic,68594,OERHD,28.0,,28.0,28.0,2026,2056,,,,
Solar Photovoltaic,64349,6666,175.0,,175.0,175.0,2026,2056,,,,
Batteries,64322,ZPT1,9.9,9.9,9.9,9.9,2022,2037,0.0,,0.0,12544.0
Batteries,64322,ZPT2,9.9,9.9,9.9,9.9,2022,2037,0.0,,0.0,12544.0
Batteries,65880,ZEYA,250.0,725.0,250.0,250.0,2024,2039,0.85,,0.0,12544.0
Onshore Wind Turbine,68082,BBP,170.0,,170.0,170.0,2027,2057,,,,
Batteries,66137,11023,40.4,80.0,40.4,40.4,2024,2039,0.85,,0.0,12544.0
Run of River Hydroelectric,6128,1,29.0,,33.0,29.0,1983,2083,0.162,,0.0,8250.0
Run of River Hydroelectric,6128,2,29.0,,33.0,29.0,1983,2083,0.162,,0.0,7764.0
