technology,plant_id,generator_id,capacity_mw,capacity_mwh,nameplate_capacity_mw,winter_capacity_mw,operating_year,retirement_year,historical_capacity_factor,heat_rate_mmbtu_mwh,vom_per_mwh,fom_per_mwyr
Run of River Hydroelectric,34,1P,12.1,,12.1,12.1,1980,2080,0.533,0.0,0.0,11166.0
Run of River Hydroelectric,72,1,10.1,,10.1,10.1,1982,2082,0.0,0.0,0.0,8899.0
Run of River Hydroelectric,100,SC1,1.4,,1.4,1.4,1981,2081,0.04,0.0,0.0,12806.0
Hydroelectric Pumped Storage,104,1,199.8,3096.9,199.8,199.8,1987,2087,0.087,0.0,0.0,8756.0
Conventional Steam Coal,113,1,112.0,,113.6,112.0,2008,2037,0.515,10.597,0.522131473,10754.0436
Conventional Steam Coal,113,3,271.0,,312.3,271.0,2009,2055,0.522,10.864,0.522131473,10754.0436
Petroleum Liquids,114,1,15.0,,26.1,19.0,1972,2022,0.0,25.0,0.286648753,307.06971100000004
Natural Gas Fired Combustion Turbine,116,GT1,50.0,,53.1,62.0,1972,2027,0.108,10.745,7.017535275,10539.91632
Natural Gas Fired Combustion Turbine,116,GT2,50.0,,53.1,62.0,1973,2028,0.108,10.745,7.017535275,10539.91632
Natural Gas Fired Combustion Turbine,116,GT3,101.0,,104.0,103.0,2019,2074,0.12,10.745,7.017535275,10539.91632
Natural Gas Fired Combustion Turbine,116,GT4,101.0,,104.0,103.0,2019,2074,0.12,10.745,7.017535275,10539.91632
Natural Gas Fired Combustion Turbine,116,GT5,101.0,,104.0,103.0,2019,2074,0.12,10.745,7.017535275,10539.91632
Natural Gas Fired Combustion Turbine,116,GT6,101.0,,104.0,103.0,2019,2074,0.12,10.745,7.017535275,10539.91632
Natural Gas Fired Combustion Turbine,116,GT7,101.0,,104.0,103.0,2019,2074,0.12,10.745,7.017535275,10539.91632
Natural Gas Fired Combined Cycle,117,1B,85.0,,132.0,92.0,1976,2031,0.341,10.194,6.207834486,4152.100625
Natural Gas Fired Combined Cycle,117,2B,85.0,,132.0,92.0,1976,2031,0.332,10.234,6.207834486,4152.100625
Natural Gas Fired Combined Cycle,117,3B,85.0,,132.0,92.0,1976,2031,0.372,10.176,6.207834486,4152.100625
Natural Gas Fired Combined Cycle,117,C4-1,68.0,,91.0,78.0,2001,2056,0.417,7.855,6.207834486,4152.100625
Natural Gas Fired Combined Cycle,117,C4-2,34.0,,44.6,34.0,2001,2056,0.417,9.505,6.207834486,4152.100625
Natural Gas Fired Combined Cycle,117,C5-1,145.0,,184.0,153.0,2003,2058,0.417,7.855,6.207834486,4152.100625
Natural Gas Fired Combined Cycle,117,C5-2,145.0,,184.0,153.0,2003,2058,0.417,7.855,6.207834486,4152.100625
Natural Gas Fired Combined Cycle,117,C5-3,162.0,,201.0,162.0,2003,2058,0.417,7.855,6.207834486,4152.100625
Natural Gas Fired Combustion Turbine,117,GT1,50.0,,53.1,62.0,1972,2027,0.016,20.653,14.03507055,10539.91632
Natural Gas Fired Combustion Turbine,117,GT2,50.0,,53.1,62.0,1973,2028,0.016,20.654,14.03507055,10539.91632
Natural Gas Fired Combustion Turbine,118,GE1,76.0,,78.3,79.0,2002,2057,0.11,13.309,7.017535275,1121.119057
Natural Gas Fired Combustion Turbine,118,GT1,53.1,,53.1,50.0,1972,2027,0.115,13.317,7.017535275,1121.119057
Natural Gas Fired Combustion Turbine,118,GT2,50.0,,53.1,62.0,1973,2028,0.1,13.309,7.017535275,1121.119057
Natural Gas Fired Combustion Turbine,120,GT1,18.0,,19.6,22.0,1971,2026,0.073,12.035,1.74861846,10539.91632
Natural Gas Fired Combustion Turbine,120,GT2,18.0,,19.6,22.0,1971,2026,0.073,12.035,1.74861846,10539.91632
Petroleum Liquids,120,GT21,20.0,,25.3,22.0,1978,2028,0.078,12.035,1.74861846,10539.91632
Natural Gas Fired Combustion Turbine,120,GT3,52.0,,72.4,62.0,1973,2028,0.096,12.035,1.74861846,10539.91632
Petroleum Liquids,120,GT4,51.0,,72.4,61.0,1974,2024,0.074,12.035,1.74861846,10539.91632
Natural Gas Fired Combustion Turbine,120,GT5,47.7,,60.5,49.3,2008,2063,0.104,12.033,1.74861846,10539.91632
Natural Gas Fired Combustion Turbine,120,GT6,47.7,,60.5,49.3,2008,2063,0.104,12.033,1.74861846,10539.91632
Natural Gas Steam Turbine,120,ST1,75.0,,86.7,75.0,1959,2030,0.002,11.068,0.338551939,11156.73732
Natural Gas Fired Combustion Turbine,124,GT2,75.0,,85.0,77.4,2001,2056,0.002,14.677,28.46452204,1230.331313
Natural Gas Steam Turbine,126,4,156.0,,173.3,156.0,1967,2042,0.354,11.313,0.871086594,28706.0365
Natural Gas Fired Combustion Turbine,126,GT1,24.0,,27.0,26.8,1972,2027,0.001,12.229,2.740763267,307.06971100000004
Natural Gas Fired Combustion Turbine,126,GT2,24.0,,27.0,26.8,1972,2027,0.001,12.229,2.740763267,307.06971100000004
Natural Gas Internal Combustion Engine,126,RIC1,18.2,,18.8,18.7,2020,2075,0.368,10.745,2.276,3541.0
Natural Gas Internal Combustion Engine,126,RIC10,18.2,,18.8,18.7,2019,2074,0.368,10.745,2.276,3541.0
Natural Gas Internal Combustion Engine,126,RIC2,18.2,,18.8,18.7,2020,2075,0.368,10.745,2.276,3541.0
Natural Gas Internal Combustion Engine,126,RIC3,18.2,,18.8,18.7,2020,2075,0.368,10.745,2.276,3541.0
Natural Gas Internal Combustion Engine,126,RIC4,18.2,,18.8,18.7,2020,2075,0.368,10.745,2.276,3541.0
Natural Gas Internal Combustion Engine,126,RIC5,18.2,,18.8,18.7,2020,2075,0.368,10.745,2.276,3541.0
Natural Gas Internal Combustion Engine,126,RIC6,18.2,,18.8,18.7,2019,2074,0.368,10.745,2.276,3541.0
Natural Gas Internal Combustion Engine,126,RIC7,18.2,,18.8,18.7,2019,2074,0.368,10.745,2.276,3541.0
Natural Gas Internal Combustion Engine,126,RIC8,18.2,,18.8,18.7,2019,2074,0.368,10.745,2.276,3541.0
Natural Gas Internal Combustion Engine,126,RIC9,18.2,,18.8,18.7,2019,2074,0.368,10.745,2.276,3541.0
Natural Gas Steam Turbine,126,ST3,104.0,,113.6,104.0,1962,2037,0.342,11.323,0.871086594,28706.0365
Natural Gas Steam Turbine,141,AF1,113.0,,113.6,113.0,1958,2033,0.061,11.568,0.338551939,11156.73732
Natural Gas Steam Turbine,141,AF2,113.0,,113.6,113.0,1957,2032,0.049,11.4,0.338551939,11156.73732
Natural Gas Steam Turbine,141,AF3,181.0,,163.2,184.0,1961,2036,0.018,10.872,0.338551939,11156.73732
Natural Gas Fired Combustion Turbine,141,AF4,73.0,,80.5,87.0,1975,2030,0.004,16.458,0.947143212,1121.119057
Natural Gas Fired Combustion Turbine,141,AF5,73.0,,71.2,82.0,1974,2029,0.004,16.458,0.947143212,1121.119057
Natural Gas Fired Combustion Turbine,141,AF6,73.0,,71.2,82.0,1974,2029,0.004,16.458,0.947143212,1121.119057
Natural Gas Fired Combustion Turbine,141,AF7,45.0,,49.5,49.5,2022,2077,0.007,12.285,2.276,3541.0
Natural Gas Fired Combustion Turbine,141,AF8,45.0,,49.5,49.5,2022,2077,0.007,12.285,2.276,3541.0
Batteries,141,AFSB1,25.0,100.0,25.0,25.0,2021,2051,0.001,0.0,0.0,17250.0
Solar Photovoltaic,141,PV-3,0.2,,0.2,0.2,2001,2031,0.039,0.0,0.0,46920.0
Run of River Hydroelectric,143,CC5,3.0,,3.0,3.0,1939,2039,0.0,0.0,0.0,9916.0
Conventional Hydroelectric,145,HM1,10.0,,9.9,10.0,1927,2027,0.031,0.0,0.0,8006.0
Conventional Hydroelectric,145,HM2,10.0,,9.9,10.0,1927,2027,0.031,0.0,0.0,8144.0
Conventional Hydroelectric,145,HM3,11.7,,11.7,11.7,1927,2027,0.032,0.0,0.0,8144.0
Hydroelectric Pumped Storage,145,HM4,119.0,1844.5,99.8,119.0,1927,2027,0.111,0.0,0.0,16000.0
Natural Gas Steam Turbine,147,KY1,34.0,,34.5,34.0,1952,2030,0.0,17.1,0.338551939,11156.73732
Natural Gas Steam Turbine,147,KY2,72.0,,73.5,72.0,1954,2030,0.0,13.797,0.338551939,11156.73732
Natural Gas Fired Combustion Turbine,147,KY4,59.0,,53.1,62.5,1971,2026,0.001,22.394,14.03507055,10539.91632
Natural Gas Fired Combustion Turbine,147,KY5,53.0,,60.3,62.0,1973,2028,0.001,22.393,14.03507055,10539.91632
Natural Gas Fired Combustion Turbine,147,KY6,53.0,,60.3,62.0,1973,2028,0.001,22.393,14.03507055,10539.91632
Natural Gas Fired Combined Cycle,147,KY7,148.0,,170.0,167.0,2002,2057,0.604,7.333,3.308306845,4342.0804259999995
Natural Gas Fired Combined Cycle,147,KY7A,106.0,,122.0,110.0,2002,2057,0.604,7.333,3.308306845,4342.0804259999995
Conventional Hydroelectric,148,MF1,11.5,,9.2,11.5,1926,2026,0.051,0.0,0.0,7821.0
Hydroelectric Pumped Storage,148,MF2,57.3,888.15,54.3,57.3,1971,2071,0.112,0.0,0.0,19126.0
Conventional Hydroelectric,149,ROOS,34.0,,36.0,34.0,1973,2073,0.22,0.0,0.0,8672.0
Conventional Hydroelectric,150,SM,13.0,,13.0,13.0,1930,2030,0.248,0.0,0.0,9099.0
Petroleum Liquids,151,1,53.5,,71.2,53.5,1980,2030,0.002,19.817,0.947143212,1121.119057
Natural Gas Fired Combustion Turbine,151,2,53.5,,71.2,53.5,1981,2036,0.002,19.822,0.947143212,1121.119057
Conventional Hydroelectric,152,1,51.7,,51.7,51.7,1951,2051,0.465,0.0,0.0,7672.0
Conventional Hydroelectric,152,2,51.7,,51.7,51.7,1951,2051,0.465,0.0,0.0,7101.0
Conventional Hydroelectric,152,3,48.0,,48.0,48.0,1951,2051,0.465,0.0,0.0,7095.0
Conventional Hydroelectric,152,4,51.7,,51.7,51.7,1951,2051,0.465,0.0,0.0,7101.0
Conventional Hydroelectric,152,5,51.7,,51.7,51.7,1951,2051,0.465,0.0,0.0,7101.0
Conventional Hydroelectric,153,1,165.0,,165.0,165.0,1964,2064,0.287,0.0,0.0,6852.0
Conventional Hydroelectric,153,2,165.0,,165.0,165.0,1964,2064,0.287,0.0,0.0,6915.0
Conventional Hydroelectric,153,3,165.0,,165.0,165.0,1964,2064,0.287,0.0,0.0,6915.0
Conventional Hydroelectric,153,4,165.0,,165.0,165.0,1965,2065,0.287,0.0,0.0,6901.0
Conventional Hydroelectric,153,5,165.0,,165.0,165.0,1965,2065,0.287,0.0,0.0,6901.0
Conventional Hydroelectric,153,6,165.0,,165.0,165.0,1965,2065,0.287,0.0,0.0,6901.0
Conventional Hydroelectric,153,7,157.0,,157.0,157.0,1966,2066,0.287,0.0,0.0,6875.0
Conventional Hydroelectric,153,8,165.0,,165.0,165.0,1966,2066,0.287,0.0,0.0,6883.0
Conventional Hydroelectric,154,N0,2.4,,2.4,2.4,1936,2036,0.194,0.0,0.0,9335.0
Conventional Hydroelectric,154,N1,130.0,,130.0,130.0,1936,2036,0.194,0.0,0.0,6308.0
Conventional Hydroelectric,154,N2,130.0,,130.0,130.0,1936,2036,0.194,0.0,0.0,6308.0
Conventional Hydroelectric,154,N3,130.0,,130.0,130.0,1937,2037,0.194,0.0,0.0,6310.0
Conventional Hydroelectric,154,N4,130.0,,130.0,130.0,1936,2036,0.194,0.0,0.0,6308.0
Conventional Hydroelectric,154,N5,130.0,,130.0,130.0,1938,2038,0.194,0.0,0.0,6310.0
Conventional Hydroelectric,154,N6,130.0,,130.0,130.0,1938,2038,0.194,0.0,0.0,6310.0
Conventional Hydroelectric,154,N7,127.0,,127.0,127.0,1944,2044,0.194,0.0,0.0,6306.0
Conventional Hydroelectric,154,N8,130.0,,130.0,130.0,1961,2061,0.194,0.0,0.0,6339.0
Natural Gas Fired Combustion Turbine,160,GT1,10.0,,11.5,10.0,1963,2030,0.236,12.357,14.23226102,1230.331313
Natural Gas Fired Combustion Turbine,160,GT2,18.5,,20.4,20.0,1972,2027,0.227,12.357,9.738,10369.0
Natural Gas Fired Combustion Turbine,160,GT3,60.0,,78.7,63.0,1975,2030,0.23,12.357,14.23226102,1230.331313
Natural Gas Fired Combustion Turbine,160,GT4,38.0,,60.5,44.0,2002,2057,0.219,12.357,7.035,8379.0
Natural Gas Fired Combustion Turbine,160,GT5,37.9,,41.4,42.3,2025,2080,0.924,9.142,0.53,2960.0
Natural Gas Fired Combustion Turbine,160,GT6,37.9,,41.4,42.3,2025,2080,0.924,9.142,0.53,2960.0
Natural Gas Steam Turbine,160,ST1,72.0,,81.6,72.0,1964,2030,0.16,10.988,0.338551939,11156.73732
Natural Gas Steam Turbine,160,ST2,175.0,,204.0,175.0,1979,2054,0.517,10.965,0.338551939,11156.73732
Conventional Steam Coal,160,ST3,175.0,,204.0,175.0,1979,2054,0.658,11.134,0.635884742,14155.18861
Run of River Hydroelectric,161,1,1.1,,1.1,1.1,1980,2080,0.158,0.0,0.0,16128.0
Run of River Hydroelectric,161,2,1.1,,1.1,1.1,1980,2080,0.158,0.0,0.0,15909.0
Run of River Hydroelectric,161,3,1.1,,1.1,1.1,1980,2080,0.158,0.0,0.0,15909.0
Run of River Hydroelectric,162,1,0.5,,0.5,0.5,1979,2079,0.351,0.0,0.0,22409.0
Run of River Hydroelectric,162,2,0.5,,0.5,0.5,1979,2079,0.351,0.0,0.0,21950.0
Conventional Hydroelectric,180,1,0.9,,1.0,0.9,1981,2081,0.353,0.0,0.0,13788.0
Run of River Hydroelectric,214,1,1.0,,1.0,1.0,1902,2030,0.366,0.0,0.0,14385.0
Conventional Hydroelectric,215,1,0.7,,1.4,1.0,1940,2040,0.7,0.0,0.0,17276.0
Run of River Hydroelectric,217,1,31.0,,31.0,31.0,1927,2027,0.338,0.0,0.0,7384.0
Run of River Hydroelectric,218,2,52.5,,48.6,52.5,1958,2058,0.363,0.0,0.0,7125.0
Run of River Hydroelectric,218,3,52.5,,48.6,52.5,1958,2058,0.363,0.0,0.0,7071.0
Run of River Hydroelectric,219,1,125.0,,117.9,125.0,1969,2069,0.224,0.0,0.0,6356.0
Run of River Hydroelectric,220,H1,32.5,,33.0,32.5,1928,2028,0.125,0.0,0.0,6878.0
Run of River Hydroelectric,220,H2,32.5,,33.0,32.5,1928,2028,0.125,0.0,0.0,6685.0
Run of River Hydroelectric,221,1,41.0,,40.0,41.0,1958,2058,0.267,0.0,0.0,6605.0
Run of River Hydroelectric,222,1,25.0,,23.8,25.0,1921,2030,0.159,0.0,0.0,6378.0
Run of River Hydroelectric,222,2,25.0,,25.0,25.0,1921,2030,0.159,0.0,0.0,6341.0
Run of River Hydroelectric,222,3,25.0,,25.0,25.0,1924,2024,0.159,0.0,0.0,6342.0
Run of River Hydroelectric,223,4,60.0,,60.3,60.0,1958,2058,0.361,0.0,0.0,6500.0
Run of River Hydroelectric,223,5,60.0,,57.6,60.0,1958,2058,0.361,0.0,0.0,6454.0
Run of River Hydroelectric,224,1,5.5,,5.5,5.5,1900,2030,0.0,0.0,0.0,7530.0
Run of River Hydroelectric,224,2,0.9,,0.9,0.9,1900,2030,0.0,0.0,0.0,11038.0
Run of River Hydroelectric,225,1,7.0,,8.3,7.0,1965,2065,0.429,0.0,0.0,8473.0
Conventional Hydroelectric,227,1,13.0,,12.1,13.0,1979,2079,0.27,0.0,0.0,7865.0
Run of River Hydroelectric,229,1,0.9,,0.7,0.9,1907,2025,0.248,0.0,0.0,12045.0
Run of River Hydroelectric,229,2,0.9,,0.7,0.9,1907,2025,0.248,0.0,0.0,11776.0
Conventional Hydroelectric,231,1,35.0,,36.9,35.0,1949,2049,0.305,0.0,0.0,7069.0
Conventional Hydroelectric,231,2,35.0,,36.9,35.0,1950,2050,0.305,0.0,0.0,6619.0
Run of River Hydroelectric,232,1,18.5,,18.4,18.5,1963,2063,0.284,0.0,0.0,7620.0
Run of River Hydroelectric,233,1,5.7,,5.5,5.7,1908,2030,0.325,0.0,0.0,9163.0
Run of River Hydroelectric,235,1,13.2,,12.0,13.2,1913,2030,0.111,0.0,0.0,6987.0
Run of River Hydroelectric,235,2,13.2,,12.0,13.2,1913,2030,0.111,0.0,0.0,6950.0
Run of River Hydroelectric,235,3,13.2,,12.0,13.2,1922,2022,0.111,0.0,0.0,6863.0
Run of River Hydroelectric,235,4,14.4,,13.2,14.4,1928,2028,0.111,0.0,0.0,6566.0
Run of River Hydroelectric,236,5,49.5,,53.1,49.5,1965,2065,0.549,0.0,0.0,7523.0
Run of River Hydroelectric,237,1,22.0,,22.0,22.0,1943,2043,0.451,0.0,0.0,8009.0
Conventional Hydroelectric,238,1,10.4,,10.0,10.6,1924,2024,0.346,0.0,0.0,11403.0
Conventional Hydroelectric,238,2,10.4,,10.0,10.5,1924,2024,0.348,0.0,0.0,11348.0
Conventional Hydroelectric,239,1,30.7,,32.3,30.7,1948,2048,0.349,0.0,0.0,7290.0
Conventional Hydroelectric,239,2,30.7,,35.1,30.7,1948,2048,0.349,0.0,0.0,7305.0
Conventional Hydroelectric,239,3,36.6,,35.1,36.6,1948,2048,0.349,0.0,0.0,7065.0
Conventional Hydroelectric,240,H1,72.0,,67.5,72.0,1958,2058,0.258,0.0,0.0,6629.0
Conventional Hydroelectric,240,H2,72.0,,67.5,72.0,1958,2058,0.258,0.0,0.0,6612.0
Run of River Hydroelectric,241,1,11.0,,13.6,11.0,1916,2030,0.227,0.0,0.0,8795.0
Run of River Hydroelectric,242,1,2.4,,2.6,2.4,1921,2030,0.0,0.0,0.0,9660.0
Run of River Hydroelectric,242,2,2.4,,2.7,2.4,1921,2030,0.0,0.0,0.0,9250.0
Run of River Hydroelectric,243,1,8.5,,10.0,8.5,1921,2030,0.362,0.0,0.0,7459.0
Run of River Hydroelectric,244,1,8.5,,10.0,8.5,1921,2030,0.339,0.0,0.0,7928.0
Natural Gas Internal Combustion Engine,246,IC1,16.3,,16.7,16.3,2010,2065,0.323,10.745,1.74861846,1121.119057
Natural Gas Internal Combustion Engine,246,IC10,16.3,,16.7,16.3,2010,2065,0.323,10.745,1.74861846,1121.119057
Natural Gas Internal Combustion Engine,246,IC2,16.3,,16.7,16.3,2010,2065,0.323,10.745,1.74861846,1121.119057
Natural Gas Internal Combustion Engine,246,IC3,16.3,,16.7,16.3,2011,2066,0.323,10.745,1.74861846,1121.119057
Natural Gas Internal Combustion Engine,246,IC4,16.3,,16.7,16.3,2010,2065,0.323,10.745,1.74861846,1121.119057
Natural Gas Internal Combustion Engine,246,IC5,16.3,,16.7,16.3,2010,2065,0.323,10.745,1.74861846,1121.119057
Natural Gas Internal Combustion Engine,246,IC6,16.3,,16.7,16.3,2010,2065,0.323,10.745,1.74861846,1121.119057
Natural Gas Internal Combustion Engine,246,IC7,16.3,,16.7,16.3,2010,2065,0.323,10.745,1.74861846,1121.119057
Natural Gas Internal Combustion Engine,246,IC8,16.3,,16.7,16.3,2010,2065,0.323,10.745,1.74861846,1121.119057
Natural Gas Internal Combustion Engine,246,IC9,16.7,,16.7,16.7,2010,2065,0.323,10.745,1.74861846,1121.119057
Conventional Hydroelectric,248,1,8.0,,7.6,8.0,1979,2079,0.0,0.0,0.0,8358.0
Run of River Hydroelectric,249,1,86.0,,85.1,86.0,1966,2066,0.292,0.0,0.0,6470.0
Run of River Hydroelectric,249,2,86.0,,83.5,86.0,1965,2065,0.292,0.0,0.0,6383.0
Run of River Hydroelectric,250,H1,12.6,,11.3,12.6,1920,2030,0.0,0.0,0.0,6883.0
Run of River Hydroelectric,250,H3,12.6,,11.3,12.6,1920,2030,0.0,0.0,0.0,6420.0
Run of River Hydroelectric,253,1,1.6,,1.5,1.6,1904,2025,0.08,0.0,0.0,11049.0
Conventional Hydroelectric,254,H1,52.0,,48.6,52.0,1962,2062,0.223,0.0,0.0,6754.0
Run of River Hydroelectric,255,1,1.0,,1.0,1.0,1906,2030,0.0,0.0,0.0,11907.0
Run of River Hydroelectric,255,2,1.0,,1.0,1.0,1906,2030,0.0,0.0,0.0,11599.0
Run of River Hydroelectric,258,1,3.5,,3.4,3.5,1930,2030,0.287,0.0,0.0,9577.0
Natural Gas Fired Combined Cycle,260,CT1A,165.0,,233.0,165.0,2002,2057,0.591,7.05,0.774950824,11973.82131
Natural Gas Fired Combined Cycle,260,CT1B,165.0,,233.0,165.0,2002,2057,0.591,7.05,0.774950824,11973.82131
Natural Gas Fired Combined Cycle,260,CT2A,165.0,,233.0,165.0,2002,2057,0.591,7.05,0.774950824,11973.82131
Natural Gas Fired Combined Cycle,260,CT2B,165.0,,233.0,165.0,2002,2057,0.591,7.05,0.774950824,11973.82131
Natural Gas Fired Combined Cycle,260,ST1,180.0,,233.0,180.0,2002,2057,0.591,7.05,0.774950824,11973.82131
Natural Gas Fired Combined Cycle,260,ST2,180.0,,233.0,180.0,2002,2057,0.591,7.05,0.774950824,11973.82131
Conventional Hydroelectric,261,1,1.3,,3.6,2.0,1954,2054,0.833,0.0,0.0,12687.0
Run of River Hydroelectric,262,1,12.0,,10.2,12.0,1942,2042,0.54,0.0,0.0,8707.0
Conventional Hydroelectric,264,1,2.0,,1.6,2.0,1940,2040,0.354,0.0,0.0,11490.0
Conventional Hydroelectric,265,H1,30.5,,34.6,30.5,1922,2022,0.345,0.0,0.0,7014.0
Conventional Hydroelectric,265,H2,30.5,,34.6,30.5,1922,2022,0.345,0.0,0.0,6711.0
Conventional Hydroelectric,266,H1,23.3,,26.7,23.3,1925,2025,0.414,0.0,0.0,7586.0
Conventional Hydroelectric,266,H2,23.3,,26.7,23.3,1925,2025,0.414,0.0,0.0,7206.0
Conventional Hydroelectric,266,H3,23.3,,26.7,23.3,1925,2025,0.414,0.0,0.0,7151.0
Conventional Hydroelectric,267,1,47.5,,51.7,47.5,1955,2055,0.396,0.0,0.0,6856.0
Conventional Hydroelectric,267,2,47.5,,51.7,47.5,1955,2055,0.396,0.0,0.0,6624.0
Conventional Hydroelectric,268,H1,40.0,,38.2,40.0,1944,2044,0.433,0.0,0.0,6642.0
Conventional Hydroelectric,268,H2,40.0,,38.2,40.0,1944,2044,0.433,0.0,0.0,6514.0
Conventional Hydroelectric,268,H3,40.0,,33.2,40.0,1944,2044,0.433,0.0,0.0,6512.0
Conventional Hydroelectric,268,H4,40.0,,32.0,40.0,1944,2044,0.433,0.0,0.0,6509.0
Run of River Hydroelectric,269,H1,40.0,,39.6,40.0,1965,2065,0.338,0.0,0.0,7011.0
Run of River Hydroelectric,269,H2,40.0,,39.6,40.0,1965,2065,0.338,0.0,0.0,6755.0
Run of River Hydroelectric,270,H1,56.0,,57.6,56.0,1965,2065,0.311,0.0,0.0,6619.0
Run of River Hydroelectric,270,H2,57.0,,52.2,57.0,1965,2065,0.311,0.0,0.0,6503.0
Run of River Hydroelectric,272,1,60.0,,71.4,60.0,1958,2058,0.389,0.0,0.0,6638.0
Run of River Hydroelectric,272,2,60.0,,71.4,60.0,1958,2058,0.389,0.0,0.0,6499.0
Run of River Hydroelectric,274,1,4.5,,4.4,4.5,1939,2039,0.108,0.0,0.0,8432.0
Run of River Hydroelectric,274,2,2.0,,2.0,2.0,1910,2030,0.108,0.0,0.0,11041.0
Run of River Hydroelectric,274,3,2.7,,3.0,2.7,1917,2030,0.108,0.0,0.0,9950.0
Conventional Hydroelectric,275,H1,63.0,,63.0,63.0,1950,2050,0.348,0.0,0.0,6556.0
Conventional Hydroelectric,275,H2,63.0,,63.0,63.0,1950,2050,0.348,0.0,0.0,6443.0
Conventional Hydroelectric,276,1,3.2,,2.8,3.2,1917,2030,0.031,0.0,0.0,10007.0
Conventional Hydroelectric,277,3,4.2,,4.0,4.2,1923,2023,0.0,0.0,0.0,9152.0
Conventional Hydroelectric,279,1,11.0,,12.3,11.0,1931,2031,0.363,0.0,0.0,8182.0
Conventional Hydroelectric,279,2,33.0,,29.7,33.0,1953,2053,0.363,0.0,0.0,7443.0
Conventional Hydroelectric,280,1,7.0,,6.7,7.0,1979,2079,0.285,0.0,0.0,9071.0
Run of River Hydroelectric,281,1,7.0,,7.0,7.0,1928,2028,0.324,0.0,0.0,8584.0
Run of River Hydroelectric,282,1,4.4,,3.7,4.4,1928,2028,0.143,0.0,0.0,8473.0
Run of River Hydroelectric,283,1,5.8,,6.6,5.8,1929,2029,0.344,0.0,0.0,9105.0
Conventional Hydroelectric,284,1,7.0,,6.0,7.0,1921,2030,0.436,0.0,0.0,8959.0
Conventional Hydroelectric,285,HC1,91.0,,81.9,91.0,1963,2063,0.323,0.0,0.0,6635.0
Geothermal,286,U11,68.0,,110.0,68.0,1975,2030,0.805,9.771,0.587,39037.0
Geothermal,286,U12,51.0,,110.0,56.0,1979,2030,0.767,9.771,0.587,49009.0
Geothermal,286,U13,65.0,,138.0,68.0,1980,2030,0.787,9.771,0.587,36765.0
Geothermal,286,U14,60.0,,113.0,62.0,1980,2030,0.792,9.771,0.587,39783.0
Geothermal,286,U16,60.0,,118.0,60.0,1985,2030,0.805,9.771,0.587,37429.0
Geothermal,286,U17,60.0,,118.0,65.0,1982,2030,0.773,9.771,0.587,44098.0
Geothermal,286,U18,60.0,,118.0,60.0,1983,2030,0.805,9.771,0.587,38419.0
Geothermal,286,U20,50.0,,118.0,50.0,1985,2030,0.805,9.771,0.587,41991.0
Geothermal,286,U5,45.0,,55.0,50.0,1971,2030,0.762,9.771,0.587,50863.0
Geothermal,286,U6,45.0,,55.0,50.0,1971,2030,0.762,9.771,0.587,50863.0
Geothermal,286,U7,40.0,,55.0,42.0,1972,2030,0.785,9.771,0.587,52043.0
Geothermal,286,U8,40.0,,55.0,42.0,1972,2030,0.785,9.771,0.587,51816.0
Conventional Hydroelectric,287,H1,29.0,,25.5,29.0,1931,2031,0.434,0.0,0.0,7818.0
Conventional Hydroelectric,287,H2,29.0,,26.7,29.0,1931,2031,0.434,0.0,0.0,7614.0
Run of River Hydroelectric,289,1,3.2,,4.2,3.2,1914,2030,0.0,0.0,0.0,8829.0
Run of River Hydroelectric,289,2,3.2,,4.2,3.2,1914,2030,0.0,0.0,0.0,8476.0
Conventional Hydroelectric,290,1,9.0,,8.5,9.0,1980,2080,0.245,0.0,0.0,8077.999999999999
Conventional Hydroelectric,291,1,14.5,,13.6,14.5,1948,2048,0.538,0.0,0.0,8587.0
Run of River Hydroelectric,292,1,14.0,,13.6,14.0,1917,2030,0.393,0.0,0.0,8501.0
Run of River Hydroelectric,292,2,3.2,,2.8,3.2,1986,2086,0.393,0.0,0.0,10666.0
Conventional Hydroelectric,293,1,5.0,,3.2,5.0,1910,2030,0.166,0.0,0.0,8935.0
Conventional Hydroelectric,293,2,5.0,,3.2,5.0,1910,2030,0.166,0.0,0.0,8910.0
Conventional Hydroelectric,293,3,5.0,,3.2,5.0,1910,2030,0.166,0.0,0.0,8910.0
Conventional Hydroelectric,293,4,5.0,,3.2,5.0,1910,2030,0.166,0.0,0.0,8910.0
Run of River Hydroelectric,296,1,0.4,,0.5,0.4,1903,2030,0.424,0.0,0.0,17671.0
Run of River Hydroelectric,296,2,0.4,,0.4,0.4,1907,2030,0.424,0.0,0.0,17108.0
Run of River Hydroelectric,296,3,1.1,,1.2,1.1,1910,2030,0.424,0.0,0.0,12401.0
Run of River Hydroelectric,314,1,1.9,,2.0,0.9,1982,2082,0.458,0.0,0.0,14375.0
Run of River Hydroelectric,314,2,1.9,,2.0,0.9,1982,2082,0.458,0.0,0.0,13257.0
Natural Gas Steam Turbine,315,3,327.0,,310.0,327.0,1961,2026,0.084,13.588,0.131878475,4345.960941
Natural Gas Steam Turbine,315,4,335.0,,310.0,335.0,1962,2026,0.072,14.047,0.131878475,4345.960941
Natural Gas Steam Turbine,315,5,480.0,,495.0,480.0,1964,2026,0.033,12.614,0.131878475,4345.960941
Run of River Hydroelectric,316,1,8.5,,8.5,8.5,1982,2082,0.085,0.0,0.0,9860.0
Run of River Hydroelectric,317,1,19.8,,19.8,19.8,1913,2030,0.333,0.0,0.0,8862.0
Run of River Hydroelectric,317,2,15.8,,15.8,15.8,1913,2030,0.333,0.0,0.0,8663.0
Run of River Hydroelectric,317,3,21.6,,21.6,21.6,1923,2023,0.333,0.0,0.0,8824.0
Run of River Hydroelectric,317,4,31.2,,31.2,31.2,1925,2025,0.333,0.0,0.0,7423.0
Run of River Hydroelectric,318,3,15.8,,15.8,15.8,1913,2030,0.357,0.0,0.0,8817.0
Run of River Hydroelectric,318,4,15.8,,15.8,15.8,1914,2030,0.357,0.0,0.0,8748.0
Run of River Hydroelectric,318,5,17.5,,17.5,17.5,1921,2030,0.357,0.0,0.0,8628.0
Run of River Hydroelectric,318,6,17.5,,17.5,17.5,1925,2025,0.357,0.0,0.0,8398.0
Run of River Hydroelectric,319,1,34.0,,34.0,34.0,1923,2023,0.336,0.0,0.0,7206.0
Run of River Hydroelectric,319,2,34.0,,34.0,34.0,1923,2023,0.336,0.0,0.0,7151.0
Run of River Hydroelectric,319,3,33.0,,34.0,33.0,1923,2023,0.336,0.0,0.0,7202.0
Run of River Hydroelectric,319,4,36.0,,36.0,36.0,1948,2048,0.336,0.0,0.0,6879.0
Run of River Hydroelectric,319,5,36.5,,36.5,36.5,1980,2080,0.336,0.0,0.0,7423.0
Conventional Hydroelectric,320,1,50.0,,50.0,50.0,1951,2051,0.363,0.0,0.0,7108.0
Conventional Hydroelectric,320,2,50.0,,50.0,50.0,1951,2051,0.363,0.0,0.0,7073.0
Run of River Hydroelectric,321,1,25.8,,30.0,25.8,1921,2030,0.459,0.0,0.0,7588.0
Run of River Hydroelectric,321,2,45.0,,45.0,45.0,1929,2029,0.229,0.0,0.0,6883.0
Run of River Hydroelectric,322,1,50.0,,55.0,50.0,1928,2028,0.383,0.0,0.0,6544.0
Run of River Hydroelectric,322,2,50.0,,55.0,50.0,1928,2028,0.383,0.0,0.0,6523.0
Run of River Hydroelectric,323,1,2.5,,2.5,2.5,1908,2030,0.424,0.0,0.0,10934.0
Run of River Hydroelectric,323,2,2.5,,2.5,2.5,1908,2030,0.424,0.0,0.0,10917.0
Run of River Hydroelectric,323,3,2.3,,2.3,2.3,1911,2030,0.424,0.0,0.0,10880.0
Run of River Hydroelectric,324,1,2.8,,2.8,2.8,1913,2030,0.341,0.0,0.0,10621.0
Run of River Hydroelectric,324,2,2.8,,2.8,2.8,1913,2030,0.341,0.0,0.0,10589.0
Run of River Hydroelectric,324,3,2.8,,2.8,2.8,1913,2030,0.341,0.0,0.0,10472.0
Run of River Hydroelectric,325,1,1.0,,1.0,1.0,1905,2030,0.557,0.0,0.0,14433.0
Run of River Hydroelectric,325,2,1.0,,1.0,1.0,1905,2030,0.557,0.0,0.0,14408.0
Run of River Hydroelectric,325,3,2.0,,2.0,2.0,1906,2030,0.557,0.0,0.0,11578.0
Run of River Hydroelectric,325,4,2.2,,2.2,2.2,1907,2030,0.557,0.0,0.0,11576.0
Run of River Hydroelectric,325,5,2.0,,2.0,2.0,1909,2030,0.557,0.0,0.0,11571.0
Run of River Hydroelectric,326,1,2.0,,2.0,2.0,1943,2043,0.363,0.0,0.0,11112.0
Run of River Hydroelectric,326,2,1.8,,2.5,1.8,1919,2030,0.363,0.0,0.0,11252.0
Run of River Hydroelectric,327,1,1.6,,1.6,1.6,1913,2030,0.552,0.0,0.0,11430.0
Run of River Hydroelectric,332,1,1.5,,1.5,1.5,1917,2030,0.173,0.0,0.0,14211.0
Run of River Hydroelectric,332,2,1.5,,1.5,1.5,1917,2030,0.173,0.0,0.0,14074.0
Natural Gas Steam Turbine,335,2,225.8,,218.0,225.8,1958,2026,0.085,11.928,0.338551939,11156.73732
Run of River Hydroelectric,336,2,1.8,,1.8,1.8,1929,2029,0.216,0.0,0.0,9729.0
Run of River Hydroelectric,337,1,2.3,,2.3,2.3,1929,2029,0.009,0.0,0.0,9366.0
Run of River Hydroelectric,338,1,2.4,,2.4,2.4,1913,2030,0.296,0.0,0.0,9277.0
Run of River Hydroelectric,338,2,2.1,,2.4,2.1,1913,2030,0.296,0.0,0.0,9220.0
Run of River Hydroelectric,339,1,20.5,,20.5,20.5,1921,2030,0.351,0.0,0.0,6925.0
Run of River Hydroelectric,339,2,19.7,,19.8,19.7,1921,2030,0.351,0.0,0.0,6626.0
Run of River Hydroelectric,340,1,6.6,,6.6,6.6,1907,2030,0.639,0.0,0.0,8817.0
Run of River Hydroelectric,340,2,6.6,,6.6,6.6,1907,2030,0.639,0.0,0.0,8721.0
Run of River Hydroelectric,340,3,6.6,,6.6,6.6,1907,2030,0.639,0.0,0.0,8721.0
Run of River Hydroelectric,340,4,6.6,,6.6,6.6,1907,2030,0.639,0.0,0.0,8721.0
Natural Gas Fired Combustion Turbine,341,CT1,65.0,,63.0,65.0,1976,2031,0.008,16.97,3.49723692,1121.119057
Natural Gas Fired Combustion Turbine,341,CT2,65.0,,63.0,65.0,1976,2031,0.008,16.97,3.49723692,1121.119057
Natural Gas Fired Combustion Turbine,341,CT3,65.0,,63.0,65.0,1976,2031,0.008,16.97,3.49723692,1121.119057
Natural Gas Fired Combustion Turbine,341,CT4,65.0,,63.0,65.0,1976,2031,0.008,16.97,3.49723692,1121.119057
Conventional Hydroelectric,342,1,1.5,,1.5,1.5,1911,2030,0.296,0.0,0.0,11103.0
Conventional Hydroelectric,342,2,1.5,,1.5,1.5,1912,2030,0.296,0.0,0.0,11092.0
Run of River Hydroelectric,344,1,95.0,,95.0,95.0,1960,2060,0.25,0.0,0.0,6573.0
Run of River Hydroelectric,344,2,95.0,,95.0,95.0,1960,2060,0.25,0.0,0.0,6564.0
Natural Gas Steam Turbine,350,1,741.0,,806.0,741.0,1971,2027,0.011,11.976,0.217001078,7151.115538
Natural Gas Steam Turbine,350,2,750.0,,806.0,750.0,1973,2027,0.029,12.264,0.217001078,7151.115538
Conventional Hydroelectric,353,1,11.3,,11.3,11.3,1924,2024,0.214,0.0,0.0,7422.0
Run of River Hydroelectric,354,1,10.8,,10.8,10.8,1956,2056,0.19,0.0,0.0,7844.0
Conventional Hydroelectric,357,1,5.9,,5.9,5.9,1916,2030,0.357,0.0,0.0,8638.0
Conventional Hydroelectric,357,2,5.5,,7.2,5.5,1917,2030,0.357,0.0,0.0,8847.0
Natural Gas Fired Combined Cycle,358,MV3A,156.0,,164.6,182.0,2005,2060,0.306,7.871,0.4184776,4152.100625
Natural Gas Fired Combined Cycle,358,MV3B,156.0,,164.6,182.0,2005,2060,0.306,7.871,0.4184776,4152.100625
Natural Gas Fired Combined Cycle,358,MV3C,197.0,,189.2,191.0,2005,2060,0.306,7.871,0.4184776,4152.100625
Natural Gas Fired Combined Cycle,358,MV4A,156.0,,164.6,182.0,2006,2061,0.306,7.871,0.4184776,4152.100625
Natural Gas Fired Combined Cycle,358,MV4B,156.0,,164.6,182.0,2006,2061,0.306,7.871,0.4184776,4152.100625
Natural Gas Fired Combined Cycle,358,MV4C,197.0,,189.2,191.0,2006,2061,0.306,7.871,0.4184776,4152.100625
Run of River Hydroelectric,361,1,0.8,,0.8,0.8,1899,2030,0.007,0.0,0.0,12219.0
Run of River Hydroelectric,361,2,0.8,,0.8,0.8,1899,2030,0.007,0.0,0.0,12157.0
Run of River Hydroelectric,361,3,0.8,,0.8,0.8,1899,2030,0.007,0.0,0.0,12484.0
Run of River Hydroelectric,361,4,0.8,,0.8,0.8,1899,2030,0.007,0.0,0.0,12484.0
Run of River Hydroelectric,363,1,3.1,,3.1,3.1,1999,2099,0.064,0.0,0.0,10926.0
Run of River Hydroelectric,365,1,1.3,,1.3,1.3,1909,2030,0.0,0.0,0.0,9123.0
Run of River Hydroelectric,365,2,1.3,,1.3,1.3,1909,2030,0.0,0.0,0.0,9184.0
Run of River Hydroelectric,376,1,8.9,,7.5,8.9,1930,2030,0.447,0.0,0.0,9679.0
Run of River Hydroelectric,376,2,8.9,,7.5,8.9,1930,2030,0.447,0.0,0.0,9656.0
Run of River Hydroelectric,376,3,9.9,,8.6,9.9,1983,2083,0.447,0.0,0.0,10503.0
Natural Gas Fired Combustion Turbine,377,9,48.0,,57.4,48.0,2004,2059,0.052,10.917,1.370381634,8080.909324
Run of River Hydroelectric,380,1,93.5,,90.1,92.9,1960,2060,0.366,0.0,0.0,7882.0
Run of River Hydroelectric,380,2,93.4,,90.1,91.3,1960,2060,0.366,0.0,0.0,7839.0
Run of River Hydroelectric,381,1,57.3,,45.0,54.3,1969,2069,0.35,0.0,0.0,8485.0
Run of River Hydroelectric,381,2,53.9,,51.8,54.3,1969,2069,0.35,0.0,0.0,8476.0
Run of River Hydroelectric,382,1,40.6,,45.4,41.0,1967,2067,0.4,0.0,0.0,9139.0
Run of River Hydroelectric,382,2,40.5,,45.4,40.5,1967,2067,0.4,0.0,0.0,9124.0
Run of River Hydroelectric,382,3,40.3,,36.5,35.2,1987,2087,0.4,0.0,0.0,9192.0
Run of River Hydroelectric,385,1,4.9,,5.0,2.5,1953,2053,0.622,0.0,0.0,10939.0
Run of River Hydroelectric,385,2,4.9,,5.0,2.5,1953,2053,0.622,0.0,0.0,9952.0
Run of River Hydroelectric,386,1,4.5,,4.8,3.6,1941,2041,0.533,0.0,0.0,10123.0
Run of River Hydroelectric,386,2,4.4,,4.4,4.6,1966,2066,0.512,0.0,0.0,10290.0
Run of River Hydroelectric,387,1,10.0,,10.0,10.0,1950,2050,0.478,0.0,0.0,10646.0
Run of River Hydroelectric,387,2,10.0,,9.6,8.0,1941,2041,0.546,0.0,0.0,9220.0
Run of River Hydroelectric,388,1,0.0,,16.5,10.4,1957,2057,0.461,0.0,0.0,10789.0
Run of River Hydroelectric,388,2,0.0,,16.5,7.7,1957,2057,0.0,0.0,0.0,10929.0
Natural Gas Fired Combined Cycle,389,2,32.5,,34.5,32.5,1952,2030,0.38,8.14,2.771824654,12250.74954
Natural Gas Fired Combined Cycle,389,2A,73.0,,89.9,73.0,1993,2048,0.38,8.14,0.615357551,12250.74954
Natural Gas Fired Combined Cycle,389,30,42.0,,65.9,53.0,2012,2067,0.38,8.14,2.771824654,12250.74954
Natural Gas Fired Combined Cycle,389,31,39.0,,43.2,46.0,2012,2067,0.38,8.14,2.771824654,12250.74954
Natural Gas Fired Combined Cycle,389,32,39.0,,43.2,46.0,2012,2067,0.38,8.14,2.771824654,12250.74954
Natural Gas Steam Turbine,389,4,67.6,,81.6,72.0,1968,2030,0.228,12.83,0.338551939,11156.73732
Run of River Hydroelectric,391,1,3.0,,3.2,3.0,1925,2025,0.299,0.0,0.0,9988.0
Hydroelectric Pumped Storage,392,1,270.5,4192.75,271.0,270.5,1973,2073,0.044,0.0,0.0,9136.0
Hydroelectric Pumped Storage,392,2,270.5,4192.75,271.0,270.5,1974,2074,0.044,0.0,0.0,9028.0
Hydroelectric Pumped Storage,392,3,270.5,4192.75,271.0,270.5,1976,2076,0.044,0.0,0.0,8812.0
Hydroelectric Pumped Storage,392,4,270.5,4192.75,271.0,270.5,1977,2077,0.044,0.0,0.0,8812.0
Hydroelectric Pumped Storage,392,5,270.5,4192.75,271.0,270.5,1977,2077,0.044,0.0,0.0,8916.0
Hydroelectric Pumped Storage,392,6,270.5,4192.75,271.0,270.5,1978,2078,0.044,0.0,0.0,8916.0
Run of River Hydroelectric,392,7,51.5,,56.0,51.5,1972,2072,0.0,0.0,0.0,6358.0
Run of River Hydroelectric,393,1,37.5,,37.5,37.5,1952,2052,0.166,0.0,0.0,7849.0
Run of River Hydroelectric,394,1,1.2,,0.8,1.2,1908,2030,0.042,0.0,0.0,14255.0
Run of River Hydroelectric,394,2,1.2,,0.8,1.2,1909,2030,0.042,0.0,0.0,13229.0
Run of River Hydroelectric,396,1,8.6,,8.8,8.6,1971,2071,0.138,0.0,0.0,10468.0
Run of River Hydroelectric,397,1,2.0,,2.0,2.0,1921,2030,0.0,0.0,0.0,14666.0
Run of River Hydroelectric,398,1,2.5,,2.8,2.5,1927,2027,0.0,0.0,0.0,9655.0
Run of River Hydroelectric,398,2,2.5,,2.8,2.5,1927,2027,0.0,0.0,0.0,9013.0
Natural Gas Fired Combined Cycle,399,10A,72.0,,85.3,72.0,1995,2050,0.043,10.743,3.516257561,4342.0804259999995
Natural Gas Fired Combined Cycle,399,10B,72.0,,85.3,72.0,1995,2050,0.043,10.743,3.516257561,4342.0804259999995
Natural Gas Fired Combined Cycle,399,5,64.0,,75.0,68.0,1995,2050,0.043,10.743,3.516257561,4342.0804259999995
Natural Gas Fired Combustion Turbine,399,GT10,44.0,,60.5,44.0,2002,2057,0.015,11.197,3.49723692,1121.119057
Natural Gas Fired Combustion Turbine,399,GT11,44.0,,60.5,44.0,2002,2057,0.015,11.197,3.49723692,1121.119057
Natural Gas Fired Combustion Turbine,399,GT12,44.0,,60.5,44.0,2002,2057,0.015,11.197,3.49723692,1121.119057
Natural Gas Fired Combustion Turbine,399,GT13,44.0,,60.5,44.0,2002,2057,0.015,11.197,3.49723692,1121.119057
Natural Gas Fired Combustion Turbine,399,GT14,44.0,,60.5,44.0,2002,2057,0.015,11.197,3.49723692,1121.119057
Natural Gas Steam Turbine,400,1,222.0,,230.0,222.0,1962,2037,0.151,11.939,0.337399797,11118.7693
Natural Gas Fired Combined Cycle,400,10,162.5,,182.8,162.5,2005,2060,0.473,7.148,0.551957076,8987.410604
Natural Gas Fired Combustion Turbine,400,11,99.2,,108.2,99.2,2013,2068,0.065,10.745,1.485029017,1229.357899
Natural Gas Fired Combustion Turbine,400,12,99.2,,108.2,99.2,2013,2068,0.065,10.745,1.485029017,1229.357899
Natural Gas Fired Combustion Turbine,400,13,99.2,,108.2,99.2,2013,2068,0.065,10.745,1.485029017,1229.357899
Natural Gas Fired Combustion Turbine,400,14,99.2,,108.2,99.2,2013,2068,0.065,10.745,1.485029017,1229.357899
Natural Gas Fired Combustion Turbine,400,15,99.2,,108.2,99.2,2013,2068,0.065,10.745,1.485029017,1229.357899
Natural Gas Fired Combustion Turbine,400,16,99.2,,108.2,99.2,2013,2068,0.065,10.745,1.485029017,1229.357899
Natural Gas Steam Turbine,400,2,222.0,,230.0,222.0,1963,2038,0.0,11.885,0.337399797,11118.7693
Natural Gas Fired Combined Cycle,400,8,235.0,,264.3,250.0,2005,2060,0.473,7.148,2.48624272,12250.74954
Natural Gas Fired Combined Cycle,400,9,162.5,,182.8,162.5,2005,2060,0.473,7.148,0.551957076,8987.410604
Run of River Hydroelectric,401,1,37.5,,37.5,37.5,1952,2052,0.178,0.0,0.0,7959.0
Run of River Hydroelectric,402,1,2.7,,3.2,2.7,1958,2058,0.247,0.0,0.0,12503.0
Run of River Hydroelectric,403,1,3.2,,2.8,3.2,1922,2022,0.137,0.0,0.0,10913.0
Run of River Hydroelectric,403,2,2.9,,2.8,2.9,1922,2022,0.137,0.0,0.0,11012.0
Natural Gas Steam Turbine,404,1,105.0,,163.2,105.0,1958,2029,0.038,13.138,0.383741259,12645.91909
Natural Gas Steam Turbine,404,2,156.3,,163.2,156.3,1959,2029,0.021,12.028,0.383741259,12645.91909
Natural Gas Fired Combined Cycle,404,4,206.0,,216.9,206.0,2015,2070,0.511,7.266,0.84734732,4152.100625
Natural Gas Fired Combined Cycle,404,5,107.0,,118.9,107.0,2015,2070,0.511,7.266,0.84734732,4152.100625
Natural Gas Fired Combustion Turbine,404,6,102.0,,106.9,102.0,2015,2070,0.062,10.745,1.74861846,1121.119057
Natural Gas Fired Combustion Turbine,404,7,102.0,,106.9,102.0,2015,2070,0.062,10.745,1.74861846,1121.119057
Run of River Hydroelectric,407,1,36.5,,37.5,36.5,1953,2053,0.192,0.0,0.0,7928.0
Natural Gas Fired Combustion Turbine,408,5,44.0,,60.5,44.0,2001,2056,0.023,11.313,2.740763267,8080.909324
Natural Gas Fired Combined Cycle,408,6,155.0,,182.8,155.0,2003,2058,0.34,7.273,0.780625008,4342.0804259999995
Natural Gas Fired Combined Cycle,408,7,155.0,,182.8,155.0,2003,2058,0.34,7.273,0.780625008,4342.0804259999995
Natural Gas Fired Combined Cycle,408,8,209.0,,264.4,209.0,2003,2058,0.34,7.273,3.516257561,4342.0804259999995
Run of River Hydroelectric,409,1,94.5,,94.5,94.5,1967,2067,0.255,0.0,0.0,7089.0
Run of River Hydroelectric,410,1,9.0,,9.0,9.0,1967,2067,0.374,0.0,0.0,9497.0
Run of River Hydroelectric,412,2P,44.0,,44.0,44.0,1965,2065,0.274,0.0,0.0,8179.0
Run of River Hydroelectric,413,3P,27.3,,27.3,27.3,1965,2065,0.177,0.0,0.0,9119.0
Run of River Hydroelectric,414,1,11.0,,10.0,8.5,1957,2057,0.602,0.0,0.0,10727.0
Run of River Hydroelectric,415,H1,72.0,,72.0,61.2,1957,2057,0.414,0.0,0.0,7563.0
Run of River Hydroelectric,416,1,9.0,,11.7,8.0,1958,2058,0.564,0.0,0.0,10738.0
Run of River Hydroelectric,416,2,10.0,,11.7,8.5,1958,2058,0.576,0.0,0.0,10756.0
Batteries,66659,MAL,97.0,97.0,97.0,97.0,2024,2039,0.85,0.0,0.0,12544.0
Run of River Hydroelectric,417,1,37.5,,41.9,37.5,1963,2063,0.31,0.0,0.0,8467.0
Run of River Hydroelectric,418,1,10.0,,10.0,10.0,1963,2063,0.604,0.0,0.0,11447.0
Run of River Hydroelectric,419,1,60.0,,67.2,60.0,1963,2063,0.3,0.0,0.0,8479.0
Natural Gas Fired Combustion Turbine,422,GT1,22.0,,28.8,22.0,1976,2031,0.019,11.834,1.74861846,1121.119057
Natural Gas Fired Combustion Turbine,422,GT2,22.0,,28.8,22.0,1976,2031,0.019,11.834,1.74861846,1121.119057
Natural Gas Fired Combustion Turbine,422,GT3,47.2,,60.5,47.2,2004,2059,0.018,11.951,1.74861846,1121.119057
Natural Gas Fired Combustion Turbine,422,GT4,47.2,,60.5,47.2,2004,2059,0.018,11.951,1.74861846,1121.119057
Natural Gas Fired Combined Cycle,422,GT5,68.0,,71.0,68.0,2016,2071,0.033,8.859,3.516257561,8987.410604
Natural Gas Fired Combined Cycle,422,ST1,16.0,,16.0,16.0,2016,2071,0.033,8.859,3.516257561,8987.410604
Run of River Hydroelectric,424,1,16.0,,15.3,16.0,1966,2066,0.272,0.0,0.0,9180.0
Run of River Hydroelectric,425,1,66.0,,61.2,66.0,1966,2066,0.309,0.0,0.0,8430.0
Run of River Hydroelectric,425,2,66.0,,61.2,66.0,1966,2066,0.309,0.0,0.0,8296.0
Run of River Hydroelectric,426,1,6.0,,6.1,6.0,1966,2066,0.294,0.0,0.0,10643.0
Run of River Hydroelectric,427,1,86.0,,79.2,86.0,1966,2066,0.351,0.0,0.0,7562.0
Run of River Hydroelectric,428,1,2.7,,2.7,2.7,1982,2082,0.176,0.0,0.0,12620.0
Run of River Hydroelectric,430,H1,78.9,,78.9,78.9,1963,2063,0.207,0.0,0.0,7475.0
Run of River Hydroelectric,430,H2,77.0,,78.9,77.0,1968,2068,0.207,0.0,0.0,7483.0
Run of River Hydroelectric,431,H1,78.1,,80.8,78.1,1961,2061,0.309,0.0,0.0,7718.0
Run of River Hydroelectric,431,H2,78.1,,80.8,78.1,1962,2062,0.309,0.0,0.0,7697.0
Run of River Hydroelectric,432,H1,74.1,,74.1,74.1,1971,2071,0.112,0.0,0.0,6884.0
Run of River Hydroelectric,433,1,25.5,,25.5,25.5,1965,2065,0.169,0.0,0.0,7825.0
Run of River Hydroelectric,435,H1,108.0,,133.0,108.0,1968,2068,0.213,0.0,0.0,7104.0
Run of River Hydroelectric,435,H2,133.0,,133.0,133.0,1968,2068,0.213,0.0,0.0,6858.0
Batteries,62874,ACOR1,2.0,6.0,2.0,2.0,2021,2036,0.0,0.0,0.0,12544.0
Run of River Hydroelectric,436,1,57.0,,59.8,57.0,1972,2072,0.27,0.0,0.0,8838.0
Run of River Hydroelectric,436,2,57.0,,59.8,57.0,1976,2076,0.27,0.0,0.0,8860.0
Run of River Hydroelectric,436,3,74.0,,78.3,74.0,1994,2094,0.27,0.0,0.0,8654.0
Run of River Hydroelectric,436,4,74.0,,78.3,74.0,1992,2092,0.27,0.0,0.0,8449.0
Run of River Hydroelectric,437,1,135.3,,117.0,131.3,1968,2068,0.374,0.0,0.0,6837.0
Hydroelectric Pumped Storage,437,2,112.4,1742.2,97.7,122.6,1968,2068,0.0,0.0,0.0,4433.0
Run of River Hydroelectric,437,3,135.3,,117.0,131.3,1968,2068,0.374,0.0,0.0,6591.0
Hydroelectric Pumped Storage,437,4,112.4,1742.2,97.7,122.6,1968,2068,0.0,0.0,0.0,4433.0
Run of River Hydroelectric,437,5,135.3,,117.0,131.3,1968,2068,0.374,0.0,0.0,6591.0
Hydroelectric Pumped Storage,437,6,112.4,1742.2,97.7,122.6,1969,2069,0.0,0.0,0.0,4482.0
Run of River Hydroelectric,438,1,32.6,,32.6,30.0,1968,2068,0.389,0.0,0.0,9724.0
Hydroelectric Pumped Storage,438,2,27.5,426.25,27.5,27.3,1968,2068,0.285,0.0,0.0,6234.0
Hydroelectric Pumped Storage,438,3,27.5,426.25,27.5,27.3,1968,2068,0.285,0.0,0.0,6234.0
Hydroelectric Pumped Storage,438,4,27.5,426.25,27.5,27.3,1968,2068,0.285,0.0,0.0,6234.0
Run of River Hydroelectric,439,1,17.325,,14.3325,17.325,1971,2071,0.166,0.0,0.0,7646.0
Run of River Hydroelectric,439,1,37.675,,31.1675,37.675,1971,2071,0.166,0.0,0.0,7646.0
Run of River Hydroelectric,439,2,17.325,,14.3325,17.325,1971,2071,0.166,0.0,0.0,7633.0
Run of River Hydroelectric,439,2,37.675,,31.1675,37.675,1971,2071,0.166,0.0,0.0,7633.0
Run of River Hydroelectric,439,3,17.325,,14.3325,17.325,1971,2071,0.166,0.0,0.0,7633.0
Run of River Hydroelectric,439,3,37.675,,31.1675,37.675,1971,2071,0.166,0.0,0.0,7633.0
Run of River Hydroelectric,439,4,12.033,,10.8045,12.033,1989,2089,0.166,0.0,0.0,8045.0
Run of River Hydroelectric,439,4,26.167,,23.4955,26.167,1989,2089,0.166,0.0,0.0,8045.0
Run of River Hydroelectric,440,1,1.0,,1.2,1.0,1924,2024,0.244,0.0,0.0,15201.0
Run of River Hydroelectric,440,2,3.3,,3.3,3.3,1924,2024,0.244,0.0,0.0,11264.0
Conventional Hydroelectric,441,1,71.7,,66.2,71.7,1955,2055,0.276,0.0,0.0,7723.0
Conventional Hydroelectric,441,2,71.7,,66.2,71.7,1955,2055,0.276,0.0,0.0,7703.0
Conventional Hydroelectric,441,3,71.7,,66.2,71.7,1955,2055,0.276,0.0,0.0,7703.0
Conventional Hydroelectric,442,1,88.7,,77.2,88.7,1963,2063,0.16,0.0,0.0,6827.0
Conventional Hydroelectric,442,2,88.7,,77.2,88.7,1963,2063,0.16,0.0,0.0,6572.0
Conventional Hydroelectric,443,1,39.0,,39.0,39.0,1950,2050,0.288,0.0,0.0,8558.0
Conventional Hydroelectric,443,2,39.0,,39.0,39.0,1949,2049,0.288,0.0,0.0,8154.0
Conventional Hydroelectric,443,3,39.0,,39.0,39.0,1949,2049,0.288,0.0,0.0,8154.0
Run of River Hydroelectric,444,1,8.3,,6.7,8.3,1955,2055,0.31,0.0,0.0,9969.0
Run of River Hydroelectric,444,2,8.3,,6.7,8.3,1955,2055,0.31,0.0,0.0,9968.0
Conventional Hydroelectric,445,1,142.0,,142.0,142.0,1949,2049,0.238,0.0,0.0,6827.0
Conventional Hydroelectric,445,2,142.0,,142.0,142.0,1948,2048,0.238,0.0,0.0,6457.0
Conventional Hydroelectric,445,3,142.0,,142.0,142.0,1944,2044,0.238,0.0,0.0,6427.0
Conventional Hydroelectric,445,4,142.0,,142.0,142.0,1944,2044,0.238,0.0,0.0,6427.0
Conventional Hydroelectric,445,5,142.0,,142.0,142.0,1948,2048,0.238,0.0,0.0,6438.0
Conventional Hydroelectric,445,S1,2.0,,2.0,2.0,1944,2044,0.238,0.0,0.0,11660.0
Conventional Hydroelectric,445,S2,2.0,,2.0,2.0,1944,2044,0.238,0.0,0.0,11660.0
Hydroelectric Pumped Storage,446,1,2.4,37.2,4.2,2.4,1968,2068,0.043,0.0,0.0,27597.0
Hydroelectric Pumped Storage,446,2,2.4,37.2,4.2,2.4,1968,2068,0.043,0.0,0.0,22171.0
Hydroelectric Pumped Storage,446,3,2.4,37.2,4.2,2.4,1967,2067,0.043,0.0,0.0,22871.0
Hydroelectric Pumped Storage,446,4,2.4,37.2,4.2,2.4,1967,2067,0.043,0.0,0.0,22871.0
Hydroelectric Pumped Storage,446,5,2.4,37.2,4.2,2.4,1968,2068,0.043,0.0,0.0,22171.0
Hydroelectric Pumped Storage,446,6,2.4,37.2,4.2,2.4,1967,2067,0.043,0.0,0.0,22871.0
Conventional Hydroelectric,447,1,30.0,,30.0,30.0,1942,2042,0.401,0.0,0.0,8440.0
Conventional Hydroelectric,447,2,30.0,,30.0,30.0,1943,2043,0.401,0.0,0.0,7804.0
Conventional Hydroelectric,447,3,30.0,,30.0,30.0,1942,2042,0.401,0.0,0.0,7808.0
Conventional Hydroelectric,447,4,30.0,,30.0,30.0,1943,2043,0.401,0.0,0.0,7804.0
Hydroelectric Pumped Storage,448,1,22.95,355.72499999999997,23.85,22.95,1968,2068,0.058,0.0,0.0,13384.0
Hydroelectric Pumped Storage,448,1,28.05,434.775,29.15,28.05,1968,2068,0.058,0.0,0.0,13384.0
Hydroelectric Pumped Storage,448,2,22.5,348.75,23.85,22.5,1968,2068,0.058,0.0,0.0,11352.0
Hydroelectric Pumped Storage,448,2,27.5,426.25,29.15,27.5,1968,2068,0.058,0.0,0.0,11352.0
Hydroelectric Pumped Storage,448,3,22.5,348.75,23.85,22.5,1967,2067,0.058,0.0,0.0,11990.0
Hydroelectric Pumped Storage,448,3,27.5,426.25,29.15,27.5,1967,2067,0.058,0.0,0.0,11990.0
Hydroelectric Pumped Storage,448,4,22.5,348.75,23.85,22.5,1967,2067,0.058,0.0,0.0,11990.0
Hydroelectric Pumped Storage,448,4,27.5,426.25,29.15,27.5,1967,2067,0.058,0.0,0.0,11990.0
Hydroelectric Pumped Storage,448,5,22.5,348.75,23.85,22.5,1967,2067,0.058,0.0,0.0,11990.0
Hydroelectric Pumped Storage,448,5,27.5,426.25,29.15,27.5,1967,2067,0.058,0.0,0.0,11990.0
Hydroelectric Pumped Storage,448,6,22.5,348.75,23.85,22.5,1967,2067,0.058,0.0,0.0,11990.0
Hydroelectric Pumped Storage,448,6,27.5,426.25,29.15,27.5,1967,2067,0.058,0.0,0.0,11990.0
Hydroelectric Pumped Storage,448,7,22.5,348.75,23.85,22.5,1967,2067,0.058,0.0,0.0,11990.0
Hydroelectric Pumped Storage,448,7,27.5,426.25,29.15,27.5,1967,2067,0.058,0.0,0.0,11990.0
Hydroelectric Pumped Storage,448,8,22.5,348.75,23.85,22.5,1967,2067,0.058,0.0,0.0,11990.0
Hydroelectric Pumped Storage,448,8,27.5,426.25,29.15,27.5,1967,2067,0.058,0.0,0.0,11990.0
Conventional Hydroelectric,450,1,90.0,,90.0,90.0,1964,2064,0.157,0.0,0.0,6849.0
Conventional Hydroelectric,450,2,90.0,,90.0,90.0,1964,2064,0.157,0.0,0.0,6587.0
Conventional Hydroelectric,451,1,70.0,,70.0,70.0,1964,2064,0.208,0.0,0.0,7520.0
Conventional Hydroelectric,451,2,70.0,,70.0,70.0,1964,2064,0.208,0.0,0.0,7151.0
Run of River Hydroelectric,454,1,176.7,,157.5,176.7,1969,2069,0.345,0.0,0.0,6638.0
Run of River Hydroelectric,454,2,175.7,,157.5,175.7,1969,2069,0.345,0.0,0.0,6507.0
Run of River Hydroelectric,455,1,55.0,,46.7,55.0,1969,2069,0.316,0.0,0.0,8273.0
Run of River Hydroelectric,457,HC1,0.7,,0.7,0.7,1986,2086,0.14,0.0,0.0,17374.0
Run of River Hydroelectric,457,HC2,0.7,,0.7,0.7,1986,2086,0.14,0.0,0.0,17271.0
Run of River Hydroelectric,479,1,2.8,,2.9,2.8,1983,2083,0.288,0.0,0.0,14854.0
Run of River Hydroelectric,480,1,2.8,,2.9,2.8,1983,2083,0.276,0.0,0.0,14868.0
Run of River Hydroelectric,481,1,7.9,,7.9,7.9,1983,2083,0.076,0.0,0.0,10626.0
Run of River Hydroelectric,482,1,1.9,,1.9,1.9,1984,2084,0.089,0.0,0.0,15097.0
Run of River Hydroelectric,483,1,3.1,,3.1,3.1,1984,2084,0.0,0.0,0.0,14253.0
Run of River Hydroelectric,484,1,5.9,,5.9,5.9,1985,2085,0.357,0.0,0.0,11871.0
Run of River Hydroelectric,487,1,4.1,,4.1,4.1,1985,2085,0.064,0.0,0.0,11237.0
Run of River Hydroelectric,489,1,5.5,,4.4,5.5,1983,2083,0.182,0.0,0.0,10930.0
Geothermal,510,1,50.0,,78.0,55.0,1983,2030,0.813,9.771,0.587,45267.0
Run of River Hydroelectric,531,1,7.2,,7.2,7.2,1985,2085,0.233,0.0,0.0,9950.0
Run of River Hydroelectric,534,1,10.0,,10.0,10.0,1985,2085,0.118,0.0,0.0,8833.0
Natural Gas Fired Combustion Turbine,535,1,77.0,,77.0,77.0,1986,2041,0.004,12.545,2.740763267,8080.909324
Run of River Hydroelectric,537,1,3.5,,3.6,3.5,1983,2083,0.337,0.0,0.0,11893.0
Run of River Hydroelectric,537,2,3.5,,3.6,3.5,1983,2083,0.337,0.0,0.0,11779.0
Run of River Hydroelectric,537,3,3.5,,3.6,3.5,1983,2083,0.337,0.0,0.0,11779.0
Run of River Hydroelectric,585,1,1.3,,1.9,1.5,1984,2084,0.239,0.0,0.0,12103.0
Run of River Hydroelectric,585,2,1.2,,1.9,1.1,1984,2084,0.269,0.0,0.0,11328.0
Run of River Hydroelectric,585,3,1.3,,1.9,1.1,1984,2084,0.279,0.0,0.0,11509.0
Run of River Hydroelectric,586,1,1.0,,2.4,0.8,1984,2084,0.373,0.0,0.0,13166.0
Other Natural Gas,57811,ADB00,0.8,,0.8,0.8,2010,2060,0.0,8.558,3.116,54338.0
Other Natural Gas,57811,ADB01,0.4,,0.4,0.4,2010,2060,0.0,8.558,3.116,54338.0
Run of River Hydroelectric,626,1,1.3,,1.4,1.3,1985,2085,0.297,0.0,0.0,12665.0
Run of River Hydroelectric,632,1,11.5,,12.7,11.5,1986,2086,0.122,0.0,0.0,7028.0
Landfill Gas,59461,GEN01,3.4,,3.4,3.4,2016,2116,0.743,13.5,3.136,10167.0
Landfill Gas,59461,GEN02,3.4,,3.4,3.4,2016,2116,0.743,13.5,3.136,10167.0
Run of River Hydroelectric,682,1,155.0,,139.5,155.0,1983,2083,0.198,0.0,0.0,6454.0
Run of River Hydroelectric,714,1,1.5,,1.8,1.5,1986,2086,0.199,0.0,0.0,11900.0
Landfill Gas,59461,GEN03,3.4,,3.4,3.4,2016,2116,0.743,13.5,3.136,10167.0
Run of River Hydroelectric,745,1,23.9,,23.9,23.9,1994,2094,0.146,0.0,0.0,10284.0
Run of River Hydroelectric,751,1,1.5,,2.9,1.5,1987,2087,0.0,0.0,0.0,12044.0
Landfill Gas,59461,GEN04,3.4,,3.4,3.4,2016,2116,0.743,13.5,3.136,10167.0
Run of River Hydroelectric,776,1,12.1,,12.1,12.1,1983,2083,0.235,0.0,0.0,9895.0
Run of River Hydroelectric,839,7P,0.9,,1.0,0.9,1985,2085,0.492,0.0,0.0,21123.0
Run of River Hydroelectric,846,1,0.5,,0.5,0.5,1984,2084,0.368,0.0,0.0,23566.0
Run of River Hydroelectric,846,2,0.5,,0.5,0.5,1984,2084,0.368,0.0,0.0,23502.0
Run of River Hydroelectric,846,3,0.5,,0.5,0.5,1984,2084,0.368,0.0,0.0,23502.0
Landfill Gas,59461,GEN05,3.4,,3.4,3.4,2016,2116,0.743,13.5,3.136,10167.0
Landfill Gas,59461,GEN06,3.4,,3.4,3.4,2016,2116,0.743,13.5,3.136,10167.0
Landfill Gas,59461,GEN07,3.4,,3.4,3.4,2016,2116,0.743,13.5,3.136,10167.0
Geothermal,902,1,9.0,,55.0,9.0,1985,2030,0.0,9.771,0.587,63482.0
Run of River Hydroelectric,905,1,17.0,,19.6,17.0,1986,2086,0.295,0.0,0.0,10956.0
Other Waste Biomass,58525,COGEN,1.1,,1.1,1.1,2014,2059,0.741,13.5,2.443,63592.0
Batteries,67579,ALMT2,82.0,328.0,82.0,82.0,2024,2039,0.85,0.0,0.0,12544.0
Batteries,61204,ALMTS,100.0,400.0,100.0,100.0,2021,2036,0.0,0.0,0.0,12544.0
Batteries,61861,SRP,10.0,29.0,10.0,10.0,2019,2034,0.0,0.0,0.0,12544.0
Conventional Steam Coal,6177,CO2,382.0,,410.9,382.0,2011,2032,0.463,11.212,0.978047115,24124.78679
Conventional Steam Coal,6177,CO1,380.0,,410.9,380.0,2012,2032,0.4,11.273,0.978047115,24124.78679
Batteries,67964,A400M,150.0,435.0,150.0,150.0,2026,2041,,0.0,,
Other Natural Gas,63699,AGT0A,1.2,,1.2,1.2,2018,2068,0.328,7.06,0.298,15571.0
Other Natural Gas,63699,AGT0B,1.0,,1.0,1.0,2018,2068,0.328,7.06,0.298,15571.0
Other Natural Gas,59800,AMZ00,1.0,,1.1,1.0,2014,2064,0.0,7.519,0.298,15571.0
Batteries,67170,ASBA,2.4,8.9,2.4,2.4,2024,2039,0.85,0.0,0.0,12544.0
Landfill Gas,58007,G5,10.0,,10.5,10.0,2012,2112,0.76,13.5,1.868,148417.0
Run of River Hydroelectric,50393,RO2,7.3,,6.9,7.3,2017,2117,0.272,0.0,0.0,15104.0
Landfill Gas,58007,G1,6.8,,6.3,6.8,2012,2112,0.76,13.5,1.868,148417.0
Landfill Gas,58007,G2,6.8,,6.3,6.8,2012,2112,0.76,13.5,1.868,148417.0
Landfill Gas,58007,G3,6.8,,6.3,6.8,2012,2112,0.76,13.5,1.868,148417.0
Batteries,65458,ANOD1,112.5,326.25,112.5,112.5,2024,2039,0.85,0.0,0.0,12544.0
Batteries,65458,ANOD2,112.5,326.25,112.5,112.5,2024,2039,0.85,0.0,0.0,12544.0
Landfill Gas,58007,G4,6.8,,6.3,6.8,2012,2112,0.76,13.5,1.868,148417.0
Natural Gas Fired Combustion Turbine,4256,1,23.5,,24.9,24.9,1986,2041,0.0,25.0,0.286648753,1230.331313
Natural Gas Fired Combustion Turbine,4256,2,23.5,,24.9,24.9,1986,2041,0.0,25.0,0.286648753,1230.331313
Nuclear,6008,1,381.501,,408.3312,387.903,1986,2066,0.904,10.456,0.076357621,60023.76292
Nuclear,6008,1,207.138,,221.7056,210.614,1986,2066,0.904,10.456,0.076357621,60023.76292
Nuclear,6008,1,74.727,,79.9824,75.981,1986,2066,0.904,10.456,0.076357621,60023.76292
Nuclear,6008,1,133.722,,143.1264,135.966,1986,2066,0.904,10.456,0.076357621,60023.76292
Nuclear,6008,1,229.425,,245.56,233.275,1986,2066,0.904,10.456,0.076357621,60023.76292
Nuclear,6008,1,77.349,,82.7888,78.647,1986,2066,0.904,10.456,0.076357621,60023.76292
Nuclear,6008,1,207.138,,221.7056,210.614,1986,2066,0.904,10.456,0.076357621,60023.76292
Nuclear,6008,2,382.374,,408.3312,388.776,1986,2066,0.916,10.456,0.075357303,60023.76292
Nuclear,6008,2,207.612,,221.7056,211.088,1986,2066,0.916,10.456,0.075357303,60023.76292
Nuclear,6008,2,74.898,,79.9824,76.152,1986,2066,0.916,10.456,0.075357303,60023.76292
Nuclear,6008,2,134.028,,143.1264,136.272,1986,2066,0.916,10.456,0.075357303,60023.76292
Nuclear,6008,2,229.95,,245.56,233.8,1986,2066,0.916,10.456,0.075357303,60023.76292
Nuclear,6008,2,77.526,,82.7888,78.824,1986,2066,0.916,10.456,0.075357303,60023.76292
Nuclear,6008,2,207.612,,221.7056,211.088,1986,2066,0.916,10.456,0.075357303,60023.76292
Nuclear,6008,3,381.792,,408.3312,388.194,1988,2068,0.914,10.456,0.075522199,60023.76292
Nuclear,6008,3,207.296,,221.7056,210.772,1988,2068,0.914,10.456,0.075522199,60023.76292
Nuclear,6008,3,74.784,,79.9824,76.038,1988,2068,0.914,10.456,0.075522199,60023.76292
Nuclear,6008,3,133.824,,143.1264,136.068,1988,2068,0.914,10.456,0.075522199,60023.76292
Nuclear,6008,3,229.6,,245.56,233.45,1988,2068,0.914,10.456,0.075522199,60023.76292
Nuclear,6008,3,77.408,,82.7888,78.706,1988,2068,0.914,10.456,0.075522199,60023.76292
Nuclear,6008,3,207.296,,221.7056,210.772,1988,2068,0.914,10.456,0.075522199,60023.76292
Natural Gas Steam Turbine,6013,O1,44.0,,50.0,44.0,1959,2030,0.0,17.1,0.338551939,11156.73732
Natural Gas Steam Turbine,6013,O2,55.0,,59.7,55.0,1964,2030,0.0,13.797,0.338551939,11156.73732
Run of River Hydroelectric,416,3,6.5,,6.5,6.0,2012,2112,0.554,0.0,0.0,6268.0
Natural Gas Fired Combustion Turbine,6060,1,18.6,,23.1,18.5,1973,2028,0.006,19.585,28.46452204,1230.331313
Natural Gas Fired Combustion Turbine,6060,2,19.0,,23.1,16.1,1973,2028,0.006,19.773,28.46452204,1230.331313
Natural Gas Fired Combustion Turbine,6060,3,18.3,,23.1,20.3,1974,2029,0.006,19.398,28.46452204,1230.331313
Natural Gas Fired Combustion Turbine,6060,4,18.0,,23.1,19.2,1976,2031,0.006,19.516,28.46452204,1230.331313
Natural Gas Fired Combustion Turbine,6088,1,25.0,,27.0,26.8,1972,2027,0.01,15.75,3.49723692,343.60217
Natural Gas Fired Combustion Turbine,6088,2,25.0,,27.0,26.8,1972,2027,0.01,15.75,3.49723692,343.60217
Natural Gas Fired Combustion Turbine,6088,3,25.0,,27.0,26.8,1972,2027,0.01,15.75,3.49723692,343.60217
Natural Gas Fired Combustion Turbine,6088,4,20.0,,26.8,21.4,2001,2056,0.004,15.75,6.994473839,343.60217
Nuclear,6099,1,1122.0,,1159.0,1122.0,1985,2029,0.909,10.456,0.075937612,60023.76292
Nuclear,6099,2,1118.0,,1164.0,1118.0,1986,2030,0.807,10.456,0.085535675,60023.76292
Hydroelectric Pumped Storage,6100,1,404.0,6262.0,351.0,404.0,1984,2084,0.088,0.0,0.0,4630.0
Hydroelectric Pumped Storage,6100,2,404.0,6262.0,351.0,404.0,1984,2084,0.099,0.0,0.0,4736.0
Hydroelectric Pumped Storage,6100,3,404.0,6262.0,351.0,404.0,1984,2084,0.099,0.0,0.0,4736.0
Other Natural Gas,65199,KST00,4.5,,4.5,4.5,2018,2068,0.872,7.114,0.298,15571.0
Other Natural Gas,66146,KSR40,4.5,,4.5,4.5,2020,2070,0.839,6.986,0.3,15571.0
Conventional Hydroelectric,6158,1,191.0,,150.0,191.0,1979,2079,0.137,0.0,0.0,6419.0
Conventional Hydroelectric,6158,2,191.0,,150.0,191.0,1979,2079,0.137,0.0,0.0,6403.0
Run of River Hydroelectric,56615,G200,4.1,,4.3,2.3,2024,2124,0.384,0.0,0.0,15104.0
Landfill Gas,58429,1,4.0,,4.6,4.0,2014,2114,0.765,13.5,3.136,10167.0
Landfill Gas,58429,2,4.0,,4.6,4.0,2014,2114,0.765,13.5,3.136,10167.0
Landfill Gas,58429,3,4.0,,4.6,4.0,2014,2114,0.765,13.5,3.136,10167.0
Landfill Gas,58429,4,4.0,,4.6,4.0,2014,2114,0.765,13.5,3.136,10167.0
Run of River Hydroelectric,6196,1,38.0,,37.1,38.0,1982,2082,0.332,0.0,0.0,9428.0
Run of River Hydroelectric,6196,2,38.0,,37.1,38.0,1983,2083,0.332,0.0,0.0,9136.0
Petroleum Liquids,6211,GEN1,55.0,,74.5,55.0,1978,2028,0.011,14.164,3.49723692,1121.119057
Petroleum Liquids,6211,GEN3,55.0,,74.5,55.0,1978,2028,0.006,14.164,3.49723692,1121.119057
Landfill Gas,58429,5,4.0,,4.6,4.0,2014,2114,0.765,13.5,3.136,10167.0
Run of River Hydroelectric,6449,1,2.0,,3.0,2.0,1949,2049,0.0,0.0,0.0,13584.0
Run of River Hydroelectric,6479,1A,27.0,,22.5,27.0,1983,2083,0.201,0.0,0.0,8924.0
Run of River Hydroelectric,6479,3,11.0,,9.9,11.0,1917,2030,0.201,0.0,0.0,8856.0
Run of River Hydroelectric,6479,4,12.0,,10.6,12.0,1923,2023,0.201,0.0,0.0,8320.0
Run of River Hydroelectric,6479,6,27.0,,22.5,27.0,1987,2087,0.201,0.0,0.0,8658.0
Run of River Hydroelectric,6480,1,14.5,,14.0,14.5,1920,2030,0.0,0.0,0.0,6339.0
Run of River Hydroelectric,6480,2,14.4,,14.0,14.4,1920,2030,0.124,0.0,0.0,8493.0
Run of River Hydroelectric,6480,3,16.0,,18.0,16.0,1932,2032,0.124,0.0,0.0,8118.0
Natural Gas Fired Combustion Turbine,6515,GT1,13.5,,18.0,14.8,1989,2044,0.001,24.162,28.46452204,8080.909324
Natural Gas Fired Combustion Turbine,6515,GT2,13.5,,18.0,14.8,1989,2044,0.001,24.162,28.46452204,8080.909324
Natural Gas Fired Combustion Turbine,6515,GT3,13.5,,18.0,14.8,1989,2044,0.001,24.162,28.46452204,8080.909324
Natural Gas Fired Combustion Turbine,6515,GT4,19.8,,54.0,21.2,2006,2061,0.052,11.704,28.46452204,8080.909324
Petroleum Liquids,6518,KB1,2.0,,2.5,2.0,2008,2058,0.001,25.0,2.740763267,1230.331313
Petroleum Liquids,6518,KB2,2.0,,2.5,2.0,2008,2058,0.001,25.0,2.740763267,1230.331313
Petroleum Liquids,6518,KB3,2.0,,2.5,2.0,2008,2058,0.001,25.0,2.740763267,1230.331313
Petroleum Liquids,6518,KB4,2.0,,2.5,2.0,2008,2058,0.001,25.0,2.740763267,1230.331313
Petroleum Liquids,6518,KB5,2.0,,2.5,2.0,2008,2058,0.001,25.0,2.740763267,1230.331313
Petroleum Liquids,6518,KB6,2.0,,2.5,2.0,2008,2058,0.001,25.0,2.740763267,1230.331313
Run of River Hydroelectric,6612,1,38.6,,38.6,38.6,1963,2063,0.265,0.0,0.0,8500.0
Run of River Hydroelectric,6644,1,4.9,,4.9,4.9,1980,2080,0.296,0.0,0.0,13391.0
Run of River Hydroelectric,6645,1,7.1,,4.5,6.7,1981,2081,0.567,0.0,0.0,13115.0
Run of River Hydroelectric,6645,2,3.6,,4.5,3.4,1981,2081,0.567,0.0,0.0,12824.0
Run of River Hydroelectric,6646,1,9.9,,9.9,9.9,1981,2081,0.2,0.0,0.0,9892.0
Run of River Hydroelectric,6647,1,5.1,,5.1,5.1,1981,2081,0.213,0.0,0.0,12641.0
Petroleum Liquids,6704,10,1.1,,1.1,1.1,1966,2030,0.339,10.745,1.370381634,1230.331313
Petroleum Liquids,6704,12,1.6,,1.6,1.6,1976,2026,0.339,10.745,1.370381634,1230.331313
Petroleum Liquids,6704,14,1.4,,1.4,1.4,1986,2036,0.339,10.745,1.370381634,1230.331313
Petroleum Liquids,6704,15,2.8,,2.8,2.8,1995,2045,0.339,10.745,1.370381634,1230.331313
Petroleum Liquids,6704,7,1.0,,1.0,1.0,1958,2030,0.339,10.745,1.370381634,1230.331313
Petroleum Liquids,6704,8,1.5,,1.5,1.5,1963,2030,0.339,10.745,1.370381634,1230.331313
Petroleum Liquids,6704,MT06,0.1,,0.1,0.1,2011,2066,0.033,20.065,1.370381634,307.06971100000004
Other Natural Gas,66148,KSR55,3.1,,3.1,3.1,2019,2069,0.65,7.018,0.3,15571.0
Petroleum Liquids,6704,MT16,0.1,,0.1,0.1,2011,2066,0.033,20.065,1.370381634,307.06971100000004
Petroleum Liquids,6704,MT17,0.1,,0.1,0.1,2011,2066,0.033,20.065,1.370381634,307.06971100000004
Petroleum Liquids,6704,MT22,0.1,,0.1,0.1,2011,2066,0.033,20.065,1.370381634,307.06971100000004
Run of River Hydroelectric,7066,1,3.0,,3.0,3.0,1988,2088,0.304,0.0,0.0,12881.0
Run of River Hydroelectric,7066,2,0.6,,0.6,0.6,1988,2088,0.304,0.0,0.0,21136.0
Run of River Hydroelectric,7072,1,10.8,,10.9,10.8,1996,2096,0.131,0.0,0.0,10119.0
Run of River Hydroelectric,7072,2,10.8,,10.9,10.8,1996,2096,0.131,0.0,0.0,10032.0
Run of River Hydroelectric,7072,3,10.8,,10.9,10.8,1996,2096,0.131,0.0,0.0,10032.0
Run of River Hydroelectric,7129,TD1,3.0,,3.4,3.0,1987,2087,0.582,0.0,0.0,12570.0
Run of River Hydroelectric,7147,3,1.0,,1.0,1.0,1903,2030,0.286,0.0,0.0,15338.0
Run of River Hydroelectric,7147,4,1.0,,1.0,1.0,1904,2030,0.286,0.0,0.0,15297.0
Run of River Hydroelectric,7147,5,1.0,,1.0,1.0,1904,2030,0.286,0.0,0.0,15297.0
Run of River Hydroelectric,7151,1,2.5,,2.5,2.5,1986,2086,0.182,0.0,0.0,13093.0
Run of River Hydroelectric,7151,2,2.5,,2.5,2.5,1986,2086,0.182,0.0,0.0,13166.0
Hydroelectric Pumped Storage,7164,PG3,10.0,155.0,10.0,10.0,1993,2093,0.096,0.0,0.0,28086.0
Hydroelectric Pumped Storage,7164,PG6,10.0,155.0,10.0,10.0,1993,2093,0.096,0.0,0.0,33158.0
Hydroelectric Pumped Storage,7164,PG7,10.0,155.0,10.0,10.0,1993,2093,0.096,0.0,0.0,33158.0
Hydroelectric Pumped Storage,7164,PS1,10.0,155.0,10.0,10.0,1993,2093,0.096,0.0,0.0,33158.0
Run of River Hydroelectric,7179,1,6.5,,6.5,6.5,1993,2093,0.358,0.0,0.0,10120.0
Run of River Hydroelectric,7179,2,6.5,,6.5,6.5,1993,2093,0.358,0.0,0.0,9623.0
Run of River Hydroelectric,7179,3,6.5,,6.5,6.5,1993,2093,0.358,0.0,0.0,9623.0
Run of River Hydroelectric,7189,1,3.5,,3.5,3.5,1986,2086,0.786,0.0,0.0,12086.0
Run of River Hydroelectric,7229,1,6.1,,6.1,6.1,1988,2088,0.186,0.0,0.0,9798.0
Natural Gas Fired Combustion Turbine,7231,1,24.8,,32.3,24.8,1987,2042,0.016,13.379,2.740763267,307.06971100000004
Natural Gas Fired Combustion Turbine,7231,2,24.8,,32.3,24.8,1986,2041,0.016,13.38,2.740763267,307.06971100000004
Natural Gas Fired Combustion Turbine,7232,1,3.5,,3.9,3.5,1982,2037,0.249,11.835,1.370381634,1230.331313
Natural Gas Fired Combustion Turbine,7232,2,3.5,,3.9,3.5,1982,2037,0.249,11.835,1.370381634,1230.331313
Natural Gas Fired Combined Cycle,7266,2,33.0,,37.7,33.0,2003,2058,0.4,8.185,0.524412193,12250.74954
Natural Gas Fired Combined Cycle,7266,3,50.0,,60.5,50.0,2003,2058,0.4,8.185,0.524412193,12250.74954
Natural Gas Internal Combustion Engine,7266,3A,8.2,,8.4,8.2,2011,2066,0.099,10.745,1.370381634,8080.909324
Natural Gas Internal Combustion Engine,7266,3B,8.2,,8.4,8.2,2011,2066,0.099,10.745,1.370381634,8080.909324
Natural Gas Internal Combustion Engine,7266,3C,8.2,,8.4,8.2,2011,2066,0.099,10.745,1.370381634,8080.909324
Natural Gas Internal Combustion Engine,7266,3D,8.2,,8.4,8.2,2011,2066,0.099,10.745,1.370381634,8080.909324
Natural Gas Internal Combustion Engine,7266,3E,8.2,,8.4,8.2,2011,2066,0.099,10.745,1.370381634,8080.909324
Natural Gas Internal Combustion Engine,7266,3F,8.2,,8.4,8.2,2011,2066,0.099,10.745,1.370381634,8080.909324
Natural Gas Fired Combustion Turbine,7266,NA1,45.0,,50.4,45.0,1993,2048,0.138,10.745,10.917,4677.0
Natural Gas Fired Combustion Turbine,7307,1,16.0,,18.0,17.0,1996,2051,0.008,16.018,2.740763267,1230.331313
Natural Gas Fired Combustion Turbine,7307,2,23.0,,27.9,25.0,1996,2051,0.008,16.018,2.740763267,1230.331313
Natural Gas Fired Combustion Turbine,7307,3,23.0,,27.9,25.0,1996,2051,0.008,16.018,2.740763267,1230.331313
Natural Gas Fired Combined Cycle,7307,4,27.0,,26.8,28.0,1989,2044,0.342,8.37,3.516257561,4342.0804259999995
Natural Gas Fired Combined Cycle,7307,5,41.0,,40.0,45.0,2002,2057,0.342,8.37,3.516257561,4342.0804259999995
Natural Gas Fired Combined Cycle,7307,6,41.0,,42.5,46.0,2011,2066,0.342,8.37,3.516257561,4342.0804259999995
Natural Gas Fired Combustion Turbine,7315,1,49.5,,49.5,49.5,1996,2051,0.162,10.745,14.23226102,8080.909324
Natural Gas Fired Combustion Turbine,7315,2,50.0,,58.0,58.0,2012,2067,0.15,10.745,14.23226102,8080.909324
Natural Gas Fired Combustion Turbine,7315,3,50.0,,58.0,58.0,2012,2067,0.15,10.745,14.23226102,8080.909324
Natural Gas Fired Combustion Turbine,7315,4,50.0,,58.0,58.0,2012,2067,0.15,10.745,14.23226102,8080.909324
Run of River Hydroelectric,7338,NA1,17.7,,22.0,17.7,1993,2093,0.012,0.0,0.0,7419.0
Landfill Gas,56895,7,2.8,,3.0,2.8,2024,2124,0.9,8.513,3.136,10167.0
Run of River Hydroelectric,435,H3,2.7,,2.7,2.7,2020,2120,0.198,0.0,0.0,15104.0
Geothermal,7368,1,30.0,,55.0,32.0,1983,2030,0.891,9.771,0.587,56298.0
Geothermal,7368,2,30.0,,55.0,32.0,1983,2030,0.897,9.771,0.587,58468.0
Geothermal,7369,3,25.0,,55.0,25.0,1985,2030,0.008,9.771,0.587,57302.0
Geothermal,7369,4,40.0,,55.0,41.0,1986,2030,0.783,9.771,0.587,57756.0
Petroleum Liquids,7436,JH1,3.6,,6.0,4.0,1933,2030,0.0,12.159,5.481526534,307.06971100000004
Petroleum Liquids,7436,JH2,3.6,,6.0,4.0,1933,2030,0.0,12.159,5.481526534,307.06971100000004
Petroleum Liquids,7436,JH3,3.6,,6.0,4.6,1933,2030,0.0,12.159,5.481526534,307.06971100000004
Petroleum Liquids,7436,JH4,3.6,,6.0,4.0,1933,2030,0.0,12.159,5.481526534,307.06971100000004
Petroleum Liquids,7436,JH5,3.6,,6.0,4.0,1933,2030,0.0,12.159,5.481526534,307.06971100000004
Natural Gas Fired Combustion Turbine,7449,NA1,49.3,,50.0,49.9,1996,2051,0.041,10.745,2.740763267,8080.909324
Natural Gas Fired Combustion Turbine,7450,1,24.9,,27.4,24.9,1986,2041,0.019,16.421,28.46452204,8080.909324
Natural Gas Fired Combustion Turbine,7450,2,24.9,,27.4,24.9,1986,2041,0.019,16.422,28.46452204,8080.909324
Natural Gas Fired Combustion Turbine,7451,1,25.2,,27.4,25.2,1986,2041,0.011,16.527,2.740763267,1230.331313
Natural Gas Fired Combustion Turbine,7452,1,21.2,,33.0,24.2,1986,2041,0.012,17.397,2.740763267,8080.909324
Natural Gas Fired Combustion Turbine,7452,2,21.2,,33.0,24.2,1986,2041,0.012,17.399,2.740763267,8080.909324
Run of River Hydroelectric,7489,G1,1.0,,1.0,1.0,1987,2087,0.235,0.0,0.0,16944.0
Run of River Hydroelectric,7489,G2,2.5,,2.5,2.5,1987,2087,0.235,0.0,0.0,13688.0
Run of River Hydroelectric,7507,1,1.9,,2.0,2.0,1993,2093,0.129,0.0,0.0,11406.0
Onshore Wind Turbine,7526,2,24.0,,24.0,24.0,2006,2036,0.284,0.0,0.0,31874.0
Onshore Wind Turbine,7526,2B,63.0,,63.0,63.0,2007,2037,0.284,0.0,0.0,25681.0
Onshore Wind Turbine,7526,3,128.0,,128.0,128.0,2012,2042,0.284,0.0,0.0,9688.0
Onshore Wind Turbine,7526,4,85.5,,85.5,85.5,2024,2054,0.316,0.0,0.0,14250.0
Natural Gas Fired Combustion Turbine,7527,1,41.2,,54.0,41.2,1995,2050,0.014,10.745,1.370381634,8080.909324
Natural Gas Fired Combined Cycle,7527,2,16.6,,17.5,16.6,1995,2050,0.248,8.003,0.586306337,12250.74954
Natural Gas Fired Combined Cycle,7527,CCCT,51.2,,54.0,51.2,1995,2050,0.248,8.003,0.586306337,12250.74954
Natural Gas Fired Combined Cycle,7551,CCST,37.6,,49.8,37.6,1997,2052,0.525,7.238,2.521906037,12250.74954
Natural Gas Fired Combined Cycle,7551,CT1A,47.6,,49.8,47.6,1997,2052,0.525,7.238,2.521906037,12250.74954
Natural Gas Fired Combined Cycle,7551,CT1B,47.6,,49.8,47.6,1997,2052,0.525,7.238,2.521906037,12250.74954
Natural Gas Fired Combustion Turbine,7551,CT1C,43.8,,44.0,47.3,2001,2056,0.043,10.745,1.370381634,8080.909324
Natural Gas Fired Combined Cycle,7552,CCCT,119.0,,118.7,111.0,1997,2052,0.411,7.956,3.381016885,12250.74954
Natural Gas Fired Combined Cycle,7552,CCST,59.0,,55.2,53.0,1997,2052,0.411,7.956,3.381016885,12250.74954
Run of River Hydroelectric,7646,1,5.0,,5.0,5.0,1983,2083,0.367,0.0,0.0,11380.0
Run of River Hydroelectric,7646,2,5.0,,5.0,5.0,1983,2083,0.367,0.0,0.0,10984.0
Run of River Hydroelectric,7646,3,1.5,,1.5,1.5,1983,2083,0.367,0.0,0.0,14520.0
Natural Gas Fired Combustion Turbine,7824,1,21.2,,24.9,21.1,1979,2034,0.006,14.352,0.286648753,307.06971100000004
Petroleum Liquids,7824,2,21.1,,24.9,21.9,1980,2030,0.006,14.347,0.286648753,307.06971100000004
Run of River Hydroelectric,7907,1,55.0,,55.0,55.0,1984,2084,0.262,0.0,0.0,8458.0
Run of River Hydroelectric,7907,2,55.0,,55.0,55.0,1984,2084,0.262,0.0,0.0,8424.0
Run of River Hydroelectric,7907,3,55.0,,55.0,55.0,1984,2084,0.262,0.0,0.0,8424.0
Run of River Hydroelectric,7911,1,11.5,,11.5,11.5,1921,2030,0.0,0.0,0.0,7957.0
Run of River Hydroelectric,7942,10,3.3,,3.3,3.3,2001,2101,0.035,0.0,0.0,11847.0
Run of River Hydroelectric,7942,11,3.3,,3.3,3.3,2001,2101,0.035,0.0,0.0,11815.0
Run of River Hydroelectric,7942,12,3.3,,3.3,3.3,2001,2101,0.035,0.0,0.0,11815.0
Run of River Hydroelectric,7942,2,3.3,,3.3,3.3,2001,2101,0.035,0.0,0.0,11815.0
Run of River Hydroelectric,7942,3,3.3,,3.3,3.3,2001,2101,0.035,0.0,0.0,11815.0
Run of River Hydroelectric,7942,4,3.3,,3.3,3.3,2001,2101,0.035,0.0,0.0,11815.0
Run of River Hydroelectric,7942,6,3.3,,3.3,3.3,2001,2101,0.035,0.0,0.0,11815.0
Run of River Hydroelectric,7942,7,3.3,,3.3,3.3,2001,2101,0.035,0.0,0.0,11815.0
Run of River Hydroelectric,7942,8,3.3,,3.3,3.3,2001,2101,0.035,0.0,0.0,11815.0
Natural Gas Fired Combustion Turbine,7987,L1,48.0,,60.5,48.0,2002,2057,0.037,10.745,1.370381634,8080.909324
Batteries,60964,AEPB1,10.0,40.0,10.0,10.0,2024,2039,0.85,0.0,0.0,12544.0
Natural Gas Fired Combined Cycle,8068,ST1,92.0,,103.5,103.5,1974,2029,0.223,9.045,0.780625008,4342.0804259999995
Natural Gas Fired Combined Cycle,8068,ST2,92.0,,103.5,103.5,1974,2029,0.275,8.934,0.780625008,4342.0804259999995
Natural Gas Fired Combined Cycle,8068,ST3,92.0,,103.5,103.5,1974,2029,0.277,8.987,0.780625008,4342.0804259999995
Natural Gas Fired Combined Cycle,8068,ST4,92.0,,103.5,103.5,1975,2030,0.299,8.901,0.780625008,4342.0804259999995
Natural Gas Fired Combined Cycle,8068,ST5A,163.0,,153.8,194.0,2005,2060,0.546,7.506,0.780625008,4342.0804259999995
Natural Gas Fired Combined Cycle,8068,ST5B,163.0,,153.8,194.0,2005,2060,0.546,7.506,0.780625008,4342.0804259999995
Natural Gas Fired Combined Cycle,8068,ST5S,290.0,,314.5,296.0,2005,2060,0.546,7.506,0.780625008,4342.0804259999995
Natural Gas Fired Combined Cycle,8068,ST6A,171.0,,153.8,186.0,2006,2061,0.546,7.506,0.780625008,4342.0804259999995
Natural Gas Fired Combined Cycle,8068,ST6S,131.0,,136.1,140.0,2006,2061,0.546,7.506,0.780625008,4342.0804259999995
Natural Gas Fired Combustion Turbine,8076,1,54.0,,58.0,54.0,1974,2027,0.008,14.372,2.740763267,307.06971100000004
Conventional Steam Coal,8223,1,381.0,,424.8,381.0,1985,2027,0.568,10.871,1.125216282,25956.4892
Conventional Steam Coal,8223,2,406.0,,424.8,406.0,1990,2032,0.547,10.805,1.125216282,25956.4892
Conventional Steam Coal,8223,3,417.0,,458.1,417.0,2006,2081,0.578,10.609,1.125216282,25956.4892
Conventional Steam Coal,8223,4,415.0,,458.1,415.0,2009,2084,0.42,10.848,1.125216282,25956.4892
Solar Photovoltaic,8223,SGSS,3.7,,3.7,3.7,2001,2031,0.161,0.0,0.0,18028.0
Solar Photovoltaic,8223,SGSS1,1.6,,1.4,1.6,2010,2040,0.161,0.0,0.0,17400.0
Solar Photovoltaic,8223,WMS,8.5,,8.3,8.5,2014,2044,0.161,0.0,0.0,7714.0
Conventional Hydroelectric,8902,A0,2.7,,2.4,2.7,1936,2036,0.161,0.0,0.0,9668.0
Conventional Hydroelectric,8902,A1,130.0,,130.0,130.0,1941,2041,0.161,0.0,0.0,6323.0
Conventional Hydroelectric,8902,A2,130.0,,130.0,130.0,1942,2042,0.161,0.0,0.0,6317.0
Conventional Hydroelectric,8902,A3,130.0,,130.0,130.0,1952,2052,0.161,0.0,0.0,6341.0
Conventional Hydroelectric,8902,A4,130.0,,130.0,130.0,1952,2052,0.161,0.0,0.0,6341.0
Conventional Hydroelectric,8902,A5,127.0,,127.0,127.0,1943,2043,0.161,0.0,0.0,6329.0
Conventional Hydroelectric,8902,A6,130.0,,130.0,130.0,1939,2039,0.161,0.0,0.0,6324.0
Conventional Hydroelectric,8902,A7,130.0,,130.0,130.0,1939,2039,0.161,0.0,0.0,6324.0
Conventional Hydroelectric,8902,A8,61.5,,61.5,61.5,1937,2037,0.161,0.0,0.0,6372.0
Conventional Hydroelectric,8902,A9,68.5,,68.5,68.5,1952,2052,0.161,0.0,0.0,6419.0
Onshore Wind Turbine,10005,WTGS,17.0,,17.4,16.0,1988,2030,0.079,0.0,0.0,23318.0
Natural Gas Fired Combined Cycle,10034,GEN1,72.0,,90.0,81.0,1987,2042,0.064,9.179,3.516257561,4342.0804259999995
Natural Gas Fired Combined Cycle,10034,GEN2,29.0,,40.0,29.0,1987,2042,0.064,9.179,3.516257561,4342.0804259999995
Wood/Wood Waste Biomass,10052,GEN1,16.0,,18.8,16.0,1986,2031,0.173,24.137,4.524,107064.0
Run of River Hydroelectric,10139,GEN1,5.9,,5.9,5.9,1990,2090,0.136,0.0,0.0,9165.0
Run of River Hydroelectric,10139,GEN2,5.9,,5.9,5.9,1990,2090,0.136,0.0,0.0,8706.0
Other Natural Gas,62577,AP11A,1.0,,1.0,1.0,2017,2067,0.774,9.667,0.298,15571.0
Natural Gas Fired Combustion Turbine,10156,GEN3,4.65,,4.65,4.65,2001,2056,0.005,12.101,1.370381634,307.06971100000004
Natural Gas Fired Combustion Turbine,10156,GEN3,13.95,,13.95,13.95,2001,2056,0.005,12.101,1.370381634,307.06971100000004
Natural Gas Fired Combustion Turbine,10156,GEN4,39.15,,39.15,39.15,2004,2059,0.005,13.213,3.812,16164.000000000002
Natural Gas Fired Combustion Turbine,10156,GEN4,13.05,,13.05,13.05,2004,2059,0.005,13.213,3.812,16164.000000000002
Run of River Hydroelectric,10162,WWHI,1.3,,1.3,1.3,1986,2086,0.17,0.0,0.0,14596.0
Natural Gas Fired Combined Cycle,10169,GEN1,0.826,,0.906,0.822,1989,2044,0.057,9.316,3.516257561,8987.410604
Natural Gas Fired Combined Cycle,10169,GEN1,40.474,,44.394,40.278,1989,2044,0.057,9.316,3.516257561,8987.410604
Natural Gas Fired Combined Cycle,10169,GEN2,7.84,,10.29,7.938,1990,2045,0.057,9.316,3.516257561,8987.410604
Natural Gas Fired Combined Cycle,10169,GEN2,0.16,,0.21,0.162,1990,2045,0.057,9.316,3.516257561,8987.410604
Onshore Wind Turbine,10191,EXIS,8.7,,8.7,8.7,1984,2030,0.183,0.0,0.0,30533.0
Run of River Hydroelectric,10222,SPP1,0.01134,,0.01134,0.01134,1989,2089,0.098,0.0,0.0,10657.0
Run of River Hydroelectric,10222,SPP1,0.01694,,0.01694,0.01694,1989,2089,0.098,0.0,0.0,10657.0
Run of River Hydroelectric,10222,SPP1,0.45486,,0.45486,0.45486,1989,2089,0.098,0.0,0.0,10657.0
Run of River Hydroelectric,10222,SPP1,0.01134,,0.01134,0.01134,1989,2089,0.098,0.0,0.0,10657.0
Run of River Hydroelectric,10222,SPP1,0.02744,,0.02744,0.02744,1989,2089,0.098,0.0,0.0,10657.0
Run of River Hydroelectric,10253,LGEN,5.0,,5.0,5.0,1989,2089,0.122,0.0,0.0,10222.0
Run of River Hydroelectric,10253,UGEN,5.0,,5.0,5.0,1988,2088,0.122,0.0,0.0,10207.0
Natural Gas Fired Combined Cycle,10294,GTG,80.0,,90.8,82.0,1989,2044,0.055,8.955,3.28184039,12250.74954
Natural Gas Fired Combined Cycle,10294,STG,35.0,,42.4,36.0,1989,2044,0.055,8.955,3.28184039,12250.74954
Wood/Wood Waste Biomass,10300,GEN1,47.0,,55.5,47.0,1991,2036,0.717,16.372,1.226,53052.0
Natural Gas Fired Combined Cycle,10342,TG1,35.0,,40.0,37.0,1987,2042,0.676,10.026,1.532615375,8987.410604
Natural Gas Fired Combined Cycle,10342,TG2,35.0,,40.0,37.0,1987,2042,0.676,10.026,1.532615375,8987.410604
Natural Gas Fired Combined Cycle,10342,TG3,33.5,,33.5,33.5,1987,2042,0.676,10.026,1.532615375,8987.410604
Natural Gas Fired Combustion Turbine,10349,GEN1,49.5,,49.5,49.5,1989,2044,0.035,10.745,1.370381634,1230.331313
Natural Gas Fired Combustion Turbine,10350,CTGA,30.0,,34.9,30.0,2022,2077,0.004,10.745,2.276,3541.0
Natural Gas Fired Combustion Turbine,10350,CTGB,30.0,,34.9,30.0,2022,2077,0.004,10.745,2.276,3541.0
Landfill Gas,10387,3,2.8,,3.0,3.0,2004,2104,0.495,21.312,4.436,113748.0
Natural Gas Fired Combined Cycle,10405,GEN1,22.0,,23.1,23.0,1990,2045,0.015,10.449,3.516257561,8987.410604
Natural Gas Fired Combined Cycle,10405,GEN2,11.8,,13.1,11.8,1990,2045,0.015,10.449,3.516257561,8987.410604
Solar Photovoltaic,10437,SUN2,20.0,,20.0,18.5,2017,2047,0.342,0.0,0.0,7714.0
Solar Photovoltaic,10438,SUN3,13.8,,13.8,13.8,2017,2047,0.289,0.0,0.0,7714.0
Solar Photovoltaic,10444,LOC1,85.0,,100.4,85.0,2023,2053,0.212,0.0,0.0,7714.0
Run of River Hydroelectric,10458,GEN1,29.9,,29.9,29.9,1988,2088,0.161,0.0,0.0,7195.0
Geothermal,10479,T101,3.3,,5.0,5.0,1990,2030,0.891,9.771,0.587,63891.0
Geothermal,10479,T102,3.3,,5.0,5.0,1990,2030,0.891,9.771,0.587,62484.0
Geothermal,10479,T103,3.3,,5.0,5.0,1990,2030,0.891,9.771,0.587,62484.0
Geothermal,10480,GEN1,3.3,,5.0,5.0,1984,2030,0.765,9.771,0.587,71396.0
Geothermal,10480,GEN2,3.3,,5.0,5.0,1984,2030,0.765,9.771,0.587,73056.0
Geothermal,10481,1,3.3,,5.0,5.0,1990,2030,0.603,9.771,0.587,64161.0
Geothermal,10481,2,3.3,,5.0,5.0,1990,2030,0.603,9.771,0.587,64964.0
Geothermal,10481,3,3.3,,5.0,5.0,1990,2030,0.603,9.771,0.587,64964.0
Other Natural Gas,62577,AP11B,1.0,,1.0,1.0,2017,2067,0.774,9.668,0.298,15571.0
Natural Gas Fired Combustion Turbine,10496,GTAG,72.0,,75.0,77.0,1985,2040,0.075,12.433,1.74861846,1121.119057
Natural Gas Fired Combustion Turbine,10496,GTBG,72.0,,75.0,77.0,1985,2040,0.075,12.433,1.74861846,1121.119057
Natural Gas Fired Combustion Turbine,10496,GTCG,72.0,,75.0,77.0,1985,2040,0.075,12.433,1.74861846,1121.119057
Natural Gas Fired Combustion Turbine,10496,GTDG,72.0,,75.0,77.0,1985,2040,0.075,12.433,1.74861846,1121.119057
Natural Gas Fired Combustion Turbine,10501,K100,36.0,,39.1,34.0,1989,2044,0.0,15.944,5.481526534,8080.909324
Onshore Wind Turbine,10586,EXIS,59.6,,59.6,59.6,1984,2030,0.288,0.0,0.0,22424.0
Onshore Wind Turbine,10597,WGN1,29.0,,29.0,29.0,1984,2030,0.152,0.0,0.0,28982.0
Geothermal,10631,GEN1,42.0,,45.5,42.0,1989,2030,0.909,9.771,0.587,42061.0
Geothermal,10632,GEN1,42.0,,45.5,42.0,1988,2030,0.865,9.771,0.587,42178.0
Geothermal,10634,GEN1,49.0,,45.5,49.0,1988,2030,0.836,9.771,0.587,43777.0
Natural Gas Fired Combustion Turbine,10649,GEN1,46.0,,46.0,48.0,1995,2050,0.116,10.745,1.370381634,8080.909324
Natural Gas Fired Combustion Turbine,10650,GEN1,46.0,,46.0,48.0,1991,2046,0.06,10.745,1.370381634,8080.909324
Wood/Wood Waste Biomass,10652,GEN1,31.0,,31.0,31.0,1989,2034,0.687,19.543,1.64,67111.0
Natural Gas Fired Combined Cycle,10677,UNT2,46.0,,60.0,50.0,1988,2043,0.0,9.505,3.516257561,8987.410604
Natural Gas Fired Combined Cycle,10677,UNT3,23.0,,30.0,25.0,1988,2043,0.0,9.505,3.516257561,8987.410604
Run of River Hydroelectric,10706,GEN1,3.0,,3.0,3.0,1990,2090,0.146,0.0,0.0,11000.0
Run of River Hydroelectric,10707,GEN1,5.0,,5.0,5.0,1990,2090,0.225,0.0,0.0,11172.0
Run of River Hydroelectric,10708,GEN1,1.1,,1.1,1.1,1989,2089,0.588,0.0,0.0,18156.0
Run of River Hydroelectric,10709,GEN1,1.1,,1.1,1.1,1990,2090,0.168,0.0,0.0,14345.0
Onshore Wind Turbine,10718,WND,11.7,,11.7,11.7,1985,2030,0.284,0.0,0.0,34691.0
Geothermal,10759,GEN1,50.0,,53.9,50.0,1989,2030,0.694,9.771,0.587,36752.0
Geothermal,10763,GBU,5.3,,8.0,8.0,2007,2037,0.345,9.771,0.587,32649.0
Geothermal,10763,GEN1,14.4,,21.6,21.6,1989,2030,0.218,9.771,0.587,51088.0
Geothermal,10763,OE301,10.7,,16.0,16.0,2020,2050,0.352,9.771,0.587,65021.0
Wood/Wood Waste Biomass,10764,GEN1,11.5,,13.8,10.0,1985,2030,0.0,17.1,13.393,38356.0
Wood/Wood Waste Biomass,10767,GEN1,24.3,,28.0,24.3,1988,2033,0.757,14.931,4.086,100021.0
Wood/Wood Waste Biomass,10772,GEN1,24.4,,27.9,24.4,1989,2034,0.777,16.242,3.726,97133.0
Natural Gas Fired Combustion Turbine,10776,GTG,48.5,,48.5,48.5,1990,2045,0.107,10.745,1.370381634,1230.331313
Wood/Wood Waste Biomass,10777,GEN1,30.0,,36.2,30.0,1989,2034,0.731,14.713,4.192,81072.0
Wood/Wood Waste Biomass,10836,GEN1,25.0,,28.0,25.0,1989,2034,0.551,16.773,4.506,98397.0
Geothermal,10873,GEN1,27.5,,32.2,27.5,1987,2030,0.644,9.771,0.587,49146.0
Geothermal,10873,GEN2,27.0,,30.0,27.0,1988,2030,0.644,9.771,0.587,39787.0
Geothermal,10873,GEN3,26.7,,30.0,27.2,1988,2030,0.638,9.771,0.587,41722.0
Geothermal,10874,GEN4,30.0,,30.0,30.0,1989,2030,0.546,9.771,0.587,49743.0
Geothermal,10874,GEN5,23.4,,30.0,27.0,1989,2030,0.507,9.771,0.587,44865.0
Geothermal,10874,GEN6,26.9,,30.0,29.0,1989,2030,0.525,9.771,0.587,39928.0
Geothermal,10875,GEN7,21.8,,30.0,26.1,1988,2030,0.434,9.771,0.587,52255.0
Geothermal,10875,GEN8,22.5,,30.0,28.5,1988,2030,0.421,9.771,0.587,47012.0
Geothermal,10875,GEN9,23.5,,30.0,28.7,1989,2030,0.43,9.771,0.587,44523.0
Geothermal,10878,EE11,10.0,,10.0,10.0,1982,2030,0.846,9.771,0.587,58529.0
Geothermal,10879,GEN1,17.0,,11.5,17.0,1990,2030,0.451,9.771,0.587,70037.0
Geothermal,10879,GEN2,4.0,,5.0,4.0,1990,2030,0.451,9.771,0.587,66175.0
Geothermal,10879,GEN3,2.1,,3.5,2.1,1990,2030,0.451,9.771,0.587,73950.0
Run of River Hydroelectric,10880,GEN1,1.8,,1.8,1.8,1987,2087,0.671,0.0,0.0,13629.0
Run of River Hydroelectric,10881,GEN1,2.0,,2.0,2.0,1986,2086,0.248,0.0,0.0,13280.0
Run of River Hydroelectric,10882,GEN1,6.8,,6.8,6.8,1986,2086,0.211,0.0,0.0,9477.0
Natural Gas Fired Combustion Turbine,50003,GEN1,46.0,,46.0,48.0,1990,2045,0.107,10.745,1.370381634,8080.909324
Run of River Hydroelectric,50037,UNT1,6.7,,7.0,6.4,1989,2089,0.103,0.0,0.0,7123.0
Run of River Hydroelectric,50037,UNT2,6.7,,7.0,6.4,1989,2089,0.238,0.0,0.0,11381.0
Geothermal,50066,UNT1,50.0,,88.2,55.0,1984,2030,0.502,9.771,0.587,44216.0
Geothermal,50066,UNT2,50.0,,88.2,55.0,1984,2030,0.502,9.771,0.587,44722.0
Conventional Hydroelectric,50076,UNT1,0.2,,0.2,0.2,1987,2087,0.199,0.0,0.0,26291.0
Conventional Hydroelectric,50076,UNT2,1.1,,1.1,1.0,1987,2087,0.209,0.0,0.0,12085.0
Run of River Hydroelectric,50128,3381,2.4,,2.5,2.3,1985,2085,0.0,0.0,0.0,9039.0
Run of River Hydroelectric,50129,1641,1.3,,1.4,1.3,1983,2083,0.264,0.0,0.0,9617.0
Run of River Hydroelectric,50129,1642,1.3,,1.4,1.3,1983,2083,0.264,0.0,0.0,9680.0
Run of River Hydroelectric,50129,8332,0.1,,0.1,0.1,1983,2083,0.264,0.0,0.0,16951.0
Natural Gas Fired Combustion Turbine,50131,K100,36.0,,38.4,38.0,1991,2046,0.0,15.944,5.481526534,8080.909324
Natural Gas Fired Combustion Turbine,50134,GTAG,75.0,,75.0,78.0,1987,2042,0.214,12.11,1.74861846,1121.119057
Natural Gas Fired Combustion Turbine,50134,GTBG,75.0,,75.0,78.0,1987,2042,0.214,12.11,1.74861846,1121.119057
Natural Gas Fired Combustion Turbine,50134,GTCG,75.0,,75.0,78.0,1987,2042,0.214,12.11,1.74861846,1121.119057
Natural Gas Fired Combustion Turbine,50134,GTDG,75.0,,75.0,78.0,1987,2042,0.214,12.11,1.74861846,1121.119057
Run of River Hydroelectric,50147,1,1.0,,1.4,0.5,1987,2087,0.0,0.0,0.0,14778.0
Run of River Hydroelectric,50156,GEN1,3.0,,3.2,2.9,1990,2090,0.113,0.0,0.0,9976.0
Run of River Hydroelectric,50179,GEN1,2.5,,2.5,2.5,1986,2086,0.261,0.0,0.0,12739.0
Run of River Hydroelectric,50179,GEN2,2.5,,2.5,2.5,1986,2086,0.261,0.0,0.0,12738.0
Run of River Hydroelectric,50180,GEN1,4.8,,5.0,4.6,1990,2090,0.248,0.0,0.0,9619.0
Geothermal,50210,GEN1,29.0,,30.1,29.0,1985,2030,0.74,9.771,0.587,52274.0
Geothermal,50210,GEN2,9.0,,9.5,9.0,1985,2030,0.74,9.771,0.587,67218.0
Run of River Hydroelectric,50218,U1,2.7,,2.8,2.6,1982,2082,0.056,0.0,0.0,12630.0
Run of River Hydroelectric,50219,U1,4.0,,5.3,4.3,1983,2083,0.199,0.0,0.0,11496.0
Run of River Hydroelectric,50223,1296,0.5,,1.2,0.9,1989,2089,0.248,0.0,0.0,24133.0
Run of River Hydroelectric,50233,4011,1.0,,1.0,1.0,1986,2086,0.34,0.0,0.0,15026.0
Onshore Wind Turbine,50281,WGEN,31.0,,31.0,31.0,1983,2030,0.277,0.0,0.0,28854.0
Other Waste Biomass,50293,GEN1,26.5,,29.1,26.5,1989,2034,0.643,13.825,4.1,92865.0
Natural Gas Fired Combustion Turbine,50299,GEN1,46.1,,49.5,46.1,1988,2043,0.012,10.745,1.370381634,8080.909324
Other Natural Gas,62577,AP11C,1.0,,1.0,1.0,2017,2067,0.774,9.668,0.298,15571.0
Other Natural Gas,62577,AP11D,1.0,,1.0,1.0,2017,2067,0.774,9.668,0.298,15571.0
Run of River Hydroelectric,50322,GEN1,2.1,,2.1,2.1,1985,2085,0.142,0.0,0.0,13527.0
Run of River Hydroelectric,50350,GEN1,14.5,,14.5,14.5,1992,2092,0.211,0.0,0.0,8573.0
Run of River Hydroelectric,50352,1,3.7,,4.0,3.6,1987,2087,0.278,0.0,0.0,11754.0
Run of River Hydroelectric,50352,2,0.3,,0.4,0.3,1987,2087,0.274,0.0,0.0,24543.0
Wood/Wood Waste Biomass,50363,L313,15.5,,21.0,15.5,1987,2032,0.0,17.1,2.473,29411.0
Run of River Hydroelectric,50375,GEN1,1.2,,1.2,1.2,1987,2087,0.389,0.0,0.0,17833.0
Run of River Hydroelectric,50393,FR1,20.0,,18.4,20.0,1986,2086,0.272,0.0,0.0,8826.0
Run of River Hydroelectric,50393,M1,9.8,,9.8,9.8,1985,2085,0.272,0.0,0.0,9791.0
Run of River Hydroelectric,50393,RO1,2.3,,2.4,2.3,1985,2085,0.272,0.0,0.0,13232.0
Run of River Hydroelectric,50400,GEN1,15.6,,16.2,14.0,1986,2086,0.586,0.0,0.0,10625.0
Natural Gas Fired Combustion Turbine,50493,DC1,23.0,,24.9,24.0,1989,2044,0.059,10.745,1.370381634,8080.909324
Natural Gas Fired Combustion Turbine,50493,DC2,23.0,,24.9,24.0,1989,2044,0.059,10.745,1.370381634,8080.909324
Natural Gas Fired Combustion Turbine,50494,KF1,23.0,,24.9,24.0,1989,2044,0.045,10.745,1.370381634,8080.909324
Natural Gas Fired Combustion Turbine,50494,KF2,23.0,,24.9,24.0,1989,2044,0.045,10.745,1.370381634,8080.909324
Natural Gas Fired Combustion Turbine,50495,HS1,23.0,,24.9,24.0,1989,2044,0.057,10.745,1.370381634,8080.909324
Natural Gas Fired Combustion Turbine,50495,HS2,23.0,,24.9,24.0,1989,2044,0.057,10.745,1.370381634,8080.909324
Onshore Wind Turbine,50532,15SLE,1.5,,1.5,1.5,2000,2030,0.143,0.0,0.0,13321.0
Onshore Wind Turbine,50532,WGNS,17.3,,24.6,17.3,1981,2030,0.143,0.0,0.0,25834.0
Onshore Wind Turbine,50533,PHW,46.8,,46.8,46.8,2021,2051,0.386,0.0,0.0,13321.0
Onshore Wind Turbine,50536,SRW1,60.2,,60.2,60.2,2021,2051,0.347,0.0,0.0,13321.0
Natural Gas Fired Combined Cycle,50541,GEN1,80.8,,82.3,84.5,1988,2043,0.019,13.13,3.516257561,4342.0804259999995
Natural Gas Fired Combined Cycle,50541,ST1,9.9,,13.6,10.4,2001,2056,0.019,13.13,3.516257561,4342.0804259999995
Natural Gas Fired Combined Cycle,50541,ST2,11.0,,11.5,11.0,2001,2056,0.019,13.13,3.516257561,4342.0804259999995
Run of River Hydroelectric,50546,GEN1,3.6,,3.6,3.6,1986,2086,0.333,0.0,0.0,11883.0
Onshore Wind Turbine,50552,WGNS,38.9,,38.9,38.9,1999,2029,0.087,0.0,0.0,29891.0
Onshore Wind Turbine,50553,1,20.0,,20.0,20.0,2008,2038,0.116,0.0,0.0,30107.0
Wood/Wood Waste Biomass,50560,GEN1,9.9,,13.75,9.9,1986,2031,0.829,15.618,6.175,139393.0
Wood/Wood Waste Biomass,50560,GEN1,8.1,,11.25,8.1,1986,2031,0.829,15.618,6.175,139393.0
Landfill Gas,50571,GEN1,2.9,,3.0,3.3,1989,2089,0.677,18.9,1.641,74995.0
Landfill Gas,50571,GEN2,2.9,,3.0,3.3,1989,2089,0.677,18.901,1.743,79754.0
Natural Gas Fired Combustion Turbine,50612,GEN1,46.0,,46.0,48.0,1991,2046,0.09,10.745,1.370381634,8080.909324
Onshore Wind Turbine,50690,GEN1,43.4,,43.4,43.4,1999,2029,0.313,0.0,0.0,31185.0
Natural Gas Fired Combined Cycle,50748,GEN1,21.0,,24.4,21.0,1990,2045,0.073,9.897,3.516257561,8987.410604
Natural Gas Fired Combined Cycle,50748,GEN2,7.0,,7.6,7.0,1990,2045,0.073,9.897,3.516257561,8987.410604
Onshore Wind Turbine,50754,GEN1,3.5,,3.5,3.5,1982,2030,0.187,0.0,0.0,38010.0
Onshore Wind Turbine,50754,GEN2,4.2,,4.2,4.2,1993,2023,0.187,0.0,0.0,35661.0
Onshore Wind Turbine,50754,GEN3,23.1,,23.1,23.1,1999,2029,0.187,0.0,0.0,31402.0
Onshore Wind Turbine,50754,GEN4,3.7,,3.7,3.7,1999,2029,0.187,0.0,0.0,37124.0
Run of River Hydroelectric,50755,GEN1,1.9,,2.0,1.9,1989,2089,0.291,0.0,0.0,13988.0
Run of River Hydroelectric,50755,GEN2,0.9,,1.0,0.9,1989,2089,0.291,0.0,0.0,15063.0
Geothermal,50766,ITLU1,8.0,,12.0,12.0,2003,2033,0.549,9.771,0.587,65021.0
Geothermal,50766,ITLU2,8.0,,12.0,12.0,2003,2033,0.549,9.771,0.587,65021.0
Geothermal,50766,OE31,0.8,,1.2,1.2,1986,2030,0.549,9.771,0.587,75382.0
Geothermal,50766,OE32,0.8,,1.2,1.2,1986,2030,0.549,9.771,0.587,75382.0
Onshore Wind Turbine,50820,GEN1,3.0,,3.0,3.0,1985,2030,0.225,0.0,0.0,36764.0
Onshore Wind Turbine,50821,GEN1,88.5,,88.5,88.5,1989,2030,0.106,0.0,0.0,23023.0
Landfill Gas,50831,GEN1,1.0,,1.0,1.0,1985,2085,0.032,14.678,7.77,237596.0
Landfill Gas,50831,GEN2,1.0,,1.0,1.0,1987,2087,0.032,14.673,8.034,244079.0
Landfill Gas,50831,GEN3,1.0,,1.0,1.0,1985,2085,0.032,14.673,7.857,242883.0
Natural Gas Fired Combined Cycle,50850,GEN1,22.5,,23.5,22.5,1987,2042,0.042,10.322,1.484547824,12250.74954
Natural Gas Fired Combined Cycle,50850,GEN2,6.5,,7.3,6.0,1987,2042,0.042,10.322,1.484547824,12250.74954
Natural Gas Fired Combined Cycle,50851,GEN1,21.5,,23.5,22.1,1988,2043,0.002,9.121,1.770777189,12250.74954
Natural Gas Fired Combined Cycle,50851,GEN2,6.8,,7.6,6.9,1988,2043,0.002,9.121,1.770777189,12250.74954
Natural Gas Fired Combustion Turbine,50864,K100,30.0,,38.2,34.0,1991,2046,0.0,15.944,5.481526534,8080.909324
Natural Gas Fired Combustion Turbine,50865,K100,33.0,,38.9,35.0,1991,2046,0.684,13.347,1.370381634,1230.331313
Wood/Wood Waste Biomass,50881,GEN1,18.8,,18.3,18.8,1987,2032,0.475,18.523,4.79,108555.0
Wood/Wood Waste Biomass,50881,GEN2,18.8,,18.3,18.8,1987,2032,0.659,18.458,6.879,189726.0
Wood/Wood Waste Biomass,50881,GEN3,18.8,,18.3,18.8,1987,2032,0.554,18.432,6.651,185278.0
Run of River Hydroelectric,50892,GEN1,1.5,,1.5,1.5,1986,2086,0.027,0.0,0.0,11927.0
Run of River Hydroelectric,50892,GEN2,1.5,,1.5,1.5,1986,2086,0.027,0.0,0.0,11871.0
Other Natural Gas,66456,ANB00,2.6,,2.6,2.6,2022,2072,0.948,6.411,0.3,15571.0
Run of River Hydroelectric,50961,GEN1,4.0,,4.2,3.9,1990,2090,0.171,0.0,0.0,10394.0
Geothermal,50964,IND,1.1,,1.5,0.7,1988,2030,0.0,9.771,0.587,81170.0
Geothermal,50964,SYN,1.1,,1.5,0.7,1988,2030,0.0,9.771,0.587,80899.0
Onshore Wind Turbine,52142,GEN1,67.0,,75.0,67.0,1990,2030,0.201,0.0,0.0,30241.0
Geothermal,52158,GEN1,9.0,,12.5,10.0,1989,2030,0.568,9.771,0.587,73602.0
Geothermal,52158,GEN2,9.0,,12.5,10.0,1989,2030,0.568,9.771,0.587,79000.0
Onshore Wind Turbine,52162,MON1,21.3,,21.3,21.3,2021,2051,0.345,0.0,0.0,13321.0
Onshore Wind Turbine,52163,MON2,25.2,,25.2,25.2,2021,2051,0.397,0.0,0.0,13321.0
Natural Gas Fired Combustion Turbine,52169,A,36.5,,39.0,41.5,1989,2044,0.078,11.912,1.74861846,1121.119057
Natural Gas Fired Combustion Turbine,52169,A,36.5,,39.0,41.5,1989,2044,0.078,11.912,1.74861846,1121.119057
Natural Gas Fired Combustion Turbine,52169,B,36.5,,39.0,41.5,1989,2044,0.078,11.912,1.74861846,1121.119057
Natural Gas Fired Combustion Turbine,52169,B,36.5,,39.0,41.5,1989,2044,0.078,11.912,1.74861846,1121.119057
Natural Gas Fired Combustion Turbine,52169,C,36.5,,39.0,41.5,1989,2044,0.078,11.912,1.74861846,1121.119057
Natural Gas Fired Combustion Turbine,52169,C,36.5,,39.0,41.5,1989,2044,0.078,11.912,1.74861846,1121.119057
Natural Gas Fired Combustion Turbine,52186,GEN1,49.9,,49.9,49.9,1990,2045,0.044,12.15,1.370381634,8080.909324
Landfill Gas,54015,GEN2,5.4,,6.8,5.4,1993,2093,0.873,17.081,3.525,173808.0
Run of River Hydroelectric,54017,U1,3.7,,3.9,3.6,1987,2087,0.159,0.0,0.0,12394.0
Run of River Hydroelectric,54017,U2,1.1,,1.1,1.0,1987,2087,0.165,0.0,0.0,17457.0
Geothermal,54038,GEN1,14.4,,21.6,21.6,1989,2030,0.0,9.771,0.587,51455.0
Geothermal,54111,GE13,12.0,,16.0,16.0,2006,2036,0.352,9.771,0.587,37752.0
Geothermal,54111,GEN14,12.0,,16.0,16.0,2008,2038,0.352,9.771,0.587,65021.0
Geothermal,54111,OEC1,17.5,,26.5,26.5,2022,2052,0.509,9.771,0.587,64940.0
Geothermal,54111,OEC2,10.6,,16.0,16.0,2022,2052,0.51,9.771,0.587,64940.0
Batteries,68661,64BES,75.0,217.5,75.0,75.0,2026,2041,,0.0,,
Batteries,61167,BESS,125.0,362.5,125.0,125.0,2025,2040,0.85,0.0,0.0,12544.0
Wood/Wood Waste Biomass,54238,STG,45.0,,54.0,45.0,1987,2032,0.828,16.362,2.212,37884.0
Run of River Hydroelectric,54261,3385,1.2,,2.7,1.2,1988,2088,0.0,0.0,0.0,17249.0
Onshore Wind Turbine,54298,GEWE,7.5,,7.5,7.5,2005,2035,0.397,0.0,0.0,34185.0
Onshore Wind Turbine,54299,GEWE,3.0,,3.0,3.0,2005,2035,0.636,0.0,0.0,51128.0
Onshore Wind Turbine,54300,GEWE,4.5,,4.5,4.5,2004,2034,0.274,0.0,0.0,35936.0
Onshore Wind Turbine,54300,SX1S,0.0999,,0.0999,0.0999,1985,2030,0.0,0.0,0.0,70381.0
Onshore Wind Turbine,54300,SX1S,0.0,,0.0,0.0,1985,2030,0.0,0.0,0.0,70381.0
Run of River Hydroelectric,54308,1,1.2,,1.3,1.2,1984,2084,0.405,0.0,0.0,15497.0
Run of River Hydroelectric,54343,GEN1,20.0,,20.1,20.0,1990,2090,0.178,0.0,0.0,8386.0
Onshore Wind Turbine,54453,GEN2,15.5,,15.5,15.5,1990,2030,0.146,0.0,0.0,21331.0
Onshore Wind Turbine,54454,GEN11,49.5,,49.5,49.5,2011,2041,0.422,0.0,0.0,2480.0
Conventional Hydroelectric,54554,GEN1,2.5,,2.7,2.5,1989,2089,0.289,0.0,0.0,13283.0
Conventional Hydroelectric,54554,GEN2,2.5,,2.7,2.5,1989,2089,0.289,0.0,0.0,13245.0
Conventional Hydroelectric,54554,GEN3,0.5,,0.5,0.5,1989,2089,0.289,0.0,0.0,14706.0
Conventional Hydroelectric,54555,GEN1,126.5,,126.5,126.5,1989,2089,0.238,0.0,0.0,6834.0
Conventional Hydroelectric,54555,GEN2,126.5,,126.5,126.5,1989,2089,0.238,0.0,0.0,6791.0
Landfill Gas,54567,1,0.5,,0.6,0.5,1990,2090,0.851,13.572,7.543,603568.0
Landfill Gas,54567,2,0.5,,0.6,0.5,1990,2090,0.851,13.572,7.752,607675.0
Landfill Gas,54567,3,0.5,,0.6,0.5,1990,2090,0.668,13.9,7.752,607675.0
Landfill Gas,54567,4,0.9,,0.9,0.9,1993,2093,0.813,13.576,6.625,576085.0
Landfill Gas,54567,5,0.9,,0.9,0.9,1998,2098,0.775,13.581,2.136,185332.0
Wood/Wood Waste Biomass,54626,TG01,14.1192,,20.646,14.1192,1989,2034,0.571,16.185,1.563,41712.0
Wood/Wood Waste Biomass,54626,TG01,28.2808,,41.354,28.2808,1989,2034,0.571,16.185,1.563,41712.0
Onshore Wind Turbine,54647,EXIS,28.7,,28.7,28.7,1986,2030,0.196,0.0,0.0,26758.0
Run of River Hydroelectric,54654,KEK1,4.9,,4.9,4.9,1989,2089,0.099,0.0,0.0,10307.0
Onshore Wind Turbine,54686,EXIS,25.3,,27.1,25.3,1987,2030,0.103,0.0,0.0,26912.0
Geothermal,54689,3,3.0,,3.5,3.5,2006,2036,0.729,9.771,0.587,100469.0
Geothermal,54689,4,12.5,,19.0,19.0,2018,2048,0.627,9.771,0.587,65021.0
Geothermal,54689,OEC1,18.0,,26.5,26.5,2023,2053,0.87,32.391,0.587,64940.0
Geothermal,54689,OEC11,12.0,,16.0,16.0,2023,2053,0.87,32.391,0.587,64940.0
Geothermal,54689,OEC2,18.0,,26.5,26.5,2023,2053,0.87,32.391,0.587,64940.0
Natural Gas Fired Combined Cycle,54694,GEN1,35.1,,44.1,37.4,1994,2049,0.321,9.618,3.516257561,8987.410604
Natural Gas Fired Combined Cycle,54694,GEN2,17.1,,18.5,16.5,1994,2049,0.321,9.618,3.516257561,8987.410604
Geothermal,54724,OEC21,8.0,,12.0,12.0,1989,2030,0.565,9.771,0.587,65021.0
Geothermal,54724,OEC22,8.0,,12.0,12.0,2007,2037,0.565,9.771,0.587,65021.0
Natural Gas Fired Combined Cycle,54749,CTG,40.0,,41.2,40.0,1994,2049,0.032,9.087,3.516257561,8987.410604
Natural Gas Fired Combined Cycle,54749,STG,9.4,,10.2,9.4,1994,2049,0.032,9.087,3.516257561,8987.410604
Onshore Wind Turbine,54750,VW1,6.5,,6.5,6.5,1992,2022,0.13,0.0,0.0,33663.0
Natural Gas Fired Combustion Turbine,54768,GEN1,46.0,,46.0,48.0,1992,2047,0.07,10.745,1.370381634,8080.909324
Onshore Wind Turbine,54909,EXI2,8.3,,8.3,8.3,2002,2032,0.24,0.0,0.0,32022.0
Onshore Wind Turbine,54909,EXIS,13.6,,13.6,13.6,1997,2027,0.24,0.0,0.0,30243.0
Onshore Wind Turbine,54909,PLAN,15.5,,15.5,15.5,2025,2055,0.316,0.0,0.0,13321.0
Onshore Wind Turbine,54931,WGN1,46.9,,46.8,46.9,1994,2024,0.331,0.0,0.0,26647.0
Geothermal,54996,4100,44.0,,47.5,44.0,1996,2026,0.742,9.771,0.587,44399.0
Run of River Hydroelectric,55009,GEN1,2.6,,2.6,2.6,1987,2087,0.252,0.0,0.0,12192.0
Batteries,67850,ALBS1,35.0,101.5,35.0,35.0,2025,2040,0.85,0.0,0.0,12544.0
Natural Gas Fired Combined Cycle,55084,GE1,244.53,,244.53,244.53,1995,2050,0.684,9.121,1.92596267,8987.410604
Natural Gas Fired Combined Cycle,55084,GE1,2.47,,2.47,2.47,1995,2050,0.684,9.121,1.92596267,8987.410604
Landfill Gas,55094,UNT1,1.6,,1.6,1.6,1997,2097,0.64,13.5,3.183,178612.0
Landfill Gas,55094,UNT2,1.6,,1.6,1.6,1997,2097,0.64,13.5,3.172,178029.0
Landfill Gas,55094,UNT3,1.6,,1.6,1.6,1997,2097,0.64,13.5,3.172,178029.0
Landfill Gas,55094,UNT4,1.6,,1.6,1.6,1997,2097,0.64,13.5,3.172,178029.0
Natural Gas Fired Combined Cycle,55112,CT01,168.0,,212.0,170.0,2001,2056,0.344,7.585,1.830270212,4152.100625
Natural Gas Fired Combined Cycle,55112,CT02,168.0,,212.0,170.0,2001,2056,0.344,7.585,1.830270212,4152.100625
Natural Gas Fired Combined Cycle,55112,ST01,192.0,,212.0,207.0,2001,2056,0.344,7.585,1.830270212,4152.100625
Natural Gas Fired Combined Cycle,55124,CTG1,147.0,,176.6,147.0,2002,2057,0.626,7.249,1.503743132,9967.508746
Natural Gas Fired Combined Cycle,55124,CTG2,147.0,,176.6,147.0,2002,2057,0.626,7.249,1.503743132,9967.508746
Natural Gas Fired Combined Cycle,55124,STG,276.0,,301.8,276.0,2002,2057,0.626,7.249,1.503743132,9967.508746
Natural Gas Fired Combined Cycle,55129,CTG1,182.0,,187.0,196.0,2001,2056,0.378,7.417,6.207834486,9967.508746
Natural Gas Fired Combined Cycle,55129,CTG2,182.0,,187.0,196.0,2001,2056,0.378,7.417,6.207834486,9967.508746
Natural Gas Fired Combustion Turbine,55129,CTG4,43.4,,49.5,47.7,2022,2077,0.023,11.911,2.276,3541.0
Natural Gas Fired Combustion Turbine,55129,CTG5,43.4,,49.5,47.7,2022,2077,0.023,11.912,2.276,3541.0
Natural Gas Fired Combined Cycle,55129,STG,253.0,,272.1,269.0,2001,2056,0.378,7.417,6.207834486,9967.508746
Natural Gas Fired Combined Cycle,55151,GEN1,253.0,,289.0,267.0,2003,2058,0.178,7.638,3.696711306,9967.508746
Natural Gas Fired Combined Cycle,55151,GEN2,252.0,,289.0,266.0,2003,2058,0.191,7.643,3.696711306,9967.508746
Natural Gas Fired Combined Cycle,55151,GEN3,252.0,,289.0,266.0,2003,2058,0.172,7.727,3.696711306,9967.508746
Natural Gas Fired Combined Cycle,55151,GEN4,253.0,,289.0,267.0,2003,2058,0.155,7.663,3.696711306,9967.508746
Landfill Gas,55160,UNT1,0.8,,0.9,0.8,1998,2098,0.538,13.68,8.614,241415.0
Landfill Gas,55160,UNT2,0.8,,0.9,0.8,1998,2098,0.538,13.682,8.67,248751.0
Landfill Gas,55161,UNT1,2.7,,3.0,2.7,1998,2098,1.0,13.5,1.999,123968.0
Natural Gas Fired Combined Cycle,55177,A,157.0,,236.0,177.0,2001,2056,0.499,8.021,6.207834486,9967.508746
Natural Gas Fired Combined Cycle,55177,B,157.0,,236.0,177.0,2001,2056,0.499,8.021,6.207834486,9967.508746
Natural Gas Fired Combined Cycle,55177,ST1,173.0,,236.0,173.0,2001,2056,0.499,8.021,6.207834486,9967.508746
Natural Gas Fired Combined Cycle,55182,STG,245.0,,264.0,270.0,2003,2058,0.544,7.128,1.197373036,9967.508746
Natural Gas Fired Combined Cycle,55182,X718,150.0,,210.6,160.0,2001,2056,0.544,7.128,1.197373036,9967.508746
Natural Gas Fired Combined Cycle,55182,X719,150.0,,210.6,160.0,2001,2056,0.544,7.128,1.197373036,9967.508746
Natural Gas Fired Combined Cycle,55217,CTG1,170.0,,198.9,177.0,2001,2056,0.617,7.585,1.020055055,4152.100625
Natural Gas Fired Combined Cycle,55217,CTG2,170.0,,198.9,177.0,2001,2056,0.617,7.585,1.020055055,4152.100625
Natural Gas Fired Combined Cycle,55217,STG3,219.0,,280.5,221.0,2001,2056,0.617,7.585,1.020055055,4152.100625
Natural Gas Fired Combined Cycle,55282,CTG1,162.0,,198.0,162.0,2002,2057,0.537,7.344,1.830270212,9967.508746
Natural Gas Fired Combined Cycle,55282,CTG2,163.0,,198.0,163.0,2002,2057,0.537,7.344,1.830270212,9967.508746
Natural Gas Fired Combined Cycle,55282,STG1,255.0,,317.0,255.0,2002,2057,0.537,7.344,1.830270212,9967.508746
Natural Gas Fired Combined Cycle,55295,CT1,156.5,,182.0,160.5,2003,2058,0.379,7.492,1.830270212,9967.508746
Natural Gas Fired Combined Cycle,55295,CT2,156.5,,182.0,160.5,2003,2058,0.379,7.492,1.830270212,9967.508746
Natural Gas Fired Combined Cycle,55295,ST1,201.0,,227.0,204.0,2003,2058,0.379,7.492,1.830270212,9967.508746
Natural Gas Fired Combined Cycle,55306,CTG7,164.0,,174.0,184.0,2003,2058,0.441,7.334,1.420387083,9967.508746
Natural Gas Fired Combined Cycle,55306,CTG8,164.0,,174.0,184.0,2003,2058,0.441,7.334,1.420387083,9967.508746
Natural Gas Fired Combined Cycle,55306,ST12,242.0,,271.0,249.0,2003,2058,0.441,7.334,1.420387083,9967.508746
Natural Gas Fired Combined Cycle,55333,CTG1,184.0,,212.0,184.0,2002,2057,0.557,7.341,3.950440127,9967.508746
Natural Gas Fired Combined Cycle,55333,CTG2,183.0,,212.0,184.0,2002,2057,0.557,7.341,3.950440127,9967.508746
Natural Gas Fired Combined Cycle,55333,CTG3,183.0,,213.5,184.0,2002,2057,0.557,7.341,3.950440127,9967.508746
Natural Gas Fired Combined Cycle,55333,STG1,292.0,,306.0,330.0,2002,2057,0.557,7.341,3.950440127,9967.508746
Onshore Wind Turbine,55339,GEN1,2.1,,2.1,2.1,1999,2029,0.339,0.0,0.0,54673.0
Natural Gas Fired Combined Cycle,55345,1-01,152.8,,210.0,168.0,2009,2064,0.379,7.193,1.048436292,4152.100625
Natural Gas Fired Combined Cycle,55345,1-02,152.8,,210.0,168.0,2009,2064,0.379,7.193,1.048436292,4152.100625
Natural Gas Fired Combined Cycle,55345,1-03,265.4,,290.7,278.0,2009,2064,0.379,7.193,1.048436292,4152.100625
Natural Gas Fired Combined Cycle,55372,CTG1,239.9,,281.7,244.0,2004,2059,0.257,7.226,1.855971771,2738.8691660000004
Natural Gas Fired Combined Cycle,55372,CTG2,226.6,,281.7,247.8,2004,2059,0.257,7.226,1.855971771,2738.8691660000004
Natural Gas Fired Combined Cycle,55372,CTG3,226.2,,281.7,245.2,2004,2059,0.257,7.226,1.855971771,2738.8691660000004
Natural Gas Fired Combined Cycle,55372,STG1,119.8,,144.0,121.8,2004,2059,0.257,7.226,1.855971771,2738.8691660000004
Natural Gas Fired Combined Cycle,55372,STG2,114.9,,144.0,121.1,2004,2059,0.257,7.226,1.855971771,2738.8691660000004
Natural Gas Fired Combined Cycle,55372,STG3,115.5,,144.0,120.4,2004,2059,0.257,7.226,1.855971771,2738.8691660000004
Natural Gas Fired Combined Cycle,55393,CTG1,170.0,,200.0,180.0,2005,2060,0.476,7.683,1.186286249,9967.508746
Natural Gas Fired Combined Cycle,55393,CTG2,170.0,,200.0,180.0,2005,2060,0.476,7.683,1.186286249,9967.508746
Natural Gas Fired Combined Cycle,55393,STG1,217.0,,235.0,232.0,2005,2060,0.476,7.683,1.186286249,9967.508746
Natural Gas Fired Combined Cycle,55400,CTG1,156.0,,199.0,165.0,2003,2058,0.803,7.159,0.791835073,4152.100625
Natural Gas Fired Combined Cycle,55400,CTG2,156.0,,199.0,165.0,2003,2058,0.803,7.159,0.791835073,4152.100625
Natural Gas Fired Combined Cycle,55400,STG,213.0,,225.0,219.0,2003,2058,0.803,7.159,0.791835073,4152.100625
Natural Gas Fired Combined Cycle,55455,CT1A,163.0,,187.5,179.0,2002,2057,0.582,7.147,4.285487318,9967.508746
Natural Gas Fired Combined Cycle,55455,CT1B,163.0,,181.6,179.0,2002,2057,0.582,7.147,4.285487318,9967.508746
Natural Gas Fired Combined Cycle,55455,CT2A,163.0,,181.6,179.0,2002,2057,0.582,7.147,4.285487318,9967.508746
Natural Gas Fired Combined Cycle,55455,CT2B,163.0,,181.6,179.0,2002,2057,0.582,7.147,4.285487318,9967.508746
Natural Gas Fired Combined Cycle,55455,ST1,175.0,,204.0,192.0,2002,2057,0.582,7.147,4.285487318,9967.508746
Natural Gas Fired Combined Cycle,55455,ST2,175.0,,204.0,192.0,2002,2057,0.582,7.147,4.285487318,9967.508746
Natural Gas Fired Combined Cycle,55481,GT3,162.0,,185.3,162.0,2003,2058,0.678,7.307,1.029894814,4152.100625
Natural Gas Fired Combined Cycle,55481,GT4,162.0,,185.3,162.0,2003,2058,0.678,7.307,1.029894814,4152.100625
Natural Gas Fired Combined Cycle,55481,ST2,300.0,,321.0,300.0,2003,2058,0.678,7.307,1.029894814,4152.100625
Natural Gas Fired Combustion Turbine,55499,CPP1,48.0,,60.5,50.6,2002,2057,0.031,10.815,1.370381634,8080.909324
Natural Gas Fired Combustion Turbine,55508,CPP2,48.0,,60.5,52.0,2001,2056,0.035,10.965,1.370381634,8080.909324
Natural Gas Fired Combustion Turbine,55510,CPP4,48.0,,60.5,51.3,2001,2056,0.039,10.819,1.370381634,8080.909324
Natural Gas Fired Combustion Turbine,55512,CPP6,48.7,,48.7,48.7,2002,2057,0.022,11.574,14.23226102,8080.909324
Natural Gas Fired Combustion Turbine,55513,CPP7,48.0,,58.9,48.1,2001,2056,0.031,10.875,1.370381634,8080.909324
Natural Gas Fired Combined Cycle,55518,CTG1,187.0,,209.0,197.0,2003,2058,0.511,7.462,4.336810519,9967.508746
Natural Gas Fired Combined Cycle,55518,CTG2,188.0,,209.0,193.0,2003,2058,0.511,7.462,4.336810519,9967.508746
Natural Gas Fired Combined Cycle,55518,CTG3,186.0,,209.0,195.0,2003,2058,0.511,7.462,4.336810519,9967.508746
Natural Gas Fired Combined Cycle,55518,STG1,315.0,,333.0,313.0,2003,2058,0.511,7.462,4.336810519,9967.508746
Natural Gas Fired Combustion Turbine,55522,CT1,41.0,,60.5,44.0,2002,2057,0.14,10.745,6.298266361,3795.094032
Natural Gas Fired Combustion Turbine,55522,CT10,41.0,,60.5,44.0,2002,2057,0.14,10.745,6.298266361,3795.094032
Natural Gas Fired Combustion Turbine,55522,CT2,41.0,,60.5,44.0,2002,2057,0.14,10.745,6.298266361,3795.094032
Natural Gas Fired Combustion Turbine,55522,CT3,41.0,,60.5,44.0,2002,2057,0.14,10.745,6.298266361,3795.094032
Natural Gas Fired Combustion Turbine,55522,CT4,41.0,,60.5,44.0,2002,2057,0.14,10.745,6.298266361,3795.094032
Natural Gas Fired Combustion Turbine,55522,CT5,41.0,,60.5,44.0,2002,2057,0.14,10.745,6.298266361,3795.094032
Natural Gas Fired Combustion Turbine,55522,CT6,41.0,,60.5,44.0,2002,2057,0.14,10.745,6.298266361,3795.094032
Natural Gas Fired Combustion Turbine,55522,CT7,41.0,,60.5,44.0,2002,2057,0.14,10.745,6.298266361,3795.094032
Natural Gas Fired Combustion Turbine,55522,CT8,41.0,,60.5,44.0,2002,2057,0.14,10.745,6.298266361,3795.094032
Natural Gas Fired Combustion Turbine,55522,CT9,41.0,,60.5,44.0,2002,2057,0.14,10.745,6.298266361,3795.094032
Natural Gas Fired Combustion Turbine,55538,CTG1,54.0,,54.0,54.0,2014,2069,0.032,10.745,1.370381634,1230.331313
Natural Gas Fired Combustion Turbine,55540,GEN1,37.2,,37.2,37.2,2001,2056,0.009,12.352,2.740763267,8080.909324
Natural Gas Fired Combustion Turbine,55541,CTG1,46.7,,49.9,46.7,2001,2056,0.028,10.745,1.74861846,1121.119057
Natural Gas Fired Combustion Turbine,55541,CTG2,47.6,,49.9,47.6,2001,2056,0.028,10.745,1.74861846,1121.119057
Natural Gas Fired Combustion Turbine,55541,CTG3,48.2,,49.9,48.2,2001,2056,0.028,10.745,1.74861846,1121.119057
Natural Gas Fired Combustion Turbine,55542,CTG1,45.6,,49.9,45.6,2001,2056,0.047,10.745,1.370381634,1230.331313
Natural Gas Fired Combustion Turbine,55542,CTG2,46.0,,49.9,46.0,2001,2056,0.047,10.745,1.370381634,1230.331313
Natural Gas Fired Combustion Turbine,55625,CT1,48.0,,48.0,48.0,2003,2058,0.031,11.489,1.370381634,8080.909324
Natural Gas Fired Combustion Turbine,55626,CT1,46.0,,47.0,46.0,2003,2058,0.032,11.184,1.370381634,8080.909324
Natural Gas Fired Combustion Turbine,55627,CT1,48.0,,48.0,48.0,2003,2058,0.035,11.114,0.48741221,561.023366
Natural Gas Fired Combined Cycle,55656,CT01,172.0,,168.0,183.0,2005,2060,0.579,7.056,0.361684212,4152.100625
Natural Gas Fired Combined Cycle,55656,CT02,172.0,,168.0,183.0,2005,2060,0.579,7.056,0.361684212,4152.100625
Natural Gas Fired Combined Cycle,55656,CT04,165.0,,168.0,168.0,2005,2060,0.579,7.056,0.361684212,4152.100625
Natural Gas Fired Combined Cycle,55656,ST03,165.0,,185.0,182.0,2005,2060,0.579,7.056,0.361684212,4152.100625
Natural Gas Fired Combined Cycle,55656,ST05,83.0,,90.0,83.0,2005,2060,0.579,7.056,0.361684212,4152.100625
Natural Gas Fired Combustion Turbine,55698,HEP1,45.9,,46.1,48.7,2001,2056,0.015,11.593,1.370381634,1230.331313
Natural Gas Fired Combustion Turbine,55698,HEP2,45.9,,46.1,48.7,2001,2056,0.015,11.594,1.370381634,1230.331313
Onshore Wind Turbine,55719,MVWR,70.9,,70.9,70.9,2022,2052,0.348,0.0,0.0,13321.0
Natural Gas Fired Combined Cycle,55748,CAG5,108.0,,126.1,108.0,2013,2068,0.086,8.698,0.780625008,4342.0804259999995
Natural Gas Fired Combined Cycle,55748,CTG1,49.0,,45.0,49.0,2003,2058,0.086,8.698,0.780625008,4342.0804259999995
Natural Gas Fired Combined Cycle,55748,CTG2,47.0,,45.0,47.0,2003,2058,0.086,8.698,0.780625008,4342.0804259999995
Natural Gas Fired Combined Cycle,55748,CTG3,49.0,,45.0,49.0,2003,2058,0.086,8.698,0.780625008,4342.0804259999995
Natural Gas Fired Combined Cycle,55748,CTG4,47.0,,45.0,47.0,2003,2058,0.086,8.698,0.780625008,4342.0804259999995
Natural Gas Fired Combustion Turbine,55807,HPP1,46.3,,49.0,48.3,2002,2057,0.033,10.824,1.370381634,1230.331313
Natural Gas Fired Combustion Turbine,55807,HPP2,46.1,,49.0,47.8,2002,2057,0.034,10.824,1.370381634,1230.331313
Natural Gas Fired Combustion Turbine,55810,S3,48.0,,48.0,48.0,2001,2056,0.023,11.644,1.74861846,1121.119057
Natural Gas Fired Combustion Turbine,55810,S4,48.0,,48.0,48.0,2001,2056,0.023,11.644,1.74861846,1121.119057
Natural Gas Fired Combustion Turbine,55810,S5,48.0,,48.0,48.0,2002,2057,0.023,11.644,1.74861846,1121.119057
Natural Gas Fired Combustion Turbine,55811,CTG1,44.0,,47.3,44.5,2002,2057,0.025,10.745,2.740763267,8080.909324
Natural Gas Fired Combustion Turbine,55813,CTG1,47.0,,47.3,48.0,2002,2057,0.148,10.926,1.370381634,8080.909324
Natural Gas Fired Combustion Turbine,55847,CTG1,48.0,,47.0,48.0,2003,2058,0.118,11.385,1.370381634,8080.909324
Natural Gas Fired Combustion Turbine,55855,CTG1,47.0,,48.0,48.0,2003,2058,0.022,11.203,1.370381634,8080.909324
Other Natural Gas,61154,AT058,1.3,,1.3,1.3,2016,2066,0.729,7.328,0.298,15571.0
Other Natural Gas,61153,AT057,1.3,,1.3,1.3,2016,2066,0.631,7.595,0.298,15571.0
Batteries,68321,ALT4,150.0,435.0,150.0,150.0,2026,2041,,0.0,,
Batteries,68324,ALT9,150.0,435.0,150.0,150.0,2025,2040,,0.0,,
Batteries,68322,ALT7A,180.0,522.0,180.0,180.0,2025,2040,,0.0,,
Natural Gas Fired Combustion Turbine,55874,8,42.525,,42.525,42.525,1973,2028,0.006,15.455,1.370381634,8080.909324
Natural Gas Fired Combustion Turbine,55874,8,14.175,,14.175,14.175,1973,2028,0.006,15.455,1.370381634,8080.909324
Natural Gas Fired Combined Cycle,55933,TCC1,156.2,,167.3,167.3,2012,2067,0.245,8.304,0.780625008,4342.0804259999995
Natural Gas Fired Combined Cycle,55933,TPP1,82.1,,84.4,87.5,2003,2058,0.245,8.304,0.780625008,4342.0804259999995
Natural Gas Fired Combined Cycle,55933,TPP2,81.8,,84.4,87.4,2003,2058,0.245,8.304,0.780625008,4342.0804259999995
Natural Gas Fired Combustion Turbine,55934,C1,9.5,,11.2,11.0,2001,2056,0.002,20.08,2.740763267,8080.909324
Natural Gas Fired Combustion Turbine,55934,C2,9.5,,11.2,11.0,2001,2056,0.002,20.109,2.740763267,8080.909324
Natural Gas Fired Combustion Turbine,55934,C3,9.5,,11.2,11.0,2001,2056,0.002,20.109,2.740763267,8080.909324
Natural Gas Fired Combustion Turbine,55934,C4,9.5,,11.2,11.0,2001,2056,0.002,20.109,2.740763267,8080.909324
Natural Gas Fired Combustion Turbine,55935,D1,9.5,,11.2,11.0,2001,2056,0.002,17.874,2.740763267,8080.909324
Natural Gas Fired Combustion Turbine,55935,D2,9.5,,11.2,11.0,2001,2056,0.002,17.909,2.740763267,8080.909324
Natural Gas Fired Combustion Turbine,55935,D3,9.5,,11.2,11.0,2001,2056,0.002,17.909,2.740763267,8080.909324
Natural Gas Fired Combustion Turbine,55935,D4,9.5,,11.2,11.0,2001,2056,0.002,17.909,2.740763267,8080.909324
Natural Gas Fired Combustion Turbine,55951,AMP1,40.0,,60.5,43.0,2003,2058,0.03,10.745,1.370381634,8080.909324
Natural Gas Fired Combustion Turbine,55963,CTG1,47.0,,47.0,47.0,2003,2058,0.051,10.918,1.370381634,8080.909324
Natural Gas Fired Combined Cycle,55970,1,171.0,,190.0,178.6,2006,2061,0.58,7.05,0.766261453,4152.100625
Natural Gas Fired Combined Cycle,55970,2,185.0,,196.8,202.0,2006,2061,0.58,7.05,0.766261453,4152.100625
Natural Gas Fired Combined Cycle,55970,3,189.0,,170.0,201.0,2006,2061,0.58,7.05,0.766261453,4152.100625
Geothermal,55983,TG51,46.0,,58.3,46.0,2000,2030,0.735,9.771,0.587,37524.0
Geothermal,55984,TG21,10.0,,11.5,10.0,2000,2030,0.675,9.771,0.587,59260.0
Natural Gas Fired Combined Cycle,55985,CTG1,179.6,,165.0,180.0,2005,2060,0.344,7.058,3.798500122,9967.508746
Natural Gas Fired Combined Cycle,55985,CTG2,179.8,,165.0,181.0,2005,2060,0.344,7.058,3.798500122,9967.508746
Natural Gas Fired Combined Cycle,55985,STG,222.0,,229.0,229.0,2006,2061,0.344,7.058,3.798500122,9967.508746
Onshore Wind Turbine,56011,V-47,20.5,,20.5,20.5,2002,2032,0.303,0.0,0.0,31596.0
Onshore Wind Turbine,56011,V-47,20.5,,20.5,20.5,2002,2032,0.303,0.0,0.0,31596.0
Onshore Wind Turbine,56012,1,30.75,,30.75,30.75,2002,2032,0.263,0.0,0.0,29561.0
Onshore Wind Turbine,56012,1,30.75,,30.75,30.75,2002,2032,0.263,0.0,0.0,29561.0
Natural Gas Fired Combined Cycle,56026,CTG1,50.0,,50.0,50.0,2005,2060,0.536,8.297,1.908046738,8987.410604
Natural Gas Fired Combined Cycle,56026,CTG2,50.0,,50.0,50.0,2005,2060,0.536,8.297,1.908046738,8987.410604
Natural Gas Fired Combined Cycle,56026,STG,47.8,,54.0,47.8,2005,2060,0.536,8.297,1.908046738,8987.410604
Natural Gas Fired Combustion Turbine,56039,G1,5.4,,5.9,5.9,1987,2042,0.015,13.15,2.740763267,307.06971100000004
Natural Gas Fired Combustion Turbine,56039,G2,5.4,,5.9,5.9,1987,2042,0.012,13.283,2.740763267,307.06971100000004
Natural Gas Fired Combined Cycle,56041,M1,44.0,,40.0,44.0,2005,2060,0.429,8.379,1.953476423,8987.410604
Natural Gas Fired Combined Cycle,56041,M2,44.0,,40.0,44.0,2005,2060,0.429,8.379,1.953476423,8987.410604
Natural Gas Fired Combined Cycle,56041,M3,51.0,,50.0,51.0,2005,2060,0.429,8.379,1.953476423,8987.410604
Natural Gas Fired Combined Cycle,56046,1,161.0,,198.9,165.0,2005,2060,0.523,7.507,0.475163048,8987.410604
Natural Gas Fired Combined Cycle,56046,2,140.0,,188.7,140.0,2005,2060,0.523,7.507,0.475163048,8987.410604
Onshore Wind Turbine,56075,1,145.8,,145.8,145.8,2003,2033,0.213,0.0,0.0,17110.0
Onshore Wind Turbine,56075,2,16.2,,16.2,16.2,2003,2033,0.213,0.0,0.0,29941.0
Natural Gas Fired Combined Cycle,56078,1,84.0,,94.9,84.0,2006,2061,0.551,7.782,0.474338113,8987.410604
Natural Gas Fired Combined Cycle,56078,2,84.0,,94.9,84.0,2006,2061,0.551,7.782,0.474338113,8987.410604
Natural Gas Fired Combined Cycle,56078,3,101.0,,110.8,101.0,2006,2061,0.551,7.782,0.474338113,8987.410604
Onshore Wind Turbine,56112,V47,22.4,,22.4,22.4,2003,2033,0.313,0.0,0.0,35623.0
Run of River Hydroelectric,56125,4152,1.0,,1.0,1.0,1994,2094,0.076,0.0,0.0,15469.0
Natural Gas Fired Combustion Turbine,56135,1,50.0,,60.5,50.0,2006,2061,0.02,12.096,1.370381634,1230.331313
Natural Gas Fired Combustion Turbine,56135,2,50.0,,60.5,50.0,2006,2061,0.02,12.096,1.370381634,1230.331313
Natural Gas Fired Combustion Turbine,56143,1,50.0,,50.0,50.0,2006,2061,0.043,10.745,1.74861846,1121.119057
Natural Gas Fired Combustion Turbine,56143,2,50.0,,50.0,50.0,2006,2061,0.043,10.745,1.74861846,1121.119057
Natural Gas Fired Combustion Turbine,56143,3,48.0,,48.0,48.0,2011,2066,0.043,10.745,1.74861846,1121.119057
Natural Gas Fired Combustion Turbine,56143,4,48.0,,48.0,48.0,2011,2066,0.043,10.745,1.74861846,1121.119057
Natural Gas Fired Combustion Turbine,56144,1,10.0,,10.0,10.0,2002,2057,0.009,10.745,2.740763267,8080.909324
Natural Gas Fired Combustion Turbine,56144,2,10.0,,10.0,10.0,2002,2057,0.009,10.745,2.740763267,8080.909324
Natural Gas Fired Combustion Turbine,56144,3,10.0,,10.0,10.0,2002,2057,0.009,10.745,2.740763267,8080.909324
Natural Gas Fired Combustion Turbine,56144,4,10.0,,10.0,10.0,2002,2057,0.009,10.745,2.740763267,8080.909324
Natural Gas Internal Combustion Engine,56184,IC1,2.8,,2.9,2.8,2001,2056,0.032,10.79,1.370381634,8080.909324
Natural Gas Internal Combustion Engine,56184,IC10,2.8,,2.9,2.8,2001,2056,0.032,10.795,1.370381634,8080.909324
Natural Gas Internal Combustion Engine,56184,IC11,2.8,,2.9,2.8,2001,2056,0.032,10.795,1.370381634,8080.909324
Natural Gas Internal Combustion Engine,56184,IC12,2.8,,2.9,2.8,2001,2056,0.032,10.795,1.370381634,8080.909324
Natural Gas Internal Combustion Engine,56184,IC13,2.8,,2.9,2.8,2001,2056,0.032,10.795,1.370381634,8080.909324
Natural Gas Internal Combustion Engine,56184,IC14,2.8,,2.9,2.8,2001,2056,0.032,10.795,1.370381634,8080.909324
Natural Gas Internal Combustion Engine,56184,IC15,2.8,,2.9,2.8,2001,2056,0.032,10.795,1.370381634,8080.909324
Natural Gas Internal Combustion Engine,56184,IC16,2.8,,2.9,2.8,2001,2056,0.032,10.795,1.370381634,8080.909324
Natural Gas Internal Combustion Engine,56184,IC2,2.8,,2.9,2.8,2001,2056,0.032,10.795,1.370381634,8080.909324
Natural Gas Internal Combustion Engine,56184,IC3,2.8,,2.9,2.8,2001,2056,0.032,10.795,1.370381634,8080.909324
Natural Gas Internal Combustion Engine,56184,IC4,2.8,,2.9,2.8,2001,2056,0.032,10.795,1.370381634,8080.909324
Natural Gas Internal Combustion Engine,56184,IC5,2.8,,2.9,2.8,2001,2056,0.032,10.795,1.370381634,8080.909324
Natural Gas Internal Combustion Engine,56184,IC6,2.8,,2.9,2.8,2001,2056,0.032,10.795,1.370381634,8080.909324
Natural Gas Internal Combustion Engine,56184,IC7,2.8,,2.9,2.8,2001,2056,0.032,10.795,1.370381634,8080.909324
Natural Gas Internal Combustion Engine,56184,IC8,2.8,,2.9,2.8,2001,2056,0.032,10.795,1.370381634,8080.909324
Natural Gas Internal Combustion Engine,56184,IC9,2.8,,2.9,2.8,2001,2056,0.032,10.795,1.370381634,8080.909324
Natural Gas Internal Combustion Engine,56185,IC1,3.1,,3.1,3.1,2001,2056,0.05,10.745,1.370381634,8080.909324
Natural Gas Internal Combustion Engine,56185,IC10,3.1,,3.1,3.1,2001,2056,0.05,10.745,1.370381634,8080.909324
Natural Gas Internal Combustion Engine,56185,IC11,3.1,,3.1,3.1,2001,2056,0.05,10.745,1.370381634,8080.909324
Natural Gas Internal Combustion Engine,56185,IC12,3.1,,3.1,3.1,2001,2056,0.05,10.745,1.370381634,8080.909324
Natural Gas Internal Combustion Engine,56185,IC13,3.1,,3.1,3.1,2001,2056,0.05,10.745,1.370381634,8080.909324
Natural Gas Internal Combustion Engine,56185,IC14,3.1,,3.1,3.1,2001,2056,0.05,10.745,1.370381634,8080.909324
Natural Gas Internal Combustion Engine,56185,IC15,3.1,,3.1,3.1,2001,2056,0.05,10.745,1.370381634,8080.909324
Natural Gas Internal Combustion Engine,56185,IC16,3.1,,3.1,3.1,2001,2056,0.05,10.745,1.370381634,8080.909324
Natural Gas Internal Combustion Engine,56185,IC2,3.1,,3.1,3.1,2001,2056,0.05,10.745,1.370381634,8080.909324
Natural Gas Internal Combustion Engine,56185,IC3,3.1,,3.1,3.1,2001,2056,0.05,10.745,1.370381634,8080.909324
Natural Gas Internal Combustion Engine,56185,IC4,3.1,,3.1,3.1,2001,2056,0.05,10.745,1.370381634,8080.909324
Natural Gas Internal Combustion Engine,56185,IC5,3.1,,3.1,3.1,2001,2056,0.05,10.745,1.370381634,8080.909324
Natural Gas Internal Combustion Engine,56185,IC6,3.1,,3.1,3.1,2001,2056,0.05,10.745,1.370381634,8080.909324
Natural Gas Internal Combustion Engine,56185,IC7,3.1,,3.1,3.1,2001,2056,0.05,10.745,1.370381634,8080.909324
Natural Gas Internal Combustion Engine,56185,IC8,3.1,,3.1,3.1,2001,2056,0.05,10.745,1.370381634,8080.909324
Natural Gas Internal Combustion Engine,56185,IC9,3.1,,3.1,3.1,2001,2056,0.05,10.745,1.370381634,8080.909324
Solar Photovoltaic,56228,PV1,3.0,,3.0,3.0,2002,2032,0.109,0.0,0.0,22193.0
Natural Gas Fired Combustion Turbine,56232,1,47.0,,53.0,47.0,2005,2060,0.056,10.745,7.017535275,10539.91632
Natural Gas Fired Combustion Turbine,56232,2,47.0,,53.0,47.0,2009,2064,0.056,10.745,7.017535275,10539.91632
Natural Gas Fired Combustion Turbine,56239,GT-1,48.0,,60.5,48.0,2005,2060,0.019,10.745,1.370381634,1230.331313
Natural Gas Fired Combustion Turbine,56239,GT-2,48.0,,60.5,48.0,2005,2060,0.019,10.745,1.370381634,1230.331313
Onshore Wind Turbine,56271,VEST,18.0,,18.0,18.0,2004,2034,0.298,0.0,0.0,33131.0
Onshore Wind Turbine,56275,WGNS,2.4,,2.4,2.4,1986,2030,0.139,0.0,0.0,35331.0
Onshore Wind Turbine,56276,WGNS,1.6,,1.6,1.6,1985,2030,0.115,0.0,0.0,61576.0
Onshore Wind Turbine,56295,1,50.0,,50.0,50.0,2005,2035,0.335,0.0,0.0,31069.0
Natural Gas Fired Combined Cycle,56298,1,38.0,,40.0,42.0,2007,2062,0.301,8.295,3.516257561,12250.74954
Natural Gas Fired Combined Cycle,56298,2,38.0,,40.0,42.0,2007,2062,0.301,8.295,3.516257561,12250.74954
Natural Gas Fired Combined Cycle,56298,3,75.0,,85.0,78.0,2007,2062,0.301,8.295,3.516257561,12250.74954
Natural Gas Fired Combustion Turbine,56298,4,30.6,,30.0,33.6,2022,2077,0.004,14.48,2.276,3541.0
Natural Gas Fired Combustion Turbine,56298,5,30.6,,30.0,33.6,2022,2077,0.004,14.481,2.276,3541.0
Onshore Wind Turbine,56302,1,60.3,,60.3,60.3,2004,2034,0.262,0.0,0.0,23539.0
Natural Gas Internal Combustion Engine,56346,ICE1,1.2,,1.2,1.2,2005,2060,0.02,13.701,2.740763267,307.06971100000004
Natural Gas Internal Combustion Engine,56346,ICE2,1.2,,1.2,1.2,2005,2060,0.02,13.692,2.740763267,307.06971100000004
Natural Gas Internal Combustion Engine,56346,ICE3,1.2,,1.2,1.2,2005,2060,0.02,13.692,2.740763267,307.06971100000004
Natural Gas Internal Combustion Engine,56346,ICE4,1.2,,1.2,1.2,2005,2060,0.02,13.692,2.740763267,307.06971100000004
Natural Gas Internal Combustion Engine,56346,ICE5,1.2,,1.2,1.2,2005,2060,0.02,13.692,2.740763267,307.06971100000004
Natural Gas Internal Combustion Engine,56346,ICE6,1.2,,1.2,1.2,2005,2060,0.02,13.692,2.740763267,307.06971100000004
Natural Gas Internal Combustion Engine,56346,ICE7,1.2,,1.2,1.2,2005,2060,0.02,13.692,2.740763267,307.06971100000004
Natural Gas Fired Combined Cycle,56356,CT1,21.0,,41.0,21.0,2005,2060,0.054,7.449,3.516257561,8987.410604
Natural Gas Fired Combined Cycle,56356,ST1,7.0,,8.0,7.0,2005,2060,0.054,7.449,3.516257561,8987.410604
Wood/Wood Waste Biomass,56358,1,2.5,,3.0,2.5,2004,2049,0.0,19.327,2.473,41893.0
Onshore Wind Turbine,56362,1,150.0,,150.0,150.0,2006,2036,0.317,0.0,0.0,16755.0
Landfill Gas,56428,Unit1,1.0,,1.0,1.0,2006,2106,0.682,13.5,6.656,323185.0
Landfill Gas,56428,Unit2,1.0,,1.0,1.0,2006,2106,0.682,13.5,6.688,326669.0
Landfill Gas,56428,Unit3,1.0,,1.0,1.0,2006,2106,0.682,13.5,6.688,326669.0
Onshore Wind Turbine,56433,1,135.0,,135.0,135.0,2009,2039,0.155,0.0,0.0,18729.0
Onshore Wind Turbine,56446,1,38.0,,38.0,38.0,2006,2036,0.276,0.0,0.0,27673.0
Batteries,68322,ALT7B,120.0,348.0,120.0,120.0,2025,2040,,0.0,,
Other Waste Biomass,64005,MMR-1,2.2,,2.8,2.2,2023,2073,0.87,6.469,0.298,15571.0
Other Natural Gas,65361,CLT30,2.2,,2.2,2.2,2019,2069,0.944,7.221,0.298,15571.0
Natural Gas Fired Combined Cycle,56467,CTG1,182.0,,200.0,192.0,2013,2068,0.188,7.453,1.830270212,9967.508746
Natural Gas Fired Combined Cycle,56467,CTG2,182.0,,200.0,192.0,2013,2068,0.188,7.453,1.830270212,9967.508746
Natural Gas Fired Combined Cycle,56467,STG1,241.0,,255.0,248.0,2013,2068,0.188,7.453,1.830270212,9967.508746
Natural Gas Fired Combustion Turbine,56471,1,49.0,,49.8,49.0,2012,2067,0.044,10.745,1.370381634,8080.909324
Natural Gas Fired Combustion Turbine,56472,1,46.0,,49.8,46.0,2007,2062,0.03,12.356,1.370381634,8080.909324
Batteries,68323,ALT8A,210.4,610.16,210.4,210.4,2026,2041,,0.0,,
Natural Gas Fired Combustion Turbine,56473,1,49.0,,49.8,49.0,2007,2062,0.047,10.745,14.23226102,8080.909324
Natural Gas Fired Combustion Turbine,56474,1,49.0,,49.8,49.0,2007,2062,0.063,10.745,14.23226102,8080.909324
Natural Gas Fired Combustion Turbine,56475,1,47.0,,49.8,47.0,2007,2062,0.031,12.115,14.23226102,8080.909324
Batteries,68323,ALT8B,172.0,498.8,172.0,172.0,2026,2041,,0.0,,
Natural Gas Fired Combined Cycle,56476,A,177.0,,203.2,181.4,2009,2064,0.583,7.229,0.426227185,9967.508746
Natural Gas Fired Combined Cycle,56476,B,177.0,,203.2,181.4,2009,2064,0.583,7.229,0.426227185,9967.508746
Natural Gas Fired Combined Cycle,56476,C,209.4,,213.3,223.0,2009,2064,0.583,7.229,0.426227185,9967.508746
Natural Gas Fired Combustion Turbine,56482,1,45.0,,60.5,45.0,2008,2063,0.12,10.745,1.370381634,307.06971100000004
Natural Gas Fired Combustion Turbine,56482,2,45.0,,60.5,45.0,2008,2063,0.12,10.745,1.370381634,307.06971100000004
Natural Gas Fired Combined Cycle,56532,A,167.0,,181.5,181.0,2010,2065,0.481,7.219,0.51880932,9967.508746
Natural Gas Fired Combined Cycle,56532,B,167.0,,181.5,181.0,2010,2065,0.481,7.219,0.51880932,9967.508746
Natural Gas Fired Combined Cycle,56532,C,306.0,,349.4,306.0,2010,2065,0.481,7.219,0.51880932,9967.508746
Natural Gas Fired Combustion Turbine,56569,1,43.8,,60.5,45.1,2008,2063,0.115,10.745,14.23226102,1230.331313
Natural Gas Fired Combustion Turbine,56569,2,42.6,,60.5,45.8,2008,2063,0.113,10.745,14.23226102,1230.331313
Onshore Wind Turbine,56570,WGNS,7.4,,7.4,7.4,1984,2030,0.154,0.0,0.0,32061.999999999996
Wood/Wood Waste Biomass,56616,G3,22.2,,27.2,22.2,2008,2053,0.98,16.526,6.824,129782.0
Natural Gas Fired Combustion Turbine,56639,1,55.6,,69.9,60.0,2009,2064,0.029,10.745,1.74861846,1121.119057
Natural Gas Fired Combustion Turbine,56639,2,55.6,,69.9,60.0,2009,2064,0.029,10.745,1.74861846,1121.119057
Onshore Wind Turbine,56654,1,101.2,,101.2,101.2,2010,2040,0.303,0.0,0.0,17215.0
Landfill Gas,58435,ENG1,2.1,,2.2,2.1,2014,2114,0.894,13.5,3.136,10167.0
Landfill Gas,58435,ENG2,2.1,,2.2,2.1,2014,2114,0.894,13.5,3.136,10167.0
Landfill Gas,58436,ENG1,2.1,,2.2,2.1,2014,2114,0.776,13.5,3.136,10167.0
Landfill Gas,58436,ENG2,2.1,,2.2,2.1,2014,2114,0.776,13.5,3.136,10167.0
Landfill Gas,58437,ENG1,2.1,,2.2,2.1,2014,2114,0.862,13.5,3.136,10167.0
Landfill Gas,58437,ENG2,2.1,,2.2,2.1,2014,2114,0.862,13.5,3.136,10167.0
Wood/Wood Waste Biomass,56706,AMPC,10.5,,12.5,10.5,2008,2053,0.56,21.46,9.908,206317.0
Wood/Wood Waste Biomass,56707,AMPC,10.5,,12.5,10.5,2008,2053,0.454,21.409,11.013,206253.0
Solar Photovoltaic,56768,CR1,5.0,,5.0,1.5,2010,2040,0.174,0.0,0.0,23389.0
Onshore Wind Turbine,56791,1,45.0,,45.0,45.0,2008,2038,0.362,0.0,0.0,29482.0
Other Waste Biomass,63622,OES01,1.3,,1.3,1.3,2025,2070,0.83,8.911,2.443,63592.0
Other Waste Biomass,63622,OES02,1.3,,1.3,1.3,2025,2070,0.83,8.911,2.443,63592.0
Natural Gas Fired Combustion Turbine,56803,1,97.0,,108.0,104.2,2009,2064,0.185,10.745,1.485029017,1229.357899
Natural Gas Fired Combustion Turbine,56803,2,97.0,,108.0,104.2,2009,2064,0.185,10.745,1.485029017,1229.357899
Natural Gas Fired Combustion Turbine,56803,3,97.0,,108.0,104.2,2009,2064,0.185,10.745,1.485029017,1229.357899
Natural Gas Fired Combustion Turbine,56803,4,97.0,,108.0,104.2,2009,2064,0.185,10.745,1.485029017,1229.357899
Solar Thermal with Energy Storage,56812,GEN1,147.8,,140.0,147.8,2013,2043,0.288,0.0,0.0,38391.0
Solar Thermal with Energy Storage,56812,GEN2,147.8,,140.0,147.8,2013,2043,0.288,0.0,0.0,38391.0
Solar Photovoltaic,56813,1,0.5,,0.5,0.5,2007,2037,0.123,0.0,0.0,33108.0
Solar Photovoltaic,56813,2,0.5,,0.5,0.5,2007,2037,0.123,0.0,0.0,33435.0
Solar Photovoltaic,56814,PV1,0.4,,0.5,0.3,2008,2038,0.301,0.0,0.0,39882.0
Solar Photovoltaic,56814,PV2,0.4,,0.5,0.3,2008,2038,0.301,0.0,0.0,39785.0
Geothermal,56832,GE1,10.7,,16.0,16.0,2009,2039,0.085,9.771,0.587,33606.0
Geothermal,56832,GE2,10.7,,16.0,16.0,2009,2039,0.085,9.771,0.587,33317.0
Geothermal,56832,GE3,10.7,,16.0,16.0,2009,2039,0.085,9.771,0.587,33317.0
Geothermal,56832,GE4,10.7,,16.0,16.0,2009,2039,0.085,9.771,0.587,33317.0
Geothermal,56832,GE5,10.7,,16.0,16.0,2009,2039,0.085,9.771,0.587,65021.0
Solar Photovoltaic,56862,1,0.3,,0.3,0.3,2008,2038,0.164,0.0,0.0,55923.0
Solar Photovoltaic,56862,2,0.3,,0.3,0.3,2008,2038,0.164,0.0,0.0,50489.0
Solar Photovoltaic,56862,3,0.3,,0.3,0.3,2008,2038,0.164,0.0,0.0,50489.0
Solar Photovoltaic,56862,4,0.3,,0.3,0.3,2008,2038,0.164,0.0,0.0,50489.0
Other Natural Gas,66142,KSR48,2.1,,2.1,2.1,2019,2069,0.889,6.705,0.3,15571.0
Onshore Wind Turbine,56874,TBD,150.0,,150.0,150.0,2009,2039,0.314,0.0,0.0,12721.0
Solar Photovoltaic,56875,TBD,1.0,,1.0,1.0,2008,2038,0.198,0.0,0.0,27898.0
Landfill Gas,56895,1,1.8,,1.9,1.8,2008,2108,0.907,13.5,2.581,102905.0
Landfill Gas,56895,2,1.8,,1.9,1.8,2008,2108,0.907,13.5,2.732,111655.0
Landfill Gas,56895,3,1.8,,1.9,1.8,2008,2108,0.907,13.5,2.732,111655.0
Landfill Gas,56895,4,1.8,,1.9,1.8,2008,2108,0.907,13.5,2.732,111655.0
Landfill Gas,56895,5,1.8,,1.9,1.8,2008,2108,0.907,13.5,2.732,111655.0
Landfill Gas,56895,6,1.8,,1.9,1.8,2008,2108,0.907,13.5,2.732,111655.0
Landfill Gas,56897,1,1.8,,1.9,1.8,2009,2109,0.899,13.5,2.066,96914.0
Landfill Gas,56897,2,1.8,,1.9,1.8,2009,2109,0.899,13.5,2.279,106156.0
Landfill Gas,56898,1,4.0,,4.6,4.0,2010,2110,0.532,15.771,2.195,46825.0
Landfill Gas,56898,2,4.0,,4.6,4.0,2010,2110,0.532,15.771,2.047,42883.0
Natural Gas Fired Combustion Turbine,56914,CTG1,49.1,,59.0,49.1,2010,2065,0.021,11.158,1.370381634,1230.331313
Natural Gas Fired Combustion Turbine,56914,CTG2,49.1,,59.0,49.1,2010,2065,0.021,11.158,1.370381634,1230.331313
Solar Photovoltaic,56917,1,101.0,,101.0,101.0,2013,2043,0.199,0.0,0.0,7714.0
Solar Photovoltaic,56917,1A,64.6,,64.6,64.6,2013,2043,0.199,0.0,0.0,7714.0
Solar Photovoltaic,56917,1B,34.3,,34.3,34.3,2014,2044,0.199,0.0,0.0,7714.0
Solar Photovoltaic,56939,1,21.0,,21.0,21.0,2009,2039,0.227,0.0,0.0,16459.0
Natural Gas Fired Combustion Turbine,56948,1,43.4,,60.5,47.7,2011,2066,0.088,10.745,1.485029017,1229.357899
Natural Gas Fired Combustion Turbine,56948,10,43.4,,60.5,47.7,2011,2066,0.088,10.745,1.485029017,1229.357899
Natural Gas Fired Combustion Turbine,56948,11,43.4,,60.5,47.7,2011,2066,0.088,10.745,1.485029017,1229.357899
Natural Gas Fired Combustion Turbine,56948,12,43.4,,60.5,47.7,2011,2066,0.088,10.745,1.485029017,1229.357899
Natural Gas Fired Combustion Turbine,56948,2,43.4,,60.5,47.7,2011,2066,0.088,10.745,1.485029017,1229.357899
Natural Gas Fired Combustion Turbine,56948,3,43.4,,60.5,47.7,2011,2066,0.088,10.745,1.485029017,1229.357899
Natural Gas Fired Combustion Turbine,56948,4,43.4,,60.5,47.7,2011,2066,0.088,10.745,1.485029017,1229.357899
Natural Gas Fired Combustion Turbine,56948,5,43.4,,60.5,47.7,2011,2066,0.088,10.745,1.485029017,1229.357899
Natural Gas Fired Combustion Turbine,56948,6,43.4,,60.5,47.7,2011,2066,0.088,10.745,1.485029017,1229.357899
Natural Gas Fired Combustion Turbine,56948,7,43.4,,60.5,47.7,2011,2066,0.088,10.745,1.485029017,1229.357899
Natural Gas Fired Combustion Turbine,56948,8,43.4,,60.5,47.7,2011,2066,0.088,10.745,1.485029017,1229.357899
Natural Gas Fired Combustion Turbine,56948,9,43.4,,60.5,47.7,2011,2066,0.088,10.745,1.485029017,1229.357899
Other Natural Gas,62573,ATT56,1.0,,1.0,1.0,2017,2067,0.797,7.374,0.298,15571.0
Other Natural Gas,62574,ATT93,1.0,,1.0,1.0,2017,2067,0.823,7.465,0.298,15571.0
Batteries,65591,AVEPB,126.0,365.4,126.0,126.0,2024,2039,0.85,0.0,0.0,12544.0
Natural Gas Fired Combustion Turbine,57001,GEN1,60.5,,60.5,60.5,2010,2065,0.017,11.064,1.370381634,8080.909324
Solar Photovoltaic,57004,1,0.9,,1.0,0.9,2007,2037,0.152,0.0,0.0,38001.0
Solar Photovoltaic,57005,1,0.9,,1.0,0.9,2008,2038,0.165,0.0,0.0,28082.0
Solar Photovoltaic,57006,1,0.9,,1.0,0.9,2007,2037,0.149,0.0,0.0,31882.0
Solar Photovoltaic,57007,1,0.9,,1.0,0.9,2008,2038,0.182,0.0,0.0,27831.0
Solar Photovoltaic,57008,1,0.8,,1.0,0.8,2009,2039,0.268,0.0,0.0,38884.0
Solar Photovoltaic,57009,1,0.9,,1.0,0.9,2007,2037,0.176,0.0,0.0,38372.0
Solar Photovoltaic,57010,1,0.9,,1.0,0.9,2008,2038,0.179,0.0,0.0,28705.0
Solar Photovoltaic,57011,1,0.9,,1.0,0.9,2006,2036,0.167,0.0,0.0,28454.0
Solar Photovoltaic,57012,1,0.9,,1.0,0.9,2009,2039,0.241,0.0,0.0,37432.0
Landfill Gas,57771,1,2.0,,2.3,2.0,2013,2113,0.66,13.5,3.136,10167.0
Natural Gas Fired Combustion Turbine,57027,CPP1,49.4,,50.0,49.4,2011,2066,0.064,10.745,1.74861846,1121.119057
Natural Gas Fired Combustion Turbine,57027,CPP2,48.0,,50.0,48.0,2011,2066,0.064,10.745,1.74861846,1121.119057
Natural Gas Fired Combustion Turbine,57027,CPP3,48.0,,50.0,48.0,2011,2066,0.064,10.745,1.74861846,1121.119057
Natural Gas Fired Combustion Turbine,57027,CPP4,49.4,,50.0,49.4,2011,2066,0.064,10.745,1.74861846,1121.119057
Solar Photovoltaic,57041,1,2.0,,2.0,2.0,2009,2039,0.199,0.0,0.0,18875.0
Batteries,66885,SPKBS,25.0,100.0,25.0,25.0,2024,2039,0.85,0.0,0.0,12544.0
Solar Thermal without Energy Storage,57073,ST1,133.4,,133.4,133.4,2013,2043,0.215,0.0,0.0,43191.0
Solar Thermal without Energy Storage,57074,ST1,126.0,,126.0,126.0,2013,2043,0.218,0.0,0.0,38391.0
Solar Thermal without Energy Storage,57075,ST1,133.4,,133.4,133.4,2013,2043,0.213,0.0,0.0,38391.0
Onshore Wind Turbine,57098,1,63.0,,63.0,63.0,2009,2039,0.207,0.0,0.0,6974.0
Landfill Gas,57100,EN01,1.0,,1.1,1.0,2008,2108,0.712,13.5,7.492,232146.0
Landfill Gas,57101,1,1.4,,1.4,1.4,2010,2110,0.455,13.5,8.948,131099.0
Landfill Gas,57102,EN01,1.0,,1.1,1.0,2006,2106,0.42,13.5,8.512,377178.0
Landfill Gas,57102,EN02,1.0,,1.1,1.0,2010,2110,0.42,13.5,7.27,187253.0
Landfill Gas,57133,359,1.8,,1.9,1.8,2009,2109,0.921,13.5,4.219,181409.0
Landfill Gas,59299,RED1,2.0,,2.0,2.0,2017,2117,0.595,13.5,3.136,10167.0
Landfill Gas,59299,RED2,2.0,,2.0,2.0,2017,2117,0.595,13.5,3.136,10167.0
Onshore Wind Turbine,57201,S2.3,36.8,,36.8,36.8,2010,2040,0.295,0.0,0.0,17897.0
Natural Gas Fired Combustion Turbine,57267,1,191.9,,207.0,201.6,2013,2068,0.027,11.402,2.970058035,1229.357899
Natural Gas Fired Combustion Turbine,57267,2,191.1,,207.0,200.7,2013,2068,0.027,11.402,2.970058035,1229.357899
Natural Gas Fired Combustion Turbine,57267,3,190.4,,207.0,200.3,2013,2068,0.027,11.402,2.970058035,1229.357899
Natural Gas Fired Combustion Turbine,57267,4,191.8,,207.0,202.2,2013,2068,0.027,11.402,2.970058035,1229.357899
Batteries,66598,BDMSS,75.0,300.0,75.0,75.0,2025,2040,0.85,0.0,0.0,12544.0
Onshore Wind Turbine,57282,AW01,150.0,,150.0,150.0,2011,2041,0.289,0.0,0.0,16426.0
Onshore Wind Turbine,57291,AW02,150.0,,150.0,150.0,2011,2041,0.257,0.0,0.0,16050.999999999998
Onshore Wind Turbine,57292,AW03,150.0,,150.0,150.0,2011,2041,0.244,0.0,0.0,16279.0
Onshore Wind Turbine,57293,AW04,102.0,,102.0,102.0,2011,2041,0.182,0.0,0.0,13413.0
Onshore Wind Turbine,57294,AW05,168.0,,168.0,168.0,2011,2041,0.184,0.0,0.0,13503.0
Solar Photovoltaic,57295,1,66.0,,66.0,66.0,2013,2043,0.277,0.0,0.0,9038.0
Onshore Wind Turbine,57302,1,6.5,,6.5,6.5,2009,2039,0.248,0.0,0.0,34150.0
Solar Photovoltaic,57305,1,6.8,,6.8,6.8,2012,2042,0.137,0.0,0.0,9038.0
Solar Photovoltaic,57306,1,8.5,,8.5,8.5,2013,2043,0.136,0.0,0.0,9038.0
Solar Photovoltaic,57308,1,1.8,,2.0,1.1,2017,2047,0.037,0.0,0.0,7714.0
Solar Photovoltaic,57318,1,10.0,,10.0,10.0,2011,2041,0.296,0.0,0.0,15580.0
Solar Photovoltaic,57318,1,10.0,,10.0,10.0,2011,2041,0.296,0.0,0.0,15580.0
Solar Photovoltaic,57324,PV1,11.2,,11.2,11.2,2015,2045,0.281,0.0,0.0,7714.0
Solar Thermal without Energy Storage,57331,MSP1,137.5,,140.0,100.0,2014,2044,0.276,0.0,0.0,43191.0
Solar Thermal without Energy Storage,57331,MSP2,137.5,,140.0,100.0,2014,2044,0.276,0.0,0.0,43191.0
Solar Photovoltaic,57340,1,140.0,,140.0,140.0,2018,2048,0.276,0.0,0.0,7714.0
Solar Photovoltaic,57359,1,6.0,,6.0,6.0,2011,2041,0.206,0.0,0.0,20394.0
Solar Photovoltaic,57360,1,20.0,,20.0,20.0,2011,2041,0.202,0.0,0.0,17722.0
Solar Photovoltaic,57361,1,19.0,,19.0,19.0,2011,2041,0.208,0.0,0.0,17837.0
Run of River Hydroelectric,57364,1,2.2,,2.2,2.2,1987,2087,0.34,0.0,0.0,12152.0
Run of River Hydroelectric,57364,2,2.2,,2.2,2.2,1987,2087,0.34,0.0,0.0,10062.0
Solar Photovoltaic,57373,AGU1,90.7,,90.7,90.7,2012,2042,0.234,0.0,0.0,9038.0
Solar Photovoltaic,57373,AGU2,136.0,,136.0,136.0,2012,2042,0.234,0.0,0.0,9038.0
Solar Photovoltaic,57373,AGU3,121.0,,121.0,121.0,2014,2044,0.234,0.0,0.0,9038.0
Solar Photovoltaic,57378,AVSR,241.5,,253.0,241.5,2014,2044,0.275,0.0,0.0,9038.0
Onshore Wind Turbine,57379,1,32.55,,32.55,32.55,2010,2040,0.205,0.0,0.0,12167.0
Onshore Wind Turbine,57379,1,32.55,,32.55,32.55,2010,2040,0.205,0.0,0.0,12167.0
Solar Photovoltaic,57392,UATP1,1.5,,1.2,1.5,2010,2040,0.122,0.0,0.0,18347.0
Solar Thermal without Energy Storage,57394,GEN01,125.0,,125.0,125.0,2014,2044,0.274,0.0,0.0,38391.0
Solar Thermal without Energy Storage,57394,GEN02,125.0,,125.0,125.0,2013,2043,0.274,0.0,0.0,38391.0
Solar Photovoltaic,57439,HPR2,32.3,,32.3,32.3,2013,2043,0.276,0.0,0.0,7714.0
Solar Photovoltaic,57439,HPR2A,21.0,,21.0,21.0,2012,2042,0.276,0.0,0.0,9038.0
Solar Photovoltaic,57439,HPR2B,86.5,,86.5,86.5,2013,2043,0.276,0.0,0.0,9038.0
Solar Photovoltaic,57439,HPR2C,70.0,,70.0,70.0,2013,2043,0.276,0.0,0.0,7714.0
Solar Photovoltaic,57439,HPR2D,40.0,,40.0,40.0,2013,2043,0.276,0.0,0.0,9038.0
Solar Photovoltaic,57441,S42A,0.5,,0.5,0.5,2012,2042,0.179,0.0,0.0,9038.0
Solar Photovoltaic,57441,S42B,0.5,,0.5,0.5,2012,2042,0.179,0.0,0.0,9038.0
Solar Photovoltaic,57441,S42C,0.5,,0.5,0.5,2012,2042,0.179,0.0,0.0,9038.0
Solar Photovoltaic,57441,S42D,0.5,,0.5,0.5,2012,2042,0.179,0.0,0.0,9038.0
Solar Photovoltaic,57441,S42E,0.5,,0.5,0.5,2012,2042,0.179,0.0,0.0,9038.0
Solar Photovoltaic,57441,S42F,0.5,,0.5,0.5,2012,2042,0.179,0.0,0.0,9038.0
Solar Photovoltaic,57441,S42G,0.5,,0.5,0.5,2012,2042,0.179,0.0,0.0,9038.0
Solar Photovoltaic,57441,S42H,0.5,,0.5,0.5,2012,2042,0.179,0.0,0.0,9038.0
Solar Photovoltaic,57441,S42I,0.5,,0.5,0.5,2012,2042,0.179,0.0,0.0,9038.0
Solar Photovoltaic,57441,S42J,0.5,,0.5,0.5,2012,2042,0.179,0.0,0.0,9038.0
Solar Photovoltaic,57455,SB1,26.0,,26.0,26.0,2013,2043,0.291,0.0,0.0,9038.0
Onshore Wind Turbine,57459,1,49.0,,49.0,49.0,2012,2042,0.379,0.0,0.0,9688.0
Batteries,66533,BCE12,10.0,2.9,10.0,10.0,2023,2038,0.85,0.0,0.0,17250.0
Batteries,66532,BCE22,10.0,2.9,10.0,10.0,2023,2038,0.85,0.0,0.0,17250.0
Batteries,68023,SBBS1,16.7,48.43,16.7,16.7,2025,2040,,0.0,,
Batteries,61431,BCNB1,20.0,10.0,20.0,20.0,2018,2033,0.0,0.0,0.0,12544.0
Batteries,66650,BC1,13.0,14.7,13.0,13.0,2024,2039,0.85,0.0,0.0,12544.0
Batteries,67257,BVEB1,5.0,14.5,5.0,5.0,2026,2041,0.85,0.0,0.0,12544.0
Batteries,66461,GEN1,100.0,400.0,116.6,100.0,2024,2039,0.85,0.0,0.0,12544.0
Geothermal,57475,HRP1,49.9,,55.0,49.9,2012,2042,0.925,9.771,0.587,35247.0
Natural Gas Fired Combustion Turbine,57482,CTG1,25.0,,25.0,25.0,2013,2068,0.082,10.745,1.485029017,561.023366
Natural Gas Fired Combustion Turbine,57482,CTG1,50.0,,50.0,50.0,2013,2068,0.082,10.745,1.485029017,561.023366
Natural Gas Fired Combustion Turbine,57482,CTG1,25.0,,25.0,25.0,2013,2068,0.082,10.745,1.485029017,561.023366
Natural Gas Fired Combustion Turbine,57482,CTG2,25.0,,25.0,25.0,2013,2068,0.082,10.745,1.485029017,561.023366
Natural Gas Fired Combustion Turbine,57482,CTG2,25.0,,25.0,25.0,2013,2068,0.082,10.745,1.485029017,561.023366
Natural Gas Fired Combustion Turbine,57482,CTG2,50.0,,50.0,50.0,2013,2068,0.082,10.745,1.485029017,561.023366
Natural Gas Fired Combustion Turbine,57482,CTG3,25.0,,25.0,25.0,2013,2068,0.082,10.745,1.485029017,561.023366
Natural Gas Fired Combustion Turbine,57482,CTG3,50.0,,50.0,50.0,2013,2068,0.082,10.745,1.485029017,561.023366
Natural Gas Fired Combustion Turbine,57482,CTG3,25.0,,25.0,25.0,2013,2068,0.082,10.745,1.485029017,561.023366
Natural Gas Fired Combustion Turbine,57482,CTG4,25.0,,25.0,25.0,2013,2068,0.082,10.745,1.485029017,561.023366
Natural Gas Fired Combustion Turbine,57482,CTG4,50.0,,50.0,50.0,2013,2068,0.082,10.745,1.485029017,561.023366
Natural Gas Fired Combustion Turbine,57482,CTG4,25.0,,25.0,25.0,2013,2068,0.082,10.745,1.485029017,561.023366
Natural Gas Fired Combustion Turbine,57482,CTG5,25.0,,25.0,25.0,2013,2068,0.082,10.745,1.485029017,561.023366
Natural Gas Fired Combustion Turbine,57482,CTG5,25.0,,25.0,25.0,2013,2068,0.082,10.745,1.485029017,561.023366
Natural Gas Fired Combustion Turbine,57482,CTG5,50.0,,50.0,50.0,2013,2068,0.082,10.745,1.485029017,561.023366
Natural Gas Fired Combustion Turbine,57482,CTG6,25.0,,25.0,25.0,2013,2068,0.082,10.745,1.485029017,561.023366
Natural Gas Fired Combustion Turbine,57482,CTG6,50.0,,50.0,50.0,2013,2068,0.082,10.745,1.485029017,561.023366
Natural Gas Fired Combustion Turbine,57482,CTG6,25.0,,25.0,25.0,2013,2068,0.082,10.745,1.485029017,561.023366
Natural Gas Fired Combustion Turbine,57482,CTG7,25.0,,25.0,25.0,2013,2068,0.082,10.745,1.485029017,561.023366
Natural Gas Fired Combustion Turbine,57482,CTG7,25.0,,25.0,25.0,2013,2068,0.082,10.745,1.485029017,561.023366
Natural Gas Fired Combustion Turbine,57482,CTG7,50.0,,50.0,50.0,2013,2068,0.082,10.745,1.485029017,561.023366
Natural Gas Fired Combustion Turbine,57482,CTG8,25.0,,25.0,25.0,2013,2068,0.082,10.745,1.485029017,561.023366
Natural Gas Fired Combustion Turbine,57482,CTG8,50.0,,50.0,50.0,2013,2068,0.082,10.745,1.485029017,561.023366
Natural Gas Fired Combustion Turbine,57482,CTG8,25.0,,25.0,25.0,2013,2068,0.082,10.745,1.485029017,561.023366
Natural Gas Fired Combustion Turbine,57483,CTG1,49.9,,49.9,49.9,2012,2067,0.054,10.745,1.74861846,1121.119057
Natural Gas Fired Combustion Turbine,57483,CTG2,49.9,,49.9,49.9,2012,2067,0.054,10.745,1.74861846,1121.119057
Natural Gas Fired Combustion Turbine,57483,CTG3,49.9,,49.9,49.9,2012,2067,0.054,10.745,1.74861846,1121.119057
Natural Gas Fired Combustion Turbine,57483,CTG4,49.9,,49.9,49.9,2012,2067,0.054,10.745,1.74861846,1121.119057
Onshore Wind Turbine,57484,GEN1,189.0,,189.0,189.0,2012,2042,0.304,0.0,0.0,9688.0
Other Natural Gas,65210,ENL00,1.7,,1.7,1.7,2021,2071,0.904,6.616,0.298,15571.0
Solar Photovoltaic,57490,56819,61.872,,61.872,61.872,2013,2043,0.245,0.0,0.0,7714.0
Solar Photovoltaic,57490,56819,63.161,,63.161,63.161,2013,2043,0.245,0.0,0.0,7714.0
Solar Photovoltaic,57490,56819,3.867,,3.867,3.867,2013,2043,0.245,0.0,0.0,7714.0
Solar Photovoltaic,57491,56819,110.038,,110.038,110.038,2016,2046,0.307,0.0,0.0,7714.0
Solar Photovoltaic,57491,56819,1.487,,1.487,1.487,2016,2046,0.307,0.0,0.0,7714.0
Solar Photovoltaic,57491,56819,37.175,,37.175,37.175,2016,2046,0.307,0.0,0.0,7714.0
Solar Photovoltaic,57497,1,20.0,,20.0,20.0,2011,2041,0.175,0.0,0.0,15897.0
Solar Photovoltaic,57498,1,15.0,,15.0,15.0,2011,2041,0.165,0.0,0.0,16574.0
Solar Photovoltaic,57499,1,15.0,,15.0,15.0,2011,2041,0.166,0.0,0.0,16697.0
Solar Photovoltaic,57506,SEIM,1.0,,1.0,1.0,2010,2040,0.228,0.0,0.0,27925.0
Onshore Wind Turbine,57514,WTG,265.4,,265.4,265.4,2012,2042,0.215,0.0,0.0,9688.0
Natural Gas Fired Combustion Turbine,57515,GT1,100.1,,100.0,100.1,2013,2068,0.094,10.745,0.48741221,561.023366
Natural Gas Fired Combustion Turbine,57515,GT2,100.1,,100.0,100.1,2013,2068,0.094,10.745,0.48741221,561.023366
Natural Gas Fired Combustion Turbine,57515,GT3,100.1,,100.0,100.1,2013,2068,0.094,10.745,0.48741221,561.023366
Natural Gas Fired Combustion Turbine,57515,GT4,100.1,,100.0,100.1,2013,2068,0.094,10.745,0.48741221,561.023366
Natural Gas Fired Combustion Turbine,57515,GT5,100.1,,100.0,100.1,2013,2068,0.094,10.745,0.48741221,561.023366
Solar Photovoltaic,57521,1,10.0,,10.0,10.0,2012,2042,0.176,0.0,0.0,9038.0
Solar Photovoltaic,57522,1,20.0,,20.0,20.0,2012,2042,0.221,0.0,0.0,9038.0
Solar Photovoltaic,57523,1,20.0,,20.0,20.0,2012,2042,0.198,0.0,0.0,9038.0
Solar Photovoltaic,57524,1,0.9,,1.1,0.9,2010,2040,0.133,0.0,0.0,22811.0
Batteries,67184,BHV1,250.0,725.0,250.0,250.0,2025,2040,0.85,0.0,0.0,12544.0
Natural Gas Fired Combustion Turbine,57555,CTG1,106.0,,131.8,111.3,2016,2071,0.032,10.745,1.485029017,1229.357899
Natural Gas Fired Combustion Turbine,57555,CTG2,106.0,,131.8,112.7,2016,2071,0.032,10.745,1.485029017,1229.357899
Natural Gas Fired Combustion Turbine,57555,CTG3,106.0,,131.8,112.0,2016,2071,0.032,10.745,1.485029017,1229.357899
Solar Photovoltaic,57556,1,1.0,,1.0,1.0,2011,2041,0.196,0.0,0.0,19913.0
Natural Gas Internal Combustion Engine,57557,S-14,0.8,,0.8,0.8,1997,2028,0.69,11.765,12.705,324062.0
Natural Gas Internal Combustion Engine,57557,S-15,0.8,,0.8,0.8,1997,2052,0.69,11.766,11.328,279791.0
Solar Photovoltaic,57559,1,4.5,,4.5,4.5,2010,2040,0.161,0.0,0.0,17839.0
Solar Photovoltaic,57560,PV1,19.0,,19.0,19.0,2012,2042,0.258,0.0,0.0,9038.0
Batteries,57561,CC17M,17.0,51.0,17.0,17.0,2023,2053,0.85,0.0,0.0,17250.0
Solar Photovoltaic,57561,PV1,17.0,,17.0,17.0,2011,2041,0.262,0.0,0.0,14474.0
Batteries,57562,PA17M,17.0,51.0,17.0,17.0,2023,2053,0.85,0.0,0.0,17250.0
Solar Photovoltaic,57562,PV1,17.0,,17.0,17.0,2011,2041,0.248,0.0,0.0,14506.0
Batteries,57563,H116M,16.0,48.0,16.0,16.0,2023,2053,0.85,0.0,0.0,17250.0
Solar Photovoltaic,57563,PV1,17.0,,17.0,17.0,2011,2041,0.165,0.0,0.0,14732.0
Solar Photovoltaic,57563,PV2,14.0,,15.0,14.0,2012,2042,0.157,0.0,0.0,9038.0
Natural Gas Fired Combined Cycle,57564,CTG,49.0,,49.0,49.0,2007,2062,0.19,7.268,3.516257561,8987.410604
Natural Gas Fired Combined Cycle,57564,STG2,12.5,,12.5,12.5,2012,2067,0.19,7.268,3.516257561,8987.410604
Solar Photovoltaic,57579,1,0.9,,0.9,0.4,2008,2038,0.191,0.0,0.0,37717.0
Solar Photovoltaic,57579,2,0.4,,0.4,0.2,2009,2039,0.19,0.0,0.0,47946.0
Natural Gas Internal Combustion Engine,57580,CG1,2.1,,2.1,2.1,2008,2063,0.492,11.867,1.370381634,1230.331313
Natural Gas Internal Combustion Engine,57580,CG2,2.1,,2.1,2.1,2008,2063,0.492,11.868,1.370381634,1230.331313
Solar Photovoltaic,57580,PV1,0.3,,0.5,0.2,2011,2041,0.214,0.0,0.0,7714.0
Solar Photovoltaic,57580,PV2,0.5,,0.5,0.3,2011,2041,0.223,0.0,0.0,7714.0
Onshore Wind Turbine,57586,1,102.5,,102.5,100.0,2011,2041,0.315,0.0,0.0,3115.0
Onshore Wind Turbine,57594,WTG1,1.0,,1.0,1.0,2010,2040,0.21,0.0,0.0,38136.0
Onshore Wind Turbine,57621,GEN1,79.2,,79.2,79.2,2015,2045,0.333,0.0,0.0,13321.0
Onshore Wind Turbine,57626,WTG1,2.0,,2.0,2.0,2011,2041,0.139,0.0,0.0,37739.0
Solar Photovoltaic,57650,FRV4,60.0,,60.0,44.7,2014,2044,0.292,0.0,0.0,7714.0
Solar Photovoltaic,57651,FRV3,20.0,,20.0,20.0,2014,2044,0.254,0.0,0.0,7714.0
Solar Photovoltaic,57656,1,1.5,,1.5,1.5,2011,2041,0.156,0.0,0.0,27851.0
Solar Photovoltaic,57657,1,25.0,,25.0,25.0,2013,2043,0.301,0.0,0.0,9038.0
Solar Photovoltaic,57669,PV1,18.0,,17.0,17.0,2011,2041,0.196,0.0,0.0,15812.0
Solar Photovoltaic,57670,PV1,2.9,,2.9,2.9,2011,2041,0.179,0.0,0.0,20418.0
Solar Photovoltaic,57671,PV1,2.9,,2.9,2.9,2011,2041,0.205,0.0,0.0,20998.0
Solar Photovoltaic,57679,AVSE1,125.0,,127.0,125.0,2025,2055,0.219,0.0,0.0,9038.0
Solar Photovoltaic,57680,AVSE1,18.5,,19.0,18.5,2013,2043,0.321,0.0,0.0,7714.0
Solar Photovoltaic,57680,AVSE2,27.3,,28.0,27.3,2013,2043,0.321,0.0,0.0,9038.0
Solar Photovoltaic,57680,AVSE3,27.3,,28.0,27.3,2013,2043,0.321,0.0,0.0,7714.0
Solar Photovoltaic,57680,AVSE4,25.0,,26.0,25.0,2013,2043,0.321,0.0,0.0,7714.0
Solar Photovoltaic,57680,AVSE5,27.3,,28.0,27.3,2013,2043,0.321,0.0,0.0,7714.0
Solar Photovoltaic,57682,1,1.0,,1.0,1.0,2009,2039,0.165,0.0,0.0,32433.999999999996
Solar Photovoltaic,57683,1,0.9,,1.1,0.9,2009,2039,0.162,0.0,0.0,32594.0
Solar Photovoltaic,57695,TPZ1,129.8,,129.8,129.8,2013,2043,0.238,0.0,0.0,9038.0
Solar Photovoltaic,57695,TPZ2,151.2,,151.2,151.2,2013,2043,0.238,0.0,0.0,9038.0
Solar Photovoltaic,57695,TPZ3,102.1,,102.1,102.1,2014,2044,0.238,0.0,0.0,7714.0
Solar Photovoltaic,57695,TPZ4,90.3,,90.3,90.3,2014,2044,0.238,0.0,0.0,7714.0
Solar Photovoltaic,57695,TPZ5,112.5,,112.5,112.5,2014,2044,0.238,0.0,0.0,7714.0
Solar Photovoltaic,57697,1,3.0,,3.0,3.0,2009,2039,0.223,0.0,0.0,24582.0
Solar Photovoltaic,57698,1,2.2,,2.2,2.2,2010,2040,0.184,0.0,0.0,22411.0
Onshore Wind Turbine,57700,1,78.2,,78.2,78.2,2011,2041,0.337,0.0,0.0,5595.0
Onshore Wind Turbine,57701,1,78.2,,78.2,78.2,2012,2042,0.306,0.0,0.0,9688.0
Solar Photovoltaic,57707,1,16.0,,16.0,16.0,2011,2041,0.275,0.0,0.0,15486.0
Solar Photovoltaic,57707,10,12.0,,12.0,12.0,2012,2042,0.275,0.0,0.0,9038.0
Solar Photovoltaic,57707,11,16.0,,16.0,16.0,2012,2042,0.275,0.0,0.0,9038.0
Solar Photovoltaic,57707,12,16.0,,16.0,16.0,2012,2042,0.275,0.0,0.0,9038.0
Solar Photovoltaic,57707,2,16.0,,16.0,16.0,2012,2042,0.275,0.0,0.0,9038.0
Solar Photovoltaic,57707,3,10.0,,10.0,10.0,2011,2041,0.275,0.0,0.0,7714.0
Solar Photovoltaic,57707,4,16.0,,16.0,16.0,2012,2042,0.275,0.0,0.0,9038.0
Solar Photovoltaic,57707,5,16.0,,16.0,16.0,2012,2042,0.275,0.0,0.0,9038.0
Solar Photovoltaic,57707,6,8.0,,8.0,8.0,2012,2042,0.275,0.0,0.0,9038.0
Solar Photovoltaic,57707,7,16.0,,16.0,16.0,2012,2042,0.275,0.0,0.0,9038.0
Solar Photovoltaic,57707,8,12.0,,12.0,12.0,2012,2042,0.275,0.0,0.0,9038.0
Solar Photovoltaic,57707,9,16.0,,16.0,16.0,2012,2042,0.275,0.0,0.0,9038.0
Solar Photovoltaic,57708,INV,110.0,,110.0,110.0,2012,2042,0.265,0.0,0.0,9038.0
Solar Photovoltaic,57722,1,4.0,,4.0,4.0,2012,2042,0.261,0.0,0.0,9038.0
Onshore Wind Turbine,57725,1,102.5,,102.5,102.5,2012,2042,0.324,0.0,0.0,9688.0
Hydroelectric Pumped Storage,57729,1,21.0,325.5,21.0,21.0,2012,2112,0.089,0.0,0.0,6796.0
Hydroelectric Pumped Storage,57729,2,21.0,325.5,21.0,21.0,2012,2112,0.089,0.0,0.0,6796.0
Solar Photovoltaic,57743,1,2.4,,2.5,2.4,2012,2042,0.253,0.0,0.0,9038.0
Solar Photovoltaic,57753,PV1,1.0,,1.0,1.0,2011,2041,0.251,0.0,0.0,25418.0
Onshore Wind Turbine,57757,1,140.0,,151.7,140.0,2012,2042,0.305,0.0,0.0,9688.0
Solar Photovoltaic,57765,SFC,1.0,,1.0,1.0,2011,2041,0.176,0.0,0.0,19877.0
Solar Photovoltaic,57765,SHP,0.9,,0.9,0.9,2011,2041,0.176,0.0,0.0,20213.0
Solar Photovoltaic,57765,SOLEG,1.0,,1.0,1.0,2015,2045,0.176,0.0,0.0,7714.0
Solar Photovoltaic,57765,STE,0.9,,0.9,0.9,2011,2041,0.176,0.0,0.0,20213.0
Solar Photovoltaic,57765,SWD,0.9,,0.9,0.9,2011,2041,0.176,0.0,0.0,20213.0
Onshore Wind Turbine,57774,WGNS,120.0,,120.0,120.0,2012,2042,0.221,0.0,0.0,9688.0
Solar Photovoltaic,57775,PV,0.5,,0.5,0.5,2011,2041,0.212,0.0,0.0,27276.0
Onshore Wind Turbine,57775,WGNS,10.0,,10.0,10.0,2011,2041,0.27,0.0,0.0,15221.0
Solar Photovoltaic,57777,DL1,3.0,,3.0,3.0,2012,2042,0.223,0.0,0.0,9038.0
Solar Photovoltaic,57778,KAM1,5.0,,5.0,5.0,2012,2042,0.255,0.0,0.0,9038.0
Solar Photovoltaic,57779,DIL2,3.0,,3.0,3.0,2012,2042,0.233,0.0,0.0,9038.0
Solar Photovoltaic,57780,KAM2,5.0,,5.0,5.0,2012,2042,0.259,0.0,0.0,9038.0
Solar Photovoltaic,57781,DIL3,3.0,,3.0,3.0,2012,2042,0.241,0.0,0.0,9038.0
Solar Photovoltaic,57782,KAM3,5.0,,5.0,5.0,2012,2042,0.257,0.0,0.0,9038.0
Solar Photovoltaic,57783,BRU1,5.0,,5.0,5.0,2012,2042,0.247,0.0,0.0,9038.0
Solar Photovoltaic,57784,BRU2,5.0,,5.0,5.0,2012,2042,0.25,0.0,0.0,9038.0
Solar Photovoltaic,57785,BRU3,5.0,,5.0,5.0,2012,2042,0.253,0.0,0.0,9038.0
Solar Photovoltaic,57790,1,14.9,,14.9,14.9,2011,2041,0.23,0.0,0.0,15123.0
Onshore Wind Turbine,57791,WTG1,1.5,,1.5,1.5,2011,2041,0.183,0.0,0.0,33051.0
Onshore Wind Turbine,57792,WTG1,1.0,,1.0,1.0,2011,2041,0.047,0.0,0.0,38960.0
Solar Photovoltaic,57795,1,4.5,,4.5,4.5,2011,2041,0.211,0.0,0.0,17020.0
Solar Photovoltaic,57796,1,1.2,,1.2,1.2,2012,2042,0.167,0.0,0.0,9038.0
Solar Photovoltaic,57797,1,1.3,,1.3,1.3,2012,2042,0.171,0.0,0.0,9038.0
Solar Photovoltaic,57806,DIL4,0.4,,0.4,0.4,2012,2042,0.0,0.0,0.0,9038.0
Batteries,64636,92JTB,200.0,580.0,200.0,200.0,2025,2040,0.85,0.0,0.0,12544.0
Solar Photovoltaic,57816,MCK1,5.0,,5.0,5.0,2012,2042,0.268,0.0,0.0,9038.0
Solar Photovoltaic,57817,MCK2,5.0,,5.0,5.0,2012,2042,0.269,0.0,0.0,9038.0
Solar Photovoltaic,57818,MCK3,5.0,,5.0,5.0,2012,2042,0.269,0.0,0.0,9038.0
Solar Photovoltaic,57819,MCK4,5.0,,5.0,5.0,2012,2042,0.267,0.0,0.0,9038.0
Solar Photovoltaic,57820,MCK5,5.0,,5.0,5.0,2012,2042,0.267,0.0,0.0,9038.0
Solar Photovoltaic,57821,MCK6,5.0,,5.0,5.0,2012,2042,0.266,0.0,0.0,9038.0
Batteries,64993,BB1BA,22.0,88.0,22.0,22.0,2022,2037,0.0,0.0,0.0,17250.0
Batteries,64993,BB2BA,18.0,72.0,18.0,18.0,2022,2037,0.0,0.0,0.0,17250.0
Solar Photovoltaic,57831,1,1.3,,1.5,1.5,2012,2042,0.182,0.0,0.0,9038.0
Onshore Wind Turbine,57833,AW06,150.0,,150.0,150.0,2012,2042,0.208,0.0,0.0,9688.0
Onshore Wind Turbine,57834,AW07,168.0,,168.0,168.0,2012,2042,0.191,0.0,0.0,9688.0
Onshore Wind Turbine,57835,AW08,150.0,,150.0,150.0,2012,2042,0.155,0.0,0.0,9688.0
Solar Photovoltaic,57836,TSM,1.3,,1.5,1.5,2012,2042,0.217,0.0,0.0,9038.0
Onshore Wind Turbine,57837,AW09,132.0,,132.0,132.0,2012,2042,0.181,0.0,0.0,9688.0
Solar Photovoltaic,57840,1,1.1,,1.1,1.1,2011,2041,0.134,0.0,0.0,26942.0
Solar Photovoltaic,57841,1,1.1,,1.1,1.1,2011,2041,0.122,0.0,0.0,27780.0
Solar Photovoltaic,57849,GASF1,2.8,,3.0,2.0,2012,2042,0.262,0.0,0.0,9038.0
Solar Photovoltaic,57850,GASF2,0.9,,1.0,0.7,2012,2042,0.279,0.0,0.0,9038.0
Solar Photovoltaic,57860,1,1.5,,1.5,1.5,2012,2042,0.135,0.0,0.0,9038.0
Landfill Gas,57876,UNT1,1.5,,1.6,1.5,2009,2109,0.756,13.5,5.662,352612.0
Solar Photovoltaic,57883,GEN1,18.6,,19.0,18.6,2012,2042,0.287,0.0,0.0,9038.0
Solar Photovoltaic,57891,1,20.0,,20.0,20.0,2013,2043,0.205,0.0,0.0,9038.0
Solar Photovoltaic,57892,1,20.0,,20.0,20.0,2013,2043,0.177,0.0,0.0,9038.0
Natural Gas Fired Combined Cycle,57901,5,195.0,,198.0,195.0,2013,2068,0.069,9.077,1.830270212,9967.508746
Natural Gas Fired Combined Cycle,57901,6,60.0,,70.7,60.0,2013,2068,0.069,9.077,1.830270212,9967.508746
Natural Gas Fired Combined Cycle,57901,7,195.0,,198.0,195.0,2013,2068,0.069,9.077,1.830270212,9967.508746
Natural Gas Fired Combined Cycle,57901,8,60.0,,70.7,60.0,2013,2068,0.069,9.077,1.830270212,9967.508746
Solar Photovoltaic,57904,CHNO,1.5,,1.5,1.5,2012,2042,0.134,0.0,0.0,9038.0
Landfill Gas,57403,GEN1,1.6,,1.6,1.6,2012,2112,0.703,13.5,1.868,148417.0
Landfill Gas,57403,GEN2,1.6,,1.6,1.6,2012,2112,0.703,13.5,1.868,148417.0
Onshore Wind Turbine,57913,1,143.0,,143.0,143.0,2017,2047,0.295,0.0,0.0,13321.0
Solar Photovoltaic,57930,UAST,1.9,,1.9,1.9,2011,2041,0.105,0.0,0.0,19589.0
Solar Photovoltaic,57933,1,2.0,,2.0,2.0,2012,2042,0.202,0.0,0.0,7714.0
Solar Photovoltaic,57939,1,1.0,,1.0,1.0,2011,2041,0.127,0.0,0.0,7714.0
Solar Photovoltaic,57939,2,1.0,,1.0,1.0,2011,2041,0.127,0.0,0.0,7714.0
Solar Photovoltaic,57959,1,6.3,,6.3,6.3,2014,2044,0.222,0.0,0.0,7714.0
Solar Photovoltaic,57960,1,80.0,,80.0,80.0,2026,2056,0.212,0.0,0.0,7714.0
Onshore Wind Turbine,57962,BT1,102.0,,102.0,102.0,2012,2042,0.284,0.0,0.0,9688.0
Natural Gas Internal Combustion Engine,57977,ENG1,2.8,,3.1,3.0,2010,2065,0.702,10.745,1.370381634,1230.331313
Natural Gas Internal Combustion Engine,57977,ENG2,2.8,,3.1,3.0,2010,2065,0.702,10.745,1.370381634,1230.331313
Natural Gas Fired Combined Cycle,57978,CT1,178.0,,185.0,190.0,2012,2067,0.476,7.108,0.586306337,8987.410604
Natural Gas Fired Combined Cycle,57978,ST1,95.0,,103.9,96.0,2012,2067,0.476,7.108,0.586306337,8987.410604
Solar Photovoltaic,57982,PV-1,0.5,,0.5,0.5,2010,2040,0.156,0.0,0.0,38928.0
Solar Photovoltaic,57982,PV-2,0.6,,0.6,0.6,2010,2040,0.156,0.0,0.0,38582.0
Landfill Gas,57988,GEN1,0.8,,0.8,0.8,2004,2104,0.708,13.5,2.136,211426.0
Landfill Gas,57988,GEN2,0.8,,0.8,0.8,2004,2104,0.708,13.5,2.136,211426.0
Landfill Gas,57988,GEN3,0.8,,0.8,0.8,2004,2104,0.708,13.5,2.136,211426.0
Solar Photovoltaic,57993,DSL1,10.0347,,10.0347,10.0347,2013,2043,0.247,0.0,0.0,9038.0
Solar Photovoltaic,57993,DSL1,0.0403,,0.0403,0.0403,2013,2043,0.247,0.0,0.0,9038.0
Solar Photovoltaic,57993,DSL1,10.075,,10.075,10.075,2013,2043,0.247,0.0,0.0,9038.0
Solar Photovoltaic,57993,DSL1,20.1097,,20.1097,20.1097,2013,2043,0.247,0.0,0.0,9038.0
Solar Photovoltaic,57993,DSL1,0.0403,,0.0403,0.0403,2013,2043,0.247,0.0,0.0,9038.0
Solar Photovoltaic,57993,DSL10,7.55,,7.55,7.55,2013,2043,0.247,0.0,0.0,7714.0
Solar Photovoltaic,57993,DSL10,7.55,,7.55,7.55,2013,2043,0.247,0.0,0.0,7714.0
Solar Photovoltaic,57993,DSL10,15.1,,15.1,15.1,2013,2043,0.247,0.0,0.0,7714.0
Solar Photovoltaic,57993,DSL11,10.1,,10.1,10.1,2013,2043,0.247,0.0,0.0,7714.0
Solar Photovoltaic,57993,DSL11,5.05,,5.05,5.05,2013,2043,0.247,0.0,0.0,7714.0
Solar Photovoltaic,57993,DSL11,5.05,,5.05,5.05,2013,2043,0.247,0.0,0.0,7714.0
Solar Photovoltaic,57993,DSL2,20.15,,20.15,20.15,2013,2043,0.247,0.0,0.0,9038.0
Solar Photovoltaic,57993,DSL2,10.075,,10.075,10.075,2013,2043,0.247,0.0,0.0,9038.0
Solar Photovoltaic,57993,DSL2,10.075,,10.075,10.075,2013,2043,0.247,0.0,0.0,9038.0
Solar Photovoltaic,57993,DSL3,10.075,,10.075,10.075,2013,2043,0.247,0.0,0.0,9038.0
Solar Photovoltaic,57993,DSL3,20.15,,20.15,20.15,2013,2043,0.247,0.0,0.0,9038.0
Solar Photovoltaic,57993,DSL3,10.075,,10.075,10.075,2013,2043,0.247,0.0,0.0,9038.0
Solar Photovoltaic,57993,DSL4,15.1,,15.1,15.1,2013,2043,0.247,0.0,0.0,7714.0
Solar Photovoltaic,57993,DSL4,7.55,,7.55,7.55,2013,2043,0.247,0.0,0.0,7714.0
Solar Photovoltaic,57993,DSL4,7.55,,7.55,7.55,2013,2043,0.247,0.0,0.0,7714.0
Solar Photovoltaic,57993,DSL5,6.3,,6.3,6.3,2014,2044,0.247,0.0,0.0,7714.0
Solar Photovoltaic,57993,DSL5,6.3,,6.3,6.3,2014,2044,0.247,0.0,0.0,7714.0
Solar Photovoltaic,57993,DSL5,12.6,,12.6,12.6,2014,2044,0.247,0.0,0.0,7714.0
Solar Photovoltaic,57993,DSL6,6.3,,6.3,6.3,2014,2044,0.247,0.0,0.0,7714.0
Solar Photovoltaic,57993,DSL6,12.6,,12.6,12.6,2014,2044,0.247,0.0,0.0,7714.0
Solar Photovoltaic,57993,DSL6,6.3,,6.3,6.3,2014,2044,0.247,0.0,0.0,7714.0
Solar Photovoltaic,57993,DSL7,5.05,,5.05,5.05,2014,2044,0.247,0.0,0.0,7714.0
Solar Photovoltaic,57993,DSL7,5.05,,5.05,5.05,2014,2044,0.247,0.0,0.0,7714.0
Solar Photovoltaic,57993,DSL7,10.1,,10.1,10.1,2014,2044,0.247,0.0,0.0,7714.0
Solar Photovoltaic,57993,DSL8,4.725,,4.725,4.725,2014,2044,0.247,0.0,0.0,7714.0
Solar Photovoltaic,57993,DSL8,9.45,,9.45,9.45,2014,2044,0.247,0.0,0.0,7714.0
Solar Photovoltaic,57993,DSL8,4.725,,4.725,4.725,2014,2044,0.247,0.0,0.0,7714.0
Solar Photovoltaic,57993,DSL9,11.35,,11.35,11.35,2014,2044,0.247,0.0,0.0,7714.0
Solar Photovoltaic,57993,DSL9,5.675,,5.675,5.675,2014,2044,0.247,0.0,0.0,7714.0
Solar Photovoltaic,57993,DSL9,5.675,,5.675,5.675,2014,2044,0.247,0.0,0.0,7714.0
Batteries,57997,FH38M,35.0,105.0,38.0,35.0,2023,2053,0.85,0.0,0.0,17250.0
Solar Photovoltaic,57997,PV1,17.0,,17.0,17.0,2013,2043,0.323,0.0,0.0,9038.0
Solar Photovoltaic,57997,PV2,18.0,,18.0,18.0,2013,2043,0.323,0.0,0.0,9730.0
Solar Photovoltaic,58002,SPS,20.0,,20.0,20.0,2012,2042,0.232,0.0,0.0,9038.0
Solar Photovoltaic,58003,SPS50,50.0,,50.0,50.0,2012,2042,0.245,0.0,0.0,9038.0
Solar Photovoltaic,58034,1,1.5,,1.5,1.5,2012,2042,0.19,0.0,0.0,9038.0
Solar Photovoltaic,58037,PV1,3.3,,3.3,3.3,2011,2041,0.24,0.0,0.0,19930.0
Solar Photovoltaic,58039,1,25.0,,25.0,25.0,2012,2042,0.274,0.0,0.0,9038.0
Solar Photovoltaic,58042,1,9.0,,9.0,9.0,2012,2042,0.261,0.0,0.0,9038.0
Solar Photovoltaic,58062,1,23.0,,23.0,23.0,2012,2042,0.184,0.0,0.0,4158.0
Solar Photovoltaic,58073,SEPV,2.0,,2.0,2.0,2012,2042,0.208,0.0,0.0,15205.0
Solar Photovoltaic,58074,SEPV,2.0,,2.0,2.0,2012,2042,0.222,0.0,0.0,15205.0
Solar Photovoltaic,58076,1,1.0,,1.0,1.0,2011,2041,0.071,0.0,0.0,26518.0
Solar Photovoltaic,58076,2,1.0,,1.0,1.0,2011,2041,0.071,0.0,0.0,25709.0
Solar Photovoltaic,58076,3,1.0,,1.0,1.0,2011,2041,0.071,0.0,0.0,25687.0
Solar Photovoltaic,58086,1,0.5,,0.5,0.5,2010,2040,0.168,0.0,0.0,7714.0
Solar Photovoltaic,58086,2,0.5,,0.5,0.5,2010,2040,0.168,0.0,0.0,7714.0
Onshore Wind Turbine,58101,WTG1,1.6,,1.6,1.6,2012,2042,0.111,0.0,0.0,9688.0
Onshore Wind Turbine,58101,WTG2,1.6,,1.6,1.6,2012,2042,0.111,0.0,0.0,9688.0
Onshore Wind Turbine,58102,WTG1,1.5,,1.5,1.5,2012,2042,0.137,0.0,0.0,9688.0
Onshore Wind Turbine,58102,WTG2,1.5,,1.5,1.5,2012,2042,0.137,0.0,0.0,9688.0
Onshore Wind Turbine,58112,WTG1,1.0,,1.0,1.0,2012,2042,0.191,0.0,0.0,5020.0
Onshore Wind Turbine,58113,WTG1,1.0,,1.0,1.0,2012,2042,0.515,0.0,0.0,9688.0
Onshore Wind Turbine,58113,WTG2,1.0,,1.0,1.0,2012,2042,0.515,0.0,0.0,9688.0
Onshore Wind Turbine,58114,WTG1,1.6,,1.6,1.6,2012,2042,0.48,0.0,0.0,9688.0
Onshore Wind Turbine,58114,WTG2,1.6,,1.6,1.6,2012,2042,0.48,0.0,0.0,9688.0
Onshore Wind Turbine,58114,WTG3,1.9,,1.9,1.9,2018,2048,0.48,0.0,0.0,13321.0
Solar Photovoltaic,58118,JDS1,1.5,,1.5,1.5,2012,2042,0.07,0.0,0.0,9038.0
Solar Photovoltaic,58119,DPSS,2.7,,3.0,1.0,2010,2040,0.146,0.0,0.0,21205.0
Natural Gas Fired Combustion Turbine,58122,GEN1,0.605,,0.605,0.605,2013,2068,0.017,11.112,1.370381634,8080.909324
Natural Gas Fired Combustion Turbine,58122,GEN1,59.895,,59.895,59.895,2013,2068,0.017,11.112,1.370381634,8080.909324
Batteries,66799,4087B,0.7,1.3,0.7,0.7,2022,2037,0.0,0.0,0.0,17250.0
Batteries,68524,4654B,0.5,1.45,0.5,0.5,2025,2040,,0.0,,
Batteries,67277,4657B,0.5,1.1,0.5,0.5,2024,2039,0.85,0.0,0.0,12544.0
Batteries,67278,4146B,1.1,3.19,1.1,1.1,2024,2039,0.85,0.0,0.0,12544.0
Batteries,66800,4976B,0.5,1.1,0.5,0.5,2024,2039,0.85,0.0,0.0,12544.0
Batteries,68523,4977B,0.5,1.45,0.5,0.5,2025,2040,,0.0,,
Batteries,67743,4057B,0.5,1.1,0.5,0.5,2022,2037,0.0,0.0,0.0,17250.0
Batteries,65396,BW1,15.0,43.5,15.0,15.0,2025,2040,0.85,0.0,0.0,12544.0
Solar Photovoltaic,58147,PV1,10.8,,10.8,10.8,2011,2041,0.247,0.0,0.0,7714.0
Solar Photovoltaic,58148,KS,20.0,,20.0,20.0,2013,2043,0.28,0.0,0.0,7714.0
Solar Photovoltaic,58149,TAHD,20.0,,20.0,20.0,2013,2043,0.278,0.0,0.0,7714.0
Onshore Wind Turbine,58154,GEN1,162.0,,162.0,162.0,2012,2042,0.297,0.0,0.0,13321.0
Onshore Wind Turbine,58155,GEN1,99.2,,99.2,99.2,2012,2042,0.247,0.0,0.0,13321.0
Solar Photovoltaic,58171,GEN1,4.5,,4.5,4.5,2012,2042,0.206,0.0,0.0,7714.0
Batteries,66648,BLKWL,2.0,5.8,2.0,2.0,2025,2040,0.85,0.0,0.0,12544.0
Solar Photovoltaic,58202,VPS1,20.0,,20.0,20.0,2013,2043,0.245,0.0,0.0,7714.0
Solar Photovoltaic,58204,INV3,2.0,,2.0,1.5,2013,2043,0.168,0.0,0.0,7714.0
Solar Photovoltaic,58206,1,10.0,,10.0,10.0,2013,2043,0.219,0.0,0.0,7714.0
Solar Photovoltaic,58213,AZ2,15.0,,15.0,15.0,2012,2042,0.257,0.0,0.0,7714.0
Solar Photovoltaic,58217,INV4,2.0,,2.0,1.5,2013,2043,0.185,0.0,0.0,7714.0
Solar Photovoltaic,58226,1,1.5,,1.5,1.5,2013,2043,0.199,0.0,0.0,7714.0
Solar Photovoltaic,58227,SPV9,8.5,,9.0,8.8,2013,2043,0.301,0.0,0.0,7714.0
Onshore Wind Turbine,58233,GEN1,6.0,,6.0,6.0,2012,2042,0.268,0.0,0.0,13321.0
Solar Photovoltaic,58234,SPV8,11.8,,12.0,11.8,2013,2043,0.299,0.0,0.0,7714.0
Solar Photovoltaic,58261,1,1.0,,1.0,1.0,2012,2042,0.148,0.0,0.0,7714.0
Solar Photovoltaic,58262,1,14.8,,14.8,14.8,2013,2043,0.289,0.0,0.0,7714.0
Solar Photovoltaic,58289,VNPV,1.5,,1.5,1.1,2015,2045,0.261,0.0,0.0,7714.0
Solar Photovoltaic,58290,VSPV,1.5,,1.5,1.1,2015,2045,0.261,0.0,0.0,7714.0
Solar Photovoltaic,58292,JCC,1.2,,1.1,1.2,2012,2042,0.205,0.0,0.0,7714.0
Solar Photovoltaic,58293,PVH,1.4,,1.3,1.4,2013,2043,0.201,0.0,0.0,7714.0
Batteries,65053,BMSES,112.0,448.0,112.0,112.0,2022,2037,0.0,0.0,0.0,17250.0
Batteries,60093,BES1,63.0,301.2,63.0,63.0,2021,2036,0.0,0.0,0.0,17250.0
Batteries,60095,BLST4,47.0,47.0,47.0,47.0,2022,2037,0.0,0.0,0.0,17250.0
Solar Photovoltaic,58304,1,1.5,,1.5,1.5,2013,2043,0.186,0.0,0.0,7714.0
Solar Photovoltaic,58304,2,1.5,,1.5,1.5,2013,2043,0.186,0.0,0.0,7714.0
Solar Photovoltaic,58304,3,0.7,,0.7,0.7,2013,2043,0.186,0.0,0.0,7714.0
Solar Photovoltaic,58306,1,1.0,,1.0,1.0,2014,2044,0.196,0.0,0.0,7714.0
Solar Photovoltaic,58306,2,1.0,,1.0,1.0,2014,2044,0.196,0.0,0.0,7714.0
Solar Photovoltaic,58306,3,1.5,,1.5,1.5,2014,2044,0.196,0.0,0.0,7714.0
Solar Photovoltaic,58307,1,1.5,,1.5,1.5,2014,2044,0.203,0.0,0.0,7714.0
Solar Photovoltaic,58307,2,0.5,,0.5,0.5,2014,2044,0.203,0.0,0.0,7714.0
Solar Photovoltaic,58307,3,1.5,,1.5,1.5,2014,2044,0.203,0.0,0.0,7714.0
Solar Photovoltaic,58308,1,1.5,,1.5,1.5,2014,2044,0.192,0.0,0.0,7714.0
Solar Photovoltaic,58308,3,1.5,,1.5,1.5,2014,2044,0.192,0.0,0.0,7714.0
Solar Photovoltaic,58308,4,1.0,,1.0,1.0,2014,2044,0.192,0.0,0.0,7714.0
Solar Photovoltaic,58309,1,1.0,,1.0,1.0,2014,2044,0.209,0.0,0.0,7714.0
Solar Photovoltaic,58309,2,1.0,,1.0,1.0,2014,2044,0.209,0.0,0.0,7714.0
Solar Photovoltaic,58309,5,1.5,,1.5,1.5,2014,2044,0.209,0.0,0.0,7714.0
Solar Photovoltaic,58354,1,1.5,,1.5,1.5,2013,2043,0.246,0.0,0.0,7714.0
Solar Photovoltaic,58355,1,1.5,,1.5,1.5,2013,2043,0.206,0.0,0.0,7714.0
Solar Photovoltaic,58366,1,15.7,,20.2,12.5,2013,2043,0.2,0.0,0.0,7714.0
Solar Photovoltaic,58370,GEN1,1.0,,1.0,1.0,2013,2043,0.182,0.0,0.0,7714.0
Solar Photovoltaic,58371,GEN1,2.5,,2.5,2.5,2013,2043,0.184,0.0,0.0,7714.0
Solar Photovoltaic,58373,WRCA,20.0,,20.0,20.0,2013,2043,0.272,0.0,0.0,7714.0
Solar Photovoltaic,58374,CSCA,20.0,,20.0,20.0,2013,2043,0.256,0.0,0.0,7714.0
Landfill Gas,58379,W3998,1.5,,1.5,1.5,2013,2113,0.831,13.526,3.136,10167.0
Batteries,58383,H214M,14.0,42.0,14.0,14.0,2023,2053,0.85,0.0,0.0,17250.0
Solar Photovoltaic,58383,PV1,14.0,,14.0,14.0,2013,2043,0.291,0.0,0.0,9730.0
Solar Photovoltaic,58388,AVS1,38.0,,39.0,38.0,2014,2044,0.32,0.0,0.0,7714.0
Solar Photovoltaic,58388,SS11,52.6,,54.0,52.6,2015,2045,0.32,0.0,0.0,7714.0
Solar Photovoltaic,58388,SS12,52.6,,54.0,52.6,2015,2045,0.32,0.0,0.0,7714.0
Solar Photovoltaic,58388,SS13,57.0,,58.5,57.0,2014,2044,0.32,0.0,0.0,7714.0
Solar Photovoltaic,58388,SS14,32.2,,33.0,32.2,2015,2045,0.32,0.0,0.0,7714.0
Solar Photovoltaic,58388,SS15,14.6,,15.0,14.6,2014,2044,0.32,0.0,0.0,7714.0
Solar Photovoltaic,58388,SS16,62.9,,64.5,62.9,2014,2044,0.32,0.0,0.0,7714.0
Solar Photovoltaic,58389,AVS2,19.0,,19.5,19.0,2014,2044,0.309,0.0,0.0,7714.0
Solar Photovoltaic,58389,SS21,59.0,,60.0,59.0,2014,2044,0.309,0.0,0.0,7714.0
Solar Photovoltaic,58389,SS22,55.0,,55.5,55.0,2014,2044,0.309,0.0,0.0,7714.0
Solar Photovoltaic,58389,SS23,47.0,,48.0,47.0,2014,2044,0.309,0.0,0.0,7714.0
Solar Photovoltaic,58389,SS24,43.0,,43.5,43.0,2015,2045,0.309,0.0,0.0,7714.0
Solar Photovoltaic,58389,SS25,52.0,,52.5,52.0,2014,2044,0.309,0.0,0.0,7714.0
Onshore Wind Turbine,58394,AW10,138.0,,138.0,138.0,2014,2044,0.301,0.0,0.0,13321.0
Onshore Wind Turbine,58395,AW11,90.0,,90.0,90.0,2014,2044,0.315,0.0,0.0,13321.0
Solar Photovoltaic,58398,1,10.0,,10.9,8.2,2014,2044,0.32,0.0,0.0,7714.0
Natural Gas Fired Combustion Turbine,58413,CXGT1,44.0,,49.9,49.0,2024,2079,0.924,9.142,0.53,2960.0
Natural Gas Fired Combustion Turbine,58413,CXGT2,44.0,,49.9,49.0,2024,2079,0.924,9.142,0.53,2960.0
Solar Photovoltaic,58417,CP1,10.0,,10.0,10.0,2014,2044,0.267,0.0,0.0,7714.0
Solar Photovoltaic,58418,1,5.0,,5.0,4.0,2015,2045,0.245,0.0,0.0,7714.0
Solar Photovoltaic,58419,1,5.0,,5.0,4.0,2015,2045,0.244,0.0,0.0,7714.0
Solar Photovoltaic,58430,CSE1,33.4,,34.2,33.4,2013,2043,0.333,0.0,0.0,7714.0
Solar Photovoltaic,58430,CSE2,25.6,,26.6,25.6,2013,2043,0.333,0.0,0.0,7714.0
Solar Photovoltaic,58430,CSE3,33.4,,34.2,33.4,2013,2043,0.333,0.0,0.0,7714.0
Solar Photovoltaic,58430,CSE4,33.4,,34.2,33.4,2013,2043,0.333,0.0,0.0,7714.0
Solar Photovoltaic,58430,CSE5,18.6,,19.0,18.6,2014,2044,0.333,0.0,0.0,7714.0
Solar Photovoltaic,58430,CSE6,25.6,,26.6,25.6,2014,2044,0.333,0.0,0.0,7714.0
Natural Gas Internal Combustion Engine,58432,COG1,4.4,,4.4,4.4,2012,2067,0.393,10.745,1.370381634,1230.331313
Natural Gas Internal Combustion Engine,58432,COG2,4.4,,4.4,4.4,2012,2067,0.393,10.745,1.370381634,1230.331313
Natural Gas Internal Combustion Engine,58432,COG3,4.4,,4.4,4.4,2013,2068,0.393,10.745,1.370381634,1230.331313
Batteries,60565,SES1,0.5,1.5,0.5,0.5,2012,2027,0.0,0.0,0.0,12544.0
Batteries,60565,SES2,1.0,3.0,1.0,1.0,2014,2029,0.0,0.0,0.0,12544.0
Batteries,66757,BN1,80.0,320.0,80.0,80.0,2024,2039,0.85,0.0,0.0,12544.0
Batteries,66279,1,10.0,10.0,10.0,10.0,2024,2039,0.85,0.0,0.0,12544.0
Solar Photovoltaic,58445,1,1.0,,1.0,1.0,2013,2043,0.131,0.0,0.0,7714.0
Solar Photovoltaic,58445,2,1.0,,1.0,1.0,2013,2043,0.131,0.0,0.0,7714.0
Solar Photovoltaic,58446,1,1.5,,1.5,1.5,2013,2043,0.214,0.0,0.0,7714.0
Solar Photovoltaic,58447,1,1.5,,1.5,1.5,2013,2043,0.091,0.0,0.0,7714.0
Solar Photovoltaic,58447,2,1.5,,1.5,1.5,2013,2043,0.091,0.0,0.0,7714.0
Solar Photovoltaic,58447,3,1.0,,1.0,1.0,2013,2043,0.091,0.0,0.0,7714.0
Solar Photovoltaic,58448,1,1.0,,1.0,1.0,2013,2043,0.273,0.0,0.0,7714.0
Solar Photovoltaic,58449,1,1.5,,1.5,1.5,2014,2044,0.096,0.0,0.0,7714.0
Solar Photovoltaic,58449,2,1.5,,1.5,1.5,2014,2044,0.096,0.0,0.0,7714.0
Solar Photovoltaic,58449,3,1.0,,1.0,1.0,2014,2044,0.096,0.0,0.0,7714.0
Solar Photovoltaic,58450,1,1.5,,1.5,1.5,2013,2043,0.255,0.0,0.0,7714.0
Solar Photovoltaic,58451,1,1.5,,1.5,1.5,2013,2043,0.25,0.0,0.0,7714.0
Solar Photovoltaic,58452,1,1.5,,1.5,1.5,2013,2043,0.235,0.0,0.0,7714.0
Solar Photovoltaic,58454,1,1.5,,1.5,1.5,2013,2043,0.198,0.0,0.0,7714.0
Solar Photovoltaic,58454,2,0.5,,0.5,0.5,2013,2043,0.198,0.0,0.0,7714.0
Solar Photovoltaic,58462,1,41.9,,41.9,41.9,2016,2046,0.27,0.0,0.0,9730.0
Solar Photovoltaic,58462,BLK2,21.0,,21.0,21.0,2016,2046,0.27,0.0,0.0,9730.0
Solar Photovoltaic,58462,BLK3,39.6,,39.6,39.6,2016,2046,0.27,0.0,0.0,9730.0
Solar Photovoltaic,58462,BLK4,31.4,,31.4,31.4,2015,2045,0.27,0.0,0.0,9730.0
Solar Photovoltaic,58462,BLK5,31.4,,31.4,31.4,2015,2045,0.27,0.0,0.0,9730.0
Solar Photovoltaic,58462,BLK6,26.9,,26.9,26.9,2015,2045,0.27,0.0,0.0,9730.0
Solar Photovoltaic,58462,BLK7,41.9,,41.9,41.9,2016,2046,0.27,0.0,0.0,9730.0
Solar Photovoltaic,58462,BLK8,36.5,,36.5,36.5,2015,2045,0.27,0.0,0.0,9730.0
Batteries,58462,MCST1,230.0,920.0,230.0,230.0,2021,2051,0.0,0.0,0.0,17250.0
Solar Photovoltaic,58467,CVS1,139.0,,147.4,139.0,2013,2043,0.278,0.0,0.0,7714.0
Solar Photovoltaic,58486,1,20.0,,20.0,20.0,2012,2042,0.294,0.0,0.0,7714.0
Solar Photovoltaic,58498,RONE,20.0,,20.0,20.0,2014,2044,0.319,0.0,0.0,7714.0
Solar Photovoltaic,58499,RTWO,20.0,,20.0,20.0,2014,2044,0.241,0.0,0.0,7714.0
Solar Photovoltaic,58500,RIO,5.0,,5.0,5.0,2013,2043,0.23,0.0,0.0,7714.0
Solar Photovoltaic,58501,GILL1,15.0,,15.0,15.0,2013,2043,0.302,0.0,0.0,7714.0
Solar Photovoltaic,58502,COL3,10.0,,10.0,10.0,2014,2044,0.254,0.0,0.0,7714.0
Solar Photovoltaic,58506,937,4.0,,4.0,4.0,2012,2042,0.179,0.0,0.0,7714.0
Solar Photovoltaic,58508,PV3,1.5,,1.5,1.5,2014,2044,0.296,0.0,0.0,7714.0
Solar Photovoltaic,58509,PV4,1.5,,1.5,1.5,2014,2044,0.316,0.0,0.0,7714.0
Solar Photovoltaic,58510,PV5,1.0,,1.0,1.0,2014,2044,0.304,0.0,0.0,7714.0
Solar Photovoltaic,58513,937,4.0,,4.0,4.0,2012,2042,0.198,0.0,0.0,7714.0
Solar Photovoltaic,58514,DHCA,2.2,,2.3,2.2,2013,2043,0.29,0.0,0.0,7714.0
Solar Photovoltaic,58516,PV1,1.6,,1.6,1.6,2012,2042,0.21,0.0,0.0,7714.0
Solar Photovoltaic,58517,PV1,1.4,,1.4,1.4,2012,2042,0.241,0.0,0.0,7714.0
Solar Photovoltaic,58522,1,1.0,,1.0,1.0,2011,2041,0.201,0.0,0.0,7714.0
Solar Photovoltaic,58525,1,1.6,,1.6,1.6,2010,2040,0.224,0.0,0.0,7714.0
Solar Photovoltaic,58528,WDT44,0.68,,0.68,0.68,2014,2044,0.136,0.0,0.0,7714.0
Solar Photovoltaic,58528,WDT44,3.32,,3.32,3.32,2014,2044,0.136,0.0,0.0,7714.0
Solar Photovoltaic,58539,1,6.0,,6.5,4.1,2012,2042,0.332,0.0,0.0,7714.0
Solar Photovoltaic,58542,DSL12,19.5109,,19.5109,19.5109,2013,2043,0.253,0.0,0.0,7714.0
Solar Photovoltaic,58542,DSL12,9.775,,9.775,9.775,2013,2043,0.253,0.0,0.0,7714.0
Solar Photovoltaic,58542,DSL12,0.0391,,0.0391,0.0391,2013,2043,0.253,0.0,0.0,7714.0
Solar Photovoltaic,58542,DSL12,0.0391,,0.0391,0.0391,2013,2043,0.253,0.0,0.0,7714.0
Solar Photovoltaic,58542,DSL12,9.7359,,9.7359,9.7359,2013,2043,0.253,0.0,0.0,7714.0
Solar Photovoltaic,58542,DSL13,9.384,,9.384,9.384,2014,2044,0.253,0.0,0.0,7714.0
Solar Photovoltaic,58542,DSL13,0.391,,0.391,0.391,2014,2044,0.253,0.0,0.0,7714.0
Solar Photovoltaic,58542,DSL13,9.775,,9.775,9.775,2014,2044,0.253,0.0,0.0,7714.0
Solar Photovoltaic,58542,DSL13,19.55,,19.55,19.55,2014,2044,0.253,0.0,0.0,7714.0
Solar Photovoltaic,58542,DSL14,6.625,,6.625,6.625,2014,2044,0.253,0.0,0.0,7714.0
Solar Photovoltaic,58542,DSL14,6.36,,6.36,6.36,2014,2044,0.253,0.0,0.0,7714.0
Solar Photovoltaic,58542,DSL14,13.25,,13.25,13.25,2014,2044,0.253,0.0,0.0,7714.0
Solar Photovoltaic,58542,DSL14,0.265,,0.265,0.265,2014,2044,0.253,0.0,0.0,7714.0
Solar Photovoltaic,58542,DSL15,0.139,,0.139,0.139,2014,2044,0.253,0.0,0.0,7714.0
Solar Photovoltaic,58542,DSL15,3.475,,3.475,3.475,2014,2044,0.253,0.0,0.0,7714.0
Solar Photovoltaic,58542,DSL15,3.336,,3.336,3.336,2014,2044,0.253,0.0,0.0,7714.0
Solar Photovoltaic,58542,DSL15,6.95,,6.95,6.95,2014,2044,0.253,0.0,0.0,7714.0
Solar Photovoltaic,58542,DSL16,0.227,,0.227,0.227,2013,2043,0.253,0.0,0.0,7714.0
Solar Photovoltaic,58542,DSL16,5.675,,5.675,5.675,2013,2043,0.253,0.0,0.0,7714.0
Solar Photovoltaic,58542,DSL16,5.448,,5.448,5.448,2013,2043,0.253,0.0,0.0,7714.0
Solar Photovoltaic,58542,DSL16,11.35,,11.35,11.35,2013,2043,0.253,0.0,0.0,7714.0
Solar Photovoltaic,58542,DSL17,14.5,,14.5,14.5,2013,2043,0.253,0.0,0.0,7714.0
Solar Photovoltaic,58542,DSL17,0.29,,0.29,0.29,2013,2043,0.253,0.0,0.0,7714.0
Solar Photovoltaic,58542,DSL17,7.25,,7.25,7.25,2013,2043,0.253,0.0,0.0,7714.0
Solar Photovoltaic,58542,DSL17,6.96,,6.96,6.96,2013,2043,0.253,0.0,0.0,7714.0
Solar Photovoltaic,58542,DSL18,14.5,,14.5,14.5,2014,2044,0.253,0.0,0.0,7714.0
Solar Photovoltaic,58542,DSL18,0.29,,0.29,0.29,2014,2044,0.253,0.0,0.0,7714.0
Solar Photovoltaic,58542,DSL18,6.96,,6.96,6.96,2014,2044,0.253,0.0,0.0,7714.0
Solar Photovoltaic,58542,DSL18,7.25,,7.25,7.25,2014,2044,0.253,0.0,0.0,7714.0
Solar Photovoltaic,58542,DSL19,0.252,,0.252,0.252,2014,2044,0.253,0.0,0.0,7714.0
Solar Photovoltaic,58542,DSL19,6.3,,6.3,6.3,2014,2044,0.253,0.0,0.0,7714.0
Solar Photovoltaic,58542,DSL19,12.6,,12.6,12.6,2014,2044,0.253,0.0,0.0,7714.0
Solar Photovoltaic,58542,DSL19,6.048,,6.048,6.048,2014,2044,0.253,0.0,0.0,7714.0
Solar Photovoltaic,58542,DSL20,6.3,,6.3,6.3,2013,2043,0.253,0.0,0.0,7714.0
Solar Photovoltaic,58542,DSL20,0.0252,,0.0252,0.0252,2013,2043,0.253,0.0,0.0,7714.0
Solar Photovoltaic,58542,DSL20,6.048,,6.048,6.048,2013,2043,0.253,0.0,0.0,7714.0
Solar Photovoltaic,58542,DSL20,0.252,,0.252,0.252,2013,2043,0.253,0.0,0.0,7714.0
Solar Photovoltaic,58542,DSL20,12.5748,,12.5748,12.5748,2013,2043,0.253,0.0,0.0,7714.0
Solar Photovoltaic,58543,1,1.9,,2.0,1.9,2011,2041,0.152,0.0,0.0,7714.0
Solar Photovoltaic,58545,1,5.7,,5.7,5.7,2014,2044,0.277,0.0,0.0,7714.0
Natural Gas Fired Combined Cycle,58557,GT1,160.0,,185.3,170.0,2003,2058,0.595,7.389,1.830270212,9967.508746
Natural Gas Fired Combined Cycle,58557,GT2,160.0,,185.3,170.0,2003,2058,0.595,7.389,1.830270212,9967.508746
Natural Gas Fired Combined Cycle,58557,ST1,300.0,,321.0,320.0,2003,2058,0.595,7.389,1.830270212,9967.508746
Solar Photovoltaic,58578,SON1,1.5,,1.5,1.5,2013,2043,0.267,0.0,0.0,7714.0
Solar Photovoltaic,58581,1,1.0,,1.0,1.0,2013,2043,0.17,0.0,0.0,7714.0
Solar Photovoltaic,58582,1,1.5,,1.5,1.5,2013,2043,0.188,0.0,0.0,7714.0
Solar Photovoltaic,58590,1,18.5,,18.5,18.5,2014,2044,0.325,0.0,0.0,7714.0
Solar Photovoltaic,58592,ALHM,50.0,,54.4,50.0,2014,2044,0.295,0.0,0.0,7714.0
Solar Photovoltaic,58592,ARK,50.0,,54.4,50.0,2014,2044,0.295,0.0,0.0,7714.0
Solar Photovoltaic,58592,SONR,50.0,,54.4,50.0,2014,2044,0.295,0.0,0.0,7714.0
Solar Photovoltaic,58609,ISP1,1.5,,1.5,1.5,2013,2043,0.32,0.0,0.0,7714.0
Solar Photovoltaic,58610,NSP1,1.5,,1.5,1.5,2013,2043,0.324,0.0,0.0,7714.0
Solar Photovoltaic,58611,1,1.5,,1.5,1.5,2013,2043,0.321,0.0,0.0,7714.0
Solar Photovoltaic,58612,1,1.5,,1.5,1.5,2013,2043,0.252,0.0,0.0,7714.0
Solar Photovoltaic,58616,WSF1,18.0,,18.0,14.0,2014,2044,0.291,0.0,0.0,7714.0
Solar Photovoltaic,58621,ECPV,20.0,,20.0,20.0,2013,2043,0.248,0.0,0.0,7714.0
Solar Photovoltaic,58625,SRPV2,1.0,,1.0,0.1,2016,2046,0.344,0.0,0.0,9730.0
Solar Photovoltaic,58625,SRPV3,0.5,,0.5,0.1,2017,2047,0.315,0.0,0.0,9730.0
Solar Photovoltaic,58626,WABSA,19.0,,20.0,18.0,2014,2044,0.297,0.0,0.0,7714.0
Solar Photovoltaic,58627,WADR,10.0,,10.0,9.0,2016,2046,0.306,0.0,0.0,7714.0
Solar Photovoltaic,58632,1,3.0,,3.0,3.0,2009,2039,0.142,0.0,0.0,7714.0
Solar Photovoltaic,58633,1,1.0,,1.0,1.0,2010,2040,0.135,0.0,0.0,7714.0
Solar Photovoltaic,58634,1,1.0,,1.0,1.0,2011,2041,0.174,0.0,0.0,7714.0
Solar Photovoltaic,58636,1,1.0,,1.0,1.0,2013,2043,0.131,0.0,0.0,7714.0
Solar Photovoltaic,58642,1,1.5,,1.5,1.5,2014,2044,0.137,0.0,0.0,7714.0
Solar Photovoltaic,58642,2,1.5,,1.5,1.5,2014,2044,0.137,0.0,0.0,7714.0
Solar Photovoltaic,58646,STL,76.0,,75.9,76.0,2015,2045,0.242,0.0,0.0,7714.0
Solar Photovoltaic,58646,STL2,34.0,,34.1,34.0,2015,2045,0.242,0.0,0.0,7714.0
Solar Photovoltaic,58646,STL3,38.0,,37.9,38.0,2016,2046,0.242,0.0,0.0,7714.0
Solar Photovoltaic,58646,STL4,38.0,,37.9,38.0,2016,2046,0.242,0.0,0.0,7714.0
Solar Photovoltaic,58646,STL5,38.0,,37.9,38.0,2016,2046,0.242,0.0,0.0,7714.0
Solar Photovoltaic,58646,STL6,38.0,,37.9,38.0,2016,2046,0.242,0.0,0.0,7714.0
Solar Photovoltaic,58646,STL7,38.0,,37.9,38.0,2016,2046,0.242,0.0,0.0,7714.0
Landfill Gas,59952,1,1.6,,1.6,1.6,2016,2116,0.877,13.5,3.136,10167.0
Landfill Gas,59952,2,1.6,,1.6,1.6,2016,2116,0.877,13.5,3.136,10167.0
Landfill Gas,59952,3,1.6,,1.6,1.6,2016,2116,0.877,13.5,3.136,10167.0
Other Waste Biomass,58699,GEN1,0.9,,1.0,0.9,2013,2058,0.865,13.636,2.443,63592.0
Other Waste Biomass,58699,GEN2,0.9,,1.0,0.9,2013,2058,0.865,13.637,2.443,63592.0
Solar Photovoltaic,58711,BLKW,12.0,,12.0,12.0,2015,2045,0.303,0.0,0.0,7714.0
Solar Photovoltaic,58711,LTHL,20.0,,20.0,20.0,2015,2045,0.303,0.0,0.0,7714.0
Solar Photovoltaic,58713,NSTR,60.0,,61.6,60.0,2015,2045,0.266,0.0,0.0,7714.0
Solar Photovoltaic,58718,PV1,12.0,,12.0,12.0,2014,2044,0.356,0.0,0.0,7714.0
Solar Photovoltaic,58721,ORION,8.0,,8.0,8.0,2014,2044,0.228,0.0,0.0,7714.0
Solar Photovoltaic,58750,LDFRB,5.0,,5.0,5.0,2014,2044,0.269,0.0,0.0,7714.0
Solar Photovoltaic,58751,RSC2,1.5,,1.5,1.5,2014,2044,0.267,0.0,0.0,7714.0
Solar Photovoltaic,58752,RSD2,1.5,,1.5,1.5,2014,2044,0.263,0.0,0.0,7714.0
Solar Photovoltaic,58753,SSA2,1.5,,1.5,1.5,2014,2044,0.281,0.0,0.0,7714.0
Solar Photovoltaic,58754,SSB2,1.5,,1.5,1.5,2014,2044,0.273,0.0,0.0,7714.0
Solar Photovoltaic,58755,SSC2,1.5,,1.5,1.5,2014,2044,0.231,0.0,0.0,7714.0
Solar Photovoltaic,58756,SSD2,1.0,,1.0,1.0,2014,2044,0.226,0.0,0.0,7714.0
Solar Photovoltaic,58757,UE2,1.5,,1.5,1.5,2014,2044,0.233,0.0,0.0,7714.0
Solar Photovoltaic,58757,UF2,2.0,,2.0,2.0,2014,2044,0.233,0.0,0.0,7714.0
Solar Photovoltaic,58757,UG2,1.5,,1.5,1.5,2014,2044,0.233,0.0,0.0,7714.0
Solar Photovoltaic,58757,UH2,1.5,,1.5,1.5,2014,2044,0.233,0.0,0.0,7714.0
Solar Photovoltaic,58761,EXSA,2.0,,2.0,2.0,2014,2044,0.265,0.0,0.0,7714.0
Solar Photovoltaic,58762,EXSB,2.0,,2.0,2.0,2014,2044,0.236,0.0,0.0,7714.0
Solar Photovoltaic,58763,EXSC2,1.5,,1.5,1.5,2014,2044,0.237,0.0,0.0,7714.0
Landfill Gas,59952,4,1.6,,1.6,1.6,2016,2116,0.877,13.5,3.136,10167.0
Landfill Gas,59952,5,1.6,,1.6,1.6,2016,2116,0.877,13.5,3.136,10167.0
Solar Photovoltaic,58814,GENA,1.5,,1.5,1.5,2014,2044,0.262,0.0,0.0,7714.0
Solar Photovoltaic,58814,GENB,1.5,,1.5,1.5,2014,2044,0.262,0.0,0.0,7714.0
Solar Photovoltaic,58831,PV-1,16.0,,16.6,16.0,2015,2045,0.234,0.0,0.0,7714.0
Solar Photovoltaic,58832,CTEP,1.0,,1.0,1.0,2014,2044,0.261,0.0,0.0,7714.0
Solar Photovoltaic,58833,RH2S,51.0,,51.0,51.0,2015,2045,0.33,0.0,0.0,7714.0
Onshore Wind Turbine,58833,RH2W,30.0,,30.0,30.0,2015,2045,0.252,0.0,0.0,13321.0
Solar Photovoltaic,58842,1,5.0,,5.0,5.0,2012,2042,0.178,0.0,0.0,7714.0
Solar Photovoltaic,58889,ASTI,1.2,,1.2,1.2,2009,2039,0.148,0.0,0.0,7714.0
Solar Photovoltaic,58890,BERI,1.4,,1.4,1.4,2009,2039,0.153,0.0,0.0,7714.0
Solar Photovoltaic,58906,VC1,2.5,,2.5,2.5,2013,2043,0.245,0.0,0.0,7714.0
Solar Photovoltaic,58907,VC2,5.0,,5.0,5.0,2013,2043,0.244,0.0,0.0,7714.0
Solar Photovoltaic,58909,RAM1,2.0,,2.0,2.0,2013,2043,0.295,0.0,0.0,7714.0
Solar Photovoltaic,58911,RAM2,5.0,,5.0,5.0,2013,2043,0.208,0.0,0.0,7714.0
Solar Photovoltaic,58912,1,1.8,,1.8,1.8,2015,2045,0.172,0.0,0.0,7714.0
Solar Photovoltaic,58913,1,1.5,,1.5,1.5,2015,2045,0.201,0.0,0.0,7714.0
Natural Gas Fired Combustion Turbine,58914,CG1,7.0,,7.2,5.0,2003,2058,0.339,11.744,1.370381634,1230.331313
Natural Gas Fired Combustion Turbine,58914,CG100,4.6,,4.6,2.5,2014,2069,0.377,11.744,1.370381634,1230.331313
Natural Gas Fired Combustion Turbine,58914,CG200,4.6,,4.6,2.5,2014,2069,0.377,11.744,1.370381634,1230.331313
Solar Photovoltaic,58918,2081,1.2,,1.2,1.2,2014,2044,0.224,0.0,0.0,7714.0
Solar Photovoltaic,58919,2127,1.3,,1.3,1.3,2014,2044,0.189,0.0,0.0,7714.0
Solar Photovoltaic,58920,2097,1.5,,1.5,1.5,2014,2044,0.243,0.0,0.0,7714.0
Solar Photovoltaic,58949,TBD,1.5,,1.5,1.5,2014,2044,0.085,0.0,0.0,7714.0
Solar Photovoltaic,58954,PV,1.0,,1.0,1.0,2012,2042,0.173,0.0,0.0,7714.0
Solar Photovoltaic,58963,PV,1.0,,1.0,1.0,2014,2044,0.167,0.0,0.0,7714.0
Solar Photovoltaic,58972,FHUA2,4.4,,4.1,4.4,2017,2047,0.249,0.0,0.0,7714.0
Solar Photovoltaic,58972,FHUAC,13.6,,13.6,13.6,2014,2044,0.249,0.0,0.0,7714.0
Solar Photovoltaic,58973,W2CA,19.8,,19.8,19.8,2014,2044,0.289,0.0,0.0,7714.0
Solar Photovoltaic,58975,PV1,100.0,,102.0,100.0,2016,2046,0.27,0.0,0.0,7714.0
Other Waste Biomass,58978,CVAP,1.5,,1.5,1.5,2014,2059,0.0,13.5,2.443,63592.0
Solar Photovoltaic,58983,1,45.0,,45.0,45.0,2014,2044,0.305,0.0,0.0,7714.0
Solar Photovoltaic,58984,1,19.0,,19.0,19.0,2014,2044,0.251,0.0,0.0,7714.0
Solar Photovoltaic,58985,1,20.0,,20.0,20.0,2014,2044,0.255,0.0,0.0,7714.0
Solar Photovoltaic,58986,1,20.0,,20.0,20.0,2014,2044,0.254,0.0,0.0,7714.0
Solar Photovoltaic,58990,1,15.0,,15.0,15.0,2014,2044,0.303,0.0,0.0,7714.0
Solar Photovoltaic,58991,1,20.0,,20.0,20.0,2014,2044,0.272,0.0,0.0,7714.0
Natural Gas Fired Combustion Turbine,59002,CEC6,105.5,,131.8,105.5,2018,2073,0.077,10.876,1.370381634,1230.331313
Natural Gas Fired Combustion Turbine,59002,CEC7,105.5,,131.8,105.5,2018,2073,0.077,10.877,1.370381634,1230.331313
Natural Gas Fired Combustion Turbine,59002,CEC8,105.5,,131.8,105.5,2018,2073,0.077,10.877,1.370381634,1230.331313
Natural Gas Fired Combustion Turbine,59002,CEC9,105.5,,131.8,105.5,2018,2073,0.077,10.877,1.370381634,1230.331313
Natural Gas Fired Combustion Turbine,59002,CEC10,105.5,,131.8,105.5,2018,2073,0.077,10.877,1.370381634,1230.331313
Solar Photovoltaic,59008,PV1,15.0,,15.0,14.0,2015,2045,0.27,0.0,0.0,7714.0
Solar Photovoltaic,59009,PV1,26.0,,27.0,25.0,2015,2045,0.248,0.0,0.0,7714.0
Batteries,59020,GB36M,32.0,96.0,36.0,32.0,2023,2053,0.85,0.0,0.0,17250.0
Solar Photovoltaic,59020,PV1,36.0,,37.4,36.0,2014,2044,0.293,0.0,0.0,9730.0
Landfill Gas,57133,361,1.5,,1.6,1.5,2013,2113,0.921,13.5,3.136,10167.0
Solar Photovoltaic,59044,RRSF,6.0,,6.0,6.0,2014,2044,0.172,0.0,0.0,7714.0
Solar Photovoltaic,59058,GEN1,1.0,,1.0,1.0,2007,2037,0.168,0.0,0.0,7714.0
Solar Photovoltaic,59086,GEN1,12.0,,12.0,12.0,2015,2045,0.295,0.0,0.0,7714.0
Solar Photovoltaic,59087,GEN1,12.0,,12.0,12.0,2015,2045,0.244,0.0,0.0,7714.0
Solar Photovoltaic,59088,GEN1,20.0,,20.0,20.0,2016,2046,0.231,0.0,0.0,7714.0
Solar Photovoltaic,59094,GEN1,1.5,,1.5,1.5,2014,2044,0.199,0.0,0.0,7714.0
Solar Photovoltaic,59095,GEN1,1.0,,1.0,1.0,2014,2044,0.198,0.0,0.0,7714.0
Solar Photovoltaic,59096,GEN1,1.0,,1.0,1.0,2014,2044,0.197,0.0,0.0,7714.0
Solar Photovoltaic,59098,PV1,1.0,,1.0,1.0,2014,2044,0.204,0.0,0.0,7714.0
Solar Photovoltaic,59099,PV1,1.0,,1.0,1.0,2014,2044,0.207,0.0,0.0,7714.0
Solar Photovoltaic,59122,ECA11,1.5,,1.5,1.5,2014,2044,0.234,0.0,0.0,7714.0
Solar Photovoltaic,59129,57449,0.9,,0.9,0.9,2013,2043,0.151,0.0,0.0,7714.0
Solar Photovoltaic,59130,57449,1.3,,1.3,1.3,2013,2043,0.167,0.0,0.0,7714.0
Solar Photovoltaic,59132,57449,1.0,,1.0,1.0,2012,2042,0.267,0.0,0.0,7714.0
Solar Photovoltaic,59133,57449,1.0,,1.0,1.0,2012,2042,0.244,0.0,0.0,7714.0
Solar Photovoltaic,59138,57449,1.0,,1.0,1.0,2011,2041,0.165,0.0,0.0,7714.0
Solar Photovoltaic,59139,57449,1.0,,1.0,1.0,2011,2041,0.131,0.0,0.0,7714.0
Landfill Gas,58320,362,1.5,,1.6,1.5,2013,2113,0.937,13.5,3.136,10167.0
Batteries,59150,BESS1,75.0,75.0,75.0,75.0,2021,2051,0.0,0.0,0.0,17250.0
Solar Photovoltaic,59150,PV1,100.0,,100.0,100.0,2016,2046,0.243,0.0,0.0,9730.0
Solar Photovoltaic,59167,LS1,1.5,,1.5,1.5,2014,2044,0.225,0.0,0.0,7714.0
Solar Photovoltaic,59168,AS,29.0,,29.0,29.0,2014,2044,0.288,0.0,0.0,7714.0
Solar Photovoltaic,59169,LS2,1.5,,1.5,1.5,2014,2044,0.244,0.0,0.0,7714.0
Solar Photovoltaic,59182,10-94,1.5,,1.5,1.5,2014,2044,0.226,0.0,0.0,7714.0
Solar Photovoltaic,59183,PV1,20.0,,20.0,20.0,2014,2044,0.266,0.0,0.0,7714.0
Solar Photovoltaic,59203,PV1,1.5,,1.5,1.5,2014,2044,0.177,0.0,0.0,7714.0
Solar Photovoltaic,59203,PV2,1.5,,1.5,1.5,2014,2044,0.177,0.0,0.0,7714.0
Solar Photovoltaic,59203,PV3,1.5,,1.5,1.5,2014,2044,0.177,0.0,0.0,7714.0
Solar Photovoltaic,59219,PV1,1.5,,1.5,1.5,2014,2044,0.186,0.0,0.0,7714.0
Solar Photovoltaic,59219,PV2,1.5,,1.5,1.5,2014,2044,0.186,0.0,0.0,7714.0
Onshore Wind Turbine,59235,GEN1,19.8,,19.8,19.8,2015,2045,0.305,0.0,0.0,13321.0
Onshore Wind Turbine,59236,GEN1,99.0,,99.0,99.0,2015,2045,0.303,0.0,0.0,13321.0
Solar Photovoltaic,59237,CPII,20.0,,20.0,20.0,2014,2044,0.274,0.0,0.0,7714.0
Solar Photovoltaic,59249,PV1,19.5,,20.0,14.1,2016,2046,0.32,0.0,0.0,7714.0
Solar Photovoltaic,59250,PV1,19.5,,20.0,14.1,2016,2046,0.326,0.0,0.0,7714.0
Solar Photovoltaic,59253,PV1,14.7,,15.0,11.2,2017,2047,0.327,0.0,0.0,7714.0
Batteries,56446,BVBAT,100.0,290.0,100.0,100.0,2026,2041,0.85,0.0,0.0,12544.0
Solar Photovoltaic,59262,LLRC,5.0,,5.0,5.0,2014,2044,0.226,0.0,0.0,7714.0
Solar Photovoltaic,59265,PV8,1.5,,1.5,1.5,2014,2044,0.308,0.0,0.0,7714.0
Solar Photovoltaic,59267,PV9,1.5,,1.5,1.5,2014,2044,0.311,0.0,0.0,7714.0
Solar Photovoltaic,59268,PV10,1.5,,1.5,1.5,2014,2044,0.295,0.0,0.0,7714.0
Solar Photovoltaic,59269,VMLB2,1.6,,1.5,1.5,2014,2044,0.25,0.0,0.0,7714.0
Solar Photovoltaic,59270,VMLC2,1.6,,1.5,1.5,2014,2044,0.249,0.0,0.0,7714.0
Solar Photovoltaic,59271,VMLD2,1.6,,1.5,1.5,2014,2044,0.274,0.0,0.0,7714.0
Solar Photovoltaic,59272,VMLE2,1.6,,1.5,1.5,2014,2044,0.27,0.0,0.0,7714.0
Solar Photovoltaic,59273,PALME,9.0,,10.0,9.0,2015,2045,0.319,0.0,0.0,7714.0
Solar Photovoltaic,59283,W4236,1.0,,1.0,1.0,2014,2044,0.165,0.0,0.0,7714.0
Solar Photovoltaic,59300,HAN1,1.5,,1.5,1.5,2014,2044,0.207,0.0,0.0,7714.0
Solar Photovoltaic,59300,HAN2,1.5,,1.5,1.5,2014,2044,0.207,0.0,0.0,7714.0
Solar Photovoltaic,59308,BEAC5,37.8,,37.8,37.8,2017,2047,0.301,0.0,0.0,7714.0
Solar Photovoltaic,59309,BEAC2,47.3,,47.3,47.3,2017,2047,0.3,0.0,0.0,7714.0
Solar Photovoltaic,59315,BEAC1,51.0,,56.0,50.0,2017,2047,0.314,0.0,0.0,7714.0
Solar Photovoltaic,59316,BEAC3,51.0,,56.0,50.0,2016,2046,0.312,0.0,0.0,7714.0
Solar Photovoltaic,59317,BEAC4,47.0,,50.0,45.0,2016,2046,0.304,0.0,0.0,7714.0
Solar Photovoltaic,59322,GEN1,20.0,,20.0,20.0,2015,2045,0.272,0.0,0.0,7714.0
Solar Photovoltaic,59323,SMUPV,1.5,,1.5,1.5,2014,2044,0.164,0.0,0.0,7714.0
Other Waste Biomass,63094,SBAD1,1.1,,1.1,1.1,2022,2067,0.431,31.485,2.443,63592.0
Onshore Wind Turbine,59329,SOL1,1.0,,1.0,1.0,2014,2044,0.466,0.0,0.0,13321.0
Onshore Wind Turbine,59330,TAY1,1.0,,1.0,1.0,2014,2044,0.446,0.0,0.0,13321.0
Solar Photovoltaic,59334,INV-1,18.0,,18.0,18.0,2015,2045,0.305,0.0,0.0,7714.0
Natural Gas Fired Combined Cycle,59338,CTG1,164.0,,174.0,184.0,2003,2058,0.479,7.283,6.207834486,9967.508746
Natural Gas Fired Combined Cycle,59338,CTG2,164.0,,174.0,184.0,2003,2058,0.479,7.283,6.207834486,9967.508746
Natural Gas Fired Combined Cycle,59338,ST9,242.0,,271.0,249.0,2003,2058,0.479,7.283,6.207834486,9967.508746
Solar Photovoltaic,59339,SSC13,105.1,,108.0,76.8,2015,2045,0.325,0.0,0.0,7714.0
Solar Photovoltaic,59359,10400,1.5,,1.5,1.5,2014,2044,0.237,0.0,0.0,7714.0
Solar Photovoltaic,59360,11113,1.0,,1.0,1.0,2014,2044,0.255,0.0,0.0,7714.0
Solar Photovoltaic,59380,WLD1,19.5,,19.5,19.5,2015,2045,0.272,0.0,0.0,7714.0
Solar Photovoltaic,59405,PV11,1.3,,1.3,1.3,2015,2045,0.217,0.0,0.0,7714.0
Solar Photovoltaic,59408,1,20.0,,20.0,20.0,2015,2045,0.285,0.0,0.0,7714.0
Solar Photovoltaic,59409,SNL17,1.0,,1.0,1.0,2014,2044,0.282,0.0,0.0,7714.0
Solar Photovoltaic,59410,SNL19,1.5,,1.5,1.5,2014,2044,0.226,0.0,0.0,7714.0
Solar Photovoltaic,59411,SNL18,1.5,,1.5,1.5,2014,2044,0.241,0.0,0.0,7714.0
Solar Photovoltaic,59412,SKI20,20.0,,20.0,20.0,2015,2045,0.268,0.0,0.0,7714.0
Solar Photovoltaic,59413,C2CA,19.8,,19.8,19.8,2015,2045,0.282,0.0,0.0,7714.0
Solar Photovoltaic,59414,AWCA,20.0,,20.0,20.0,2015,2045,0.265,0.0,0.0,7714.0
Solar Photovoltaic,59416,PV1,2.0,,2.1,1.2,2014,2044,0.226,0.0,0.0,7714.0
Solar Photovoltaic,59421,11111,1.5,,1.5,1.5,2014,2044,0.245,0.0,0.0,7714.0
Solar Photovoltaic,59422,10401,1.5,,1.5,1.5,2014,2044,0.266,0.0,0.0,7714.0
Solar Photovoltaic,59423,10402,1.5,,1.5,1.5,2014,2044,0.277,0.0,0.0,7714.0
Other Waste Biomass,63094,SBAD2,1.1,,1.1,1.1,2022,2067,0.431,31.486,2.443,63592.0
Run of River Hydroelectric,59428,GENE1,0.0,,1.4,1.4,2014,2114,0.302,0.0,0.0,15104.0
Run of River Hydroelectric,59428,GENE2,0.0,,0.1,0.1,2014,2114,0.0,0.0,0.0,15104.0
Solar Photovoltaic,59431,SSG1,18.0,,20.0,18.0,2015,2045,0.244,0.0,0.0,7714.0
Landfill Gas,58397,ENG1,1.4,,1.4,1.4,2013,2113,0.813,13.5,3.136,10167.0
Solar Photovoltaic,59440,SAS,7.0,,7.0,7.0,2015,2045,0.279,0.0,0.0,7714.0
Solar Photovoltaic,59441,SAS,20.0,,20.0,20.0,2015,2045,0.315,0.0,0.0,7714.0
Solar Photovoltaic,59443,WAS1,20.0,,20.0,20.0,2014,2044,0.33,0.0,0.0,7714.0
Batteries,59444,DS10M,10.0,30.0,10.0,10.0,2023,2053,0.85,0.0,0.0,17250.0
Solar Photovoltaic,59444,PV1,10.0,,10.0,10.0,2015,2045,0.356,0.0,0.0,9730.0
Solar Photovoltaic,59454,VALEN,10.0,,10.0,10.0,2013,2043,0.298,0.0,0.0,7714.0
Solar Photovoltaic,59455,TECHP,5.0,,5.0,5.0,2012,2042,0.308,0.0,0.0,7714.0
Solar Photovoltaic,59469,ALAMO,20.0,,20.0,20.0,2015,2045,0.259,0.0,0.0,7714.0
Solar Photovoltaic,59522,FRGSP,20.0,,20.0,18.0,2017,2047,0.171,0.0,0.0,7714.0
Solar Photovoltaic,59523,FRFSP,60.0,,60.0,50.0,2016,2046,0.275,0.0,0.0,7714.0
Solar Photovoltaic,59524,FRBSP,20.0,,20.0,20.0,2019,2049,0.255,0.0,0.0,7714.0
Solar Photovoltaic,59525,FRWSP,200.0,,200.0,180.0,2019,2049,0.285,0.0,0.0,7714.0
Solar Photovoltaic,59528,OASIS,20.0,,20.0,20.0,2016,2046,0.301,0.0,0.0,7714.0
Solar Photovoltaic,59531,BRDN,50.0,,50.0,50.0,2020,2050,0.266,0.0,0.0,7714.0
Solar Photovoltaic,59532,SB1,105.0,,105.0,105.0,2016,2046,0.321,0.0,0.0,7714.0
Solar Photovoltaic,59536,AWI,1.5,,1.5,1.5,2015,2045,0.214,0.0,0.0,7714.0
Solar Photovoltaic,59537,AW2,1.5,,1.5,1.5,2015,2045,0.233,0.0,0.0,7714.0
Solar Photovoltaic,59539,1,1.5,,1.5,1.5,2015,2045,0.211,0.0,0.0,7714.0
Solar Photovoltaic,59540,2,1.8,,1.8,1.8,2015,2045,0.192,0.0,0.0,7714.0
Solar Photovoltaic,59541,3,1.5,,1.5,1.5,2015,2045,0.185,0.0,0.0,7714.0
Solar Photovoltaic,59550,PCSF,2.0,,2.0,2.0,2014,2044,0.287,0.0,0.0,7714.0
Solar Photovoltaic,59555,VEGA1,20.0,,20.0,20.0,2015,2045,0.27,0.0,0.0,7714.0
Solar Photovoltaic,59597,CS001,2.5,,2.5,2.5,2015,2045,0.189,0.0,0.0,7714.0
Solar Photovoltaic,59598,CS002,1.0,,1.0,1.0,2015,2045,0.177,0.0,0.0,7714.0
Solar Photovoltaic,59599,GEN1,13.0,,14.0,11.0,2016,2046,0.286,0.0,0.0,7714.0
Solar Photovoltaic,59600,GEN1,19.0,,20.0,16.0,2016,2046,0.29,0.0,0.0,7714.0
Solar Photovoltaic,59607,MWS,20.0,,20.0,20.0,2015,2045,0.236,0.0,0.0,7714.0
Solar Photovoltaic,59610,APNLI,20.0,,20.0,20.0,2015,2045,0.202,0.0,0.0,7714.0
Run of River Hydroelectric,60988,HY1,1.4,,1.4,1.4,2026,2126,0.384,0.0,0.0,15104.0
Solar Photovoltaic,59633,KS,0.2,,0.2,0.18,2015,2045,0.295,0.0,0.0,7714.0
Solar Photovoltaic,59633,KS,19.8,,19.8,17.82,2015,2045,0.295,0.0,0.0,7714.0
Solar Photovoltaic,59634,SNDST,43.0,,45.0,42.0,2015,2045,0.318,0.0,0.0,7714.0
Solar Photovoltaic,59638,CLH,20.0,,20.0,20.0,2015,2045,0.256,0.0,0.0,7714.0
Solar Photovoltaic,59651,W4161,1.3,,1.3,1.0,2015,2045,0.2,0.0,0.0,7714.0
Solar Photovoltaic,59652,W4162,1.0,,0.9,0.6,2014,2044,0.185,0.0,0.0,7714.0
Solar Photovoltaic,59657,IVSC2,20.0,,20.0,20.0,2015,2045,0.252,0.0,0.0,7714.0
Batteries,66475,B8263,1.5,4.35,1.5,1.5,2025,2040,0.85,0.0,0.0,12544.0
Batteries,66509,B8259,1.5,3.0,1.5,1.5,2024,2039,0.85,0.0,0.0,12544.0
Solar Photovoltaic,59687,NDP1,1.5,,1.5,1.5,2015,2045,0.213,0.0,0.0,7714.0
Other Natural Gas,66145,TMF06,1.3,,1.3,1.3,2020,2070,0.872,6.766,0.3,15571.0
Landfill Gas,10387,1A,1.2,,1.2,1.2,2011,2111,0.512,21.312,3.136,10167.0
Landfill Gas,10387,2A,1.2,,1.2,1.2,2011,2111,0.512,21.312,3.136,10167.0
Batteries,66510,B9616,1.0,2.9,1.0,1.0,2025,2040,0.85,0.0,0.0,12544.0
Batteries,66511,B8262,2.0,5.8,2.0,2.0,2025,2040,0.85,0.0,0.0,12544.0
Solar Photovoltaic,59703,1,1.0,,1.0,1.0,2016,2046,0.159,0.0,0.0,7714.0
Solar Photovoltaic,59722,SEV1,20.0,,20.0,20.0,2015,2045,0.302,0.0,0.0,7714.0
Solar Photovoltaic,59723,SEV2,30.0,,30.0,30.0,2015,2045,0.317,0.0,0.0,7714.0
Solar Photovoltaic,59730,SPV18,2.0,,2.0,2.0,2016,2046,0.292,0.0,0.0,7714.0
Solar Photovoltaic,59737,ASPRG,9.0,,9.0,9.0,2017,2047,0.27,0.0,0.0,7714.0
Solar Photovoltaic,59738,CSB,5.0,,5.0,5.0,2015,2045,0.17,0.0,0.0,7714.0
Solar Photovoltaic,59739,LWADB,3.0,,3.0,3.0,2017,2047,0.242,0.0,0.0,7714.0
Solar Photovoltaic,59740,SPVMW,20.0,,20.0,20.0,2016,2046,0.309,0.0,0.0,7714.0
Solar Photovoltaic,59746,1,2.0,,2.0,2.0,2014,2044,0.177,0.0,0.0,7714.0
Solar Photovoltaic,59748,1,1.2,,1.2,1.2,2014,2044,0.259,0.0,0.0,7714.0
Batteries,68012,CAB11,99.7,289.13,99.7,99.7,2025,2040,,0.0,,
Batteries,63326,CAD1,3.5,8.8,3.5,3.5,2024,2039,0.85,0.0,0.0,12544.0
Solar Photovoltaic,59779,1,12.6,,12.6,12.6,2014,2044,0.268,0.0,0.0,7714.0
Natural Gas Fired Combined Cycle,59784,CTG5,123.0,,130.5,138.0,2003,2058,0.555,7.492,1.825055767,9967.508746
Natural Gas Fired Combined Cycle,59784,CTG5,41.0,,43.5,46.0,2003,2058,0.555,7.492,1.825055767,9967.508746
Natural Gas Fired Combined Cycle,59784,CTG6,123.0,,130.5,138.0,2003,2058,0.555,7.492,1.825055767,9967.508746
Natural Gas Fired Combined Cycle,59784,CTG6,41.0,,43.5,46.0,2003,2058,0.555,7.492,1.825055767,9967.508746
Natural Gas Fired Combined Cycle,59784,ST11,181.5,,203.25,186.75,2003,2058,0.555,7.492,1.825055767,9967.508746
Natural Gas Fired Combined Cycle,59784,ST11,60.5,,67.75,62.25,2003,2058,0.555,7.492,1.825055767,9967.508746
Other Natural Gas,62703,EQX05,1.1,,1.1,1.1,2019,2069,0.648,7.165,0.3,15571.0
Other Natural Gas,66458,RCH00,1.1,,1.1,1.1,2021,2071,0.939,6.643,0.3,15571.0
Solar Photovoltaic,59798,W4172,0.9,,1.3,1.4,2015,2045,0.192,0.0,0.0,7714.0
Batteries,63930,CF60,60.0,242.0,60.0,60.0,2021,2036,0.007,0.0,0.0,12544.0
Batteries,66617,1,100.0,400.0,100.0,100.0,2024,2039,0.85,0.0,0.0,12544.0
Other Natural Gas,57460,CL00,0.1,,0.1,0.1,2010,2031,0.042,7.33,0.298,15571.0
Solar Photovoltaic,59819,PV1,4.4,,4.4,4.4,2015,2045,0.244,0.0,0.0,7714.0
Solar Photovoltaic,59840,SB2,155.0,,155.0,155.0,2016,2046,0.304,0.0,0.0,7714.0
Run of River Hydroelectric,60466,WTHF,1.0,,1.0,1.0,2024,2124,0.384,0.0,0.0,15104.0
Solar Photovoltaic,59868,GEN01,6.0,,6.0,6.0,2016,2046,0.326,0.0,0.0,7714.0
Solar Photovoltaic,59868,GEN01,14.0,,14.0,14.0,2016,2046,0.326,0.0,0.0,7714.0
Solar Photovoltaic,59870,GEN01,40.0,,40.0,40.0,2020,2050,0.231,0.0,0.0,7714.0
Solar Photovoltaic,59871,GEN01,300.0,,300.0,300.0,2024,2054,0.212,0.0,0.0,9730.0
Batteries,59871,GEN02,150.0,150.0,150.0,150.0,2024,2054,0.85,0.0,0.0,12544.0
Solar Photovoltaic,59878,GEN01,20.0,,20.0,20.0,2019,2049,0.266,0.0,0.0,7714.0
Solar Photovoltaic,59879,GEN01,151.1,,151.1,151.1,2019,2049,0.264,0.0,0.0,7714.0
Solar Photovoltaic,59900,C3CA,20.0,,20.0,20.0,2016,2046,0.284,0.0,0.0,7714.0
Solar Photovoltaic,59915,ORCA,20.0,,20.0,20.0,2017,2047,0.259,0.0,0.0,7714.0
Solar Photovoltaic,59916,12307,1.0,,1.0,1.0,2016,2046,0.179,0.0,0.0,7714.0
Batteries,59939,BESS1,37.0,128.0,37.0,37.0,2021,2051,0.0,0.0,0.0,17250.0
Other Natural Gas,57460,CL01,0.1,,0.1,0.1,2010,2031,0.042,7.326,0.298,15571.0
Solar Photovoltaic,59939,TQ,200.0,,205.3,200.0,2016,2046,0.263,0.0,0.0,9730.0
Solar Photovoltaic,59940,GVS2,60.0,,60.0,60.0,2017,2047,0.305,0.0,0.0,7714.0
Solar Photovoltaic,59940,GVS3,20.0,,20.0,20.0,2017,2047,0.305,0.0,0.0,7714.0
Solar Photovoltaic,59940,GVS4,20.0,,20.0,20.0,2017,2047,0.305,0.0,0.0,7714.0
Solar Photovoltaic,59940,TQ8,102.5,,102.5,102.5,2018,2048,0.305,0.0,0.0,7714.0
Solar Photovoltaic,59942,ML1,1.5,,1.5,1.5,2015,2045,0.187,0.0,0.0,7714.0
Solar Photovoltaic,59948,BF111,1.4,,1.4,1.4,2015,2035,0.198,0.0,0.0,7714.0
Other Natural Gas,57460,CL02,0.1,,0.1,0.1,2010,2031,0.042,7.326,0.298,15571.0
Other Natural Gas,65191,USD00,1.0,,1.0,1.0,2016,2066,0.707,7.142,0.298,15571.0
Other Natural Gas,65192,ATT41,1.0,,1.0,1.0,2015,2065,0.401,7.325,0.298,15571.0
Other Natural Gas,65193,CLT05,1.0,,1.0,1.0,2016,2066,0.635,7.112,0.298,15571.0
Other Natural Gas,65196,SCC02,1.0,,1.0,1.0,2014,2064,0.802,7.438,0.298,15571.0
Other Natural Gas,65200,DTV02,1.0,,1.0,1.0,2016,2066,0.797,7.236,0.298,15571.0
Other Natural Gas,57460,CL03,0.1,,0.1,0.1,2010,2031,0.042,7.326,0.298,15571.0
Other Natural Gas,57460,CL04,0.1,,0.1,0.1,2010,2031,0.042,7.326,0.298,15571.0
Other Natural Gas,57460,CL05,0.1,,0.1,0.1,2010,2031,0.042,7.326,0.298,15571.0
Other Natural Gas,57460,CL06,0.1,,0.1,0.1,2010,2031,0.042,7.326,0.298,15571.0
Solar Photovoltaic,59961,WABSB,19.0,,20.0,19.0,2016,2046,0.322,0.0,0.0,7714.0
Solar Photovoltaic,59962,NLR,18.0,,20.0,17.0,2016,2046,0.215,0.0,0.0,7714.0
Solar Photovoltaic,59963,CADRC,17.0,,20.0,16.0,2016,2046,0.228,0.0,0.0,7714.0
Solar Photovoltaic,59964,ELVSC,39.0,,40.0,37.0,2016,2046,0.323,0.0,0.0,7714.0
Other Natural Gas,57460,CL07,0.1,,0.1,0.1,2010,2031,0.042,7.326,0.298,15571.0
Solar Photovoltaic,59969,GEN01,20.0,,20.0,20.0,2025,2055,0.212,0.0,0.0,7714.0
Solar Photovoltaic,59976,ASTR1,100.0,,100.0,100.0,2016,2046,0.327,0.0,0.0,7714.0
Solar Photovoltaic,59977,ASTR2,75.0,,75.0,75.0,2016,2046,0.336,0.0,0.0,7714.0
Solar Photovoltaic,59978,ECA22,1.5,,1.5,1.5,2016,2046,0.257,0.0,0.0,7714.0
Solar Photovoltaic,59979,GEN1,19.2,,19.2,19.2,2015,2045,0.175,0.0,0.0,7714.0
Other Natural Gas,57460,CL08,0.1,,0.1,0.1,2010,2031,0.042,7.326,0.298,15571.0
Other Natural Gas,57460,CL09,0.1,,0.1,0.1,2010,2031,0.042,7.326,0.298,15571.0
Solar Photovoltaic,60007,MORLS,15.0,,15.0,15.0,2015,2045,0.26,0.0,0.0,7714.0
Other Natural Gas,57460,CL10,0.1,,0.1,0.1,2010,2031,0.042,7.326,0.298,15571.0
Solar Photovoltaic,60026,PV1,3.0,,3.0,3.0,2015,2045,0.308,0.0,0.0,7714.0
Solar Photovoltaic,60027,ADERA,19.0,,20.0,19.0,2015,2045,0.192,0.0,0.0,7714.0
Solar Photovoltaic,60032,RCHTR,1.0,,1.0,1.0,2016,2046,0.142,0.0,0.0,7714.0
Solar Photovoltaic,60033,GEN01,130.0,,130.0,130.0,2017,2047,0.277,0.0,0.0,7714.0
Solar Photovoltaic,60034,GEN01,150.0,,150.0,150.0,2019,2049,0.266,0.0,0.0,7714.0
Solar Photovoltaic,60035,RPU1,7.3,,7.3,7.3,2015,2045,0.197,0.0,0.0,7714.0
Solar Photovoltaic,60039,FTRS,20.0,,20.0,18.0,2016,2046,0.288,0.0,0.0,7714.0
Solar Photovoltaic,60043,GEN01,40.0,,40.0,40.0,2017,2047,0.248,0.0,0.0,7714.0
Onshore Wind Turbine,60049,GE,85.9,,85.9,85.9,2015,2045,0.354,0.0,0.0,13321.0
Batteries,60568,SES,1.0,3.0,1.0,1.0,2014,2029,0.004,0.0,0.0,12544.0
Solar Photovoltaic,60060,SDIA2,1.7,,1.8,1.7,2016,2046,0.202,0.0,0.0,7714.0
Solar Photovoltaic,60060,SDIAA,0.5,,0.6,0.5,2015,2045,0.202,0.0,0.0,7714.0
Solar Photovoltaic,60060,SDIAB,0.5,,0.5,0.5,2015,2045,0.202,0.0,0.0,7714.0
Solar Photovoltaic,60062,ASII,0.16,,0.16,0.15,2016,2046,0.322,0.0,0.0,7714.0
Solar Photovoltaic,60062,ASII,15.84,,15.84,14.85,2016,2046,0.322,0.0,0.0,7714.0
Solar Photovoltaic,60077,AVCA,15.8,,15.8,15.8,2017,2047,0.211,0.0,0.0,7714.0
Solar Photovoltaic,60078,DU1CA,20.0,,20.0,20.0,2016,2046,0.272,0.0,0.0,7714.0
Solar Photovoltaic,60079,DU2CA,20.0,,20.0,20.0,2016,2046,0.272,0.0,0.0,7714.0
Solar Photovoltaic,60080,DU3CA,15.0,,15.0,15.0,2016,2046,0.273,0.0,0.0,7714.0
Solar Photovoltaic,60081,DU4CA,20.0,,20.0,20.0,2016,2046,0.27,0.0,0.0,7714.0
Solar Photovoltaic,60083,PV-S,1.5,,1.5,1.5,2015,2045,0.22,0.0,0.0,7714.0
Solar Photovoltaic,60083,PV-W,1.5,,1.5,1.5,2015,2045,0.22,0.0,0.0,7714.0
Solar Photovoltaic,60085,PV1,3.7,,3.7,3.7,2016,2046,0.257,0.0,0.0,7714.0
Solar Photovoltaic,60086,PV1,3.0,,3.0,3.0,2016,2046,0.253,0.0,0.0,7714.0
Solar Photovoltaic,60091,GEN01,6.0,,6.0,6.0,2016,2046,0.326,0.0,0.0,7714.0
Solar Photovoltaic,60091,GEN01,14.0,,14.0,14.0,2016,2046,0.326,0.0,0.0,7714.0
Solar Photovoltaic,60092,BLCK4,33.2,,33.2,33.2,2016,2046,0.267,0.0,0.0,9730.0
Solar Photovoltaic,60092,BLCK5,33.9,,33.9,33.9,2016,2046,0.267,0.0,0.0,9730.0
Solar Photovoltaic,60092,BLCK6,32.0,,32.0,32.0,2016,2046,0.267,0.0,0.0,9730.0
Solar Photovoltaic,60092,BLCK7,32.1,,32.1,32.1,2016,2046,0.267,0.0,0.0,9730.0
Batteries,60092,BLST2,115.0,538.6,115.0,115.0,2021,2051,0.0,0.0,0.0,17250.0
Solar Photovoltaic,60093,BLCK1,38.7,,38.7,38.7,2016,2046,0.369,0.0,0.0,9730.0
Solar Photovoltaic,60093,BLCK2,36.3,,36.3,36.3,2016,2046,0.369,0.0,0.0,9730.0
Solar Photovoltaic,60093,BLCK3,34.8,,34.8,34.8,2016,2046,0.369,0.0,0.0,9730.0
Solar Photovoltaic,60094,BLSL3,136.8,,136.8,136.8,2020,2050,0.269,0.0,0.0,9730.0
Batteries,60094,BLST3,115.0,538.6,115.0,115.0,2021,2051,0.0,0.0,0.0,17250.0
Solar Photovoltaic,60095,BLS4A,68.7,,68.7,68.7,2020,2050,0.281,0.0,0.0,7714.0
Solar Photovoltaic,60095,BLS4B,68.7,,68.7,68.7,2020,2050,0.281,0.0,0.0,7714.0
Wood/Wood Waste Biomass,60100,G-1,11.5,,11.5,11.5,1985,2030,0.0,17.1,2.443,63592.0
Batteries,65733,HECAR,10.0,29.0,10.0,10.0,2025,2040,0.85,0.0,0.0,12544.0
Other Natural Gas,65202,CLT05,1.0,,1.0,1.0,2016,2066,0.778,7.005,0.298,15571.0
Solar Photovoltaic,60142,LEPV1,1.5,,1.5,1.5,2016,2046,0.113,0.0,0.0,7714.0
Solar Photovoltaic,60151,BLDGF,1.3,,1.3,1.3,2016,2046,0.192,0.0,0.0,7714.0
Solar Photovoltaic,60153,BLDGG,1.2,,1.2,1.2,2016,2046,0.212,0.0,0.0,7714.0
Solar Photovoltaic,60154,BLDG1,1.0,,1.0,1.0,2016,2046,0.16,0.0,0.0,7714.0
Solar Photovoltaic,60182,DULLE,2.0,,2.0,2.0,2016,2046,0.161,0.0,0.0,7714.0
Solar Photovoltaic,60183,FSPRI,2.0,,2.0,2.0,2016,2046,0.141,0.0,0.0,7714.0
Other Natural Gas,65203,BDB01,1.0,,1.0,1.0,2016,2066,0.665,7.222,0.298,15571.0
Other Natural Gas,65204,ATT95,1.0,,1.0,1.0,2013,2063,0.795,7.487,0.298,15571.0
Solar Photovoltaic,60185,SOLV1,81.0,,85.0,78.0,2016,2046,0.306,0.0,0.0,7714.0
Solar Photovoltaic,60186,DSR1,48.0,,50.0,46.0,2016,2046,0.302,0.0,0.0,7714.0
Solar Photovoltaic,60187,DSR2,5.0,,5.0,5.0,2016,2046,0.299,0.0,0.0,7714.0
Other Waste Biomass,60192,NFCP1,1.2,,1.8,1.2,2024,2069,0.83,8.911,2.443,63592.0
Other Waste Biomass,60192,NFCP2,1.2,,1.8,1.2,2024,2069,0.83,8.911,2.443,63592.0
Solar Photovoltaic,60193,GEN1,3.3,,3.3,3.3,2016,2046,0.205,0.0,0.0,7714.0
Batteries,61801,10002,25.0,100.0,25.0,25.0,2024,2039,0.85,0.0,0.0,12544.0
Solar Photovoltaic,60219,UNIT1,1.0,,1.0,0.6,2013,2043,0.222,0.0,0.0,7714.0
Other Natural Gas,65205,ATT26,1.0,,1.0,1.0,2013,2063,0.993,6.874,0.298,15571.0
Other Natural Gas,65206,ATT58,1.0,,1.0,1.0,2016,2066,0.667,7.471,0.298,15571.0
Other Natural Gas,65208,ATA17,1.0,,1.0,1.0,2016,2066,0.808,7.097,0.298,15571.0
Other Natural Gas,65211,CMC04,1.0,,1.0,1.0,2021,2071,0.886,6.674,0.298,15571.0
Other Natural Gas,65360,ATA02,1.0,,1.0,1.0,2016,2066,0.743,7.327,0.298,15571.0
Other Natural Gas,66143,SDC01,1.0,,1.0,1.0,2020,2070,0.741,7.321,0.3,15571.0
Other Natural Gas,66459,TLR01,1.0,,1.0,1.0,2019,2069,0.737,7.16,0.3,15571.0
Landfill Gas,54327,TOY7,0.9,,1.1,0.9,2022,2122,0.503,13.5,3.136,10167.0
Solar Photovoltaic,60226,GEN01,10.8,,10.8,10.8,2016,2046,0.209,0.0,0.0,7714.0
Solar Photovoltaic,60230,PV1,1.8,,1.8,1.8,2019,2049,0.271,0.0,0.0,7714.0
Solar Photovoltaic,60231,PV1,4.5,,4.5,4.5,2016,2046,0.172,0.0,0.0,9730.0
Batteries,60233,BESS1,45.0,176.0,45.0,45.0,2021,2051,0.0,0.0,0.0,17250.0
Batteries,60233,BESS2,43.0,176.0,43.0,43.0,2021,2051,0.0,0.0,0.0,17250.0
Solar Photovoltaic,60233,PV2,180.0,,185.1,180.0,2016,2046,0.289,0.0,0.0,9730.0
Solar Photovoltaic,60237,MSF2,30.0,,30.0,30.0,2017,2047,0.28,0.0,0.0,7714.0
Batteries,65457,CATH1,100.0,400.0,100.0,100.0,2024,2039,0.85,0.0,0.0,12544.0
Batteries,65457,CATH2,100.0,400.0,100.0,100.0,2024,2039,0.85,0.0,0.0,12544.0
Solar Photovoltaic,60242,SKI10,10.0,,10.0,10.0,2017,2047,0.217,0.0,0.0,7714.0
Other Waste Biomass,60249,CGN,1.2,,1.2,1.2,2015,2060,0.45,13.5,2.443,63592.0
Solar Photovoltaic,60255,1,2.0,,2.0,2.0,2016,2046,0.199,0.0,0.0,7714.0
Solar Photovoltaic,60255,2,1.0,,1.0,1.0,2016,2046,0.199,0.0,0.0,7714.0
Solar Photovoltaic,60275,WSPV1,2.0,,2.0,2.0,2016,2046,0.278,0.0,0.0,7714.0
Solar Photovoltaic,60277,CASTR,1.5,,1.5,1.5,2016,2046,0.185,0.0,0.0,7714.0
Solar Photovoltaic,60279,ABSR,19.0,,20.0,19.0,2016,2046,0.308,0.0,0.0,7714.0
Solar Photovoltaic,60280,SUMSL,19.0,,20.0,19.0,2016,2046,0.324,0.0,0.0,7714.0
Solar Photovoltaic,60281,CADRB,3.0,,3.0,3.0,2017,2047,0.304,0.0,0.0,7714.0
Solar Photovoltaic,60285,RH3,30.0,,30.0,30.0,2016,2046,0.264,0.0,0.0,7714.0
Batteries,65980,WCBS,131.0,524.0,131.0,131.0,2023,2038,0.85,0.0,0.0,17250.0
Solar Photovoltaic,60307,1,100.0,,100.0,100.0,2016,2046,0.298,0.0,0.0,7714.0
Solar Photovoltaic,60308,1,150.0,,150.0,150.0,2016,2046,0.342,0.0,0.0,7714.0
Solar Photovoltaic,60309,GEN01,19.0,,19.0,19.0,2026,2056,0.212,0.0,0.0,9730.0
Solar Photovoltaic,60310,GEN01,20.0,,20.0,20.0,2017,2047,0.261,0.0,0.0,7714.0
Solar Photovoltaic,60311,GEN01,11.4,,11.4,11.4,2017,2047,0.262,0.0,0.0,7714.0
Solar Photovoltaic,60315,MSF3,20.0,,20.0,20.0,2018,2048,0.266,0.0,0.0,7714.0
Solar Photovoltaic,60324,GEN01,107.9,,107.9,107.9,2019,2049,0.273,0.0,0.0,7714.0
Solar Photovoltaic,60336,MSF1,50.0,,50.0,50.0,2018,2048,0.278,0.0,0.0,7714.0
Solar Photovoltaic,60381,SSSP,20.0,,20.0,20.0,2016,2046,0.304,0.0,0.0,7714.0
Solar Photovoltaic,60386,PV1,20.0,,20.2,20.0,2016,2046,0.299,0.0,0.0,7714.0
Solar Photovoltaic,60389,REBR1,60.0,,60.0,60.0,2016,2046,0.32,0.0,0.0,7714.0
Batteries,68466,CFB1,89.0,258.1,89.0,89.0,2026,2041,,0.0,,
Solar Photovoltaic,60412,MUN,4.0,,4.0,4.0,2016,2046,0.274,0.0,0.0,7714.0
Solar Photovoltaic,60413,AZPV1,50.0,,50.0,41.0,2016,2046,0.334,0.0,0.0,7714.0
Batteries,68466,CFB2,89.0,258.1,89.0,89.0,2026,2041,,0.0,,
Solar Photovoltaic,60426,RCWD,3.9,,4.1,2.7,2016,2046,0.315,0.0,0.0,7714.0
Solar Photovoltaic,60428,PV1,2.2,,2.2,2.2,2017,2047,0.209,0.0,0.0,7714.0
Batteries,68466,CFB3,89.0,258.1,89.0,89.0,2026,2041,,0.0,,
Batteries,56475,BA1,10.0,10.0,10.0,10.0,2016,2031,0.0,0.0,0.0,12544.0
Solar Photovoltaic,60446,PVEB,1.0,,1.0,1.0,2013,2043,0.242,0.0,0.0,7714.0
Solar Photovoltaic,60450,PVCR,1.1,,1.1,1.1,2014,2044,0.206,0.0,0.0,7714.0
Solar Photovoltaic,60467,PV1,40.0,,40.0,40.0,2017,2047,0.275,0.0,0.0,7714.0
Solar Photovoltaic,60474,BSHRB,20.0,,20.0,20.0,2017,2047,0.29,0.0,0.0,7714.0
Solar Photovoltaic,60475,BSHRC,20.0,,20.0,20.0,2017,2047,0.287,0.0,0.0,7714.0
Solar Photovoltaic,60481,BSHRA,20.0,,20.0,20.0,2017,2047,0.298,0.0,0.0,7714.0
Solar Photovoltaic,60485,PV1,20.0,,20.0,20.0,2016,2046,0.258,0.0,0.0,7714.0
Solar Photovoltaic,60490,RW4SF,20.0,,20.0,20.0,2017,2047,0.273,0.0,0.0,7714.0
Batteries,60491,SB3BS,1.5,1.5,1.5,1.5,2019,2049,0.001,0.0,0.0,17250.0
Solar Photovoltaic,60491,SB3SF,90.0,,90.0,90.0,2019,2049,0.299,0.0,0.0,9730.0
Other Natural Gas,63439,CCFC1,2.8,,2.8,2.8,2018,2068,0.735,7.977,0.298,15571.0
Solar Photovoltaic,60509,PV1,2.3,,2.3,2.3,2016,2046,0.265,0.0,0.0,7714.0
Solar Photovoltaic,60516,PV1,3.0,,3.0,3.0,2016,2046,0.27,0.0,0.0,7714.0
Solar Photovoltaic,60558,PV1,20.0,,20.0,20.0,2017,2047,0.275,0.0,0.0,7714.0
Batteries,64864,WS3BA,36.0,104.4,36.0,36.0,2024,2039,0.85,0.0,0.0,12544.0
Batteries,63849,BESS1,135.0,540.0,135.0,135.0,2023,2038,0.85,0.0,0.0,17250.0
Batteries,65655,HECHQ,80.0,232.0,80.0,80.0,2025,2040,0.85,0.0,0.0,12544.0
Solar Photovoltaic,60572,GEN01,175.0,,175.0,175.0,2024,2054,0.219,0.0,0.0,7714.0
Solar Photovoltaic,60590,RS1,54.0,,54.0,54.0,2016,2046,0.294,0.0,0.0,7714.0
Solar Photovoltaic,60591,RS1,54.0,,54.0,54.0,2016,2046,0.291,0.0,0.0,7714.0
Onshore Wind Turbine,60594,VYGR1,131.1,,131.1,131.1,2019,2049,0.317,0.0,0.0,13321.0
Solar Photovoltaic,60603,PV1,4.4,,4.4,4.4,2017,2047,0.235,0.0,0.0,7714.0
Batteries,66266,1,10.0,10.0,10.0,10.0,2024,2039,0.85,0.0,0.0,12544.0
Solar Photovoltaic,60678,SJ1A,18.5,,19.8,18.5,2018,2048,0.204,0.0,0.0,7714.0
Solar Photovoltaic,60678,SJ1B,1.5,,1.5,1.5,2019,2049,0.2,0.0,0.0,7714.0
Solar Photovoltaic,60684,AHS1,1.0,,1.0,1.0,2016,2046,0.245,0.0,0.0,7714.0
Solar Photovoltaic,60685,CDO1,1.0,,1.4,1.0,2016,2046,0.206,0.0,0.0,7714.0
Solar Photovoltaic,60685,CDO2,0.1,,1.4,0.1,2016,2046,0.206,0.0,0.0,7714.0
Solar Photovoltaic,60685,CDO3,0.2,,1.4,0.2,2016,2046,0.206,0.0,0.0,7714.0
Solar Photovoltaic,60685,CDO4,0.2,,0.2,0.2,2016,2046,0.206,0.0,0.0,7714.0
Natural Gas Fired Combustion Turbine,60698,GT1,35.955,,35.955,35.955,2020,2075,0.007,11.165,1.370381634,1230.331313
Natural Gas Fired Combustion Turbine,60698,GT1,34.545,,34.545,34.545,2020,2075,0.007,11.165,1.370381634,1230.331313
Natural Gas Fired Combustion Turbine,60698,GT2,34.545,,34.545,34.545,2020,2075,0.007,11.167,1.370381634,1230.331313
Natural Gas Fired Combustion Turbine,60698,GT2,35.955,,35.955,35.955,2020,2075,0.007,11.167,1.370381634,1230.331313
Batteries,66285,COND1,200.0,800.0,200.0,200.0,2024,2039,0.85,0.0,0.0,12544.0
Batteries,63943,61730,15.0,60.0,15.0,15.0,2022,2037,0.0,0.0,0.0,12544.0
Solar Photovoltaic,60744,SESI2,2.9,,3.0,2.4,2016,2046,0.349,0.0,0.0,7714.0
Solar Photovoltaic,60745,SESI1,1.9,,2.0,1.6,2016,2046,0.36,0.0,0.0,7714.0
Batteries,63943,61730,45.0,180.0,45.0,45.0,2022,2037,0.0,0.0,0.0,12544.0
Natural Gas Fired Combined Cycle,60768,CTG3,164.0,,174.0,184.0,2003,2058,0.578,7.33,6.207834486,9967.508746
Natural Gas Fired Combined Cycle,60768,CTG4,164.0,,174.0,184.0,2003,2058,0.578,7.33,6.207834486,9967.508746
Natural Gas Fired Combined Cycle,60768,ST10,242.0,,271.0,249.0,2003,2058,0.578,7.33,6.207834486,9967.508746
Solar Photovoltaic,60777,GEN01,128.0,,128.0,128.0,2020,2050,0.253,0.0,0.0,7714.0
Solar Photovoltaic,60790,PV,3.0,,3.0,3.0,2017,2047,0.187,0.0,0.0,7714.0
Solar Photovoltaic,60791,ANZA1,2.0,,2.0,2.0,2017,2047,0.277,0.0,0.0,7714.0
Solar Photovoltaic,60791,ANZA2,1.4,,1.4,1.4,2020,2050,0.268,0.0,0.0,7714.0
Batteries,64601,ESS,0.5,1.0,0.4,0.5,2020,2035,0.03,0.0,0.0,17250.0
Solar Photovoltaic,60813,ECA02,1.0,,1.0,1.0,2019,2049,0.258,0.0,0.0,7714.0
Solar Photovoltaic,60822,PV1,2.8,,2.8,2.8,2017,2047,0.208,0.0,0.0,7714.0
Solar Photovoltaic,60822,PV2,1.4,,1.4,1.4,2018,2048,0.208,0.0,0.0,7714.0
Solar Photovoltaic,60824,PV1,1.0,,1.0,1.0,2016,2046,0.188,0.0,0.0,7714.0
Solar Photovoltaic,60825,CNS1,74.8,,74.8,74.8,2018,2048,0.265,0.0,0.0,7714.0
Solar Photovoltaic,60827,GEN01,160.0,,160.0,160.0,2020,2050,0.283,0.0,0.0,7714.0
Solar Photovoltaic,60844,PV1,3.8,,3.8,3.8,2017,2047,0.219,0.0,0.0,7714.0
Solar Photovoltaic,60844,PV2,2.3,,2.3,2.3,2017,2047,0.219,0.0,0.0,7714.0
Solar Photovoltaic,60846,PV1,1.1,,1.1,1.1,2018,2048,0.217,0.0,0.0,7714.0
Solar Photovoltaic,60861,PV1,2.7,,2.7,2.7,2017,2047,0.221,0.0,0.0,7714.0
Solar Photovoltaic,60869,PB1,9.5,,9.5,9.5,2016,2046,0.295,0.0,0.0,7714.0
Solar Photovoltaic,60914,W5328,2.3,,3.0,1.5,2016,2046,0.331,0.0,0.0,7714.0
Solar Photovoltaic,60947,Q644A,20.0,,20.0,20.0,2017,2047,0.239,0.0,0.0,7714.0
Solar Photovoltaic,60953,W5381,1.0,,1.0,1.0,2016,2046,0.311,0.0,0.0,7714.0
Other Waste Biomass,60960,CTG1,10.0,,11.0,10.0,2017,2062,0.759,13.5,2.443,63592.0
Other Waste Biomass,60960,CTG2,10.0,,11.0,10.0,2017,2062,0.759,13.5,2.443,63592.0
Other Waste Biomass,60960,STG1,2.0,,11.0,2.0,2017,2062,0.759,13.5,2.443,63592.0
Solar Photovoltaic,60964,AEPS1,20.0,,20.0,20.0,2017,2047,0.309,0.0,0.0,7714.0
Solar Photovoltaic,60975,WS532,20.0,,20.0,20.0,2017,2047,0.297,0.0,0.0,7714.0
Solar Photovoltaic,60978,PV1,1.0,,1.0,1.0,2016,2046,0.186,0.0,0.0,7714.0
Solar Photovoltaic,60979,PV1,1.9,,1.9,1.9,2016,2046,0.187,0.0,0.0,7714.0
Solar Photovoltaic,60981,WS526,20.0,,20.0,20.0,2017,2047,0.288,0.0,0.0,7714.0
Solar Photovoltaic,60984,PV1,1.9,,1.9,1.9,2017,2047,0.26,0.0,0.0,7714.0
Solar Photovoltaic,60995,1,3.7,,4.3,3.6,2017,2047,0.115,0.0,0.0,7714.0
Solar Photovoltaic,60996,PV1,2.0,,2.0,2.0,2017,2047,0.192,0.0,0.0,9730.0
Solar Photovoltaic,61006,SCAIR,7.0,,7.0,7.0,2017,2047,0.225,0.0,0.0,7714.0
Solar Photovoltaic,61013,MCES1,10.5,,10.5,10.5,2017,2047,0.227,0.0,0.0,7714.0
Onshore Wind Turbine,61066,WTG1,1.9,,1.9,1.9,2017,2047,0.273,0.0,0.0,13321.0
Onshore Wind Turbine,61067,WTG1,1.9,,1.9,1.9,2017,2047,0.24,0.0,0.0,13321.0
Solar Photovoltaic,61104,PV1,1.3,,1.3,1.3,2017,2047,0.23,0.0,0.0,7714.0
Solar Photovoltaic,61115,MANT1,1.0,,1.0,1.0,2017,2047,0.18,0.0,0.0,7714.0
Solar Photovoltaic,61116,DELA1,1.0,,1.0,1.0,2017,2047,0.184,0.0,0.0,7714.0
Solar Photovoltaic,61117,BAKE1,5.3,,5.3,5.3,2017,2047,0.195,0.0,0.0,7714.0
Solar Photovoltaic,61118,BIND1,1.0,,1.0,1.0,2017,2047,0.242,0.0,0.0,7714.0
Solar Photovoltaic,61152,PV1,5.2,,5.2,5.2,2016,2046,0.169,0.0,0.0,7714.0
Solar Photovoltaic,61167,91MC8,200.0,,200.0,200.0,2025,2055,0.212,0.0,0.0,9730.0
Batteries,65140,SWSH1,160.0,640.0,160.0,160.0,2022,2037,0.0,0.0,0.0,12544.0
Batteries,61168,61168,150.0,600.0,150.0,150.0,2024,2054,0.85,0.0,0.0,12544.0
Solar Photovoltaic,61168,68SF8,200.0,,200.0,200.0,2024,2054,0.212,0.0,0.0,9730.0
Batteries,61169,61169,150.0,435.0,150.0,150.0,2025,2055,0.85,0.0,0.0,12544.0
Solar Photovoltaic,61169,69SV8,200.0,,200.0,200.0,2025,2055,0.212,0.0,0.0,9730.0
Batteries,65140,SWSH1,40.0,160.0,40.0,40.0,2022,2037,0.0,0.0,0.0,12544.0
Solar Photovoltaic,61199,PV1,1.2,,1.2,1.2,2017,2047,0.21,0.0,0.0,7714.0
Solar Photovoltaic,61202,MTSG3,252.3,,252.3,252.3,2018,2048,0.283,0.0,0.0,7714.0
Batteries,65140,SWSH2,120.0,480.0,120.0,120.0,2022,2037,0.0,0.0,0.0,12544.0
Solar Photovoltaic,61209,PV1,3.5,,3.5,3.5,2017,2047,0.244,0.0,0.0,7714.0
Solar Photovoltaic,61215,GBWXC,3.0,,3.0,3.0,2018,2048,0.276,0.0,0.0,7714.0
Solar Photovoltaic,61216,GBWXD,3.0,,3.0,3.0,2018,2048,0.272,0.0,0.0,7714.0
Onshore Wind Turbine,61222,1,46.0,,46.0,46.0,2017,2047,0.388,0.0,0.0,13321.0
Solar Photovoltaic,61249,W5531,2.9,,2.9,2.9,2017,2047,0.214,0.0,0.0,7714.0
Solar Photovoltaic,61250,USPS1,7.4,,7.4,7.4,2017,2047,0.178,0.0,0.0,7714.0
Solar Photovoltaic,61264,ANTX2,105.0,,105.0,105.0,2018,2048,0.269,0.0,0.0,7714.0
Solar Photovoltaic,61265,ADSR3,20.0,,20.0,20.0,2019,2049,0.258,0.0,0.0,7714.0
Solar Photovoltaic,61268,PV1,27.3,,27.3,27.3,2017,2047,0.237,0.0,0.0,7714.0
Solar Photovoltaic,61268,PV2,28.0,,28.0,28.0,2019,2049,0.237,0.0,0.0,7714.0
Solar Photovoltaic,61272,GHS,55.0,,55.0,55.0,2018,2048,0.29,0.0,0.0,7714.0
Solar Photovoltaic,61319,W4885,1.1,,1.1,1.1,2015,2045,0.183,0.0,0.0,7714.0
Batteries,65140,SWSH2,30.0,120.0,30.0,30.0,2022,2037,0.0,0.0,0.0,12544.0
Solar Photovoltaic,61339,GBWXB,3.0,,3.0,3.0,2018,2048,0.265,0.0,0.0,7714.0
Solar Photovoltaic,61348,W5691,2.3,,2.3,2.3,2017,2047,0.177,0.0,0.0,7714.0
Solar Photovoltaic,61349,W5694,2.2,,2.2,2.2,2017,2047,0.191,0.0,0.0,7714.0
Solar Photovoltaic,61353,IVS2,153.5,,153.5,153.5,2020,2050,0.26,0.0,0.0,7714.0
Solar Photovoltaic,61377,PATT1,2.5,,2.5,2.5,2017,2047,0.167,0.0,0.0,7714.0
Landfill Gas,57988,GEN5,0.8,,0.8,0.8,2012,2112,0.708,13.5,3.136,10167.0
Landfill Gas,57988,GEN6,0.8,,0.8,0.8,2012,2112,0.708,13.5,3.136,10167.0
Landfill Gas,57988,GEN4,0.8,,0.8,0.8,2012,2112,0.708,13.5,3.136,10167.0
Solar Photovoltaic,61418,VAL1,3.0,,3.0,3.0,2017,2047,0.247,0.0,0.0,7714.0
Solar Photovoltaic,61419,OTP,2.0,,2.0,2.0,2017,2047,0.327,0.0,0.0,7714.0
Solar Photovoltaic,61420,MRCD1,3.0,,3.0,3.0,2018,2048,0.26,0.0,0.0,7714.0
Solar Photovoltaic,61421,MDRA1,1.5,,1.5,1.5,2017,2047,0.217,0.0,0.0,7714.0
Onshore Wind Turbine,61442,WTG1,1.8,,1.8,1.8,2018,2048,0.356,0.0,0.0,13321.0
Onshore Wind Turbine,61443,WTG1,1.8,,1.8,1.8,2019,2049,0.349,0.0,0.0,13321.0
Onshore Wind Turbine,61444,WTG1,1.8,,1.8,1.8,2018,2048,0.334,0.0,0.0,13321.0
Solar Photovoltaic,61445,PV1,20.0,,20.0,20.0,2018,2048,0.265,0.0,0.0,7714.0
Solar Photovoltaic,61446,PV2,45.0,,45.0,45.0,2023,2053,0.212,0.0,0.0,7714.0
Solar Photovoltaic,61447,PV3,20.0,,20.0,20.0,2023,2053,0.212,0.0,0.0,7714.0
Solar Photovoltaic,61448,PV4,20.0,,20.0,20.0,2023,2053,0.212,0.0,0.0,7714.0
Solar Photovoltaic,61449,PV5,20.0,,20.0,20.0,2023,2053,0.212,0.0,0.0,7714.0
Solar Photovoltaic,61463,VBERG,25.3,,25.3,25.3,2017,2047,0.2,0.0,0.0,7714.0
Other Waste Biomass,61501,GEN1,1.0,,1.0,1.0,2018,2063,0.926,13.5,2.443,63592.0
Other Waste Biomass,61502,GEN1,1.0,,1.0,1.0,2018,2063,0.812,13.5,2.443,63592.0
Other Waste Biomass,61503,GEN1,1.0,,1.0,1.0,2018,2063,0.908,13.5,2.443,63592.0
Other Natural Gas,63701,CST1A,0.9,,0.9,0.9,2019,2069,0.791,6.986,0.298,15571.0
Onshore Wind Turbine,61582,VYGR2,128.7,,128.7,128.7,2018,2048,0.41,0.0,0.0,13321.0
Onshore Wind Turbine,61583,VYGR3,43.2,,43.2,43.2,2018,2048,0.347,0.0,0.0,13321.0
Onshore Wind Turbine,61584,VYGR4,21.6,,21.6,21.6,2018,2048,0.396,0.0,0.0,13321.0
Solar Photovoltaic,61619,SOLSP,1.1,,1.1,1.1,2013,2043,0.224,0.0,0.0,7714.0
Solar Photovoltaic,61620,CORSP,5.0,,5.0,5.0,2013,2043,0.201,0.0,0.0,7714.0
Solar Photovoltaic,61621,WASCO,1.5,,1.5,1.5,2013,2043,0.255,0.0,0.0,7714.0
Solar Photovoltaic,61628,KILRO,1.1,,1.1,0.9,2018,2048,0.783,0.0,0.0,7714.0
Other Natural Gas,63701,CST1B,0.3,,0.3,0.3,2019,2069,0.791,6.987,0.298,15571.0
Solar Photovoltaic,61678,PCEC,20.0,,20.0,20.0,2018,2048,0.348,0.0,0.0,9730.0
Solar Photovoltaic,61682,USG1,1.0,,1.0,1.0,2014,2044,0.304,0.0,0.0,7714.0
Solar Photovoltaic,61683,USG2,1.0,,1.0,1.0,2015,2045,0.202,0.0,0.0,7714.0
Solar Photovoltaic,61692,IVCS,3.0,,3.0,3.0,2016,2046,0.175,0.0,0.0,7714.0
Solar Photovoltaic,61698,FOLSM,1.3,,1.3,1.3,2019,2049,0.188,0.0,0.0,7714.0
Batteries,63486,DA04B,0.5,0.8,0.5,0.5,2019,2034,0.0,0.0,0.0,17250.0
Batteries,67931,DAG1,113.5,329.15,113.5,113.5,2025,2040,,0.0,,
Solar Photovoltaic,61750,WICA,100.0,,106.7,100.0,2018,2048,0.307,0.0,0.0,7714.0
Batteries,66599,1,7.1,20.59,7.3,7.1,2024,2039,0.85,0.0,0.0,12544.0
Solar Photovoltaic,61791,5001,0.8,,1.0,0.7,2018,2048,0.26,0.0,0.0,7714.0
Solar Photovoltaic,61792,5002,1.0,,1.0,0.5,2018,2048,0.296,0.0,0.0,7714.0
Solar Photovoltaic,61824,RPU2,3.0,,3.0,3.0,2018,2048,0.177,0.0,0.0,7714.0
Solar Photovoltaic,61834,SCSP1,0.9,,1.0,0.8,2016,2046,0.259,0.0,0.0,7714.0
Solar Photovoltaic,61834,SCSP2,0.8,,1.0,0.8,2017,2047,0.247,0.0,0.0,7714.0
Solar Photovoltaic,61843,10276,1.1,,1.1,1.1,2018,2048,0.207,0.0,0.0,7714.0
Solar Photovoltaic,61989,PV,3.9,,4.3,2.4,2018,2048,0.127,0.0,0.0,7714.0
Batteries,61995,UCMBA,0.5,0.9,0.5,0.5,2018,2048,0.008,0.0,0.0,17250.0
Solar Photovoltaic,61995,UCMPV,4.3,,4.5,1.8,2018,2048,0.315,0.0,0.0,9730.0
Solar Photovoltaic,62004,SPRWY,100.0,,100.0,100.0,2019,2049,0.299,0.0,0.0,7714.0
Solar Photovoltaic,62015,M2BAR,50.0,,50.0,50.0,2020,2050,0.283,0.0,0.0,7714.0
Solar Photovoltaic,62015,M2WHI,100.0,,100.0,100.0,2020,2050,0.283,0.0,0.0,7714.0
Solar Photovoltaic,62016,UCRIV,3.5,,4.0,2.0,2017,2047,0.285,0.0,0.0,7714.0
Solar Photovoltaic,62020,STANF,3.3,,3.4,1.6,2017,2047,0.295,0.0,0.0,7714.0
Solar Photovoltaic,62028,CSULB,3.3,,4.5,1.8,2017,2047,0.326,0.0,0.0,7714.0
Solar Photovoltaic,62039,SRJCP,1.1,,1.2,0.6,2018,2048,0.183,0.0,0.0,7714.0
Solar Photovoltaic,62052,CIS1,30.0,,30.0,30.0,2019,2049,0.276,0.0,0.0,7714.0
Solar Photovoltaic,62056,LANC,3.0,,3.0,3.0,2018,2048,0.302,0.0,0.0,7714.0
Solar Photovoltaic,62075,PV1,1.1,,1.1,1.1,2019,2049,0.188,0.0,0.0,7714.0
Solar Photovoltaic,62077,PV1,2.1,,1.5,2.1,2019,2049,0.125,0.0,0.0,7714.0
Onshore Wind Turbine,62113,ST-CA,95.3,,95.3,95.3,2023,2053,0.316,0.0,0.0,13321.0
Natural Gas Fired Combined Cycle,62115,1A,95.06,,113.19,113.19,2020,2075,0.47,7.05,1.29,7132.0
Natural Gas Fired Combined Cycle,62115,1A,98.94,,117.81,117.81,2020,2075,0.47,7.05,1.29,7132.0
Natural Gas Fired Combined Cycle,62115,1B,67.9,,80.85,80.85,2020,2075,0.47,7.05,1.29,7132.0
Natural Gas Fired Combined Cycle,62115,1B,126.1,,150.15,150.15,2020,2075,0.47,7.05,1.29,7132.0
Natural Gas Fired Combined Cycle,62115,1S,139.75,,140.4,140.4,2020,2075,0.47,7.05,1.29,7132.0
Natural Gas Fired Combined Cycle,62115,1S,75.25,,75.6,75.6,2020,2075,0.47,7.05,1.29,7132.0
Natural Gas Fired Combined Cycle,62116,1A,100.45,,113.19,111.23,2020,2075,0.54,7.05,1.29,7132.0
Natural Gas Fired Combined Cycle,62116,1A,104.55,,117.81,115.77,2020,2075,0.54,7.05,1.29,7132.0
Natural Gas Fired Combined Cycle,62116,1B,104.55,,117.81,115.77,2020,2075,0.54,7.05,1.29,7132.0
Natural Gas Fired Combined Cycle,62116,1B,100.45,,113.19,111.23,2020,2075,0.54,7.05,1.29,7132.0
Natural Gas Fired Combined Cycle,62116,1S,112.2,,120.972,120.36,2020,2075,0.54,7.05,1.29,7132.0
Natural Gas Fired Combined Cycle,62116,1S,107.8,,116.228,115.64,2020,2075,0.54,7.05,1.29,7132.0
Batteries,65987,DP1,325.0,1300.0,325.0,325.0,2023,2038,0.85,0.0,0.0,17250.0
Solar Photovoltaic,62177,DH001,80.0,,80.0,80.0,2020,2050,0.309,0.0,0.0,7714.0
Solar Photovoltaic,62178,MAV01,125.0,,125.0,125.0,2020,2050,0.27,0.0,0.0,7714.0
Batteries,65988,DP2,75.0,300.0,75.0,75.0,2023,2038,0.85,0.0,0.0,17250.0
Solar Photovoltaic,62242,SBRC,1.3,,1.3,1.3,2018,2048,0.206,0.0,0.0,7714.0
Solar Photovoltaic,62246,TWSP,1.8,,2.3,2.0,2018,2048,0.22,0.0,0.0,7714.0
Batteries,62460,DESI2,1.4,3.7,1.4,1.4,2019,2034,0.0,0.0,0.0,12544.0
Solar Photovoltaic,62288,VAL01,111.2,,111.2,111.2,2019,2049,0.254,0.0,0.0,7714.0
Solar Photovoltaic,62320,ANE1B,17.0,,17.0,17.0,2022,2052,0.284,0.0,0.0,7714.0
Solar Photovoltaic,62378,VSCFW,1.6,,1.6,1.6,2018,2048,0.195,0.0,0.0,7714.0
Batteries,62175,DIBLO,200.0,800.0,200.0,200.0,2022,2037,0.0,0.0,0.0,12544.0
Solar Photovoltaic,62463,GEN01,20.0,,20.0,20.0,2020,2050,0.238,0.0,0.0,7714.0
Solar Photovoltaic,62464,GEN01,50.0,,50.0,50.0,2020,2050,0.201,0.0,0.0,7714.0
Solar Photovoltaic,62465,GEN01,50.0,,50.0,50.0,2020,2050,0.239,0.0,0.0,7714.0
Other Natural Gas,62571,DSY01,1.0,,1.0,1.0,2017,2067,0.865,7.447,0.298,15571.0
Solar Photovoltaic,62545,SACRA,1.7,,1.7,1.7,2020,2050,0.211,0.0,0.0,7714.0
Solar Photovoltaic,62546,ALMND,19.9,,19.9,19.9,2023,2053,0.212,0.0,0.0,7714.0
Solar Photovoltaic,62547,AQUAM,250.0,,250.0,250.0,2021,2051,0.259,0.0,0.0,7714.0
Batteries,260,BAT1,300.0,1200.0,300.0,300.0,2021,2036,0.0,0.0,0.0,12544.0
Batteries,260,BAT2,100.0,400.0,100.0,100.0,2021,2036,0.0,0.0,0.0,12544.0
Batteries,260,BAT3,350.0,1400.0,350.0,350.0,2023,2038,0.85,0.0,0.0,12544.0
Batteries,67565,CEC01,5.0,14.5,5.0,5.0,2025,2040,0.85,0.0,0.0,12544.0
Batteries,64878,BESS,144.0,272.0,144.0,144.0,2022,2037,0.0,0.0,0.0,17250.0
Batteries,65674,BESS,136.0,136.0,136.0,136.0,2023,2038,0.85,0.0,0.0,17250.0
Batteries,64879,BESS,120.0,250.0,120.0,120.0,2022,2037,0.0,0.0,0.0,17250.0
Solar Photovoltaic,62611,HELIX,1.2,,1.2,1.2,2018,2048,0.21,0.0,0.0,7714.0
Batteries,64877,BESS,11.0,31.5,11.0,11.0,2021,2036,0.002,0.0,0.0,17250.0
Batteries,65675,BESS,100.0,100.0,100.0,100.0,2023,2038,0.85,0.0,0.0,17250.0
Solar Photovoltaic,62649,SFDK,6.3,,6.3,6.3,2019,2049,0.186,0.0,0.0,7714.0
Onshore Wind Turbine,62654,WTG1,2.8,,2.8,2.8,2022,2052,0.335,0.0,0.0,13321.0
Onshore Wind Turbine,62654,WTG2,2.8,,2.8,2.8,2022,2052,0.335,0.0,0.0,13321.0
Solar Photovoltaic,62655,HLS,7.6,,7.6,7.6,2019,2049,0.148,0.0,0.0,7714.0
Batteries,65676,BESS,47.0,188.0,47.0,47.0,2023,2038,0.85,0.0,0.0,17250.0
Batteries,64929,BESS,40.0,83.5,40.0,40.0,2022,2037,0.001,0.0,0.0,17250.0
Batteries,64928,BESS,33.0,70.0,33.0,33.0,2022,2037,0.001,0.0,0.0,17250.0
Batteries,65677,BESS,18.8,18.8,18.8,18.8,2023,2038,0.85,0.0,0.0,17250.0
Batteries,60569,SES,7.5,30.0,7.5,7.5,2017,2032,0.0,0.0,0.0,12544.0
Solar Photovoltaic,62673,ANX3A,15.0,,15.0,15.0,2021,2051,0.303,0.0,0.0,7714.0
Solar Photovoltaic,62674,ANX3B,5.0,,5.0,5.0,2021,2051,0.284,0.0,0.0,7714.0
Solar Photovoltaic,62687,RPNPA,1.0,,1.0,1.0,2019,2049,0.255,0.0,0.0,7714.0
Solar Photovoltaic,62687,RPNPB,1.0,,1.0,1.0,2019,2049,0.255,0.0,0.0,7714.0
Solar Photovoltaic,62687,RPNPC,1.0,,1.0,1.0,2019,2049,0.255,0.0,0.0,7714.0
Solar Photovoltaic,62688,MFARM,3.1,,3.1,2.0,2017,2047,0.249,0.0,0.0,7714.0
Solar Photovoltaic,62689,HFARM,2.2,,2.2,1.5,2017,2047,0.238,0.0,0.0,7714.0
Solar Photovoltaic,62690,GFARM,1.7,,1.7,1.1,2018,2048,0.203,0.0,0.0,7714.0
Batteries,389,BESS,30.0,20.0,30.0,30.0,2016,2031,0.0,0.0,0.0,12544.0
Batteries,62964,EL50M,50.0,50.0,50.0,50.0,2023,2038,0.85,0.0,0.0,12544.0
Batteries,66661,HEN,99.4,288.26,99.4,99.4,2024,2039,0.85,0.0,0.0,12544.0
Batteries,66787,ELVPS,70.0,203.0,70.0,70.0,2026,2041,0.85,0.0,0.0,12544.0
Batteries,66263,2222,300.0,1200.0,300.0,300.0,2024,2039,0.85,0.0,0.0,12544.0
Batteries,62564,ELKHO,182.5,730.0,182.5,182.5,2022,2037,0.0,0.0,0.0,12544.0
Batteries,66278,1,10.0,10.0,10.0,10.0,2024,2039,0.85,0.0,0.0,12544.0
Solar Photovoltaic,62732,SSPAI,1.3,,1.3,1.3,2019,2049,0.184,0.0,0.0,7714.0
Batteries,66505,CV150,3.0,6.0,3.0,3.0,2024,2039,0.85,0.0,0.0,12544.0
Batteries,66505,CV151,3.0,6.0,3.0,3.0,2024,2039,0.85,0.0,0.0,12544.0
Batteries,66754,EC01,3.0,8.7,3.0,3.0,2026,2041,0.85,0.0,0.0,12544.0
Solar Photovoltaic,62806,SCC01,2.4,,1.9,1.1,2020,2050,0.225,0.0,0.0,7714.0
Batteries,66551,IB192,3.0,8.7,3.0,3.0,2026,2041,0.85,0.0,0.0,12544.0
Batteries,66551,IB193,3.0,8.7,3.0,3.0,2026,2041,0.85,0.0,0.0,12544.0
Batteries,66552,MH162,3.0,8.7,3.0,3.0,2025,2040,0.85,0.0,0.0,12544.0
Batteries,66755,M01,3.0,8.7,3.0,3.0,2026,2041,0.85,0.0,0.0,12544.0
Batteries,66755,M02,3.0,8.7,3.0,3.0,2026,2041,0.85,0.0,0.0,12544.0
Batteries,66755,M03,3.0,8.7,3.0,3.0,2026,2041,0.85,0.0,0.0,12544.0
Batteries,66755,M04,3.0,8.7,3.0,3.0,2026,2041,0.85,0.0,0.0,12544.0
Batteries,66755,M05,3.0,8.7,3.0,3.0,2026,2041,0.85,0.0,0.0,12544.0
Batteries,62892,SONR2,24.89420191,99.57680764,24.79539194,24.86174999,2026,2056,0.85,0.0,0.0,12544.0
Solar Photovoltaic,62892,SONRI,124.4710096,,124.5968445,124.3087499,2026,2056,0.212,0.0,0.0,9730.0
Solar Photovoltaic,62899,EASTL,100.0,,100.0,100.0,2020,2050,0.279,0.0,0.0,7714.0
Solar Photovoltaic,62902,WUS15,1.5,,1.5,1.5,2020,2050,0.198,0.0,0.0,7714.0
Batteries,66755,M06,3.0,8.7,3.0,3.0,2026,2041,0.85,0.0,0.0,12544.0
Other Natural Gas,62671,EQX1A,2.0,,2.0,2.0,2017,2067,0.853,7.179,0.298,15571.0
Other Natural Gas,62671,EQX1B,2.8,,2.8,2.8,2017,2067,0.853,7.179,0.298,15571.0
Other Natural Gas,62704,EQX09,1.0,,1.0,1.0,2017,2067,0.46,7.318,0.298,15571.0
Solar Photovoltaic,62988,CAWF1,13.0,,13.0,13.0,2020,2050,0.261,0.0,0.0,7714.0
Other Natural Gas,62704,EQX95,1.0,,1.0,1.0,2017,2067,0.46,7.258,0.298,15571.0
Other Natural Gas,62702,EQ14A,2.4,,2.4,2.4,2017,2067,0.715,7.244,0.298,15571.0
Other Natural Gas,62702,EQ14B,2.1,,2.1,2.1,2017,2067,0.715,7.244,0.298,15571.0
Solar Photovoltaic,63021,232,1.2,,1.2,1.2,2018,2048,0.182,0.0,0.0,7714.0
Other Natural Gas,62703,EQ13A,1.8,,1.8,1.8,2017,2067,0.648,7.146,0.298,15571.0
Solar Photovoltaic,63054,CALTR,3.0,,3.0,3.0,2019,2049,0.284,0.0,0.0,7714.0
Other Natural Gas,62703,EQ13B,2.0,,2.0,2.0,2017,2067,0.648,7.146,0.298,15571.0
Solar Photovoltaic,63068,231,2.2,,2.2,2.2,2018,2048,0.194,0.0,0.0,7714.0
Solar Photovoltaic,63074,234,2.6,,2.6,2.6,2018,2048,0.169,0.0,0.0,7714.0
Solar Photovoltaic,63078,EGCRK,3.0,,3.0,3.0,2019,2049,0.303,0.0,0.0,7714.0
Onshore Wind Turbine,63088,ROONR,21.0,,21.0,21.0,2025,2055,0.316,0.0,0.0,14250.0
Other Natural Gas,62705,EQX08,2.0,,2.0,2.0,2017,2067,0.445,7.299,0.298,15571.0
Other Natural Gas,60223,EQXOO,1.0,,1.1,1.0,2015,2065,0.873,7.326,0.298,15571.0
Other Natural Gas,63704,EQ10A,1.2,,1.2,1.2,2019,2069,0.785,6.92,0.298,15571.0
Other Natural Gas,63704,EQ10B,1.2,,1.2,1.2,2019,2069,0.785,6.921,0.298,15571.0
Other Natural Gas,63705,EQ11A,2.0,,2.0,2.0,2018,2068,0.453,6.938,0.298,15571.0
Other Natural Gas,63705,EQ11B,1.4,,1.4,1.4,2018,2068,0.453,6.938,0.298,15571.0
Other Natural Gas,63705,EQ11C,1.8,,1.8,1.8,2018,2068,0.453,6.938,0.298,15571.0
Other Natural Gas,63708,EQ15A,2.0,,2.0,2.0,2018,2068,0.834,7.168,0.298,15571.0
Onshore Wind Turbine,63114,MCWF,350.0,,350.0,350.0,2020,2050,0.332,0.0,0.0,13321.0
Onshore Wind Turbine,63126,SNDHA,13.5,,13.5,13.5,2025,2055,0.316,0.0,0.0,14250.0
Solar Photovoltaic,63127,DS,100.0,,100.0,100.0,2022,2052,0.327,0.0,0.0,7714.0
Solar Photovoltaic,63189,BIORD,2.4,,2.3,1.1,2021,2051,0.235,0.0,0.0,7714.0
Other Natural Gas,63708,EQ15B,2.0,,2.0,2.0,2018,2068,0.834,7.168,0.298,15571.0
Batteries,60570,SES,30.0,120.0,30.0,30.0,2017,2032,0.0,0.0,0.0,12544.0
Solar Photovoltaic,63204,HLS,2.0,,2.0,2.0,2019,2049,0.202,0.0,0.0,7714.0
Other Waste Biomass,60220,ZWED1,0.8,,0.8,0.8,2015,2060,0.163,16.021,2.443,63592.0
Batteries,66772,ESTRB,28.0,112.0,28.0,28.0,2023,2038,0.85,0.0,0.0,17250.0
Solar Photovoltaic,63300,IPAT1,250.0,,250.0,250.0,2022,2052,0.33,0.0,0.0,7714.0
Solar Photovoltaic,63303,AISP,1.1,,1.2,0.7,2017,2047,0.215,0.0,0.0,7714.0
Batteries,61365,FBES,40.0,40.0,40.0,40.0,2023,2038,0.85,0.0,0.0,12544.0
Solar Photovoltaic,63349,AZ1,32.5,,32.5,32.5,2020,2050,0.284,0.0,0.0,7714.0
Solar Photovoltaic,63361,MIP2T,1.0,,1.0,1.0,2018,2048,0.224,0.0,0.0,7714.0
Solar Photovoltaic,63363,NBS,1.0,,1.0,1.0,2018,2048,0.183,0.0,0.0,7714.0
Solar Photovoltaic,63376,PPHS,1.1,,1.2,0.8,2015,2045,0.327,0.0,0.0,7714.0
Solar Photovoltaic,63385,CA135,3.5,,3.5,3.5,2014,2044,0.204,0.0,0.0,7714.0
Solar Photovoltaic,63387,RSS2,160.0,,160.0,160.0,2021,2051,0.17,0.0,0.0,7714.0
Solar Photovoltaic,63414,IOSII,3.7,,4.0,3.3,2020,2050,0.104,0.0,0.0,7714.0
Solar Photovoltaic,63418,1122,2.3,,2.3,2.3,2020,2050,0.239,0.0,0.0,7714.0
Solar Photovoltaic,63419,1122,2.0,,2.0,2.0,2020,2050,0.206,0.0,0.0,7714.0
Solar Photovoltaic,63420,903,1.2,,1.2,1.2,2020,2050,0.206,0.0,0.0,9730.0
Batteries,63420,BA903,0.4,0.4,0.4,0.4,2020,2050,0.0,0.0,0.0,17250.0
Solar Photovoltaic,63421,291,1.2,,1.2,1.2,2020,2050,0.197,0.0,0.0,9730.0
Batteries,63421,BA291,0.2,0.2,0.2,0.2,2020,2050,0.009,0.0,0.0,17250.0
Solar Photovoltaic,63422,1122,1.5,,1.5,1.5,2020,2050,0.182,0.0,0.0,9730.0
Batteries,63422,BA112,0.3,0.3,0.3,0.3,2020,2050,0.0,0.0,0.0,17250.0
Solar Photovoltaic,63440,GEN01,150.0,,150.0,150.0,2021,2051,0.298,0.0,0.0,7714.0
Solar Photovoltaic,63455,INV1,0.5,,0.5,0.5,2009,2039,0.219,0.0,0.0,7714.0
Solar Photovoltaic,63455,INV2,0.5,,0.5,0.5,2009,2039,0.219,0.0,0.0,7714.0
Solar Photovoltaic,63476,SAINT,100.0,,100.0,100.0,2021,2051,0.326,0.0,0.0,7714.0
Onshore Wind Turbine,63482,PW1,64.5,,64.5,64.5,2021,2051,0.375,0.0,0.0,13321.0
Solar Photovoltaic,63486,DA04,1.7,,1.7,1.2,2019,2049,0.312,0.0,0.0,7714.0
Solar Photovoltaic,63487,WSOL,20.0,,20.0,20.0,2022,2052,0.184,0.0,0.0,7714.0
Geothermal,63490,OEC1,29.6,,44.4,44.4,2022,2052,0.831,9.771,0.587,65021.0
Solar Photovoltaic,63493,SIAD,2.4,,2.5,1.6,2018,2048,0.278,0.0,0.0,7714.0
Solar Photovoltaic,63508,CSPV1,44.0,,44.0,44.0,2025,2055,0.212,0.0,0.0,9730.0
Solar Photovoltaic,63510,PV1,1.8,,1.8,1.8,2020,2050,0.121,0.0,0.0,9730.0
Solar Photovoltaic,63514,MLO2,1.4,,1.4,1.0,2019,2049,0.289,0.0,0.0,7714.0
Solar Photovoltaic,63516,CACTY,1.9,,1.9,1.9,2018,2048,0.325,0.0,0.0,7714.0
Solar Photovoltaic,63527,GEN1,1.9,,1.9,1.9,2020,2050,0.145,0.0,0.0,7714.0
Solar Photovoltaic,63531,10327,1.3,,1.3,1.3,2019,2049,0.268,0.0,0.0,7714.0
Solar Photovoltaic,63545,GEN1,30.0,,30.0,30.0,2020,2050,0.278,0.0,0.0,9730.0
Solar Photovoltaic,63554,PV2,10.9,,10.9,10.9,2016,2046,0.257,0.0,0.0,7714.0
Batteries,68529,FS01,200.0,580.0,200.0,200.0,2025,2040,,0.0,,
Other Natural Gas,62575,FLX01,1.5,,1.5,1.5,2017,2067,0.994,7.464,0.298,15571.0
Other Waste Biomass,60220,ZWED2,0.8,,0.8,0.8,2015,2060,0.163,16.025,2.443,63592.0
Solar Photovoltaic,63623,GEN1,1.7,,1.7,1.7,2020,2050,0.13,0.0,0.0,7714.0
Solar Photovoltaic,63651,5812,4.0,,4.0,4.0,2012,2042,0.219,0.0,0.0,7714.0
Onshore Wind Turbine,63652,SNDHB,17.0,,17.0,17.0,2025,2055,0.316,0.0,0.0,13321.0
Onshore Wind Turbine,63653,SNDHC,80.0,,80.0,80.0,2025,2055,0.316,0.0,0.0,13321.0
Batteries,67288,BESSA,1.3,3.77,1.3,1.3,2024,2039,0.85,0.0,0.0,12544.0
Batteries,67859,BESSB,1.2,3.48,1.2,1.2,2024,2039,0.85,0.0,0.0,12544.0
Solar Photovoltaic,63674,DEDEA,0.9,,0.9,0.9,2019,2049,0.0,0.0,0.0,7714.0
Other Natural Gas,57809,FRK00,1.0,,1.1,1.0,2011,2061,0.437,9.656,0.298,15571.0
Batteries,10156,BESS1,16.0,16.0,16.0,16.0,2023,2038,0.85,0.0,0.0,17250.0
Batteries,63834,GTWAY,250.0,700.0,250.0,250.0,2020,2035,0.0,0.0,0.0,12544.0
Other Natural Gas,63714,GEN05,2.5,,2.5,2.5,2019,2069,0.746,7.043,0.298,15571.0
Batteries,60231,BA1,2.0,2.0,2.0,2.0,2016,2031,0.0,0.0,0.0,17250.0
Batteries,60974,2BESS,2.0,1.0,2.0,2.0,2017,2032,0.0,0.0,0.0,12544.0
Solar Photovoltaic,63727,SL3EC,67.5,,67.5,67.5,2022,2052,0.29,0.0,0.0,9730.0
Solar Photovoltaic,63727,SLATE,50.5,,50.5,50.5,2021,2051,0.272,0.0,0.0,9730.0
Batteries,63727,SLB3C,33.8,135.0,33.8,33.8,2022,2052,0.0,0.0,0.0,17250.0
Batteries,63727,SLBES,50.0,200.0,50.0,50.0,2022,2052,0.0,0.0,0.0,17250.0
Batteries,63727,SLBPW,10.0,40.0,10.0,10.0,2022,2052,0.0,0.0,0.0,17250.0
Batteries,63727,SLBSV,46.5,186.0,46.5,46.5,2022,2052,0.0,0.0,0.0,17250.0
Solar Photovoltaic,63727,SLPWR,26.0,,26.0,26.0,2022,2052,0.29,0.0,0.0,9730.0
Solar Photovoltaic,63727,SLSTN,63.0,,63.0,63.0,2022,2052,0.292,0.0,0.0,9730.0
Solar Photovoltaic,63727,SLSVC,93.0,,93.0,93.0,2022,2052,0.289,0.0,0.0,9730.0
Batteries,63859,RCBA,147.0,147.0,147.0,147.0,2024,2039,0.85,0.0,0.0,12544.0
Batteries,66394,GOLET,60.0,160.0,60.0,60.0,2023,2038,0.85,0.0,0.0,17250.0
Solar Photovoltaic,63761,SSCLC,1.0,,1.0,1.0,2020,2050,0.277,0.0,0.0,7714.0
Solar Photovoltaic,63761,SSCLD,1.0,,1.0,1.0,2020,2050,0.277,0.0,0.0,7714.0
Solar Photovoltaic,63762,SILVA,1.0,,1.0,1.0,2021,2051,0.151,0.0,0.0,7714.0
Solar Photovoltaic,63762,SILVB,1.0,,1.0,1.0,2021,2051,0.151,0.0,0.0,7714.0
Solar Photovoltaic,63762,SILVC,1.0,,1.0,1.0,2021,2051,0.151,0.0,0.0,7714.0
Solar Photovoltaic,63798,ATL01,169.8089862,,174.3498644,169.347114,2025,2055,0.219,0.0,0.0,9730.0
Batteries,63798,ATLB1,169.8089862,679.2359448,174.3498644,169.347114,2025,2055,0.85,0.0,0.0,12544.0
Solar Photovoltaic,63848,SBLUE,250.0,,250.0,250.0,2023,2053,0.212,0.0,0.0,7714.0
Solar Photovoltaic,63849,CHNUT,150.6,,150.6,150.6,2023,2053,0.212,0.0,0.0,7714.0
Solar Photovoltaic,63850,CHERY,249.7,,249.7,249.7,2025,2055,0.212,0.0,0.0,7714.0
Solar Photovoltaic,63851,GRAPE,246.4,,246.4,246.4,2025,2055,0.212,0.0,0.0,7714.0
Solar Photovoltaic,63859,RCTR,192.0,,192.0,192.0,2020,2050,0.333,0.0,0.0,7714.0
Solar Photovoltaic,63870,CPSLO,1.2,,1.2,1.2,2024,2054,0.212,0.0,0.0,7714.0
Solar Photovoltaic,63875,KRNVL,3.0,,3.0,3.0,2023,2053,0.212,0.0,0.0,7714.0
Batteries,56472,BA1,10.0,10.0,10.0,10.0,2016,2031,0.0,0.0,0.0,12544.0
Solar Photovoltaic,63932,TITN1,70.0,,70.0,70.0,2020,2050,0.298,0.0,0.0,7714.0
Solar Photovoltaic,63940,CEN40,40.0,,40.0,40.0,2021,2051,0.248,0.0,0.0,7714.0
Onshore Wind Turbine,63941,OA1,14.4,,14.4,14.4,2021,2051,0.402,0.0,0.0,13321.0
Solar Photovoltaic,63947,579,2.3,,2.3,2.3,2021,2051,0.203,0.0,0.0,7714.0
Solar Photovoltaic,63986,10136,0.9,,0.9,0.9,2017,2047,0.0,0.0,0.0,7714.0
Batteries,66023,19043,1.0,1.0,1.0,1.0,2024,2039,0.85,0.0,0.0,12544.0
Solar Photovoltaic,64028,EMDF,2.9,,2.9,2.9,2021,2051,0.164,0.0,0.0,7714.0
Solar Photovoltaic,64049,NCRC,1.8,,1.8,1.8,2021,2051,0.176,0.0,0.0,7714.0
Solar Photovoltaic,64103,DH002,70.0,,70.0,70.0,2020,2050,0.272,0.0,0.0,9730.0
Batteries,64103,DH003,35.0,140.0,35.0,35.0,2021,2051,0.001,0.0,0.0,17250.0
Solar Photovoltaic,64104,MAV02,100.0,,100.0,100.0,2020,2050,0.332,0.0,0.0,7714.0
Solar Photovoltaic,64105,MAV03,100.0,,100.0,100.0,2021,2051,0.326,0.0,0.0,9730.0
Batteries,64105,MAV04,50.0,200.0,50.0,50.0,2022,2052,0.0,0.0,0.0,17250.0
Solar Photovoltaic,64106,MAV05,132.0,,132.0,132.0,2021,2051,0.324,0.0,0.0,7714.0
Other Waste Biomass,64141,4,1.0,,1.0,1.0,2020,2065,0.271,13.894,2.443,63592.0
Batteries,64197,FTHSB,117.0,137.0,137.0,117.0,2023,2053,0.85,0.0,0.0,17250.0
Solar Photovoltaic,64197,FTHSS,150.0,,150.0,150.0,2023,2053,0.212,0.0,0.0,9730.0
Solar Photovoltaic,64209,26SBA,297.6787676,,297.7620189,297.6442297,2026,2056,0.212,0.0,0.0,9730.0
Batteries,64209,26SBB,297.6787676,1190.7150704,297.7620189,297.6442297,2026,2056,0.85,0.0,0.0,12544.0
Solar Photovoltaic,64210,50LWA,500.0,,500.0,500.0,2025,2055,0.212,0.0,0.0,9730.0
Batteries,64210,50LWB,500.0,1450.0,500.0,500.0,2025,2055,0.85,0.0,0.0,12544.0
Solar Photovoltaic,64215,45MGA,119.071507,,119.1048075,119.0576919,2025,2055,0.212,0.0,0.0,9730.0
Batteries,64215,45MGB,119.071507,476.286028,119.1048075,119.0576919,2025,2055,0.85,0.0,0.0,12544.0
Solar Photovoltaic,64264,298,3.0,,3.0,3.0,2020,2050,0.264,0.0,0.0,7714.0
Solar Photovoltaic,64267,265,3.0,,3.0,3.0,2020,2050,0.277,0.0,0.0,7714.0
Solar Photovoltaic,64270,COLT1,2.6,,2.6,2.6,2021,2045,0.187,0.0,0.0,7714.0
Solar Photovoltaic,64290,IPAT2,200.0,,200.0,200.0,2021,2051,0.335,0.0,0.0,7714.0
Solar Photovoltaic,64308,HLDBG,3.0,,3.0,3.0,2020,2050,0.231,0.0,0.0,7714.0
Batteries,67474,BESS1,150.0,435.0,150.0,150.0,2025,2040,0.85,0.0,0.0,12544.0
Batteries,61722,IRV01,1.0,6.5,1.0,1.0,2018,2033,0.0,0.0,0.0,12544.0
Batteries,61722,IRV1W,4.5,27.0,4.5,4.5,2018,2033,0.0,0.0,0.0,12544.0
Batteries,61723,IRV06,2.5,15.0,2.5,2.5,2018,2033,0.0,0.0,0.0,12544.0
Batteries,61723,IRV2W,3.3,19.8,3.3,3.3,2018,2033,0.0,0.0,0.0,12544.0
Onshore Wind Turbine,64323,CHW,61.2,,61.2,61.2,2021,2051,0.321,0.0,0.0,13321.0
Onshore Wind Turbine,64326,DYER,46.2,,47.5,46.2,2021,2051,0.374,0.0,0.0,13321.0
Onshore Wind Turbine,64326,FRICK,10.0,,10.0,10.0,2021,2051,0.374,0.0,0.0,13321.0
Batteries,65635,HEDS1,10.0,29.0,10.0,10.0,2025,2040,0.85,0.0,0.0,12544.0
Solar Photovoltaic,64376,TRANQ,1.3,,1.3,1.3,2018,2048,0.269,0.0,0.0,7714.0
Solar Photovoltaic,64418,BB000,5.5,,5.5,5.5,2020,2050,0.17,0.0,0.0,7714.0
Batteries,62889,HEGJF,10.0,40.0,10.0,10.0,2021,2036,0.0,0.0,0.0,12544.0
Batteries,62889,HJFII,10.0,40.0,10.0,10.0,2021,2036,0.0,0.0,0.0,12544.0
Solar Photovoltaic,64426,WIL,100.0,,130.0,100.0,2021,2051,0.313,0.0,0.0,9730.0
Batteries,64426,WILBA,30.0,60.0,30.0,30.0,2021,2051,0.001,0.0,0.0,17250.0
Solar Photovoltaic,64428,JVR1A,53.58217816,,53.59716339,53.57596135,2026,2056,0.212,0.0,0.0,9730.0
Batteries,64428,JVR1B,41.67502746,166.70010984,41.68668264,41.67019216,2026,2056,0.85,0.0,0.0,12544.0
Solar Photovoltaic,64429,19001,2.6,,2.6,2.6,2023,2053,0.212,0.0,0.0,7714.0
Batteries,66409,GWNT,135.0,391.5,135.0,135.0,2026,2041,0.85,0.0,0.0,12544.0
Solar Photovoltaic,64438,VALLE,1.4,,1.4,1.4,2021,2051,0.28,0.0,0.0,7714.0
Solar Photovoltaic,64441,266,3.0,,3.0,3.0,2021,2051,0.31,0.0,0.0,7714.0
Solar Photovoltaic,64471,BYHWY,5.0,,5.0,5.0,2022,2052,0.279,0.0,0.0,7714.0
Solar Photovoltaic,64481,AEC1,100.0,,100.0,100.0,2022,2052,0.334,0.0,0.0,9730.0
Solar Photovoltaic,64481,AEC2,133.0,,133.0,133.0,2023,2053,0.212,0.0,0.0,9730.0
Batteries,64481,AEC2B,132.0,528.0,132.0,132.0,2022,2052,0.0,0.0,0.0,17250.0
Solar Photovoltaic,64489,GEN1,90.0,,90.0,90.0,2023,2053,0.212,0.0,0.0,9730.0
Batteries,60641,HDES1,10.0,40.0,10.0,10.0,2021,2036,0.0,0.0,0.0,12544.0
Solar Photovoltaic,64517,DOJ,2.4,,2.4,2.4,2020,2050,0.178,0.0,0.0,7714.0
Solar Photovoltaic,64518,CIW,1.0,,1.0,1.0,2020,2050,0.283,0.0,0.0,7714.0
Solar Photovoltaic,64519,CENSP,6.0,,6.0,6.0,2019,2049,0.329,0.0,0.0,7714.0
Solar Photovoltaic,64521,CALSP,6.0,,6.0,6.0,2019,2049,0.311,0.0,0.0,7714.0
Solar Photovoltaic,64523,ATASC,1.1,,1.1,1.1,2020,2050,0.273,0.0,0.0,7714.0
Solar Photovoltaic,64564,AEC3,131.0,,131.0,131.0,2022,2052,0.265,0.0,0.0,9730.0
Batteries,64564,AEC3B,110.0,440.0,110.0,110.0,2022,2052,0.001,0.0,0.0,17250.0
Solar Photovoltaic,64566,CNTRL,100.0,,100.0,100.0,2022,2052,0.314,0.0,0.0,7714.0
Solar Photovoltaic,64579,GEN1,3.0,,3.0,3.0,2014,2044,0.182,0.0,0.0,7714.0
Solar Photovoltaic,64580,GEN,3.0,,3.0,3.0,2013,2043,0.241,0.0,0.0,7714.0
Solar Photovoltaic,64600,PLDPL,3.0,,3.0,3.0,2018,2048,0.161,0.0,0.0,7714.0
Batteries,67695,823,30.0,127.0,30.0,30.0,2024,2039,0.85,0.0,0.0,12544.0
Solar Photovoltaic,64601,PV,1.7,,1.7,1.1,2020,2050,0.256,0.0,0.0,9730.0
Batteries,65398,HMSD1,14.0,40.6,14.0,14.0,2026,2041,0.85,0.0,0.0,12544.0
Solar Photovoltaic,64611,2,3.0,,3.0,3.0,2020,2050,0.173,0.0,0.0,9730.0
Other Natural Gas,58300,HON,1.0,,1.1,1.0,2012,2062,0.087,7.908,0.298,15571.0
Other Waste Biomass,64622,GEN1,1.0,,1.0,1.0,2021,2066,0.607,13.5,2.443,63592.0
Other Waste Biomass,64622,GEN2,1.0,,1.0,1.0,2021,2066,0.607,13.5,2.443,63592.0
Batteries,64624,BESS1,50.0,50.0,50.0,50.0,2021,2051,0.0,0.0,0.0,17250.0
Solar Photovoltaic,64624,GEN1,100.0,,100.0,100.0,2021,2051,0.321,0.0,0.0,9730.0
Solar Photovoltaic,64630,GEN01,100.0,,100.0,100.0,2022,2052,0.273,0.0,0.0,9730.0
Solar Photovoltaic,64633,20SD8,300.0,,300.0,300.0,2024,2054,0.212,0.0,0.0,9730.0
Batteries,64633,20SDB,240.0,960.0,240.0,240.0,2024,2054,0.85,0.0,0.0,12544.0
Batteries,65395,HUMB1,75.0,217.5,75.0,75.0,2024,2039,0.85,0.0,0.0,12544.0
Solar Photovoltaic,64676,359,5.0,,5.0,5.0,2021,2051,0.242,0.0,0.0,7714.0
Solar Photovoltaic,64693,299,1.0,,1.0,1.0,2021,2051,0.184,0.0,0.0,7714.0
Solar Photovoltaic,64700,390,1.5,,1.5,1.5,2021,2051,0.236,0.0,0.0,7714.0
Batteries,65897,INPKY,9.8,28.42,9.8,9.8,2025,2040,0.85,0.0,0.0,12544.0
Batteries,66726,IEESS,70.0,200.0,70.0,70.0,2024,2039,0.85,0.0,0.0,12544.0
Solar Photovoltaic,64751,267,3.8,,3.8,3.8,2021,2051,0.227,0.0,0.0,7714.0
Other Natural Gas,60224,NTL00,1.0,,1.1,1.0,2015,2065,0.831,7.41,0.298,15571.0
Batteries,60996,BA1,10.0,2.5,10.0,10.0,2017,2032,0.0,0.0,0.0,17250.0
Solar Photovoltaic,64766,RCAM1,1.8,,2.2,1.8,2021,2051,0.033,0.0,0.0,9730.0
Batteries,64766,RCAM2,1.8,8.8,2.2,1.8,2021,2051,0.0,0.0,0.0,17250.0
Solar Photovoltaic,64836,CATAL,1.0,,1.0,1.0,2020,2050,0.207,0.0,0.0,7714.0
Solar Photovoltaic,64837,MARIN,1.0,,1.0,1.0,2020,2050,0.216,0.0,0.0,7714.0
Solar Photovoltaic,64846,PR000,1.8,,1.8,1.8,2021,2051,0.197,0.0,0.0,7714.0
Batteries,64851,DAGGB,131.0,524.0,131.0,131.0,2023,2053,0.85,0.0,0.0,17250.0
Solar Photovoltaic,64851,DAGGP,182.0,,182.0,182.0,2023,2053,0.212,0.0,0.0,9730.0
Batteries,64852,DAGGB,149.0,596.0,149.0,149.0,2023,2053,0.85,0.0,0.0,17250.0
Solar Photovoltaic,64852,DAGGP,300.0,,300.0,300.0,2023,2053,0.212,0.0,0.0,9730.0
Solar Photovoltaic,64861,392,1.3,,1.3,1.3,2021,2051,0.248,0.0,0.0,7714.0
Batteries,64864,CHAPB,52.0,150.8,52.0,52.0,2024,2054,0.85,0.0,0.0,12544.0
Solar Photovoltaic,64864,CHAPS,102.0,,102.0,102.0,2024,2054,0.212,0.0,0.0,9730.0
Solar Photovoltaic,64864,GEN01,72.0,,72.0,72.0,2024,2054,0.212,0.0,0.0,9730.0
Batteries,63843,SASP1,20.0,20.0,20.0,20.0,2021,2036,0.0,0.0,0.0,12544.0
Solar Photovoltaic,64877,PV,27.1,,27.1,27.1,2021,2051,0.233,0.0,0.0,9730.0
Other Natural Gas,63711,JSR00,1.1,,1.1,1.1,2019,2069,0.915,7.155,0.298,15571.0
Solar Photovoltaic,64878,PV,149.3,,149.3,149.3,2022,2052,0.202,0.0,0.0,9730.0
Solar Photovoltaic,64879,PV,137.8,,137.8,137.8,2021,2051,0.258,0.0,0.0,9730.0
Solar Photovoltaic,64908,GEN01,200.0,,200.0,200.0,2024,2054,0.212,0.0,0.0,9730.0
Batteries,64908,GEN02,40.0,200.0,40.0,40.0,2024,2054,0.85,0.0,0.0,12544.0
Solar Photovoltaic,64909,TSC,55.8,,55.8,55.8,2022,2057,0.263,0.0,0.0,7714.0
Solar Photovoltaic,64914,71466,2.0,,2.0,2.0,2023,2053,0.212,0.0,0.0,7714.0
Solar Photovoltaic,64928,PV,37.7,,37.7,37.7,2022,2052,0.272,0.0,0.0,9730.0
Solar Photovoltaic,64929,PV,44.6,,44.6,44.6,2022,2052,0.269,0.0,0.0,9730.0
Other Natural Gas,58301,JPR,1.0,,1.1,1.0,2012,2062,0.641,7.616,0.298,15571.0
Solar Photovoltaic,64993,BB1PV,70.0,,70.0,70.0,2022,2052,0.301,0.0,0.0,9730.0
Solar Photovoltaic,64993,BB2PV,58.0,,58.0,58.0,2022,2052,0.219,0.0,0.0,9730.0
Solar Photovoltaic,65002,WERL,2.5,,2.5,2.5,2020,2050,0.23,0.0,0.0,7714.0
Other Natural Gas,62699,KSR24,1.4,,1.4,1.4,2017,2067,0.851,20.864,0.298,15571.0
Other Natural Gas,58128,KRSO1,0.2,,0.2,0.2,2012,2062,0.61,7.773,0.298,15571.0
Other Natural Gas,58128,KRSO2,0.2,,0.2,0.2,2012,2062,0.61,7.774,0.298,15571.0
Run of River Hydroelectric,65033,UNIT1,0.2,,0.3,0.2,1990,2090,0.18,0.0,0.0,15104.0
Run of River Hydroelectric,65033,UNIT2,0.2,,0.3,0.2,1990,2090,0.18,0.0,0.0,15104.0
Run of River Hydroelectric,65033,UNIT3,0.2,,0.3,0.2,1990,2090,0.18,0.0,0.0,15104.0
Run of River Hydroelectric,65033,UNIT4,0.2,,0.4,0.2,1990,2090,0.18,0.0,0.0,15104.0
Other Natural Gas,58128,KRSO3,0.2,,0.2,0.2,2012,2062,0.61,7.774,0.298,15571.0
Other Natural Gas,58128,KRSO4,0.2,,0.2,0.2,2012,2062,0.61,7.774,0.298,15571.0
Other Natural Gas,58128,KRSO5,0.2,,0.2,0.2,2012,2062,0.61,7.774,0.298,15571.0
Solar Photovoltaic,65053,IPBMS,223.6,,223.6,223.6,2022,2052,0.299,0.0,0.0,9730.0
Solar Photovoltaic,65073,PV1,6.4,,6.4,6.4,2023,2053,0.212,0.0,0.0,7714.0
Solar Photovoltaic,65089,5452,3.5,,3.6,2.4,2021,2051,0.325,0.0,0.0,7714.0
Solar Photovoltaic,65091,293,4.3,,4.3,4.3,2022,2052,0.228,0.0,0.0,7714.0
Other Natural Gas,62698,KR059,2.2,,2.2,2.2,2017,2067,0.849,7.316,0.298,15571.0
Solar Photovoltaic,65104,15111,2.0,,2.0,2.0,2024,2054,0.212,0.0,0.0,7714.0
Solar Photovoltaic,65105,15111,4.0,,4.0,4.0,2024,2054,0.212,0.0,0.0,7714.0
Solar Photovoltaic,65131,PV1,0.5,,0.5,0.5,2016,2046,0.173,0.0,0.0,7714.0
Solar Photovoltaic,65131,PV2,0.9,,0.9,0.9,2017,2047,0.173,0.0,0.0,7714.0
Other Natural Gas,62701,KS18A,2.5,,2.5,2.5,2017,2067,0.888,7.222,0.298,15571.0
Solar Photovoltaic,65132,PV1,4.5,,4.5,4.5,2022,2052,0.173,0.0,0.0,7714.0
Other Natural Gas,62701,KS18B,2.3,,2.3,2.3,2017,2067,0.888,7.222,0.298,15571.0
Other Natural Gas,58132,KSRO1,0.2,,0.2,0.2,2012,2062,0.3,7.632,0.298,15571.0
Other Natural Gas,58132,KSRO2,0.2,,0.2,0.2,2012,2062,0.3,7.632,0.298,15571.0
Other Natural Gas,58132,KSRO3,0.2,,0.2,0.2,2012,2062,0.3,7.632,0.298,15571.0
Other Natural Gas,58132,KSRO4,0.2,,0.2,0.2,2012,2062,0.3,7.632,0.298,15571.0
Other Natural Gas,58132,KSRO5,0.2,,0.2,0.2,2012,2062,0.3,7.632,0.298,15571.0
Solar Photovoltaic,65168,FHF,1.1,,1.0,1.1,2021,2051,0.167,0.0,0.0,7714.0
Other Natural Gas,62700,KSR23,1.0,,1.0,1.0,2017,2067,0.868,7.268,0.298,15571.0
Solar Photovoltaic,65182,CSLPA,2.3,,2.3,2.3,2022,2052,0.243,0.0,0.0,7714.0
Solar Photovoltaic,65185,GEN1,1.0,,1.0,1.0,2011,2041,0.212,0.0,0.0,7714.0
Solar Photovoltaic,65186,GEN1,1.0,,1.0,1.0,2009,2039,0.153,0.0,0.0,7714.0
Solar Photovoltaic,65187,GEN1,1.0,,1.8,1.0,2016,2046,0.347,0.0,0.0,7714.0
Solar Photovoltaic,65188,GEN1,1.6,,1.6,1.6,2018,2048,0.228,0.0,0.0,7714.0
Solar Photovoltaic,65189,WVSA1,1.0,,1.2,0.7,2022,2052,0.239,0.0,0.0,7714.0
Solar Photovoltaic,65190,WVSA2,1.0,,1.3,0.9,2022,2052,0.206,0.0,0.0,7714.0
Solar Photovoltaic,65238,GEN1,2.4,,2.4,2.4,2019,2049,0.159,0.0,0.0,7714.0
Batteries,62441,U1,1.0,1.0,1.0,1.0,2020,2035,0.0,0.0,0.0,12544.0
Batteries,64612,KNES,10.0,40.0,10.0,10.0,2022,2037,0.0,0.0,0.0,12544.0
Batteries,64614,KSES,10.0,40.0,10.0,10.0,2022,2037,0.0,0.0,0.0,12544.0
Other Natural Gas,59280,KLG00,1.0,,1.1,1.0,2013,2063,0.437,7.882,0.298,15571.0
Solar Photovoltaic,65251,GEN1,1.9,,1.9,1.9,2019,2049,0.072,0.0,0.0,7714.0
Solar Photovoltaic,65252,GEN1,2.4,,2.4,2.4,2018,2048,0.069,0.0,0.0,7714.0
Solar Photovoltaic,65253,GEN1,2.2,,2.2,2.2,2018,2048,0.164,0.0,0.0,7714.0
Solar Photovoltaic,65254,GEN1,2.7,,2.7,2.7,2018,2048,0.15,0.0,0.0,7714.0
Solar Photovoltaic,65255,GEN1,1.5,,1.5,1.5,2018,2048,0.069,0.0,0.0,7714.0
Solar Photovoltaic,65256,GEN1,2.0,,2.0,2.0,2018,2048,0.07,0.0,0.0,7714.0
Batteries,68801,NUCOR,50.0,145.0,50.0,50.0,2025,2040,,0.0,,
Solar Photovoltaic,65330,BALB1,2.4,,2.4,2.4,2022,2052,0.202,0.0,0.0,7714.0
Solar Photovoltaic,65330,VSPRC,0.8,,0.8,0.8,2022,2052,0.199,0.0,0.0,9730.0
Solar Photovoltaic,65331,NORMA,2.6,,2.6,2.4,2021,2051,0.334,0.0,0.0,7714.0
Solar Photovoltaic,65365,17024,2.6,,2.6,2.6,2023,2053,0.212,0.0,0.0,7714.0
Solar Photovoltaic,65382,PV,2.8,,3.0,2.3,2021,2051,0.298,0.0,0.0,9730.0
Solar Photovoltaic,65383,003-A,1.0,,1.0,1.0,2021,2051,0.257,0.0,0.0,7714.0
Solar Photovoltaic,65383,003-B,1.0,,1.0,1.0,2021,2051,0.258,0.0,0.0,7714.0
Batteries,67680,KOLA,275.0,797.5,275.0,275.0,2025,2040,0.85,0.0,0.0,12544.0
Batteries,67680,KOLA2,125.0,362.5,125.0,125.0,2025,2040,,0.0,,
Other Natural Gas,63712,KSR28,2.0,,2.0,2.0,2018,2068,0.821,7.255,0.298,15571.0
Other Natural Gas,63716,KSR53,1.6,,1.6,1.6,2018,2068,0.377,7.261,0.298,15571.0
Batteries,65408,GOSSB,0.7,3.0,0.7,0.7,2021,2051,0.0,0.0,0.0,17250.0
Solar Photovoltaic,65408,GOSSP,1.4,,1.5,0.9,2021,2051,0.211,0.0,0.0,9730.0
Solar Photovoltaic,65409,GFCS1,0.9,,0.9,0.1,2021,2051,0.332,0.0,0.0,9730.0
Solar Photovoltaic,65409,GFCS2,0.1,,0.2,0.1,2021,2051,0.273,0.0,0.0,9730.0
Batteries,65409,GFCSB,0.5,0.9,0.5,0.5,2021,2051,0.0,0.0,0.0,17250.0
Solar Photovoltaic,65447,19032,1.5,,1.5,1.5,2022,2052,0.195,0.0,0.0,7714.0
Batteries,66619,AFTW,1.2,4.6,1.2,1.2,2024,2039,0.85,0.0,0.0,12544.0
Solar Photovoltaic,65464,LDF2,3.0,,3.1,2.3,2021,2051,0.245,0.0,0.0,7714.0
Solar Photovoltaic,65464,LDF3,2.1,,2.1,1.7,2021,2051,0.239,0.0,0.0,7714.0
Batteries,66050,LAB,127.0,508.0,127.0,127.0,2022,2037,0.0,0.0,0.0,17250.0
Solar Photovoltaic,65485,GRWQ,4.4,,4.4,4.1,2022,2052,0.235,0.0,0.0,7714.0
Batteries,67234,LARAB,0.9,2.61,0.9,0.9,2024,2039,0.85,0.0,0.0,12544.0
Batteries,68600,7236B,0.5,1.45,0.5,0.5,2025,2040,,0.0,,
Batteries,66660,HAN,99.4,288.26,99.4,99.4,2024,2039,0.85,0.0,0.0,12544.0
Batteries,66662,BIA,32.0,92.8,32.0,32.0,2024,2039,0.85,0.0,0.0,12544.0
Batteries,64701,LCES,125.0,250.0,125.0,125.0,2022,2037,0.0,0.0,0.0,12544.0
Solar Photovoltaic,65507,VCGSP,2.3,,2.3,1.8,2025,2055,0.212,0.0,0.0,7714.0
Other Waste Biomass,65517,BMORC,3.0,,4.0,3.0,2022,2067,0.672,28.179,1.396,34997.0
Solar Photovoltaic,65523,14057,2.2,,2.2,2.2,2023,2053,0.212,0.0,0.0,7714.0
Solar Photovoltaic,65524,14069,1.6,,1.6,1.6,2024,2054,0.2,0.0,0.0,7714.0
Solar Photovoltaic,65525,14068,3.3,,3.3,3.3,2023,2053,0.212,0.0,0.0,7714.0
Solar Photovoltaic,65526,15112,2.0,,2.0,2.0,2024,2054,0.212,0.0,0.0,7714.0
Solar Photovoltaic,65527,17024,2.5,,2.5,2.5,2025,2055,0.212,0.0,0.0,7714.0
Solar Photovoltaic,65528,17031,2.8,,2.8,2.8,2022,2052,0.259,0.0,0.0,7714.0
Solar Photovoltaic,65562,ABFSP,4.2,,4.3,1.6,2024,2054,0.212,0.0,0.0,9730.0
Batteries,65562,ABSBA,1.6,5.9,1.6,1.6,2024,2054,0.85,0.0,0.0,12544.0
Solar Photovoltaic,65564,BAKER,1.3,,1.3,1.3,2022,2052,0.208,0.0,0.0,7714.0
Solar Photovoltaic,65568,GMSP1,1.0,,0.9,1.0,2021,2051,0.201,0.0,0.0,9730.0
Solar Photovoltaic,65568,GMSP2,0.7,,0.7,0.5,2021,2051,0.233,0.0,0.0,9730.0
Batteries,65568,GMSPB,0.6,1.1,0.6,0.6,2021,2051,0.0,0.0,0.0,17250.0
Batteries,65569,GSRBA,0.654893289,2.619573156,0.655076441,0.654817305,2021,2051,0.0,0.0,0.0,17250.0
Solar Photovoltaic,65569,GSRSP,0.952572056,,1.012390864,0.833403843,2021,2051,0.233,0.0,0.0,9730.0
Solar Photovoltaic,65570,WVMSP,2.5,,2.7,0.9,2022,2052,0.374,0.0,0.0,9730.0
Other Natural Gas,59279,LFT01,1.0,,1.1,1.0,2013,2063,0.909,7.28,0.298,15571.0
Other Natural Gas,58302,LFT,1.0,,1.1,1.0,2012,2062,0.865,7.189,0.298,15571.0
Batteries,65382,ESS,1.0,2.0,1.0,1.0,2022,2037,0.0,0.0,0.0,17250.0
Batteries,66946,LHESS,45.0,180.0,45.0,45.0,2024,2039,0.85,0.0,0.0,12544.0
Solar Photovoltaic,65614,OCCSP,3.0,,3.1,2.7,2022,2052,0.163,0.0,0.0,9730.0
Solar Photovoltaic,65615,19009,1.2,,1.2,1.2,2023,2053,0.212,0.0,0.0,7714.0
Solar Photovoltaic,65616,20031,2.6,,2.6,2.6,2024,2054,0.212,0.0,0.0,7714.0
Solar Photovoltaic,65617,3998G,1.2,,1.2,1.2,2021,2051,0.19,0.0,0.0,9730.0
Solar Photovoltaic,65617,P3998,0.7,,0.7,0.7,2021,2051,0.236,0.0,0.0,7714.0
Batteries,66699,LHC2,59.7,173.13,59.7,59.7,2025,2040,,0.0,,
Batteries,10444,LHC1,69.0,200.1,69.0,69.0,2025,2040,,0.0,,
Solar Photovoltaic,65663,GEN01,200.0,,200.0,200.0,2024,2054,0.212,0.0,0.0,7714.0
Solar Photovoltaic,65664,GEN02,100.0,,100.0,100.0,2024,2054,0.212,0.0,0.0,9730.0
Solar Photovoltaic,65674,PV,154.4,,154.4,154.4,2022,2052,0.22,0.0,0.0,9730.0
Solar Photovoltaic,65675,PV,148.9,,148.9,148.9,2022,2052,0.166,0.0,0.0,9730.0
Solar Photovoltaic,65676,PV,68.0,,68.0,68.0,2022,2052,0.226,0.0,0.0,9730.0
Solar Photovoltaic,65677,PV,41.2,,41.2,41.2,2022,2052,0.188,0.0,0.0,9730.0
Batteries,63685,LUNA,100.0,400.0,100.0,100.0,2022,2037,0.0,0.0,0.0,12544.0
Batteries,68519,MDNA3,3.9,11.31,3.9,3.9,2026,2041,,0.0,,
Solar Photovoltaic,65706,PJS,1.5,,1.5,1.3,2021,2051,0.066,0.0,0.0,7714.0
Solar Photovoltaic,65711,GEN1,136.8,,136.8,136.8,2024,2054,0.219,0.0,0.0,9730.0
Solar Photovoltaic,65734,OBIPV,250.0,,250.0,250.0,2023,2053,0.212,0.0,0.0,9730.0
Solar Photovoltaic,65735,OBIIP,250.0,,250.0,250.0,2023,2053,0.212,0.0,0.0,9730.0
Solar Photovoltaic,65740,21536,4.1,,4.1,4.1,2021,2051,0.208,0.0,0.0,7714.0
Batteries,65743,VCTBA,50.0,200.0,50.0,50.0,2024,2054,0.85,0.0,0.0,12544.0
Solar Photovoltaic,65743,VCTPV,200.0,,200.0,200.0,2024,2054,0.212,0.0,0.0,9730.0
Batteries,65744,ARCBA,136.0,544.0,136.0,136.0,2024,2054,0.85,0.0,0.0,12544.0
Solar Photovoltaic,65744,ARCPV,263.0,,263.0,263.0,2024,2054,0.212,0.0,0.0,9730.0
Solar Photovoltaic,65770,SOLAR,2.9,,2.9,2.9,2021,2051,0.253,0.0,0.0,7714.0
Solar Photovoltaic,65794,VSPRC,1.5,,1.5,1.5,2022,2052,0.18,0.0,0.0,7714.0
Solar Photovoltaic,65807,SHS,50.0,,50.0,50.0,2025,2055,0.212,0.0,0.0,7714.0
Batteries,65808,BSVEC,62.23550478,248.94201912,61.98847984,62.15437497,2026,2056,0.85,0.0,0.0,12544.0
Solar Photovoltaic,65808,SVEC,124.4710096,,123.9769597,124.3087499,2026,2056,0.212,0.0,0.0,9730.0
Other Natural Gas,59802,MXM00,1.0,,1.1,1.0,2014,2064,0.749,20.225,0.298,15571.0
Batteries,66636,BESS,100.0,400.0,100.0,100.0,2023,2038,0.85,0.0,0.0,17250.0
Batteries,66637,BESS,150.0,600.0,150.0,150.0,2024,2039,0.85,0.0,0.0,12544.0
Batteries,67498,MCFRC,185.0,536.5,185.0,185.0,2025,2040,0.85,0.0,0.0,12544.0
Solar Photovoltaic,65820,OWS,50.0,,50.0,50.0,2023,2053,0.212,0.0,0.0,7714.0
Batteries,66281,1,10.0,10.0,10.0,10.0,2024,2039,0.85,0.0,0.0,12544.0
Batteries,66281,2,10.0,10.0,10.0,10.0,2024,2039,0.85,0.0,0.0,12544.0
Batteries,66494,NOVA1,230.0,920.0,230.0,230.0,2024,2039,0.85,0.0,0.0,12544.0
Batteries,66494,NOVA2,230.0,920.0,230.0,230.0,2024,2039,0.85,0.0,0.0,12544.0
Batteries,66494,NOVA3,50.0,200.0,50.0,50.0,2024,2039,0.85,0.0,0.0,12544.0
Batteries,66494,NOVA4,110.0,440.0,110.0,110.0,2024,2039,0.85,0.0,0.0,12544.0
Batteries,66494,NOVA5,60.0,174.0,60.0,60.0,2025,2040,0.85,0.0,0.0,12544.0
Batteries,68518,MRC2B,2.0,5.8,2.0,2.0,2026,2041,,0.0,,
Batteries,68018,MRCDB,3.0,8.7,3.0,3.0,2025,2040,,0.0,,
Batteries,65962,MS4B,10.0,47.7,10.0,10.0,2024,2039,0.85,0.0,0.0,12544.0
Batteries,65963,MS5B,60.0,240.0,60.0,60.0,2023,2038,0.85,0.0,0.0,17250.0
Other Natural Gas,62459,SMC01,3.0,,3.0,3.0,2018,2068,0.838,7.363,0.298,15571.0
Batteries,60661,013A,10.0,40.0,10.0,10.0,2016,2031,0.0,0.0,0.0,12544.0
Batteries,60661,013B,10.0,40.0,10.0,10.0,2016,2031,0.0,0.0,0.0,12544.0
Other Natural Gas,62697,NTL3A,2.4,,2.4,2.4,2017,2067,0.871,7.408,0.298,15571.0
Other Natural Gas,62697,NTL3B,2.6,,2.6,2.6,2017,2067,0.871,7.408,0.298,15571.0
Batteries,63554,MSSB1,15.0,60.0,15.0,15.0,2024,2039,0.85,0.0,0.0,12544.0
Batteries,67178,MEBA,15.0,60.0,15.0,15.0,2023,2038,0.85,0.0,0.0,17250.0
Batteries,67093,GEN1,70.6,77.0,77.0,70.6,2020,2035,0.0,0.0,0.0,17250.0
Solar Photovoltaic,65956,STORY,88.0,,122.0,88.0,2023,2053,0.219,0.0,0.0,7714.0
Solar Photovoltaic,65962,MS4,52.5,,52.5,52.5,2024,2054,0.219,0.0,0.0,9730.0
Solar Photovoltaic,65963,MS5,60.0,,60.0,60.0,2023,2053,0.219,0.0,0.0,9730.0
Batteries,67828,MES1,25.0,72.5,25.0,25.0,2025,2040,0.85,0.0,0.0,12544.0
Solar Photovoltaic,65965,JAVA,13.5,,13.5,13.5,2022,2052,0.242,0.0,0.0,9730.0
Solar Photovoltaic,65970,1,3.0,,3.0,3.0,2023,2053,0.212,0.0,0.0,9730.0
Batteries,67829,MES2,20.0,58.0,20.0,20.0,2025,2040,0.85,0.0,0.0,12544.0
Onshore Wind Turbine,66001,CHVB,238.2,,238.2,238.2,2023,2053,0.382,0.0,0.0,14250.0
Solar Photovoltaic,66023,18009,1.4,,1.4,1.4,2024,2054,0.212,0.0,0.0,9730.0
Solar Photovoltaic,66035,457,2.6,,2.6,2.6,2023,2053,0.212,0.0,0.0,9730.0
Solar Photovoltaic,66039,457,2.5,,2.5,2.5,2023,2053,0.212,0.0,0.0,9730.0
Solar Photovoltaic,66088,PCEF,2.9,,3.0,2.9,2022,2052,0.355,0.0,0.0,9730.0
Onshore Wind Turbine,66110,BREC1,163.0,,163.0,163.0,2024,2054,0.382,0.0,0.0,14250.0
Solar Photovoltaic,66125,WESTL,100.0,,100.0,100.0,2022,2052,0.296,0.0,0.0,9730.0
Onshore Wind Turbine,66167,63235,27.0,,27.0,27.0,2024,2054,0.316,0.0,0.0,14250.0
Batteries,65889,BESS,300.0,870.0,300.0,300.0,2025,2040,0.85,0.0,0.0,12544.0
Batteries,64531,KOV4A,99.0,287.1,99.0,99.0,2024,2039,0.85,0.0,0.0,12544.0
Solar Photovoltaic,66242,LSHS,1.0,,1.0,1.0,2022,2052,0.237,0.0,0.0,9730.0
Solar Photovoltaic,66263,1111,300.0,,300.0,300.0,2024,2054,0.219,0.0,0.0,9730.0
Batteries,66208,NCV,132.0,528.0,132.0,132.0,2023,2038,0.85,0.0,0.0,17250.0
Batteries,67039,NOBAT,92.0,266.8,92.0,92.0,2025,2040,0.85,0.0,0.0,12544.0
Solar Photovoltaic,66270,PRXMA,190.0,,190.0,190.0,2024,2054,0.212,0.0,0.0,9730.0
Batteries,65735,OBIIB,125.0,500.0,125.0,125.0,2023,2038,0.85,0.0,0.0,17250.0
Batteries,65734,OBIBS,125.0,500.0,125.0,125.0,2023,2038,0.85,0.0,0.0,17250.0
Batteries,65614,OCCBA,2.1,4.0,2.1,2.1,2022,2037,0.028,0.0,0.0,17250.0
Batteries,62497,OCES2,9.0,26.1,9.0,9.0,2021,2036,0.0,0.0,0.0,12544.0
Batteries,62499,OCES3,6.0,17.4,6.0,6.0,2021,2036,0.0,0.0,0.0,12544.0
Batteries,65656,HEORG,20.0,58.0,20.0,20.0,2025,2040,0.85,0.0,0.0,12544.0
Solar Photovoltaic,66395,PV1,1.8,,1.8,1.8,2023,2053,0.212,0.0,0.0,9730.0
Batteries,60567,SES2,1.0,2.9,1.0,1.0,2015,2030,0.0,0.0,0.0,12544.0
Batteries,60567,SES1,1.0,3.0,1.0,1.0,2015,2030,0.0,0.0,0.0,12544.0
Batteries,62729,PAIN1,10.0,29.0,10.0,10.0,2025,2040,0.85,0.0,0.0,12544.0
Batteries,60566,SES2,1.0,2.9,1.0,1.0,2015,2030,0.0,0.0,0.0,12544.0
Natural Gas Steam Turbine,66599,2,0.3,,0.3,0.3,2024,2074,0.87,6.469,0.298,15571.0
Landfill Gas,57771,2,0.2,,0.2,0.2,2024,2124,0.9,8.513,3.136,10167.0
Batteries,66280,1,10.0,10.0,10.0,10.0,2024,2039,0.85,0.0,0.0,12544.0
Solar Photovoltaic,66466,43580,1.0,,1.0,1.0,2021,2051,0.12,0.0,0.0,9730.0
Solar Photovoltaic,66468,PV1,1.0,,1.0,1.0,2018,2048,0.158,0.0,0.0,9730.0
Solar Photovoltaic,66469,PV1,1.0,,1.0,1.0,2018,2048,0.171,0.0,0.0,9730.0
Solar Photovoltaic,66470,PV1,1.0,,1.0,1.0,2017,2047,0.171,0.0,0.0,9730.0
Solar Photovoltaic,66475,18263,1.5,,1.5,1.5,2025,2055,0.212,0.0,0.0,9730.0
Batteries,68542,7170B,0.3,0.87,0.3,0.3,2025,2040,,0.0,,
Solar Photovoltaic,66476,18268,4.5,,4.5,4.5,2024,2054,0.212,0.0,0.0,9730.0
Batteries,66779,PPABA,300.0,870.0,300.0,300.0,2025,2040,0.85,0.0,0.0,12544.0
Batteries,66265,1,10.0,10.0,10.0,10.0,2024,2039,0.85,0.0,0.0,12544.0
Batteries,67092,PSLBA,15.0,60.0,15.0,15.0,2024,2039,0.85,0.0,0.0,12544.0
Solar Photovoltaic,66506,WEST2,2.0,,2.0,2.0,2024,2054,0.212,0.0,0.0,9730.0
Solar Photovoltaic,66509,18259,1.5,,1.5,1.5,2024,2054,0.212,0.0,0.0,9730.0
Solar Photovoltaic,66510,19616,1.2,,1.2,1.2,2025,2055,0.212,0.0,0.0,9730.0
Solar Photovoltaic,66511,18262,2.0,,2.0,2.0,2025,2055,0.212,0.0,0.0,9730.0
Batteries,6704,NASB1,1.0,6.8,1.0,1.0,2012,2027,0.0,0.0,0.0,12544.0
Solar Photovoltaic,66532,BCE21,10.0,,10.0,10.0,2023,2053,0.212,0.0,0.0,9730.0
Batteries,68477,1,250.0,725.0,250.0,250.0,2026,2041,,0.0,,
Solar Photovoltaic,66533,BCE11,10.0,,10.0,10.0,2023,2053,0.212,0.0,0.0,9730.0
Batteries,66286,PERE1,200.0,580.0,200.0,200.0,2025,2040,0.85,0.0,0.0,12544.0
Batteries,61197,PIMA,10.0,10.0,10.0,10.0,2017,2032,0.001,0.0,0.0,12544.0
Solar Photovoltaic,66598,BLDMS,150.0,,150.0,150.0,2025,2055,0.212,0.0,0.0,9730.0
Batteries,61678,BA1,10.0,40.0,10.0,10.0,2018,2033,0.006,0.0,0.0,17250.0
Petroleum Liquids,6704,MT01,0.1,,0.1,0.1,2011,2061,0.065,18.082,1.370381634,307.06971100000004
Petroleum Liquids,6704,MT02,0.1,,0.1,0.1,2011,2061,0.065,18.198,1.370381634,307.06971100000004
Solar Photovoltaic,66603,454,4.8,,4.8,4.8,2024,2054,0.212,0.0,0.0,9730.0
Other Natural Gas,59803,PXR00,1.0,,1.1,1.0,2014,2064,0.808,7.495,0.298,15571.0
Batteries,66462,GEN1,80.0,320.0,88.0,80.0,2024,2039,0.85,0.0,0.0,12544.0
Solar Photovoltaic,66620,GEN1,48.0,,48.0,48.0,2023,2053,0.212,0.0,0.0,9730.0
Solar Photovoltaic,66622,VSPRC,1.3,,1.3,1.3,2022,2052,0.248,0.0,0.0,9730.0
Solar Photovoltaic,66627,SON12,260.0,,490.0,260.0,2023,2053,0.219,0.0,0.0,9730.0
Batteries,67328,PLUTO,75.0,217.5,75.0,75.0,2025,2040,0.85,0.0,0.0,12544.0
Solar Photovoltaic,66636,MCFRA,200.0,,200.0,200.0,2023,2053,0.219,0.0,0.0,9730.0
Batteries,67299,10101,100.0,290.0,100.0,100.0,2024,2039,0.85,0.0,0.0,12544.0
Solar Photovoltaic,66637,MCFRB,300.0,,300.0,300.0,2024,2054,0.219,0.0,0.0,9730.0
Natural Gas Internal Combustion Engine,66638,LODI,48.0,,48.0,48.0,2024,2079,0.924,9.142,0.53,2960.0
Batteries,60760,PE101,2.0,8.0,2.0,2.0,2016,2031,0.0,0.0,0.0,12544.0
Batteries,66270,PRXBS,162.0,648.0,162.0,162.0,2024,2039,0.85,0.0,0.0,12544.0
Batteries,61913,B1,2.0,8.0,2.0,2.0,2018,2033,0.0,0.0,0.0,12544.0
Solar Photovoltaic,66667,ROSA,1.0,,1.0,1.0,2023,2053,0.212,0.0,0.0,9730.0
Solar Photovoltaic,66670,HARQ1,150.0,,150.0,150.0,2024,2054,0.219,0.0,0.0,9730.0
Solar Photovoltaic,66676,KING3,3.0,,3.0,3.0,2024,2054,0.212,0.0,0.0,9730.0
Solar Photovoltaic,66677,VISAL,3.0,,3.0,3.0,2024,2054,0.212,0.0,0.0,9730.0
Solar Photovoltaic,66678,IPAR1,62.23550478,,61.98847984,62.15437497,2026,2056,0.212,0.0,0.0,9730.0
Batteries,66678,IPARB,62.23550478,248.94201912,61.98847984,62.15437497,2026,2056,0.85,0.0,0.0,12544.0
Solar Photovoltaic,66679,TULAR,3.0,,3.0,3.0,2024,2054,0.212,0.0,0.0,9730.0
Natural Gas Internal Combustion Engine,66680,UNIT1,11.7,,11.7,11.7,2024,2079,0.924,9.142,0.53,2960.0
Natural Gas Internal Combustion Engine,66680,UNIT2,11.7,,11.7,11.7,2024,2079,0.924,9.142,0.53,2960.0
Natural Gas Internal Combustion Engine,66680,UNIT3,11.7,,11.7,11.7,2024,2079,0.924,9.142,0.53,2960.0
Natural Gas Internal Combustion Engine,66680,UNIT4,11.7,,11.7,11.7,2024,2079,0.924,9.142,0.53,2960.0
Batteries,64630,RBBAT,20.0,50.0,20.0,20.0,2022,2037,0.0,0.0,0.0,17250.0
Batteries,66773,RCWYB,80.0,320.0,80.0,80.0,2024,2039,0.85,0.0,0.0,12544.0
Solar Photovoltaic,66699,LOC2,75.0,,84.4,75.0,2023,2053,0.212,0.0,0.0,9730.0
Solar Photovoltaic,66713,WHRPV,4.5,,4.5,4.5,2023,2053,0.212,0.0,0.0,9730.0
Solar Photovoltaic,66714,CRYPV,3.5,,3.5,3.5,2023,2053,0.212,0.0,0.0,9730.0
Solar Photovoltaic,66715,FREPV,10.0,,10.0,10.0,2024,2054,0.212,0.0,0.0,9730.0
Other Natural Gas,62458,RAT00,1.0,,1.0,1.0,2018,2068,0.892,7.152,0.298,15571.0
Solar Photovoltaic,66733,P4721,1.9,,1.9,1.9,2021,2051,0.266,0.0,0.0,9730.0
Batteries,59939,BESS2,35.0,160.0,35.0,35.0,2022,2037,0.0,0.0,0.0,17250.0
Solar Photovoltaic,66772,ESPV,56.0,,56.0,56.0,2023,2053,0.212,0.0,0.0,9730.0
Solar Photovoltaic,66773,RCWYS,125.0,,125.0,125.0,2024,2054,0.212,0.0,0.0,9730.0
Batteries,64489,GEN2,75.0,300.0,75.0,75.0,2023,2038,0.85,0.0,0.0,17250.0
Batteries,66620,GEN2,40.0,300.0,40.0,40.0,2023,2038,0.85,0.0,0.0,17250.0
Batteries,67823,RRBES,235.0,681.5,235.0,235.0,2025,2040,0.85,0.0,0.0,12544.0
Other Natural Gas,58297,ROL4,1.2,,1.2,1.2,2012,2062,0.849,7.746,0.298,15571.0
Other Natural Gas,58296,ROL6,1.6,,1.6,1.6,2012,2062,0.527,8.057,0.298,15571.0
Other Natural Gas,58298,ROL3,1.0,,1.1,1.0,2012,2062,0.629,7.611,0.298,15571.0
Batteries,67764,RBESS,117.0,339.3,117.0,117.0,2025,2040,0.85,0.0,0.0,12544.0
Batteries,65933,1,80.0,320.0,80.0,80.0,2023,2038,0.85,0.0,0.0,12544.0
Batteries,66949,1,40.0,160.0,40.0,40.0,2024,2039,0.85,0.0,0.0,12544.0
Solar Photovoltaic,66797,P4376,1.6,,1.6,1.6,2022,2052,0.108,0.0,0.0,9730.0
Solar Photovoltaic,66799,4087,0.7,,0.7,0.7,2022,2052,0.167,0.0,0.0,9730.0
Batteries,66950,1,59.0,236.0,59.0,59.0,2024,2039,0.85,0.0,0.0,12544.0
Solar Photovoltaic,66799,4087G,0.2,,0.2,0.2,2022,2052,0.167,0.0,0.0,9730.0
Solar Photovoltaic,66799,4087R,0.2,,0.2,0.2,2022,2052,0.167,0.0,0.0,9730.0
Solar Photovoltaic,66800,4976,1.0,,1.0,1.0,2024,2054,0.212,0.0,0.0,9730.0
Batteries,66716,SB123,100.0,400.0,100.0,100.0,2023,2038,0.85,0.0,0.0,17250.0
Solar Photovoltaic,66806,15612,1.4,,1.4,1.4,2023,2053,0.212,0.0,0.0,9730.0
Batteries,65657,HESJG,65.0,188.5,65.0,65.0,2025,2040,0.85,0.0,0.0,12544.0
Solar Photovoltaic,66807,CUYA2,1.6,,1.6,1.6,2023,2053,0.212,0.0,0.0,9730.0
Solar Photovoltaic,66808,OCAB,99.7,,99.7,99.7,2024,2054,0.212,0.0,0.0,9730.0
Solar Photovoltaic,66809,A26P1,2.6,,2.6,2.6,2024,2054,0.212,0.0,0.0,9730.0
Solar Photovoltaic,66809,A26P2,5.0,,5.0,5.0,2024,2054,0.212,0.0,0.0,9730.0
Solar Photovoltaic,66810,ECLE,3.0,,3.0,3.0,2024,2054,0.212,0.0,0.0,9730.0
Batteries,64712,ESSB1,100.0,200.0,100.0,100.0,2021,2036,0.0,0.0,0.0,12544.0
Batteries,64713,ESSB2,100.0,400.0,100.0,100.0,2021,2036,0.0,0.0,0.0,12544.0
Batteries,65672,BESS,169.0,676.0,169.0,169.0,2023,2038,0.85,0.0,0.0,12544.0
Batteries,65673,BESS,47.0,188.0,47.0,47.0,2023,2038,0.85,0.0,0.0,12544.0
Solar Photovoltaic,66885,SPKPV,50.0,,50.0,50.0,2024,2054,0.212,0.0,0.0,9730.0
Solar Photovoltaic,66892,CNFTI,4.4,,4.4,4.4,2025,2055,0.212,0.0,0.0,9730.0
Batteries,64921,SAP2,20.0,58.0,20.0,20.0,2022,2037,0.0,0.0,0.0,12544.0
Batteries,65397,SP1,30.0,30.0,30.0,30.0,2024,2039,0.85,0.0,0.0,12544.0
Other Natural Gas,60385,MB-18,1.4,,1.4,1.4,2016,2066,0.905,8.976,0.298,15571.0
Solar Photovoltaic,66925,MCNEA,20.0,,20.0,20.0,2023,2053,0.219,0.0,0.0,9730.0
Other Natural Gas,58625,SRFC2,1.4,,1.4,1.4,2017,2067,0.863,7.329,0.298,15571.0
Batteries,67118,1,10.0,29.0,10.0,10.0,2024,2039,0.85,0.0,0.0,12544.0
Batteries,63891,SATCY,100.0,400.0,100.0,100.0,2021,2036,0.0,0.0,0.0,12544.0
Batteries,66951,GEN04,150.0,600.0,150.0,150.0,2024,2039,0.85,0.0,0.0,12544.0
Batteries,67454,SW1,170.0,493.0,170.0,170.0,2025,2040,0.85,0.0,0.0,12544.0
Batteries,67455,SW2,85.0,246.5,85.0,85.0,2025,2040,0.85,0.0,0.0,12544.0
Solar Photovoltaic,66948,VSPRC,1.3,,1.4,1.3,2024,2054,0.212,0.0,0.0,9730.0
Solar Photovoltaic,66951,GEN03,200.0,,200.0,200.0,2024,2054,0.212,0.0,0.0,9730.0
Other Natural Gas,63715,SCU00,1.5,,1.5,1.5,2018,2068,0.833,6.97,0.298,15571.0
Solar Photovoltaic,66953,PE328,1.9,,1.9,1.9,2024,2054,0.212,0.0,0.0,9730.0
Solar Photovoltaic,66957,PE901,1.0,,1.0,1.0,2025,2055,0.212,0.0,0.0,9730.0
Solar Photovoltaic,66959,PE001,1.8,,1.8,1.8,2024,2054,0.212,0.0,0.0,9730.0
Petroleum Liquids,6704,MT03,0.1,,0.1,0.1,2011,2061,0.065,18.198,1.370381634,307.06971100000004
Solar Photovoltaic,67001,93311,2.0,,2.0,2.0,2023,2053,0.212,0.0,0.0,9730.0
Petroleum Liquids,6704,MT04,0.1,,0.1,0.1,2011,2061,0.065,18.198,1.370381634,307.06971100000004
Petroleum Liquids,6704,MT05,0.1,,0.1,0.1,2011,2061,0.065,18.198,1.370381634,307.06971100000004
Petroleum Liquids,6704,MT07,0.1,,0.1,0.1,2011,2061,0.065,18.198,1.370381634,307.06971100000004
Petroleum Liquids,6704,MT08,0.1,,0.1,0.1,2011,2061,0.065,18.198,1.370381634,307.06971100000004
Solar Photovoltaic,67039,NO1,150.0,,150.0,150.0,2025,2055,0.212,0.0,0.0,9730.0
Batteries,65456,SEPAR,112.5,450.0,112.5,112.5,2024,2039,0.85,0.0,0.0,12544.0
Batteries,66807,CUYA1,3.0,12.0,3.0,3.0,2023,2038,0.85,0.0,0.0,17250.0
Batteries,64611,1,8.3,3.4,8.3,8.3,2020,2035,0.063,0.0,0.0,17250.0
Batteries,67503,GEN02,213.8,620.02,213.8,213.8,2025,2040,0.85,0.0,0.0,12544.0
Batteries,66890,AZAL,60.0,174.0,60.0,60.0,2025,2040,0.85,0.0,0.0,12544.0
Solar Photovoltaic,67069,CV525,2.4,,2.4,2.4,2024,2054,0.212,0.0,0.0,9730.0
Batteries,68494,SHRK1,80.0,232.0,80.0,80.0,2026,2041,,0.0,,
Batteries,61803,10003,5.1,14.79,5.1,5.1,2024,2039,0.85,0.0,0.0,12544.0
Batteries,61803,10003,4.9,14.21,4.9,4.9,2024,2039,0.85,0.0,0.0,12544.0
Solar Photovoltaic,67092,PSLPV,20.0,,20.0,20.0,2024,2054,0.212,0.0,0.0,9730.0
Batteries,66334,BESS3,250.0,1000.0,250.0,250.0,2024,2039,0.85,0.0,0.0,12544.0
Solar Photovoltaic,67105,CPP01,105.2,,105.2,105.2,2025,2055,0.212,0.0,0.0,9730.0
Batteries,67973,SP01,113.0,327.7,113.0,113.0,2025,2040,,0.0,,
Batteries,60249,BES,1.0,2.0,1.0,1.0,2020,2035,0.0,0.0,0.0,12544.0
Solar Photovoltaic,67169,EBMUD,5.0,,5.0,3.8,2024,2054,0.212,0.0,0.0,9730.0
Solar Photovoltaic,67170,ASSP,4.6,,4.6,3.9,2024,2054,0.212,0.0,0.0,9730.0
Batteries,63735,SLV01,11.0,44.0,11.0,11.0,2021,2041,0.0,0.0,0.0,12544.0
Onshore Wind Turbine,67176,CHVB2,216.0,,216.0,216.0,2024,2054,0.382,0.0,0.0,14250.0
Batteries,67283,6569B,2.0,5.8,2.0,2.0,2024,2039,0.85,0.0,0.0,12544.0
Solar Photovoltaic,67178,MEPV,17.6,,17.6,17.6,2023,2053,0.219,0.0,0.0,9730.0
Solar Photovoltaic,67179,19038,2.4,,2.4,2.4,2023,2053,0.212,0.0,0.0,9730.0
Solar Photovoltaic,67234,LARAS,0.7,,0.7,0.7,2024,2054,0.212,0.0,0.0,9730.0
Onshore Wind Turbine,67247,MESA,30.0,,30.0,30.0,2024,2054,0.316,0.0,0.0,14250.0
Solar Photovoltaic,67258,BVES1,5.0,,5.0,5.0,2026,2056,0.212,0.0,0.0,9730.0
Petroleum Liquids,6704,MT09,0.1,,0.1,0.1,2011,2061,0.065,18.198,1.370381634,307.06971100000004
Batteries,63848,BESS1,225.0,900.0,225.0,225.0,2023,2038,0.85,0.0,0.0,17250.0
Batteries,66627,SON13,260.0,1040.0,260.0,260.0,2023,2038,0.85,0.0,0.0,17250.0
Solar Photovoltaic,67277,4657C,0.4,,0.4,0.4,2024,2054,0.212,0.0,0.0,9730.0
Solar Photovoltaic,67277,4657R,0.2,,0.2,0.2,2024,2054,0.212,0.0,0.0,9730.0
Solar Photovoltaic,67278,4146C,0.5,,0.5,0.5,2024,2054,0.212,0.0,0.0,9730.0
Solar Photovoltaic,67278,4147R,1.2,,1.2,1.2,2024,2054,0.212,0.0,0.0,9730.0
Solar Photovoltaic,67283,6569,10.0,,10.0,10.0,2024,2054,0.212,0.0,0.0,9730.0
Solar Photovoltaic,67285,GEN01,215.0,,215.0,215.0,2024,2054,0.219,0.0,0.0,9730.0
Solar Photovoltaic,67287,DOSP,3.0,,3.0,3.0,2024,2054,0.212,0.0,0.0,9730.0
Solar Photovoltaic,67288,FOSTA,3.0,,3.0,3.0,2024,2054,0.212,0.0,0.0,9730.0
Solar Photovoltaic,67291,GEN01,300.0,,300.0,300.0,2025,2055,0.219,0.0,0.0,9730.0
Batteries,66925,MCBA,20.0,20.0,20.0,20.0,2023,2038,0.85,0.0,0.0,17250.0
Batteries,66423,BESS1,68.8,275.2,68.8,68.8,2023,2038,0.85,0.0,0.0,17250.0
Solar Photovoltaic,67321,PV1,70.0,,70.0,70.0,2024,2054,0.2,0.0,0.0,9730.0
Batteries,60698,BESS1,10.0,4.5,10.0,10.0,2020,2035,0.0,0.0,0.0,12544.0
Batteries,60698,BESS2,10.0,4.5,10.0,10.0,2020,2035,0.0,0.0,0.0,12544.0
Other Natural Gas,59804,SBK00,1.0,,1.1,1.0,2014,2064,0.481,7.863,0.298,15571.0
Wood/Wood Waste Biomass,67360,HAT01,3.0,,3.6,3.0,2025,2070,0.83,8.911,2.443,63592.0
Natural Gas Internal Combustion Engine,67380,MID,48.0,,48.0,48.0,2024,2079,0.924,9.142,0.53,2960.0
Batteries,65956,STOBA,88.0,264.0,88.0,88.0,2023,2038,0.85,0.0,0.0,17250.0
Solar Photovoltaic,67474,PV1,150.0,,150.0,150.0,2025,2055,0.136,0.0,0.0,9730.0
Batteries,68492,GEN02,85.0,246.5,85.0,85.0,2026,2041,,0.0,,
Batteries,67285,GEN02,215.0,860.0,215.0,215.0,2024,2039,0.85,0.0,0.0,12544.0
Batteries,67291,GEN02,300.0,1200.0,300.0,300.0,2025,2040,0.85,0.0,0.0,12544.0
Batteries,60791,BA1&2,2.0,4.0,2.0,2.0,2022,2037,0.0,0.0,0.0,17250.0
Batteries,60791,BA3,2.4,5.2,2.4,2.4,2023,2038,0.85,0.0,0.0,17250.0
Batteries,65857,SUNS1,230.0,920.0,230.0,230.0,2022,2037,0.0,0.0,0.0,12544.0
Batteries,66575,SUNS2,230.0,920.0,230.0,230.0,2024,2039,0.85,0.0,0.0,12544.0
Batteries,66333,BESS4,90.0,360.0,90.0,90.0,2024,2039,0.85,0.0,0.0,12544.0
Solar Photovoltaic,67503,GEN01,170.0,,170.0,170.0,2025,2055,0.219,0.0,0.0,9730.0
Solar Photovoltaic,67509,19064,2.6,,2.6,2.6,2023,2053,0.212,0.0,0.0,9730.0
Solar Photovoltaic,67510,LOC4,80.0,,80.0,80.0,2026,2056,0.212,0.0,0.0,9730.0
Solar Photovoltaic,67516,59211,1.3,,1.3,1.2,2023,2053,0.212,0.0,0.0,9730.0
Solar Photovoltaic,67533,INYO1,19.9,,19.9,19.9,2024,2054,0.212,0.0,0.0,9730.0
Solar Photovoltaic,67534,INYO2,11.9,,11.9,11.9,2024,2054,0.212,0.0,0.0,9730.0
Other Natural Gas,58303,TLR,1.0,,1.1,1.0,2012,2062,0.865,24.285,0.298,15571.0
Batteries,64743,TB1,2.5,2.5,2.5,2.5,2022,2037,0.0,0.0,0.0,12544.0
Batteries,64743,TB2,2.5,2.5,2.5,2.5,2022,2037,0.0,0.0,0.0,12544.0
Other Natural Gas,63717,TLR0A,1.0,,1.0,1.0,2018,2068,0.315,6.79,0.298,15571.0
Other Natural Gas,63717,TLR0B,1.5,,1.5,1.5,2019,2069,0.315,6.911,0.298,15571.0
Other Natural Gas,63717,TLR0C,0.5,,0.5,0.5,2019,2069,0.315,6.912,0.298,15571.0
Solar Photovoltaic,67691,731,18.9,,18.9,18.9,2025,2055,0.212,0.0,0.0,9730.0
Batteries,61366,TGES,30.0,120.0,30.0,30.0,2021,2036,0.0,0.0,0.0,12544.0
Batteries,67229,HGLPT,150.0,435.0,150.0,150.0,2026,2041,0.85,0.0,0.0,12544.0
Solar Photovoltaic,67743,4057C,0.6,,0.6,0.6,2022,2052,0.231,0.0,0.0,9730.0
Solar Photovoltaic,67743,4057R,0.3,,0.3,0.3,2022,2052,0.231,0.0,0.0,9730.0
Solar Photovoltaic,67746,HWY43,2.3,,2.3,2.3,2024,2054,0.212,0.0,0.0,9730.0
Solar Photovoltaic,67747,NACHT,4.6,,4.6,4.6,2024,2054,0.212,0.0,0.0,9730.0
Solar Photovoltaic,67748,TERRY,4.6,,4.6,4.6,2024,2054,0.212,0.0,0.0,9730.0
Solar Photovoltaic,67749,TWISS,4.8,,4.8,4.8,2024,2054,0.212,0.0,0.0,9730.0
Solar Photovoltaic,67750,WEEDP,2.4,,2.4,2.4,2024,2054,0.212,0.0,0.0,9730.0
Other Natural Gas,61846,MM27,2.8,,2.8,2.8,2019,2069,0.508,13.5,0.298,15571.0
Batteries,66666,TWES1,50.0,200.0,50.0,50.0,2024,2039,0.85,0.0,0.0,12544.0
Batteries,66666,TWES2,75.0,300.0,75.0,75.0,2024,2039,0.85,0.0,0.0,12544.0
Solar Photovoltaic,67764,RS1,140.0,,140.0,140.0,2025,2055,0.212,0.0,0.0,9730.0
Solar Photovoltaic,67794,PV1,1.5,,1.5,1.5,2024,2054,0.212,0.0,0.0,9730.0
Solar Photovoltaic,67797,BS,160.0,,160.0,160.0,2026,2056,0.219,0.0,0.0,9730.0
Solar Photovoltaic,67799,GEN01,200.0,,200.0,200.0,2024,2054,0.219,0.0,0.0,9730.0
Solar Photovoltaic,67818,CIDFL,3.1,,3.1,3.1,2024,2054,0.212,0.0,0.0,9730.0
Solar Photovoltaic,67821,PV1,1.0,,1.0,1.0,2018,2048,0.231,0.0,0.0,9730.0
Solar Photovoltaic,67823,RRPV,235.0,,235.0,235.0,2025,2055,0.219,0.0,0.0,9730.0
Solar Photovoltaic,67824,PV1,2.9,,2.9,2.9,2018,2048,0.231,0.0,0.0,9730.0
Solar Photovoltaic,67835,64544,5.0,,5.0,4.0,2024,2054,0.212,0.0,0.0,9730.0
Solar Photovoltaic,67836,GSP1,8.090615621,,8.058502379,8.080068746,2024,2054,0.212,0.0,0.0,9730.0
Batteries,67836,GSP2,8.090615621,32.362462484,8.058502379,8.080068746,2024,2054,0.85,0.0,0.0,12544.0
Solar Photovoltaic,67848,LVPV,200.0,,200.0,200.0,2025,2055,0.212,0.0,0.0,9730.0
Solar Photovoltaic,67850,ALS1,42.0,,42.0,42.0,2025,2055,0.219,0.0,0.0,9730.0
Solar Photovoltaic,67859,FOSTB,4.0,,4.0,4.0,2024,2054,0.212,0.0,0.0,9730.0
Solar Photovoltaic,67866,10221,3.0,,3.0,3.0,2024,2054,0.212,0.0,0.0,9730.0
Batteries,65132,BA1,1.0,2.2,1.0,1.0,2022,2037,0.0,0.0,0.0,17250.0
Batteries,62801,ORN34,10.0,10.0,10.0,10.0,2021,2036,0.0,0.0,0.0,12544.0
Batteries,66502,VC54,54.0,216.0,54.0,54.0,2021,2036,0.0,0.0,0.0,17250.0
Batteries,66500,VC85,85.0,212.0,85.0,85.0,2021,2036,0.0,0.0,0.0,17250.0
Batteries,61107,VRF,2.0,8.0,2.0,2.0,2017,2032,0.0,0.0,0.0,12544.0
Batteries,68509,VNT,50.0,145.0,50.0,50.0,2025,2040,,0.0,,
Other Natural Gas,59261,VZ300,1.0,,1.0,1.0,2013,2063,0.664,8.118,0.298,15571.0
Batteries,50300,BESS1,20.0,20.0,20.0,20.0,2016,2031,0.0,0.0,0.0,12544.0
Solar Photovoltaic,68523,4977C,0.7,,0.7,0.7,2025,2055,,0.0,,
Batteries,50300,BESS2,20.0,20.0,20.0,20.0,2023,2038,0.85,0.0,0.0,17250.0
Solar Photovoltaic,68524,4654C,0.5,,0.5,0.5,2025,2055,,0.0,,
Solar Photovoltaic,68524,4654R,0.2,,0.2,0.2,2025,2055,,0.0,,
Solar Photovoltaic,68589,UTICA,3.0,,3.0,3.0,2025,2055,,0.0,,
Solar Photovoltaic,68791,LA601,1.1,,1.1,1.1,2025,2055,,0.0,,
Petroleum Liquids,6704,MT10,0.1,,0.1,0.1,2011,2061,0.065,18.198,1.370381634,307.06971100000004
Solar Photovoltaic,68427,1,10.0,,12.9,10.0,2025,2055,,0.0,,
Solar Photovoltaic,68541,7169,1.7,,1.7,1.7,2025,2055,,0.0,,
Solar Photovoltaic,68542,7170G,1.0,,1.0,1.0,2025,2055,,0.0,,
Batteries,65711,GEN2,150.0,600.0,150.0,150.0,2024,2039,0.85,0.0,0.0,12544.0
Solar Photovoltaic,68600,7236G,0.9,,0.9,0.9,2025,2055,,0.0,,
Batteries,61661,VISTA,40.0,38.0,40.0,40.0,2018,2033,0.001,0.0,0.0,12544.0
Solar Photovoltaic,68272,18249,1.6,,1.6,1.6,2025,2055,,0.0,,
Solar Photovoltaic,68272,21387,1.6,,1.6,1.6,2025,2055,,0.0,,
Solar Photovoltaic,68281,BOCA1,300.0,,300.0,300.0,2025,2055,,0.0,,
Solar Photovoltaic,68794,CV418,1.5,,1.5,1.5,2025,2055,,0.0,,
Petroleum Liquids,6704,MT11,0.1,,0.1,0.1,2011,2061,0.065,18.198,1.370381634,307.06971100000004
Petroleum Liquids,6704,MT14,0.1,,0.1,0.1,2011,2061,0.065,18.198,1.370381634,307.06971100000004
Petroleum Liquids,6704,MT15,0.1,,0.1,0.1,2011,2061,0.065,18.198,1.370381634,307.06971100000004
Petroleum Liquids,6704,MT18,0.1,,0.1,0.1,2011,2061,0.065,18.198,1.370381634,307.06971100000004
Petroleum Liquids,6704,MT19,0.1,,0.1,0.1,2011,2061,0.065,18.198,1.370381634,307.06971100000004
Petroleum Liquids,6704,MT20,0.1,,0.1,0.1,2011,2061,0.065,18.198,1.370381634,307.06971100000004
Solar Photovoltaic,68023,SBPV1,12.0,,12.0,12.0,2025,2055,,0.0,,
Solar Photovoltaic,68540,6245,1.3,,1.3,1.3,2025,2055,,0.0,,
Solar Photovoltaic,68793,LA710,1.3,,1.3,1.3,2025,2055,,0.0,,
Solar Photovoltaic,68795,CV516,1.7,,1.7,1.7,2025,2055,,0.0,,
Petroleum Liquids,6704,MT21,0.1,,0.1,0.1,2011,2061,0.065,18.198,1.370381634,307.06971100000004
Batteries,63510,ST1,0.5,0.5,0.5,0.5,2020,2035,0.0,0.0,0.0,17250.0
Solar Photovoltaic,68790,LA512,1.3,,1.3,1.3,2025,2055,,0.0,,
Solar Photovoltaic,68796,EB202,1.1,,1.1,1.1,2025,2055,,0.0,,
Solar Photovoltaic,68238,LA113,1.2,,1.2,1.2,2025,2055,,0.0,,
Solar Photovoltaic,68436,22323,2.9,,2.9,2.0,2025,2055,,0.0,,
Solar Photovoltaic,68442,17188,4.0,,4.0,2.9,2025,2055,,0.0,,
Batteries,66669,WFF1,25.0,27.4,25.0,25.0,2024,2039,0.85,0.0,0.0,12544.0
Solar Photovoltaic,68237,LA512,1.3,,1.3,1.3,2025,2055,,0.0,,
Solar Photovoltaic,68792,LA680,1.3,,1.3,1.3,2025,2055,,0.0,,
Batteries,65570,WVMBA,0.9,2.1,0.9,0.9,2022,2037,0.0,0.0,0.0,17250.0
Batteries,67855,WEST2,118.0,342.2,118.0,118.0,2024,2039,0.85,0.0,0.0,12544.0
Batteries,67855,WESTW,82.0,329.6,82.0,82.0,2024,2039,0.85,0.0,0.0,12544.0
Solar Photovoltaic,68236,LA680,1.3,,1.3,1.3,2025,2055,,0.0,,
Solar Photovoltaic,68465,22324,2.0,,2.0,1.3,2025,2055,,0.0,,
Batteries,62875,WILD1,3.0,12.0,3.0,3.0,2021,2036,0.0,0.0,0.0,12544.0
Solar Photovoltaic,68466,CFPV1,166.7,,166.7,166.7,2026,2056,,0.0,,
Solar Photovoltaic,68466,CFPV2,166.7,,166.7,166.7,2026,2056,,0.0,,
Solar Photovoltaic,68466,CFPV3,166.7,,166.7,166.7,2026,2056,,0.0,,
Solar Photovoltaic,68788,LA071,1.2,,1.2,1.2,2026,2056,,0.0,,
Solar Photovoltaic,68439,17184,10.0,,10.0,7.0,2026,2056,,0.0,,
Solar Photovoltaic,68492,GEN01,85.0,,85.0,85.0,2026,2056,,0.0,,
Solar Photovoltaic,68787,23889,1.8,,1.8,1.3,2026,2056,,0.0,,
Other Natural Gas,58299,XLX01,1.0,,1.0,1.0,2018,2068,0.746,7.257,0.298,15571.0
Solar Photovoltaic,68789,LA104,1.2,,1.2,1.2,2026,2056,,0.0,,
Other Natural Gas,59805,YAH00,1.0,,1.1,1.0,2014,2064,0.473,7.875,0.298,15571.0
Solar Photovoltaic,68397,I168M,168.0,,168.0,168.0,2026,2056,,0.0,,
Batteries,63325,YORK1,3.0,9.0,3.0,3.0,2024,2039,0.85,0.0,0.0,12544.0
Batteries,67321,BESS1,67.0,268.0,67.0,67.0,2025,2040,0.85,0.0,0.0,12544.0
Solar Photovoltaic,68661,64NB8,120.0,,120.0,120.0,2026,2056,,0.0,,
Solar Photovoltaic,68797,IN207,1.0,,1.0,1.0,2026,2056,,0.0,,
Solar Photovoltaic,68607,PLJW1,440.0,,440.0,440.0,2027,2057,,0.0,,
Petroleum Liquids,6704,MT23,0.1,,0.1,0.1,2011,2061,0.065,18.198,1.370381634,307.06971100000004
Petroleum Liquids,6704,MT24,0.1,,0.1,0.1,2011,2061,0.065,18.198,1.370381634,307.06971100000004
Petroleum Liquids,6704,MT25,0.1,,0.1,0.1,2011,2061,0.065,18.198,1.370381634,307.06971100000004
